mo,community,kmeans,federal_district,subject,mo_type,pop_2023,small
Абазинский муниципальный район,0,2,Северо-Кавказский,Карачаево-Черкесская Республика,муниципальный район,17867,False
Абанский муниципальный район,1,0,Сибирский,Красноярский край,муниципальный район,18068,False
Абатский муниципальный район,2,1,Уральский,Тюменская обл.,муниципальный район,18783,False
Абзелиловский муниципальный район,1,0,Приволжский,респ. Башкортостан,муниципальный район,44334,False
Абыйский муниципальный район,3,3,Дальневосточный,респ. Саха (Якутия),муниципальный район,3786,False
Агинский муниципальный район,3,0,Дальневосточный,Забайкальский край,муниципальный район,15742,False
Агрызский муниципальный район,1,1,Приволжский,респ. Татарстан,муниципальный район,34692,False
Адамовский муниципальный район,4,1,Приволжский,Оренбургская обл.,муниципальный район,19557,False
Азнакаевский муниципальный район,5,1,Приволжский,респ. Татарстан,муниципальный район,57623,False
Азовский немецкий национальный муниципальный район,2,0,Сибирский,Омская обл.,муниципальный район,25205,False
Акбулакский муниципальный район,5,0,Приволжский,Оренбургская обл.,муниципальный район,19217,False
Аксубаевский муниципальный район,4,1,Приволжский,респ. Татарстан,муниципальный район,26484,False
Актанышский муниципальный район,4,0,Приволжский,респ. Татарстан,муниципальный район,27710,False
Алагирский муниципальный район,0,2,Северо-Кавказский,Республика Северная Осетия — Алания,муниципальный район,38381,False
Аларский муниципальный район,3,0,Сибирский,Иркутская обл.,муниципальный район,22197,False
Алданский муниципальный район,6,2,Дальневосточный,респ. Саха (Якутия),муниципальный район,39279,False
Александро-Невский муниципальный район,1,1,Центральный,Рязанская обл.,муниципальный район,10529,False
Александрово-Гайский муниципальный район,4,1,Приволжский,Саратовская обл.,муниципальный район,14481,False
Аликовский муниципальный округ,1,0,Приволжский,Чувашская респ.,муниципальный округ,13788,False
Алькеевский муниципальный район,1,0,Приволжский,респ. Татарстан,муниципальный район,18228,False
Альменевский муниципальный округ,4,1,Уральский,Курганская обл.,муниципальный округ,7642,False
Альметьевский муниципальный район,7,2,Приволжский,респ. Татарстан,муниципальный район,213275,False
Альшеевский муниципальный район,5,0,Приволжский,респ. Башкортостан,муниципальный район,36055,False
Амгинский муниципальный район,3,3,Дальневосточный,респ. Саха (Якутия),муниципальный район,16894,False
Амурский муниципальный район,6,2,Дальневосточный,Хабаровский край,муниципальный район,56707,False
Анабарский национальный (долгано-эвенкийский) муниципальный район,3,3,Дальневосточный,респ. Саха (Якутия),муниципальный район,3454,False
Анадырский муниципальный район,3,3,Дальневосточный,Чукотский автономный округ,муниципальный район,8605,False
Андроповский муниципальный округ,8,1,Северо-Кавказский,Ставропольский край,муниципальный округ,33526,False
Антроповский муниципальный район,1,0,Центральный,Костромская обл.,муниципальный район,5105,False
Анучинский муниципальный округ,1,1,Дальневосточный,Приморский край,муниципальный округ,12391,False
Апанасенковский муниципальный округ,9,1,Северо-Кавказский,Ставропольский край,муниципальный округ,29621,False
Апастовский муниципальный район,1,0,Приволжский,респ. Татарстан,муниципальный район,18786,False
Аргаяшский муниципальный район,8,1,Уральский,Челябинская обл.,муниципальный район,39396,False
Ардатовский муниципальный округ,9,1,Приволжский,Нижегородская обл.,муниципальный округ,22414,False
Ардатовский муниципальный район,1,0,Приволжский,респ. Мордовия,муниципальный район,23935,False
Ардонский муниципальный район,0,3,Северо-Кавказский,Республика Северная Осетия — Алания,муниципальный район,31288,False
Арзгирский муниципальный округ,1,1,Северо-Кавказский,Ставропольский край,муниципальный округ,22874,False
Аркадакский муниципальный район,8,1,Приволжский,Саратовская обл.,муниципальный район,19480,False
Армизонский муниципальный район,2,0,Уральский,Тюменская обл.,муниципальный район,9353,False
Аромашевский муниципальный район,9,1,Уральский,Тюменская обл.,муниципальный район,10350,False
Арсеньевский муниципальный район,7,1,Центральный,Тульская обл.,муниципальный район,9214,False
Арский муниципальный район,4,1,Приволжский,респ. Татарстан,муниципальный район,50166,False
Архангельский муниципальный район,4,1,Приволжский,респ. Башкортостан,муниципальный район,16847,False
Архаринский муниципальный округ,6,1,Дальневосточный,Амурская обл.,муниципальный округ,12629,False
Асекеевский муниципальный район,4,1,Приволжский,Оренбургская обл.,муниципальный район,16050,False
Асиновский муниципальный район,6,1,Сибирский,Томская обл.,муниципальный район,33514,False
Аскинский муниципальный район,5,0,Приволжский,респ. Башкортостан,муниципальный район,17773,False
Аткарский муниципальный район,8,1,Приволжский,Саратовская обл.,муниципальный район,33991,False
Атнинский муниципальный район,4,0,Приволжский,респ. Татарстан,муниципальный район,12371,False
Атюрьевский муниципальный район,4,1,Приволжский,респ. Мордовия,муниципальный район,9088,False
Атяшевский муниципальный район,8,1,Приволжский,респ. Мордовия,муниципальный район,17467,False
Аургазинский муниципальный район,5,0,Приволжский,респ. Башкортостан,муниципальный район,30429,False
Ахтубинский муниципальный район,8,1,Южный,Астраханская обл.,муниципальный район,57400,False
Ашинский муниципальный район,9,1,Уральский,Челябинская обл.,муниципальный район,54979,False
Бабаевский муниципальный округ,2,0,Северо-Западный,Вологодская обл.,муниципальный округ,19014,False
Бабушкинский муниципальный округ,5,0,Северо-Западный,Вологодская обл.,муниципальный округ,9641,False
Бабынинский муниципальный район,2,0,Центральный,Калужская обл.,муниципальный район,20704,False
Бавлинский муниципальный район,5,0,Приволжский,респ. Татарстан,муниципальный район,32711,False
Баганский муниципальный район,0,1,Сибирский,Новосибирская обл.,муниципальный район,14189,False
Баевский муниципальный район,10,1,Сибирский,Алтайский край,муниципальный район,7994,False
Базарно-Карабулакский муниципальный район,1,0,Приволжский,Саратовская обл.,муниципальный район,25590,False
Базарносызганский муниципальный район,9,1,Приволжский,Ульяновская обл.,муниципальный район,7417,False
Бай-Тайгинский муниципальный район,0,3,Сибирский,респ. Тыва,муниципальный район,10548,False
Байкаловский муниципальный район,5,1,Уральский,Свердловская обл.,муниципальный район,14502,False
Баймакский муниципальный район,2,0,Приволжский,респ. Башкортостан,муниципальный район,54122,False
Бакалинский муниципальный район,5,1,Приволжский,респ. Башкортостан,муниципальный район,25010,False
Бакчарский муниципальный район,9,1,Сибирский,Томская обл.,муниципальный район,11228,False
Балаганский муниципальный район,3,0,Сибирский,Иркутская обл.,муниципальный район,8643,False
Балаковский муниципальный район,7,2,Приволжский,Саратовская обл.,муниципальный район,201570,False
Балахнинский муниципальный округ,7,2,Приволжский,Нижегородская обл.,муниципальный округ,72780,False
Балахтинский муниципальный район,7,2,Сибирский,Красноярский край,муниципальный район,18078,False
Балашовский муниципальный район,9,1,Приволжский,Саратовская обл.,муниципальный район,100539,False
Балейский муниципальный район,3,1,Дальневосточный,Забайкальский край,муниципальный район,15537,False
Балтайский муниципальный район,1,1,Приволжский,Саратовская обл.,муниципальный район,9964,False
Балтасинский муниципальный район,5,1,Приволжский,респ. Татарстан,муниципальный район,32861,False
Балтачевский муниципальный район,4,0,Приволжский,респ. Башкортостан,муниципальный район,18156,False
Барабинский муниципальный район,0,2,Сибирский,Новосибирская обл.,муниципальный район,38921,False
Барун-Хемчикский муниципальный район,0,0,Сибирский,респ. Тыва,муниципальный район,11881,False
Барышский муниципальный район,8,1,Приволжский,Ульяновская обл.,муниципальный район,35618,False
Барятинский муниципальный район,2,0,Центральный,Калужская обл.,муниципальный район,5393,False
Батыревский муниципальный округ,4,1,Приволжский,Чувашская респ.,муниципальный округ,31190,False
Башмаковский муниципальный район,2,1,Приволжский,Пензенская обл.,муниципальный район,19237,False
Баяндаевский муниципальный район,3,0,Сибирский,Иркутская обл.,муниципальный район,11607,False
Бежаницкий муниципальный район,5,1,Северо-Западный,Псковская обл.,муниципальный район,10091,False
Безенчукский муниципальный район,9,1,Приволжский,Самарская обл.,муниципальный район,36495,False
Бейский муниципальный район,7,1,Сибирский,респ. Хакасия,муниципальный район,17492,False
Бековский муниципальный район,9,1,Приволжский,Пензенская обл.,муниципальный район,13678,False
Белебеевский муниципальный район,7,2,Приволжский,респ. Башкортостан,муниципальный район,95852,False
Белевский муниципальный район,9,1,Центральный,Тульская обл.,муниципальный район,18707,False
Белинский муниципальный район,1,0,Приволжский,Пензенская обл.,муниципальный район,24016,False
Беловский муниципальный округ,7,2,Сибирский,Кемеровская обл.,муниципальный округ,25274,False
Белогорский муниципальный округ,7,2,Дальневосточный,Амурская обл.,муниципальный округ,17256,False
Белокатайский муниципальный район,8,1,Приволжский,респ. Башкортостан,муниципальный район,17583,False
Беломорский муниципальный округ,6,1,Северо-Западный,Республика Карелия,муниципальный округ,12546,False
Белорецкий муниципальный район,7,2,Приволжский,респ. Башкортостан,муниципальный район,97873,False
Белохолуницкий муниципальный район,5,0,Приволжский,Кировская обл.,муниципальный район,15331,False
Белоярский муниципальный район,6,3,Уральский,Тюменская обл.,муниципальный район,28798,False
Беляевский муниципальный район,4,0,Приволжский,Оренбургская обл.,муниципальный район,13393,False
Бердюжский муниципальный район,8,1,Уральский,Тюменская обл.,муниципальный район,10877,False
Бессоновский муниципальный район,7,2,Приволжский,Пензенская обл.,муниципальный район,45314,False
Бижбулякский муниципальный район,5,1,Приволжский,респ. Башкортостан,муниципальный район,21362,False
Бийский муниципальный район,0,2,Сибирский,Алтайский край,муниципальный район,31796,False
Бикинский муниципальный район,7,2,Дальневосточный,Хабаровский край,муниципальный район,21445,False
Билибинский муниципальный район,3,3,Дальневосточный,Чукотский автономный округ,муниципальный район,7267,False
Бирилюсский муниципальный район,4,1,Сибирский,Красноярский край,муниципальный район,8136,False
Биробиджанский муниципальный район,3,2,Дальневосточный,Еврейская автономная обл.,муниципальный район,10103,False
Бирский муниципальный район,7,2,Приволжский,респ. Башкортостан,муниципальный район,61865,False
Благоварский муниципальный район,4,0,Приволжский,респ. Башкортостан,муниципальный район,24138,False
Благовещенский муниципальный округ,7,2,Дальневосточный,Амурская обл.,муниципальный округ,36180,False
Богатовский муниципальный район,8,1,Приволжский,Самарская обл.,муниципальный район,13077,False
Богородицкий муниципальный район,7,2,Центральный,Тульская обл.,муниципальный район,49571,False
Боградский муниципальный район,1,0,Сибирский,респ. Хакасия,муниципальный район,11181,False
Богучанский муниципальный район,6,2,Сибирский,Красноярский край,муниципальный район,42460,False
Бокситогорский муниципальный район,6,2,Северо-Западный,Ленинградская обл.,муниципальный район,50977,False
Болотнинский муниципальный район,7,2,Сибирский,Новосибирская обл.,муниципальный район,25450,False
Болховский муниципальный район,1,0,Центральный,Орловская обл.,муниципальный район,15224,False
Большеберезниковский муниципальный район,4,0,Приволжский,респ. Мордовия,муниципальный район,11743,False
Большеболдинский муниципальный округ,8,1,Приволжский,Нижегородская обл.,муниципальный округ,10295,False
Большеглушицкий муниципальный район,8,1,Приволжский,Самарская обл.,муниципальный район,18041,False
Большемурашкинский муниципальный округ,8,1,Приволжский,Нижегородская обл.,муниципальный округ,10307,False
Большемуртинский муниципальный район,4,1,Сибирский,Красноярский край,муниципальный район,13706,False
Большереченский муниципальный район,9,1,Сибирский,Омская обл.,муниципальный район,21790,False
Большесельский муниципальный район,4,1,Центральный,Ярославская обл.,муниципальный район,9264,False
Большеуковский муниципальный район,4,0,Сибирский,Омская обл.,муниципальный район,5942,False
Большеулуйский муниципальный район,2,0,Сибирский,Красноярский край,муниципальный район,6846,False
Большечерниговский муниципальный район,9,1,Приволжский,Самарская обл.,муниципальный район,17336,False
Бондарский муниципальный округ,4,0,Центральный,Тамбовская обл.,муниципальный округ,8332,False
Борзинский муниципальный район,7,2,Дальневосточный,Забайкальский край,муниципальный район,44344,False
Борисоглебский муниципальный район,4,2,Центральный,Ярославская обл.,муниципальный район,11911,False
Боровичский муниципальный район,6,2,Северо-Западный,Новгородская обл.,муниципальный район,60848,False
Боровский муниципальный район,7,2,Центральный,Калужская обл.,муниципальный район,82143,False
Борский муниципальный район,1,1,Приволжский,Самарская обл.,муниципальный район,22484,False
Боханский муниципальный район,3,0,Сибирский,Иркутская обл.,муниципальный район,25072,False
Братский муниципальный район,4,0,Сибирский,Иркутская обл.,муниципальный район,47876,False
Брединский муниципальный район,9,1,Уральский,Челябинская обл.,муниципальный район,23586,False
Брейтовский муниципальный район,0,1,Центральный,Ярославская обл.,муниципальный район,5367,False
Бугульминский муниципальный район,7,2,Приволжский,респ. Татарстан,муниципальный район,100110,False
Бугурусланский муниципальный район,7,1,Приволжский,Оренбургская обл.,муниципальный район,16658,False
Будённовский муниципальный округ,7,2,Северо-Кавказский,Ставропольский край,муниципальный округ,107390,False
Буздякский муниципальный район,5,0,Приволжский,респ. Башкортостан,муниципальный район,25725,False
Буинский муниципальный район,8,1,Приволжский,респ. Татарстан,муниципальный район,39524,False
Буйский муниципальный район,4,1,Центральный,Костромская обл.,муниципальный район,8754,False
Булунский муниципальный район,3,3,Дальневосточный,респ. Саха (Якутия),муниципальный район,7997,False
Бураевский муниципальный район,5,0,Приволжский,респ. Башкортостан,муниципальный район,21217,False
Бурейский муниципальный округ,2,0,Дальневосточный,Амурская обл.,муниципальный округ,16940,False
Бурзянский муниципальный район,4,0,Приволжский,респ. Башкортостан,муниципальный район,17298,False
Бурлинский муниципальный район,1,0,Сибирский,Алтайский край,муниципальный район,7728,False
Бутурлинский муниципальный округ,2,1,Приволжский,Нижегородская обл.,муниципальный округ,12996,False
Быковский муниципальный район,1,0,Южный,Волгоградская обл.,муниципальный район,24781,False
Быстроистокский муниципальный район,4,1,Сибирский,Алтайский край,муниципальный район,7216,False
Вагайский муниципальный район,2,0,Уральский,Тюменская обл.,муниципальный район,17943,False
Вадинский муниципальный район,4,1,Приволжский,Пензенская обл.,муниципальный район,7239,False
Вадский муниципальный округ,2,0,Приволжский,Нижегородская обл.,муниципальный округ,13408,False
Валдайский муниципальный район,6,1,Северо-Западный,Новгородская обл.,муниципальный район,21976,False
Ванинский муниципальный район,6,2,Дальневосточный,Хабаровский край,муниципальный район,34071,False
Варгашинский муниципальный округ,2,0,Уральский,Курганская обл.,муниципальный округ,15728,False
Варнавинский муниципальный округ,9,1,Приволжский,Нижегородская обл.,муниципальный округ,9755,False
Варненский муниципальный район,9,1,Уральский,Челябинская обл.,муниципальный район,24152,False
Вачский муниципальный округ,1,1,Приволжский,Нижегородская обл.,муниципальный округ,16832,False
Велижский муниципальный район,10,1,Центральный,Смоленская обл.,муниципальный район,8985,False
Великоустюгский муниципальный округ,9,1,Северо-Западный,Вологодская обл.,муниципальный округ,49825,False
Вельский муниципальный район,6,1,Северо-Западный,Архангельская обл.,муниципальный район,45261,False
Венгеровский муниципальный район,10,1,Сибирский,Новосибирская обл.,муниципальный район,14978,False
Веневский муниципальный район,6,1,Центральный,Тульская обл.,муниципальный район,34066,False
Верхнебуреинский муниципальный район,6,2,Дальневосточный,Хабаровский край,муниципальный район,24861,False
Верхневилюйский муниципальный район,3,3,Дальневосточный,респ. Саха (Якутия),муниципальный район,20889,False
Верхнекетский муниципальный район,3,1,Сибирский,Томская обл.,муниципальный район,14588,False
Верхнеколымский муниципальный район,3,3,Дальневосточный,респ. Саха (Якутия),муниципальный район,3748,False
Верхнетоемский муниципальный округ,5,0,Северо-Западный,Архангельская обл.,муниципальный округ,11299,False
Верхнеуральский муниципальный район,4,1,Уральский,Челябинская обл.,муниципальный район,31736,False
Верхнеуслонский муниципальный район,2,0,Приволжский,респ. Татарстан,муниципальный район,17493,False
Верховажский муниципальный округ,9,1,Северо-Западный,Вологодская обл.,муниципальный округ,12561,False
Верховский муниципальный район,5,0,Центральный,Орловская обл.,муниципальный район,14730,False
Верхошижемский муниципальный район,2,0,Приволжский,Кировская обл.,муниципальный район,6931,False
Верхоянский муниципальный район,3,3,Дальневосточный,респ. Саха (Якутия),муниципальный район,10009,False
Ветлужский муниципальный округ,9,1,Приволжский,Нижегородская обл.,муниципальный округ,12663,False
Вешкаймский муниципальный район,8,1,Приволжский,Ульяновская обл.,муниципальный район,14559,False
Викуловский муниципальный район,7,1,Уральский,Тюменская обл.,муниципальный район,14843,False
Вилюйский муниципальный район,3,3,Дальневосточный,респ. Саха (Якутия),муниципальный район,25121,False
Виноградовский муниципальный округ,6,1,Северо-Западный,Архангельская обл.,муниципальный округ,12647,False
Вичугский муниципальный район,7,2,Центральный,Ивановская обл.,муниципальный район,15953,False
Вожегодский муниципальный округ,2,0,Северо-Западный,Вологодская обл.,муниципальный округ,13814,False
Вознесенский муниципальный округ,9,1,Приволжский,Нижегородская обл.,муниципальный округ,14537,False
Вологодский муниципальный округ,6,2,Северо-Западный,Вологодская обл.,муниципальный округ,52745,False
Володарский муниципальный округ,2,0,Приволжский,Нижегородская обл.,муниципальный округ,47967,False
Волосовский муниципальный район,7,2,Северо-Западный,Ленинградская обл.,муниципальный район,50211,False
Волховский муниципальный район,7,2,Северо-Западный,Ленинградская обл.,муниципальный район,79417,False
Волчихинский муниципальный район,10,1,Сибирский,Алтайский край,муниципальный район,14900,False
Вольский муниципальный район,7,2,Приволжский,Саратовская обл.,муниципальный район,81103,False
Воскресенский муниципальный округ,5,1,Приволжский,Нижегородская обл.,муниципальный округ,16216,False
Воскресенский муниципальный район,1,0,Приволжский,Саратовская обл.,муниципальный район,10951,False
Вохомский муниципальный район,9,1,Центральный,Костромская обл.,муниципальный район,6698,False
Всеволожский муниципальный район,7,2,Северо-Западный,Ленинградская обл.,муниципальный район,554288,False
Вурнарский муниципальный округ,1,0,Приволжский,Чувашская респ.,муниципальный округ,28773,False
Выборгский муниципальный район,7,2,Северо-Западный,Ленинградская обл.,муниципальный район,195374,False
Высокогорский муниципальный район,7,2,Приволжский,респ. Татарстан,муниципальный район,58283,False
Вытегорский муниципальный район,7,2,Северо-Западный,Вологодская обл.,муниципальный район,22200,False
Вязниковский муниципальный район,9,1,Центральный,Владимирская обл.,муниципальный район,68662,False
Вятскополянский муниципальный район,4,1,Приволжский,Кировская обл.,муниципальный район,22790,False
Гаврилов-Ямский муниципальный район,5,1,Центральный,Ярославская обл.,муниципальный район,24165,False
Гаврилово-Посадский муниципальный район,1,1,Центральный,Ивановская обл.,муниципальный район,12202,False
Гавриловский муниципальный округ,0,1,Центральный,Тамбовская обл.,муниципальный округ,9362,False
Гагаринский муниципальный район,9,2,Центральный,Смоленская обл.,муниципальный район,40165,False
Гагинский муниципальный округ,9,1,Приволжский,Нижегородская обл.,муниципальный округ,9817,False
Галичский муниципальный район,0,1,Центральный,Костромская обл.,муниципальный район,6412,False
Гатчинский муниципальный район,7,2,Северо-Западный,Ленинградская обл.,муниципальный район,261898,False
Гафурийский муниципальный район,5,0,Приволжский,респ. Башкортостан,муниципальный район,30022,False
Гдовский муниципальный район,2,0,Северо-Западный,Псковская обл.,муниципальный район,8832,False
Гиагинский муниципальный район,8,1,Южный,Республика Адыгея,муниципальный район,31933,False
Глазуновский муниципальный район,2,0,Центральный,Орловская обл.,муниципальный район,10245,False
Глинковский муниципальный район,2,0,Центральный,Смоленская обл.,муниципальный район,3446,False
Горномарийский муниципальный район,4,1,Приволжский,респ. Марий Эл,муниципальный район,19891,False
Горный муниципальный район,3,0,Дальневосточный,респ. Саха (Якутия),муниципальный район,12004,False
Городецкий муниципальный округ,7,2,Приволжский,Нижегородская обл.,муниципальный округ,80699,False
Городовиковский муниципальный район,4,1,Южный,Республика Калмыкия,муниципальный район,13530,False
Гороховецкий муниципальный район,9,1,Центральный,Владимирская обл.,муниципальный район,20260,False
Горьковский муниципальный район,4,1,Сибирский,Омская обл.,муниципальный район,18361,False
Грачёвский муниципальный округ,1,1,Северо-Кавказский,Ставропольский край,муниципальный округ,37986,False
Грязинский муниципальный район,9,1,Центральный,Липецкая обл.,муниципальный район,77162,False
Грязовецкий муниципальный округ,2,0,Северо-Западный,Вологодская обл.,муниципальный округ,32078,False
Гурьевский муниципальный округ,0,2,Сибирский,Кемеровская обл.,муниципальный округ,36708,False
Гусь-Хрустальный муниципальный район,5,1,Центральный,Владимирская обл.,муниципальный район,39472,False
Давлекановский муниципальный район,5,1,Приволжский,респ. Башкортостан,муниципальный район,36195,False
Далматовский муниципальный округ,8,1,Уральский,Курганская обл.,муниципальный округ,22530,False
Дальнеконстантиновский муниципальный округ,1,1,Приволжский,Нижегородская обл.,муниципальный округ,20408,False
Дальнереченский муниципальный район,0,2,Дальневосточный,Приморский край,муниципальный район,8026,False
Данковский муниципальный район,9,1,Центральный,Липецкая обл.,муниципальный район,31727,False
Даровской муниципальный район,4,1,Приволжский,Кировская обл.,муниципальный район,8318,False
Дедовичский муниципальный район,5,0,Северо-Западный,Псковская обл.,муниципальный район,11661,False
Демидовский муниципальный район,4,1,Центральный,Смоленская обл.,муниципальный район,10837,False
Дергачевский муниципальный район,1,1,Приволжский,Саратовская обл.,муниципальный район,16058,False
Дзун-Хемчикский муниципальный район,0,3,Сибирский,респ. Тыва,муниципальный район,19185,False
Дивеевский муниципальный округ,8,1,Приволжский,Нижегородская обл.,муниципальный округ,15033,False
Дигорский муниципальный район,0,2,Северо-Кавказский,Республика Северная Осетия — Алания,муниципальный район,18505,False
Дновский муниципальный район,6,1,Северо-Западный,Псковская обл.,муниципальный район,10696,False
Добринский муниципальный район,8,1,Центральный,Липецкая обл.,муниципальный район,32556,False
Добровский муниципальный район,1,0,Центральный,Липецкая обл.,муниципальный район,26851,False
Доволенский муниципальный район,10,1,Сибирский,Новосибирская обл.,муниципальный район,12894,False
Долгоруковский муниципальный район,4,1,Центральный,Липецкая обл.,муниципальный район,16041,False
Должанский муниципальный район,1,0,Центральный,Орловская обл.,муниципальный район,8684,False
Домбаровский муниципальный район,2,0,Приволжский,Оренбургская обл.,муниципальный район,11377,False
Дорогобужский муниципальный район,4,2,Центральный,Смоленская обл.,муниципальный район,23997,False
Дрожжановский муниципальный район,4,0,Приволжский,респ. Татарстан,муниципальный район,20429,False
Дуванский муниципальный район,8,1,Приволжский,респ. Башкортостан,муниципальный район,30827,False
Дульдургинский муниципальный район,3,0,Дальневосточный,Забайкальский край,муниципальный район,13754,False
Думиничский муниципальный район,2,0,Центральный,Калужская обл.,муниципальный район,13299,False
Духовницкий муниципальный район,1,0,Приволжский,Саратовская обл.,муниципальный район,10078,False
Духовщинский муниципальный район,4,1,Центральный,Смоленская обл.,муниципальный район,13909,False
Дюртюлинский муниципальный район,7,2,Приволжский,респ. Башкортостан,муниципальный район,59679,False
Егорьевский муниципальный район,4,1,Сибирский,Алтайский край,муниципальный район,10811,False
Екатериновский муниципальный район,1,0,Приволжский,Саратовская обл.,муниципальный район,16522,False
Елабужский муниципальный район,7,2,Приволжский,респ. Татарстан,муниципальный район,85667,False
Еланский муниципальный район,9,1,Южный,Волгоградская обл.,муниципальный район,28360,False
Елизовский муниципальный район,6,2,Дальневосточный,Камчатский край,муниципальный район,59658,False
Елховский муниципальный район,2,0,Приволжский,Самарская обл.,муниципальный район,9309,False
Ельниковский муниципальный район,1,1,Приволжский,респ. Мордовия,муниципальный район,9271,False
Ельнинский муниципальный район,7,1,Центральный,Смоленская обл.,муниципальный район,11170,False
Ельцовский муниципальный район,4,2,Сибирский,Алтайский край,муниципальный район,4762,False
Еманжелинский муниципальный район,9,1,Уральский,Челябинская обл.,муниципальный район,47327,False
Емельяновский муниципальный район,7,2,Сибирский,Красноярский край,муниципальный район,54015,False
Енисейский муниципальный район,2,0,Сибирский,Красноярский край,муниципальный район,21466,False
Енотаевский муниципальный район,1,1,Южный,Астраханская обл.,муниципальный район,25035,False
Ермаковский муниципальный район,0,1,Сибирский,Красноярский край,муниципальный район,17583,False
Ермекеевский муниципальный район,4,0,Приволжский,респ. Башкортостан,муниципальный район,14689,False
Ермишинский муниципальный район,4,1,Центральный,Рязанская обл.,муниципальный район,6511,False
Ершичский муниципальный район,0,1,Центральный,Смоленская обл.,муниципальный район,5172,False
Ершовский муниципальный район,8,1,Приволжский,Саратовская обл.,муниципальный район,31635,False
Еткульский муниципальный район,9,1,Уральский,Челябинская обл.,муниципальный район,29706,False
Жердевский муниципальный округ,9,1,Центральный,Тамбовская обл.,муниципальный округ,25142,False
Жигаловский муниципальный район,7,2,Сибирский,Иркутская обл.,муниципальный район,8975,False
Жиздринский муниципальный район,7,1,Центральный,Калужская обл.,муниципальный район,9857,False
Жирновский муниципальный район,5,1,Южный,Волгоградская обл.,муниципальный район,36278,False
Жуковский муниципальный район,7,1,Центральный,Калужская обл.,муниципальный район,61283,False
Забайкальский муниципальный район,6,2,Дальневосточный,Забайкальский край,муниципальный район,19646,False
Завитинский муниципальный округ,6,1,Дальневосточный,Амурская обл.,муниципальный округ,11783,False
Заволжский муниципальный район,7,1,Центральный,Ивановская обл.,муниципальный район,12422,False
Завьяловский муниципальный район,10,1,Сибирский,Алтайский край,муниципальный район,15697,False
Задонский муниципальный район,9,1,Центральный,Липецкая обл.,муниципальный район,33711,False
Заинский муниципальный район,7,2,Приволжский,респ. Татарстан,муниципальный район,52812,False
Заларинский муниципальный район,9,1,Сибирский,Иркутская обл.,муниципальный район,26414,False
Залегощенский муниципальный район,1,0,Центральный,Орловская обл.,муниципальный район,11725,False
Залесовский муниципальный округ,1,0,Сибирский,Алтайский край,муниципальный округ,11444,False
Заокский муниципальный район,7,2,Центральный,Тульская обл.,муниципальный район,26703,False
Захаровский муниципальный район,4,0,Центральный,Рязанская обл.,муниципальный район,7831,False
Звениговский муниципальный район,9,1,Приволжский,респ. Марий Эл,муниципальный район,38830,False
Звериноголовский муниципальный округ,1,0,Уральский,Курганская обл.,муниципальный округ,6675,False
Здвинский муниципальный район,1,0,Сибирский,Новосибирская обл.,муниципальный район,11954,False
Зеленодольский муниципальный район,7,2,Приволжский,респ. Татарстан,муниципальный район,169710,False
Зеленчукский муниципальный район,9,1,Северо-Кавказский,Карачаево-Черкесская Республика,муниципальный район,53819,False
Земетчинский муниципальный район,9,1,Приволжский,Пензенская обл.,муниципальный район,18759,False
Зианчуринский муниципальный район,5,1,Приволжский,респ. Башкортостан,муниципальный район,23890,False
Зилаирский муниципальный район,9,1,Приволжский,респ. Башкортостан,муниципальный район,14560,False
Зиминский муниципальный район,7,2,Сибирский,Иркутская обл.,муниципальный район,12168,False
Змеиногорский муниципальный район,9,1,Сибирский,Алтайский край,муниципальный район,16142,False
Знаменский муниципальный округ,1,1,Центральный,Тамбовская обл.,муниципальный округ,13969,False
Зональный муниципальный район,0,2,Сибирский,Алтайский край,муниципальный район,16392,False
Зубово-Полянский муниципальный район,9,1,Приволжский,респ. Мордовия,муниципальный район,45860,False
Зуевский муниципальный район,5,0,Приволжский,Кировская обл.,муниципальный район,16810,False
Зырянский муниципальный район,5,1,Сибирский,Томская обл.,муниципальный район,11065,False
Ибресинский муниципальный округ,2,0,Приволжский,Чувашская респ.,муниципальный округ,20179,False
Ивановский муниципальный округ,3,2,Дальневосточный,Амурская обл.,муниципальный округ,21126,False
Ивановский муниципальный район,7,2,Центральный,Ивановская обл.,муниципальный район,40427,False
Ивантеевский муниципальный район,8,1,Приволжский,Саратовская обл.,муниципальный район,12481,False
Иглинский муниципальный район,7,2,Приволжский,респ. Башкортостан,муниципальный район,70277,False
Идринский муниципальный район,8,1,Сибирский,Красноярский край,муниципальный район,10498,False
Ижморский муниципальный округ,9,1,Сибирский,Кемеровская обл.,муниципальный округ,9939,False
Измалковский муниципальный район,5,0,Центральный,Липецкая обл.,муниципальный район,14930,False
Износковский муниципальный район,0,2,Центральный,Калужская обл.,муниципальный район,6403,False
Икрянинский муниципальный район,4,1,Южный,Астраханская обл.,муниципальный район,48058,False
Иланский муниципальный район,8,1,Сибирский,Красноярский край,муниципальный район,22954,False
Илекский муниципальный район,1,0,Приволжский,Оренбургская обл.,муниципальный район,25508,False
Илишевский муниципальный район,5,1,Приволжский,респ. Башкортостан,муниципальный район,30701,False
Иловлинский муниципальный район,5,1,Южный,Волгоградская обл.,муниципальный район,31190,False
Ильинский муниципальный район,4,0,Центральный,Ивановская обл.,муниципальный район,7306,False
Инжавинский муниципальный округ,8,1,Центральный,Тамбовская обл.,муниципальный округ,17225,False
Инзенский муниципальный район,9,1,Приволжский,Ульяновская обл.,муниципальный район,26271,False
Инсарский муниципальный район,9,1,Приволжский,респ. Мордовия,муниципальный район,11686,False
Ирафский муниципальный район,0,2,Северо-Кавказский,Республика Северная Осетия — Алания,муниципальный район,15607,False
Ирбейский муниципальный район,4,1,Сибирский,Красноярский край,муниципальный район,12871,False
Иркутский муниципальный район,7,2,Сибирский,Иркутская обл.,муниципальный район,165480,False
Исаклинский муниципальный район,5,0,Приволжский,Самарская обл.,муниципальный район,12390,False
Исетский муниципальный район,2,0,Уральский,Тюменская обл.,муниципальный район,26041,False
Исилькульский муниципальный район,8,1,Сибирский,Омская обл.,муниципальный район,35753,False
Искитимский муниципальный район,7,1,Сибирский,Новосибирская обл.,муниципальный район,58772,False
Иссинский муниципальный район,4,1,Приволжский,Пензенская обл.,муниципальный район,8420,False
Ичалковский муниципальный район,4,1,Приволжский,респ. Мордовия,муниципальный район,17147,False
Ишимбайский муниципальный район,7,2,Приволжский,респ. Башкортостан,муниципальный район,83847,False
Ишимский муниципальный район,0,2,Уральский,Тюменская обл.,муниципальный район,28364,False
Каа-Хемский муниципальный район,0,2,Сибирский,респ. Тыва,муниципальный район,12100,False
Кавалеровский муниципальный округ,6,1,Дальневосточный,Приморский край,муниципальный округ,21082,False
Кадомский муниципальный район,0,1,Центральный,Рязанская обл.,муниципальный район,7386,False
Кадошкинский муниципальный район,0,1,Приволжский,респ. Мордовия,муниципальный район,6680,False
Кадуйский муниципальный округ,2,0,Северо-Западный,Вологодская обл.,муниципальный округ,16512,False
Кадыйский муниципальный район,9,1,Центральный,Костромская обл.,муниципальный район,5895,False
Казанский муниципальный район,6,1,Уральский,Тюменская обл.,муниципальный район,20047,False
Казачинский муниципальный район,9,1,Сибирский,Красноярский край,муниципальный район,8657,False
Казачинско-Ленский муниципальный район,7,2,Сибирский,Иркутская обл.,муниципальный район,15129,False
Кайбицкий муниципальный район,1,0,Приволжский,респ. Татарстан,муниципальный район,12622,False
Каларский муниципальный округ,7,2,Дальневосточный,Забайкальский край,муниципальный округ,7377,False
Калачевский муниципальный район,9,1,Южный,Волгоградская обл.,муниципальный район,51061,False
Калачинский муниципальный район,8,1,Сибирский,Омская обл.,муниципальный район,36093,False
Калевальский муниципальный район,6,2,Северо-Западный,Республика Карелия,муниципальный район,5939,False
Калманский муниципальный район,1,0,Сибирский,Алтайский край,муниципальный район,11723,False
Калтасинский муниципальный район,5,0,Приволжский,респ. Башкортостан,муниципальный район,21551,False
Камешкирский муниципальный район,1,0,Приволжский,Пензенская обл.,муниципальный район,10012,False
Камешковский муниципальный район,5,1,Центральный,Владимирская обл.,муниципальный район,30510,False
Камско-Устьинский муниципальный район,4,1,Приволжский,респ. Татарстан,муниципальный район,14305,False
Камызякский муниципальный район,1,1,Южный,Астраханская обл.,муниципальный район,47368,False
Камышлинский муниципальный район,4,1,Приволжский,Самарская обл.,муниципальный район,10541,False
Камышловский муниципальный район,7,2,Уральский,Свердловская обл.,муниципальный район,20495,False
Кандалакшский муниципальный район,6,2,Северо-Западный,Мурманская обл.,муниципальный район,39935,False
Карагинский муниципальный район,3,3,Дальневосточный,Камчатский край,муниципальный район,3403,False
Караидельский муниципальный район,5,0,Приволжский,респ. Башкортостан,муниципальный район,23589,False
Карасукский муниципальный район,9,1,Сибирский,Новосибирская обл.,муниципальный район,38488,False
Каратузский муниципальный район,7,2,Сибирский,Красноярский край,муниципальный район,13367,False
Каргапольский муниципальный округ,5,1,Уральский,Курганская обл.,муниципальный округ,19014,False
Каргасокский муниципальный район,6,1,Сибирский,Томская обл.,муниципальный район,17507,False
Каргатский муниципальный район,10,1,Сибирский,Новосибирская обл.,муниципальный район,14171,False
Кардымовский муниципальный район,2,0,Центральный,Смоленская обл.,муниципальный район,10709,False
Кармаскалинский муниципальный район,4,1,Приволжский,респ. Башкортостан,муниципальный район,51986,False
Карсунский муниципальный район,8,1,Приволжский,Ульяновская обл.,муниципальный район,19865,False
Карталинский муниципальный район,8,1,Уральский,Челябинская обл.,муниципальный район,43633,False
Карымский муниципальный район,6,1,Дальневосточный,Забайкальский край,муниципальный район,33677,False
Касимовский муниципальный район,2,0,Центральный,Рязанская обл.,муниципальный район,27244,False
Каслинский муниципальный район,6,1,Уральский,Челябинская обл.,муниципальный район,29604,False
Катав-Ивановский муниципальный район,9,1,Уральский,Челябинская обл.,муниципальный район,26591,False
Катайский муниципальный округ,5,1,Уральский,Курганская обл.,муниципальный округ,18844,False
Катангский муниципальный район,3,3,Сибирский,Иркутская обл.,муниципальный район,3025,False
Качугский муниципальный район,3,1,Сибирский,Иркутская обл.,муниципальный район,15159,False
Кваркенский муниципальный район,4,1,Приволжский,Оренбургская обл.,муниципальный район,14901,False
Кежемский муниципальный район,6,2,Сибирский,Красноярский край,муниципальный район,16917,False
Кемеровский муниципальный округ,7,2,Сибирский,Кемеровская обл.,муниципальный округ,45809,False
Кемский муниципальный район,2,0,Северо-Западный,Республика Карелия,муниципальный район,12715,False
Кетовский муниципальный округ,7,2,Уральский,Курганская обл.,муниципальный округ,55058,False
Кигинский муниципальный район,1,1,Приволжский,респ. Башкортостан,муниципальный район,16478,False
Кизильский муниципальный район,1,0,Уральский,Челябинская обл.,муниципальный район,19751,False
Киквидзенский муниципальный район,8,1,Южный,Волгоградская обл.,муниципальный район,14639,False
Килемарский муниципальный район,4,0,Приволжский,респ. Марий Эл,муниципальный район,11211,False
Кильмезский муниципальный район,5,0,Приволжский,Кировская обл.,муниципальный район,9726,False
Кимовский муниципальный район,9,1,Центральный,Тульская обл.,муниципальный район,38612,False
Кингисеппский муниципальный район,7,2,Северо-Западный,Ленинградская обл.,муниципальный район,83838,False
Кинель-Черкасский муниципальный район,2,0,Приволжский,Самарская обл.,муниципальный район,41008,False
Кинельский муниципальный район,4,1,Приволжский,Самарская обл.,муниципальный район,30535,False
Кинешемский муниципальный район,8,1,Центральный,Ивановская обл.,муниципальный район,17748,False
Киреевский муниципальный район,6,1,Центральный,Тульская обл.,муниципальный район,73476,False
Киренский муниципальный район,0,2,Сибирский,Иркутская обл.,муниципальный район,15876,False
Киржачский муниципальный район,7,2,Центральный,Владимирская обл.,муниципальный район,38094,False
Киришский муниципальный район,7,2,Северо-Западный,Ленинградская обл.,муниципальный район,59877,False
Кирово-Чепецкий муниципальный район,4,1,Приволжский,Кировская обл.,муниципальный район,19871,False
Кичменгско-Городецкий муниципальный округ,5,1,Северо-Западный,Вологодская обл.,муниципальный округ,14475,False
Клепиковский муниципальный район,8,1,Центральный,Рязанская обл.,муниципальный район,20955,False
Клетский муниципальный район,8,1,Южный,Волгоградская обл.,муниципальный район,16093,False
Ключевский муниципальный район,10,1,Сибирский,Алтайский край,муниципальный район,12620,False
Клявлинский муниципальный район,9,1,Приволжский,Самарская обл.,муниципальный район,14206,False
Княгининский муниципальный округ,2,1,Приволжский,Нижегородская обл.,муниципальный округ,10869,False
Кобяйский муниципальный район,3,3,Дальневосточный,респ. Саха (Якутия),муниципальный район,11188,False
Ковдорский муниципальный округ,6,2,Северо-Западный,Мурманская обл.,муниципальный округ,16762,False
Ковернинский муниципальный округ,9,1,Приволжский,Нижегородская обл.,муниципальный округ,17245,False
Ковылкинский муниципальный район,9,1,Приволжский,респ. Мордовия,муниципальный район,36267,False
Кожевниковский муниципальный район,10,1,Сибирский,Томская обл.,муниципальный район,20307,False
Козельский муниципальный район,7,1,Центральный,Калужская обл.,муниципальный район,38126,False
Козловский муниципальный округ,1,0,Приволжский,Чувашская респ.,муниципальный округ,15100,False
Козульский муниципальный район,6,1,Сибирский,Красноярский край,муниципальный район,12001,False
Кологривский муниципальный округ,9,1,Центральный,Костромская обл.,муниципальный округ,4100,False
Колосовский муниципальный район,1,1,Сибирский,Омская обл.,муниципальный район,8999,False
Колпашевский муниципальный район,6,1,Сибирский,Томская обл.,муниципальный район,32570,False
Колпнянский муниципальный район,0,1,Центральный,Орловская обл.,муниципальный район,12459,False
Колыванский муниципальный район,7,1,Сибирский,Новосибирская обл.,муниципальный район,24523,False
Колышлейский муниципальный район,4,1,Приволжский,Пензенская обл.,муниципальный район,20763,False
Кольский муниципальный район,6,0,Северо-Западный,Мурманская обл.,муниципальный район,33510,False
Кольчугинский муниципальный район,7,2,Центральный,Владимирская обл.,муниципальный район,48256,False
Комсомольский муниципальный округ,1,0,Приволжский,Чувашская респ.,муниципальный округ,20626,False
Кондинский муниципальный район,6,2,Уральский,Тюменская обл.,муниципальный район,30495,False
Кондопожский муниципальный район,6,0,Северо-Западный,Республика Карелия,муниципальный район,31671,False
Коношский муниципальный район,6,1,Северо-Западный,Архангельская обл.,муниципальный район,18209,False
Кораблинский муниципальный район,1,1,Центральный,Рязанская обл.,муниципальный район,21903,False
Коркинский муниципальный округ,7,2,Уральский,Челябинская обл.,муниципальный округ,56058,False
Кормиловский муниципальный район,1,0,Сибирский,Омская обл.,муниципальный район,23330,False
Косихинский муниципальный район,10,1,Сибирский,Алтайский край,муниципальный район,13533,False
Костромской муниципальный район,7,2,Центральный,Костромская обл.,муниципальный район,41653,False
Котельниковский муниципальный район,9,1,Южный,Волгоградская обл.,муниципальный район,36949,False
Котельничский муниципальный район,2,0,Приволжский,Кировская обл.,муниципальный район,10408,False
Котласский муниципальный округ,2,0,Северо-Западный,Архангельская обл.,муниципальный округ,17228,False
Котовский муниципальный район,2,0,Южный,Волгоградская обл.,муниципальный район,29296,False
Коченевский муниципальный район,9,1,Сибирский,Новосибирская обл.,муниципальный район,45134,False
Кочковский муниципальный район,1,0,Сибирский,Новосибирская обл.,муниципальный район,11625,False
Кочубеевский муниципальный округ,7,2,Северо-Кавказский,Ставропольский край,муниципальный округ,78120,False
Кош-Агачский муниципальный район,0,2,Сибирский,респ. Алтай,муниципальный район,18512,False
Кошехабльский муниципальный район,0,2,Южный,Республика Адыгея,муниципальный район,30153,False
Кошкинский муниципальный район,2,0,Приволжский,Самарская обл.,муниципальный район,21056,False
Крапивинский муниципальный округ,3,2,Сибирский,Кемеровская обл.,муниципальный округ,21743,False
Красноармейский муниципальный округ,9,1,Приволжский,Чувашская респ.,муниципальный округ,12585,False
Краснобаковский муниципальный округ,8,1,Приволжский,Нижегородская обл.,муниципальный округ,18758,False
Красноборский муниципальный округ,5,0,Северо-Западный,Архангельская обл.,муниципальный округ,10234,False
Красногвардейский муниципальный округ,9,1,Северо-Кавказский,Ставропольский край,муниципальный округ,35811,False
Краснозерский муниципальный район,9,1,Сибирский,Новосибирская обл.,муниципальный район,27773,False
Краснозоренский муниципальный район,0,1,Центральный,Орловская обл.,муниципальный район,5146,False
Краснокамский муниципальный район,4,1,Приволжский,респ. Башкортостан,муниципальный район,25683,False
Краснокутский муниципальный район,4,1,Приволжский,Саратовская обл.,муниципальный район,30757,False
Краснооктябрьский муниципальный округ,0,1,Приволжский,Нижегородская обл.,муниципальный округ,8726,False
Краснопартизанский муниципальный район,1,1,Приволжский,Саратовская обл.,муниципальный район,9070,False
Красносельский муниципальный район,4,1,Центральный,Костромская обл.,муниципальный район,16115,False
Краснослободский муниципальный район,4,1,Приволжский,респ. Мордовия,муниципальный район,21734,False
Краснотуранский муниципальный район,9,1,Сибирский,Красноярский край,муниципальный район,12990,False
Красночетайский муниципальный округ,4,0,Приволжский,Чувашская респ.,муниципальный округ,13739,False
Красночикойский муниципальный район,3,1,Дальневосточный,Забайкальский край,муниципальный район,16105,False
Кривошеинский муниципальный район,2,0,Сибирский,Томская обл.,муниципальный район,12088,False
Кромской муниципальный район,2,0,Центральный,Орловская обл.,муниципальный район,20502,False
Крутинский муниципальный район,5,0,Сибирский,Омская обл.,муниципальный район,12896,False
Крутихинский муниципальный район,10,0,Сибирский,Алтайский край,муниципальный район,8062,False
Кстовский муниципальный округ,7,2,Приволжский,Нижегородская обл.,муниципальный округ,122131,False
Кугарчинский муниципальный район,5,1,Приволжский,респ. Башкортостан,муниципальный район,26845,False
Куженерский муниципальный район,4,0,Приволжский,респ. Марий Эл,муниципальный район,11637,False
Кузоватовский муниципальный район,8,1,Приволжский,Ульяновская обл.,муниципальный район,18158,False
Куйтунский муниципальный район,3,0,Сибирский,Иркутская обл.,муниципальный район,27222,False
Кукморский муниципальный район,5,0,Приволжский,респ. Татарстан,муниципальный район,51290,False
Кулундинский муниципальный район,0,1,Сибирский,Алтайский край,муниципальный район,20480,False
Куменский муниципальный район,2,0,Приволжский,Кировская обл.,муниципальный район,14363,False
Кумылженский муниципальный район,8,1,Южный,Волгоградская обл.,муниципальный район,17758,False
Кунашакский муниципальный район,4,1,Уральский,Челябинская обл.,муниципальный район,27737,False
Купинский муниципальный район,9,1,Сибирский,Новосибирская обл.,муниципальный район,25707,False
Курагинский муниципальный район,9,1,Сибирский,Красноярский край,муниципальный район,39701,False
Куркинский муниципальный район,7,1,Центральный,Тульская обл.,муниципальный район,10690,False
Курманаевский муниципальный район,1,0,Приволжский,Оренбургская обл.,муниципальный район,14428,False
Курский муниципальный округ,9,1,Северо-Кавказский,Ставропольский край,муниципальный округ,52548,False
Куртамышский муниципальный округ,8,1,Уральский,Курганская обл.,муниципальный округ,24519,False
Курьинский муниципальный район,10,1,Сибирский,Алтайский край,муниципальный район,8155,False
Кусинский муниципальный район,9,1,Уральский,Челябинская обл.,муниципальный район,25198,False
Кушнаренковский муниципальный район,5,0,Приволжский,респ. Башкортостан,муниципальный район,26704,False
Кызылский муниципальный район,0,2,Сибирский,респ. Тыва,муниципальный район,36061,False
Кыринский муниципальный район,3,3,Дальневосточный,Забайкальский край,муниципальный район,10238,False
Кытмановский муниципальный район,1,0,Сибирский,Алтайский край,муниципальный район,9765,False
Кыштовский муниципальный район,0,1,Сибирский,Новосибирская обл.,муниципальный район,9149,False
Лаганский муниципальный район,4,1,Южный,Республика Калмыкия,муниципальный район,18310,False
Лазовский муниципальный округ,6,2,Дальневосточный,Приморский край,муниципальный округ,12150,False
Лаишевский муниципальный район,7,2,Приволжский,респ. Татарстан,муниципальный район,67057,False
Лахденпохский муниципальный район,6,2,Северо-Западный,Республика Карелия,муниципальный район,10709,False
Лебедянский муниципальный район,9,1,Центральный,Липецкая обл.,муниципальный район,39264,False
Лебяжьевский муниципальный округ,1,0,Уральский,Курганская обл.,муниципальный округ,11131,False
Лев-Толстовский муниципальный район,9,1,Центральный,Липецкая обл.,муниципальный район,16391,False
Левокумский муниципальный округ,1,1,Северо-Кавказский,Ставропольский край,муниципальный округ,34905,False
Лежневский муниципальный район,1,0,Центральный,Ивановская обл.,муниципальный район,15124,False
Лениногорский муниципальный район,7,2,Приволжский,респ. Татарстан,муниципальный район,78468,False
Лиманский муниципальный район,9,1,Южный,Астраханская обл.,муниципальный район,27946,False
Ловозерский муниципальный район,6,2,Северо-Западный,Мурманская обл.,муниципальный район,8695,False
Лодейнопольский муниципальный район,7,2,Северо-Западный,Ленинградская обл.,муниципальный район,27548,False
Локтевский муниципальный район,10,1,Сибирский,Алтайский край,муниципальный район,19707,False
Ломоносовский муниципальный район,7,2,Северо-Западный,Ленинградская обл.,муниципальный район,85329,False
Лопатинский муниципальный район,1,0,Приволжский,Пензенская обл.,муниципальный район,11418,False
Лоухский муниципальный район,6,2,Северо-Западный,Республика Карелия,муниципальный район,10289,False
Лужский муниципальный район,7,2,Северо-Западный,Ленинградская обл.,муниципальный район,75307,False
Лукояновский муниципальный округ,8,1,Приволжский,Нижегородская обл.,муниципальный округ,26082,False
Лунинский муниципальный район,4,0,Приволжский,Пензенская обл.,муниципальный район,15887,False
Лухский муниципальный район,1,0,Центральный,Ивановская обл.,муниципальный район,7523,False
Лысковский муниципальный округ,9,2,Приволжский,Нижегородская обл.,муниципальный округ,34467,False
Лысогорский муниципальный район,4,0,Приволжский,Саратовская обл.,муниципальный район,17441,False
Любимский муниципальный район,8,1,Центральный,Ярославская обл.,муниципальный район,9827,False
Любинский муниципальный район,1,1,Сибирский,Омская обл.,муниципальный район,38401,False
Любытинский муниципальный район,6,1,Северо-Западный,Новгородская обл.,муниципальный район,7179,False
Людиновский муниципальный район,9,2,Центральный,Калужская обл.,муниципальный район,38508,False
Лямбирский муниципальный район,7,2,Приволжский,респ. Мордовия,муниципальный район,33732,False
Магдагачинский муниципальный район,6,1,Дальневосточный,Амурская обл.,муниципальный район,16847,False
Мазановский муниципальный район,7,2,Дальневосточный,Амурская обл.,муниципальный район,9373,False
Майкопский муниципальный район,7,2,Южный,Республика Адыгея,муниципальный район,58793,False
Майминский муниципальный район,0,2,Сибирский,респ. Алтай,муниципальный район,30665,False
Майнский муниципальный район,5,0,Приволжский,Ульяновская обл.,муниципальный район,20084,False
Майский муниципальный район,1,1,Северо-Кавказский,Кабардино-Балкарская Республика,муниципальный район,37828,False
Макарьевский муниципальный район,9,1,Центральный,Костромская обл.,муниципальный район,10096,False
Малмыжский муниципальный район,5,1,Приволжский,Кировская обл.,муниципальный район,20133,False
Малоархангельский муниципальный район,1,0,Центральный,Орловская обл.,муниципальный район,9363,False
Маловишерский муниципальный район,7,2,Северо-Западный,Новгородская обл.,муниципальный район,13275,False
Малодербетовский муниципальный район,1,0,Южный,Республика Калмыкия,муниципальный район,9207,False
Малокарачаевский муниципальный район,4,0,Северо-Кавказский,Карачаево-Черкесская Республика,муниципальный район,42803,False
Малосердобинский муниципальный район,4,1,Приволжский,Пензенская обл.,муниципальный район,8054,False
Малоярославецкий муниципальный район,7,2,Центральный,Калужская обл.,муниципальный район,68087,False
Мамадышский муниципальный район,4,1,Приволжский,респ. Татарстан,муниципальный район,39955,False
Мамонтовский муниципальный район,10,1,Сибирский,Алтайский край,муниципальный район,17803,False
Манский муниципальный район,4,1,Сибирский,Красноярский край,муниципальный район,13588,False
Мантуровский муниципальный округ,6,1,Центральный,Костромская обл.,муниципальный округ,15431,False
Мари-Турекский муниципальный район,8,1,Приволжский,респ. Марий Эл,муниципальный район,17406,False
Мариинский муниципальный округ,0,2,Сибирский,Кемеровская обл.,муниципальный округ,50952,False
Мариинско-Посадский муниципальный округ,5,0,Приволжский,Чувашская респ.,муниципальный округ,18877,False
Марксовский муниципальный район,9,1,Приволжский,Саратовская обл.,муниципальный район,57899,False
Марьяновский муниципальный район,1,0,Сибирский,Омская обл.,муниципальный район,25346,False
Маслянинский муниципальный район,8,1,Сибирский,Новосибирская обл.,муниципальный район,23583,False
Матвеевский муниципальный район,1,0,Приволжский,Оренбургская обл.,муниципальный район,9034,False
Мегино-Кангаласский муниципальный район,3,3,Дальневосточный,респ. Саха (Якутия),муниципальный район,33110,False
Медведевский муниципальный район,7,2,Приволжский,респ. Марий Эл,муниципальный район,67681,False
Медвежьегорский муниципальный район,6,1,Северо-Западный,Республика Карелия,муниципальный район,23931,False
Медынский муниципальный район,7,1,Центральный,Калужская обл.,муниципальный район,12234,False
Междуреченский муниципальный округ,2,0,Северо-Западный,Вологодская обл.,муниципальный округ,4918,False
Межевской муниципальный округ,9,1,Центральный,Костромская обл.,муниципальный округ,2809,True
Мезенский муниципальный округ,5,0,Северо-Западный,Архангельская обл.,муниципальный округ,7248,False
Меленковский муниципальный район,5,1,Центральный,Владимирская обл.,муниципальный район,31820,False
Мелеузовский муниципальный район,7,2,Приволжский,респ. Башкортостан,муниципальный район,80565,False
Менделеевский муниципальный район,5,0,Приволжский,респ. Татарстан,муниципальный район,30523,False
Мензелинский муниципальный район,5,0,Приволжский,респ. Татарстан,муниципальный район,26732,False
Мечетлинский муниципальный район,10,1,Приволжский,респ. Башкортостан,муниципальный район,22158,False
Мещовский муниципальный район,2,0,Центральный,Калужская обл.,муниципальный район,11300,False
Милославский муниципальный район,2,0,Центральный,Рязанская обл.,муниципальный район,10730,False
Мирнинский муниципальный район,6,3,Дальневосточный,респ. Саха (Якутия),муниципальный район,71308,False
Мишкинский муниципальный округ,8,1,Уральский,Курганская обл.,муниципальный округ,12737,False
Миякинский муниципальный район,4,1,Приволжский,респ. Башкортостан,муниципальный район,23590,False
Могойтуйский муниципальный район,3,1,Дальневосточный,Забайкальский край,муниципальный район,22661,False
Моздокский муниципальный район,0,2,Северо-Кавказский,Республика Северная Осетия — Алания,муниципальный район,82698,False
Мокроусовский муниципальный округ,1,1,Уральский,Курганская обл.,муниципальный округ,9164,False
Мокшанский муниципальный район,1,0,Приволжский,Пензенская обл.,муниципальный район,23972,False
Молчановский муниципальный район,3,1,Сибирский,Томская обл.,муниципальный район,12177,False
Монастырщинский муниципальный район,1,0,Центральный,Смоленская обл.,муниципальный район,7915,False
Моргаушский муниципальный округ,4,0,Приволжский,Чувашская респ.,муниципальный округ,30826,False
Мордовский муниципальный округ,1,0,Центральный,Тамбовская обл.,муниципальный округ,13553,False
Моркинский муниципальный район,1,0,Приволжский,респ. Марий Эл,муниципальный район,26138,False
Мосальский муниципальный район,2,0,Центральный,Калужская обл.,муниципальный район,9077,False
Москаленский муниципальный район,8,1,Сибирский,Омская обл.,муниципальный район,26599,False
Мотыгинский муниципальный район,7,2,Сибирский,Красноярский край,муниципальный район,12208,False
Мошковский муниципальный район,8,1,Сибирский,Новосибирская обл.,муниципальный район,40629,False
Муезерский муниципальный район,6,2,Северо-Западный,Республика Карелия,муниципальный район,7903,False
Муромцевский муниципальный район,5,1,Сибирский,Омская обл.,муниципальный район,17328,False
Муслюмовский муниципальный район,5,0,Приволжский,респ. Татарстан,муниципальный район,18828,False
Мучкапский муниципальный округ,4,1,Центральный,Тамбовская обл.,муниципальный округ,10953,False
Мышкинский муниципальный район,2,1,Центральный,Ярославская обл.,муниципальный район,9153,False
Нагайбакский муниципальный район,4,1,Уральский,Челябинская обл.,муниципальный район,17105,False
Нагорский муниципальный район,5,1,Приволжский,Кировская обл.,муниципальный район,6480,False
Надеждинский муниципальный район,7,2,Дальневосточный,Приморский край,муниципальный район,40669,False
Называевский муниципальный район,2,1,Сибирский,Омская обл.,муниципальный район,18133,False
Намский муниципальный район,3,3,Дальневосточный,респ. Саха (Якутия),муниципальный район,24860,False
Нанайский муниципальный район,3,0,Дальневосточный,Хабаровский край,муниципальный район,14430,False
Наримановский муниципальный район,7,2,Южный,Астраханская обл.,муниципальный район,47916,False
Наровчатский муниципальный район,4,0,Приволжский,Пензенская обл.,муниципальный район,9855,False
Неверкинский муниципальный район,1,0,Приволжский,Пензенская обл.,муниципальный район,13276,False
Нейский муниципальный округ,9,1,Центральный,Костромская обл.,муниципальный округ,10065,False
Некоузский муниципальный район,2,0,Центральный,Ярославская обл.,муниципальный район,11617,False
Некрасовский муниципальный район,2,0,Центральный,Ярославская обл.,муниципальный район,19651,False
Немецкий национальный муниципальный район,0,1,Сибирский,Алтайский край,муниципальный район,14938,False
Нерчинский муниципальный район,3,2,Дальневосточный,Забайкальский край,муниципальный район,26642,False
Нерюнгринский муниципальный район,6,2,Дальневосточный,респ. Саха (Якутия),муниципальный район,69032,False
Нефтегорский муниципальный район,9,2,Приволжский,Самарская обл.,муниципальный район,32051,False
Нефтеюганский муниципальный район,6,2,Уральский,Тюменская обл.,муниципальный район,47014,False
Нехаевский муниципальный район,4,1,Южный,Волгоградская обл.,муниципальный район,13014,False
Нижневартовский муниципальный район,6,1,Уральский,Тюменская обл.,муниципальный район,38507,False
Нижнеилимский муниципальный район,6,2,Сибирский,Иркутская обл.,муниципальный район,42534,False
Нижнеингашский муниципальный район,9,1,Сибирский,Красноярский край,муниципальный район,23928,False
Нижнекамский муниципальный район,7,2,Приволжский,респ. Татарстан,муниципальный район,277053,False
Нижнеколымский муниципальный район,3,3,Дальневосточный,респ. Саха (Якутия),муниципальный район,4211,False
Нижнеломовский муниципальный район,8,1,Приволжский,Пензенская обл.,муниципальный район,35895,False
Нижнеомский муниципальный район,1,0,Сибирский,Омская обл.,муниципальный район,12382,False
Нижнесергинский муниципальный район,6,1,Уральский,Свердловская обл.,муниципальный район,37577,False
Нижнетавдинский муниципальный район,2,0,Уральский,Тюменская обл.,муниципальный район,27046,False
Нижнеудинский муниципальный район,3,1,Сибирский,Иркутская обл.,муниципальный район,52307,False
Никифоровский муниципальный округ,1,0,Центральный,Тамбовская обл.,муниципальный округ,15725,False
Новгородский муниципальный район,7,2,Северо-Западный,Новгородская обл.,муниципальный район,64063,False
Новичихинский муниципальный район,0,1,Сибирский,Алтайский край,муниципальный район,7533,False
Новоаннинский муниципальный район,9,1,Южный,Волгоградская обл.,муниципальный район,31911,False
Новобурасский муниципальный район,1,0,Приволжский,Саратовская обл.,муниципальный район,14983,False
Нововаршавский муниципальный район,4,1,Сибирский,Омская обл.,муниципальный район,20645,False
Новодеревеньковский муниципальный район,2,0,Центральный,Орловская обл.,муниципальный район,9076,False
Новодугинский муниципальный район,8,1,Центральный,Смоленская обл.,муниципальный район,7264,False
Новониколаевский муниципальный район,8,1,Южный,Волгоградская обл.,муниципальный район,19675,False
Новоорский муниципальный район,4,1,Приволжский,Оренбургская обл.,муниципальный район,23850,False
Новоселицкий муниципальный округ,1,1,Северо-Кавказский,Ставропольский край,муниципальный округ,24624,False
Новоселовский муниципальный район,0,1,Сибирский,Красноярский край,муниципальный район,10848,False
Новосергиевский муниципальный район,5,1,Приволжский,Оренбургская обл.,муниципальный район,29332,False
Новосибирский муниципальный район,7,2,Сибирский,Новосибирская обл.,муниципальный район,166514,False
Новосильский муниципальный район,4,1,Центральный,Орловская обл.,муниципальный район,6700,False
Новосокольнический муниципальный район,4,0,Северо-Западный,Псковская обл.,муниципальный район,11644,False
Новоспасский муниципальный район,8,1,Приволжский,Ульяновская обл.,муниципальный район,20134,False
Новоторъяльский муниципальный район,4,1,Приволжский,респ. Марий Эл,муниципальный район,13597,False
Новоузенский муниципальный район,8,1,Приволжский,Саратовская обл.,муниципальный район,26669,False
Новошешминский муниципальный район,4,1,Приволжский,респ. Татарстан,муниципальный район,12798,False
Нолинский муниципальный район,5,1,Приволжский,Кировская обл.,муниципальный район,15594,False
Нукутский муниципальный район,3,0,Сибирский,Иркутская обл.,муниципальный район,15036,False
Нуримановский муниципальный район,5,0,Приволжский,респ. Башкортостан,муниципальный район,20228,False
Нурлатский муниципальный район,9,1,Приволжский,респ. Татарстан,муниципальный район,52133,False
Нюксенский муниципальный округ,2,0,Северо-Западный,Вологодская обл.,муниципальный округ,8521,False
Нюрбинский муниципальный район,3,3,Дальневосточный,респ. Саха (Якутия),муниципальный район,22997,False
Нязепетровский муниципальный район,8,1,Уральский,Челябинская обл.,муниципальный район,13873,False
Няндомский муниципальный округ,6,1,Северо-Западный,Архангельская обл.,муниципальный округ,22889,False
Облученский муниципальный район,7,2,Дальневосточный,Еврейская автономная обл.,муниципальный район,23573,False
Одесский муниципальный район,2,0,Сибирский,Омская обл.,муниципальный район,16029,False
Одоевский муниципальный район,7,2,Центральный,Тульская обл.,муниципальный район,11780,False
Озинский муниципальный район,1,0,Приволжский,Саратовская обл.,муниципальный район,14637,False
Оймяконский муниципальный район,3,3,Дальневосточный,респ. Саха (Якутия),муниципальный район,7600,False
Оконешниковский муниципальный район,1,0,Сибирский,Омская обл.,муниципальный район,11914,False
Октябрьский муниципальный округ,2,0,Дальневосточный,Приморский край,муниципальный округ,22935,False
Окуловский муниципальный район,6,1,Северо-Западный,Новгородская обл.,муниципальный район,18528,False
Олекминский муниципальный район,3,3,Дальневосточный,респ. Саха (Якутия),муниципальный район,20691,False
Оловяннинский муниципальный район,3,1,Дальневосточный,Забайкальский край,муниципальный район,30332,False
Олонецкий муниципальный район,6,1,Северо-Западный,Республика Карелия,муниципальный район,18662,False
Ольгинский муниципальный округ,7,2,Дальневосточный,Приморский край,муниципальный округ,7511,False
Ольховский муниципальный район,1,1,Южный,Волгоградская обл.,муниципальный район,15994,False
Ольхонский муниципальный район,3,0,Сибирский,Иркутская обл.,муниципальный район,10459,False
Олюторский муниципальный район,3,3,Дальневосточный,Камчатский край,муниципальный район,3569,False
Омский муниципальный район,2,0,Сибирский,Омская обл.,муниципальный район,100896,False
Омутинский муниципальный район,2,1,Уральский,Тюменская обл.,муниципальный район,18444,False
Омутнинский муниципальный район,5,0,Приволжский,Кировская обл.,муниципальный район,33878,False
Онгудайский муниципальный район,0,3,Сибирский,респ. Алтай,муниципальный район,14049,False
Онежский муниципальный район,6,1,Северо-Западный,Архангельская обл.,муниципальный район,24068,False
Орджоникидзевский муниципальный район,1,1,Сибирский,респ. Хакасия,муниципальный район,9758,False
Ордынский муниципальный район,8,1,Сибирский,Новосибирская обл.,муниципальный район,33811,False
Оричевский муниципальный район,5,0,Приволжский,Кировская обл.,муниципальный район,24751,False
Оршанский муниципальный район,4,0,Приволжский,респ. Марий Эл,муниципальный район,12379,False
Осинский муниципальный район,3,0,Сибирский,Иркутская обл.,муниципальный район,20829,False
Островский муниципальный округ,1,1,Центральный,Костромская обл.,муниципальный округ,8974,False
Охотский муниципальный округ,7,3,Дальневосточный,Хабаровский край,муниципальный округ,6508,False
Павинский муниципальный округ,0,1,Центральный,Костромская обл.,муниципальный округ,3003,False
Павловский муниципальный округ,9,2,Приволжский,Нижегородская обл.,муниципальный округ,92555,False
Павлоградский муниципальный район,2,0,Сибирский,Омская обл.,муниципальный район,17572,False
Палехский муниципальный район,9,1,Центральный,Ивановская обл.,муниципальный район,8663,False
Палласовский муниципальный район,8,1,Южный,Волгоградская обл.,муниципальный район,38309,False
Панкрушихинский муниципальный район,0,1,Сибирский,Алтайский край,муниципальный район,9268,False
Парабельский муниципальный район,6,1,Сибирский,Томская обл.,муниципальный район,11443,False
Параньгинский муниципальный район,4,1,Приволжский,респ. Марий Эл,муниципальный район,13181,False
Парфеньевский муниципальный округ,4,1,Центральный,Костромская обл.,муниципальный округ,4385,False
Парфинский муниципальный район,4,1,Северо-Западный,Новгородская обл.,муниципальный район,11684,False
Пачелмский муниципальный район,1,0,Приволжский,Пензенская обл.,муниципальный район,13098,False
Первомайский муниципальный округ,2,0,Центральный,Тамбовская обл.,муниципальный округ,23980,False
Переволоцкий муниципальный район,1,0,Приволжский,Оренбургская обл.,муниципальный район,20555,False
Перелюбский муниципальный район,1,0,Приволжский,Саратовская обл.,муниципальный район,11193,False
Перемышльский муниципальный район,1,0,Центральный,Калужская обл.,муниципальный район,14373,False
Пестравский муниципальный район,9,1,Приволжский,Самарская обл.,муниципальный район,14590,False
Пестречинский муниципальный район,2,0,Приволжский,респ. Татарстан,муниципальный район,64944,False
Пестяковский муниципальный район,1,0,Центральный,Ивановская обл.,муниципальный район,4854,False
Петровск-Забайкальский муниципальный район,0,1,Дальневосточный,Забайкальский край,муниципальный район,14792,False
Петровский муниципальный округ,9,1,Центральный,Тамбовская обл.,муниципальный округ,13775,False
Петровский муниципальный район,8,1,Приволжский,Саратовская обл.,муниципальный район,36538,False
Петуховский муниципальный округ,1,0,Уральский,Курганская обл.,муниципальный округ,13881,False
Петушинский муниципальный район,7,2,Центральный,Владимирская обл.,муниципальный район,58851,False
Печенгский муниципальный округ,6,2,Северо-Западный,Мурманская обл.,муниципальный округ,30591,False
Пий-Хемский муниципальный район,0,2,Сибирский,респ. Тыва,муниципальный район,10501,False
Пильнинский муниципальный округ,8,1,Приволжский,Нижегородская обл.,муниципальный округ,18304,False
Пировский муниципальный округ,3,1,Сибирский,Красноярский край,муниципальный округ,5857,False
Пителинский муниципальный район,1,0,Центральный,Рязанская обл.,муниципальный район,4629,False
Питерский муниципальный район,9,1,Приволжский,Саратовская обл.,муниципальный район,14646,False
Питкярантский муниципальный округ,6,2,Северо-Западный,Республика Карелия,муниципальный округ,14735,False
Пичаевский муниципальный округ,4,1,Центральный,Тамбовская обл.,муниципальный округ,10795,False
Плавский муниципальный район,6,1,Центральный,Тульская обл.,муниципальный район,29516,False
Пластовский муниципальный район,6,1,Уральский,Челябинская обл.,муниципальный район,24387,False
Плесецкий муниципальный округ,6,1,Северо-Западный,Архангельская обл.,муниципальный округ,33589,False
Плюсский муниципальный район,2,0,Северо-Западный,Псковская обл.,муниципальный район,6386,False
Пограничный муниципальный округ,2,0,Дальневосточный,Приморский край,муниципальный округ,18359,False
Поддорский муниципальный район,2,0,Северо-Западный,Новгородская обл.,муниципальный район,3266,False
Подосиновский муниципальный район,5,1,Приволжский,Кировская обл.,муниципальный район,11490,False
Подпорожский муниципальный район,7,2,Северо-Западный,Ленинградская обл.,муниципальный район,25508,False
Пожарский муниципальный округ,6,2,Дальневосточный,Приморский край,муниципальный округ,24402,False
Покровский муниципальный район,2,0,Центральный,Орловская обл.,муниципальный район,11950,False
Половинский муниципальный округ,1,0,Уральский,Курганская обл.,муниципальный округ,7907,False
Полтавский муниципальный район,1,1,Сибирский,Омская обл.,муниципальный район,18394,False
Поназыревский муниципальный округ,9,1,Центральный,Костромская обл.,муниципальный округ,4760,False
Порецкий муниципальный округ,4,1,Приволжский,Чувашская респ.,муниципальный округ,10452,False
Порховский муниципальный район,5,1,Северо-Западный,Псковская обл.,муниципальный район,15065,False
Поспелихинский муниципальный район,10,1,Сибирский,Алтайский край,муниципальный район,19641,False
Похвистневский муниципальный район,4,1,Приволжский,Самарская обл.,муниципальный район,25962,False
Починковский муниципальный округ,3,1,Приволжский,Нижегородская обл.,муниципальный округ,25730,False
Починковский муниципальный район,9,1,Центральный,Смоленская обл.,муниципальный район,24591,False
Пошехонский муниципальный район,8,1,Центральный,Ярославская обл.,муниципальный район,10386,False
Правобережный муниципальный район,0,2,Северо-Кавказский,Республика Северная Осетия — Алания,муниципальный район,55510,False
Предгорный муниципальный округ,7,2,Северо-Кавказский,Ставропольский край,муниципальный округ,110643,False
Приаргунский муниципальный округ,7,2,Дальневосточный,Забайкальский край,муниципальный округ,15487,False
Приморский муниципальный округ,7,2,Северо-Западный,Архангельская обл.,муниципальный округ,28793,False
Приозерский муниципальный район,7,2,Северо-Западный,Ленинградская обл.,муниципальный район,57047,False
Прионежский муниципальный район,3,3,Северо-Западный,Республика Карелия,муниципальный район,21994,False
Притобольный муниципальный округ,1,0,Уральский,Курганская обл.,муниципальный округ,9866,False
Прокопьевский муниципальный округ,6,1,Сибирский,Кемеровская обл.,муниципальный округ,43450,False
Промышленновский муниципальный округ,0,2,Сибирский,Кемеровская обл.,муниципальный округ,45666,False
Пронский муниципальный район,5,1,Центральный,Рязанская обл.,муниципальный район,30144,False
Пряжинский муниципальный район,2,0,Северо-Западный,Республика Карелия,муниципальный район,12259,False
Псковский муниципальный район,7,2,Северо-Западный,Псковская обл.,муниципальный район,43640,False
Пугачевский муниципальный район,9,1,Приволжский,Саратовская обл.,муниципальный район,54901,False
Пудожский муниципальный район,6,1,Северо-Западный,Республика Карелия,муниципальный район,14351,False
Пустошкинский муниципальный район,2,0,Северо-Западный,Псковская обл.,муниципальный район,7404,False
Путятинский муниципальный округ,4,0,Центральный,Рязанская обл.,муниципальный округ,6884,False
Пучежский муниципальный район,4,1,Центральный,Ивановская обл.,муниципальный район,10712,False
Пушкиногорский муниципальный район,2,1,Северо-Западный,Псковская обл.,муниципальный район,7278,False
Пыщугский муниципальный округ,9,1,Центральный,Костромская обл.,муниципальный округ,3350,False
Радищевский муниципальный район,1,0,Приволжский,Ульяновская обл.,муниципальный район,11360,False
Ребрихинский муниципальный район,4,0,Сибирский,Алтайский край,муниципальный район,18967,False
Ржаксинский муниципальный округ,4,1,Центральный,Тамбовская обл.,муниципальный округ,14175,False
Ровенский муниципальный район,1,0,Приволжский,Саратовская обл.,муниципальный район,16490,False
Родинский муниципальный район,10,1,Сибирский,Алтайский край,муниципальный район,14551,False
Родниковский муниципальный район,8,1,Центральный,Ивановская обл.,муниципальный район,30074,False
Ромненский муниципальный округ,2,0,Дальневосточный,Амурская обл.,муниципальный округ,7325,False
Ромодановский муниципальный район,4,1,Приволжский,респ. Мордовия,муниципальный район,19042,False
Рославльский муниципальный район,6,1,Центральный,Смоленская обл.,муниципальный район,60842,False
Ростовский муниципальный район,7,2,Центральный,Ярославская обл.,муниципальный район,58436,False
Ртищевский муниципальный район,8,1,Приволжский,Саратовская обл.,муниципальный район,50716,False
Рузаевский муниципальный район,9,1,Приволжский,респ. Мордовия,муниципальный район,59259,False
Русско-Полянский муниципальный район,8,1,Сибирский,Омская обл.,муниципальный район,15831,False
Рыбно-Слободский муниципальный район,1,0,Приволжский,респ. Татарстан,муниципальный район,24078,False
Рыбновский муниципальный район,7,2,Центральный,Рязанская обл.,муниципальный район,38973,False
Ряжский муниципальный округ,9,1,Центральный,Рязанская обл.,муниципальный округ,27032,False
Рязанский муниципальный район,7,2,Центральный,Рязанская обл.,муниципальный район,62396,False
Сабинский муниципальный район,4,0,Приволжский,респ. Татарстан,муниципальный район,30407,False
Савинский муниципальный район,4,1,Центральный,Ивановская обл.,муниципальный район,9969,False
Сакмарский муниципальный район,1,0,Приволжский,Оренбургская обл.,муниципальный район,29265,False
Салаватский муниципальный район,9,1,Приволжский,респ. Башкортостан,муниципальный район,23700,False
Самойловский муниципальный район,1,1,Приволжский,Саратовская обл.,муниципальный район,16177,False
Сампурский муниципальный округ,1,1,Центральный,Тамбовская обл.,муниципальный округ,11783,False
Сапожковский муниципальный район,1,0,Центральный,Рязанская обл.,муниципальный район,9059,False
Сараевский муниципальный район,9,1,Центральный,Рязанская обл.,муниципальный район,14601,False
Саракташский муниципальный район,5,0,Приволжский,Оренбургская обл.,муниципальный район,40080,False
Саргатский муниципальный район,2,0,Сибирский,Омская обл.,муниципальный район,16047,False
Сармановский муниципальный район,5,0,Приволжский,респ. Татарстан,муниципальный район,34003,False
Сарпинский муниципальный район,0,2,Южный,Республика Калмыкия,муниципальный район,11043,False
Саткинский муниципальный район,7,2,Уральский,Челябинская обл.,муниципальный район,74658,False
Сафакулевский муниципальный округ,4,1,Уральский,Курганская обл.,муниципальный округ,10481,False
Сафоновский муниципальный район,6,1,Центральный,Смоленская обл.,муниципальный район,50411,False
Саянский муниципальный район,4,1,Сибирский,Красноярский край,муниципальный район,9177,False
Свердловский муниципальный район,5,0,Центральный,Орловская обл.,муниципальный район,13382,False
Светлинский муниципальный район,9,1,Приволжский,Оренбургская обл.,муниципальный район,9948,False
Светлоярский муниципальный район,1,1,Южный,Волгоградская обл.,муниципальный район,33712,False
Свободненский муниципальный район,6,0,Дальневосточный,Амурская обл.,муниципальный район,11506,False
Себежский муниципальный район,6,1,Северо-Западный,Псковская обл.,муниципальный район,18606,False
Северо-Енисейский муниципальный район,7,2,Сибирский,Красноярский край,муниципальный район,8492,False
Сегежский муниципальный округ,6,2,Северо-Западный,Республика Карелия,муниципальный округ,31609,False
Седельниковский муниципальный район,10,1,Сибирский,Омская обл.,муниципальный район,8285,False
Селемджинский муниципальный район,3,0,Дальневосточный,Амурская обл.,муниципальный район,7262,False
Селивановский муниципальный район,5,0,Центральный,Владимирская обл.,муниципальный район,16791,False
Сенгилеевский муниципальный район,4,0,Приволжский,Ульяновская обл.,муниципальный район,19311,False
Серафимовичский муниципальный район,5,1,Южный,Волгоградская обл.,муниципальный район,22132,False
Сергачский муниципальный округ,8,1,Приволжский,Нижегородская обл.,муниципальный округ,27151,False
Сергиевский муниципальный район,2,0,Приволжский,Самарская обл.,муниципальный район,44027,False
Сердобский муниципальный район,8,1,Приволжский,Пензенская обл.,муниципальный район,44853,False
Сернурский муниципальный район,4,1,Приволжский,респ. Марий Эл,муниципальный район,21572,False
Серышевский муниципальный округ,3,0,Дальневосточный,Амурская обл.,муниципальный округ,21122,False
Сеченовский муниципальный округ,8,1,Приволжский,Нижегородская обл.,муниципальный округ,13644,False
Сковородинский муниципальный округ,7,2,Дальневосточный,Амурская обл.,муниципальный округ,20152,False
Сладковский муниципальный район,2,0,Уральский,Тюменская обл.,муниципальный район,10860,False
Сланцевский муниципальный район,7,2,Северо-Западный,Ленинградская обл.,муниципальный район,45192,False
Слободо-Туринский муниципальный район,2,0,Уральский,Свердловская обл.,муниципальный район,11755,False
Слободской муниципальный район,5,0,Приволжский,Кировская обл.,муниципальный район,31977,False
Слюдянский муниципальный район,6,1,Сибирский,Иркутская обл.,муниципальный район,38631,False
Смидовичский муниципальный район,7,2,Дальневосточный,Еврейская автономная обл.,муниципальный район,22154,False
Собинский муниципальный район,7,1,Центральный,Владимирская обл.,муниципальный район,49313,False
Соболевский муниципальный район,3,3,Дальневосточный,Камчатский край,муниципальный район,1988,True
Советско-Гаванский муниципальный район,6,2,Дальневосточный,Хабаровский край,муниципальный район,36866,False
Сокольский муниципальный округ,7,1,Северо-Западный,Вологодская обл.,муниципальный округ,45129,False
Солигаличский муниципальный округ,2,0,Центральный,Костромская обл.,муниципальный округ,7721,False
Солнечный муниципальный район,2,0,Дальневосточный,Хабаровский край,муниципальный район,27089,False
Солонешенский муниципальный район,0,0,Сибирский,Алтайский край,муниципальный район,7292,False
Солтонский муниципальный район,4,1,Сибирский,Алтайский край,муниципальный район,6150,False
Сорокинский муниципальный район,2,0,Уральский,Тюменская обл.,муниципальный район,9391,False
Сортавальский муниципальный район,7,2,Северо-Западный,Республика Карелия,муниципальный район,23825,False
Сосновоборский муниципальный район,2,0,Приволжский,Пензенская обл.,муниципальный район,13770,False
Сосновский муниципальный район,7,2,Уральский,Челябинская обл.,муниципальный район,88372,False
Спас-Деменский муниципальный район,4,1,Центральный,Калужская обл.,муниципальный район,7326,False
Спасский муниципальный округ,1,1,Приволжский,Нижегородская обл.,муниципальный округ,9479,False
Среднеахтубинский муниципальный район,7,2,Южный,Волгоградская обл.,муниципальный район,61206,False
Среднеколымский муниципальный район,3,3,Дальневосточный,респ. Саха (Якутия),муниципальный район,6741,False
Сретенский муниципальный район,3,1,Дальневосточный,Забайкальский край,муниципальный район,18184,False
Ставропольский муниципальный район,7,2,Приволжский,Самарская обл.,муниципальный район,84781,False
Становлянский муниципальный район,2,0,Центральный,Липецкая обл.,муниципальный район,16432,False
Старожиловский муниципальный район,4,1,Центральный,Рязанская обл.,муниципальный район,15692,False
Старокулаткинский муниципальный район,1,0,Приволжский,Ульяновская обл.,муниципальный район,9804,False
Старомайнский муниципальный район,1,0,Приволжский,Ульяновская обл.,муниципальный район,14818,False
Старополтавский муниципальный район,9,1,Южный,Волгоградская обл.,муниципальный район,16794,False
Старорусский муниципальный район,6,1,Северо-Западный,Новгородская обл.,муниципальный район,37988,False
Старошайговский муниципальный район,4,0,Приволжский,респ. Мордовия,муниципальный район,11515,False
Староюрьевский муниципальный округ,4,1,Центральный,Тамбовская обл.,муниципальный округ,11234,False
Степновский муниципальный округ,0,2,Северо-Кавказский,Ставропольский край,муниципальный округ,20544,False
Стерлибашевский муниципальный район,5,0,Приволжский,респ. Башкортостан,муниципальный район,16744,False
Стерлитамакский муниципальный район,7,2,Приволжский,респ. Башкортостан,муниципальный район,47644,False
Суворовский муниципальный район,9,1,Центральный,Тульская обл.,муниципальный район,35043,False
Судиславский муниципальный район,5,1,Центральный,Костромская обл.,муниципальный район,10893,False
Судогодский муниципальный район,2,0,Центральный,Владимирская обл.,муниципальный район,34595,False
Суздальский муниципальный район,7,2,Центральный,Владимирская обл.,муниципальный район,46468,False
Сузунский муниципальный район,0,1,Сибирский,Новосибирская обл.,муниципальный район,31331,False
Сунский муниципальный район,1,0,Приволжский,Кировская обл.,муниципальный район,5002,False
Сунтарский муниципальный район,3,3,Дальневосточный,респ. Саха (Якутия),муниципальный район,22352,False
Суоярвский муниципальный округ,6,0,Северо-Западный,Республика Карелия,муниципальный округ,12418,False
Сургутский муниципальный район,6,2,Уральский,Тюменская обл.,муниципальный район,127611,False
Суровикинский муниципальный район,9,1,Южный,Волгоградская обл.,муниципальный район,32730,False
Сурский муниципальный район,4,1,Приволжский,Ульяновская обл.,муниципальный район,14721,False
Сусанинский муниципальный район,2,0,Центральный,Костромская обл.,муниципальный район,5670,False
Сухиничский муниципальный район,2,1,Центральный,Калужская обл.,муниципальный район,22423,False
Сухобузимский муниципальный район,7,1,Сибирский,Красноярский край,муниципальный район,19135,False
Сызранский муниципальный район,0,2,Приволжский,Самарская обл.,муниципальный район,23643,False
Сычевский муниципальный район,9,1,Центральный,Смоленская обл.,муниципальный район,12064,False
Сямженский муниципальный округ,2,0,Северо-Западный,Вологодская обл.,муниципальный округ,8049,False
Таборинский муниципальный район,0,2,Уральский,Свердловская обл.,муниципальный район,2756,True
Табунский муниципальный район,0,1,Сибирский,Алтайский край,муниципальный район,7082,False
Таврический муниципальный район,1,0,Сибирский,Омская обл.,муниципальный район,33534,False
Таймырский Долгано-Ненецкий муниципальный район,3,3,Сибирский,Красноярский край,муниципальный район,29889,False
Тайшетский муниципальный район,3,1,Сибирский,Иркутская обл.,муниципальный район,70728,False
Тальменский муниципальный район,8,1,Сибирский,Алтайский край,муниципальный район,42586,False
Тамалинский муниципальный район,4,1,Приволжский,Пензенская обл.,муниципальный район,12852,False
Тандинский муниципальный район,0,2,Сибирский,респ. Тыва,муниципальный район,15234,False
Тарногский муниципальный округ,5,1,Северо-Западный,Вологодская обл.,муниципальный округ,10460,False
Тарский муниципальный район,6,1,Сибирский,Омская обл.,муниципальный район,40239,False
Тарусский муниципальный район,2,0,Центральный,Калужская обл.,муниципальный район,16395,False
Тасеевский муниципальный район,9,1,Сибирский,Красноярский край,муниципальный район,10129,False
Татарский муниципальный район,6,1,Сибирский,Новосибирская обл.,муниципальный район,36987,False
Татищевский муниципальный район,8,1,Приволжский,Саратовская обл.,муниципальный район,27921,False
Таттинский муниципальный район,3,3,Дальневосточный,респ. Саха (Якутия),муниципальный район,16858,False
Татышлинский муниципальный район,4,1,Приволжский,респ. Башкортостан,муниципальный район,21097,False
Тахтамукайский муниципальный район,7,2,Южный,Республика Адыгея,муниципальный район,127291,False
Ташлинский муниципальный район,8,1,Приволжский,Оренбургская обл.,муниципальный район,20103,False
Таштагольский муниципальный район,7,2,Сибирский,Кемеровская обл.,муниципальный район,49596,False
Таштыпский муниципальный район,0,2,Сибирский,респ. Хакасия,муниципальный район,15416,False
Тевризский муниципальный район,9,1,Сибирский,Омская обл.,муниципальный район,12174,False
Тегульдетский муниципальный район,4,1,Сибирский,Томская обл.,муниципальный район,6436,False
Тейковский муниципальный район,2,0,Центральный,Ивановская обл.,муниципальный район,10198,False
Темкинский муниципальный район,0,2,Центральный,Смоленская обл.,муниципальный район,4250,False
Темниковский муниципальный район,8,1,Приволжский,респ. Мордовия,муниципальный район,12876,False
Теньгушевский муниципальный район,1,0,Приволжский,респ. Мордовия,муниципальный район,9175,False
Тепло-Огаревский муниципальный район,4,1,Центральный,Тульская обл.,муниципальный район,11154,False
Тербунский муниципальный район,9,1,Центральный,Липецкая обл.,муниципальный район,20572,False
Тереньгульский муниципальный район,4,1,Приволжский,Ульяновская обл.,муниципальный район,15597,False
Тернейский муниципальный округ,7,2,Дальневосточный,Приморский край,муниципальный округ,9876,False
Тетюшский муниципальный район,8,1,Приволжский,респ. Татарстан,муниципальный район,20066,False
Теучежский муниципальный район,0,2,Южный,Республика Адыгея,муниципальный район,22196,False
Тигильский муниципальный район,3,3,Дальневосточный,Камчатский край,муниципальный район,3668,False
Тисульский муниципальный округ,9,1,Сибирский,Кемеровская обл.,муниципальный округ,18309,False
Тихвинский муниципальный район,7,2,Северо-Западный,Ленинградская обл.,муниципальный район,66266,False
Тогульский муниципальный район,8,1,Сибирский,Алтайский край,муниципальный район,6346,False
Тогучинский муниципальный район,9,1,Сибирский,Новосибирская обл.,муниципальный район,53998,False
Тоджинский муниципальный район,3,3,Сибирский,респ. Тыва,муниципальный район,6681,False
Токарёвский муниципальный округ,4,1,Центральный,Тамбовская обл.,муниципальный округ,15179,False
Томпонский муниципальный район,3,3,Дальневосточный,респ. Саха (Якутия),муниципальный район,11064,False
Томский муниципальный район,7,2,Сибирский,Томская обл.,муниципальный район,88838,False
Тонкинский муниципальный округ,3,1,Приволжский,Нижегородская обл.,муниципальный округ,7107,False
Тоншаевский муниципальный округ,9,2,Приволжский,Нижегородская обл.,муниципальный округ,14521,False
Топкинский муниципальный округ,0,2,Сибирский,Кемеровская обл.,муниципальный округ,40738,False
Топчихинский муниципальный район,9,1,Сибирский,Алтайский край,муниципальный район,18383,False
Торбеевский муниципальный район,8,1,Приволжский,респ. Мордовия,муниципальный район,18328,False
Тосненский муниципальный район,7,2,Северо-Западный,Ленинградская обл.,муниципальный район,133109,False
Тотемский муниципальный округ,6,1,Северо-Западный,Вологодская обл.,муниципальный округ,22064,False
Тоцкий муниципальный район,7,2,Приволжский,Оренбургская обл.,муниципальный район,31220,False
Третьяковский муниципальный район,10,1,Сибирский,Алтайский край,муниципальный район,10228,False
Троснянский муниципальный район,2,0,Центральный,Орловская обл.,муниципальный район,7739,False
Труновский муниципальный округ,8,1,Северо-Кавказский,Ставропольский край,муниципальный округ,32451,False
Тужинский муниципальный район,9,1,Приволжский,Кировская обл.,муниципальный район,5621,False
Туймазинский муниципальный район,7,2,Приволжский,респ. Башкортостан,муниципальный район,131554,False
Туркменский муниципальный округ,1,0,Северо-Кавказский,Ставропольский край,муниципальный округ,22217,False
Турковский муниципальный район,1,1,Приволжский,Саратовская обл.,муниципальный район,9644,False
Турочакский муниципальный район,0,2,Сибирский,респ. Алтай,муниципальный район,10960,False
Туруханский муниципальный район,3,3,Сибирский,Красноярский край,муниципальный район,12491,False
Тутаевский муниципальный район,7,2,Центральный,Ярославская обл.,муниципальный район,52624,False
Тындинский муниципальный округ,7,2,Дальневосточный,Амурская обл.,муниципальный округ,13606,False
Тюкалинский муниципальный район,2,0,Сибирский,Омская обл.,муниципальный район,19472,False
Тюльганский муниципальный район,1,0,Приволжский,Оренбургская обл.,муниципальный район,17316,False
Тюлячинский муниципальный район,4,0,Приволжский,респ. Татарстан,муниципальный район,13562,False
Тюменский муниципальный район,7,2,Уральский,Тюменская обл.,муниципальный район,140102,False
Тюменцевский муниципальный район,0,1,Сибирский,Алтайский край,муниципальный район,11012,False
Тюхтетский муниципальный округ,0,1,Сибирский,Красноярский край,муниципальный округ,7685,False
Тяжинский муниципальный округ,0,1,Сибирский,Кемеровская обл.,муниципальный округ,18850,False
Убинский муниципальный район,2,0,Сибирский,Новосибирская обл.,муниципальный район,11475,False
Уватский муниципальный район,6,0,Уральский,Тюменская обл.,муниципальный район,18622,False
Увельский муниципальный район,2,0,Уральский,Челябинская обл.,муниципальный район,31033,False
Угличский муниципальный район,7,2,Центральный,Ярославская обл.,муниципальный район,46689,False
Угловский муниципальный район,4,1,Сибирский,Алтайский край,муниципальный район,8920,False
Угранский муниципальный район,7,1,Центральный,Смоленская обл.,муниципальный район,6699,False
Ужурский муниципальный район,7,2,Сибирский,Красноярский край,муниципальный район,27593,False
Узловский муниципальный район,7,2,Центральный,Тульская обл.,муниципальный район,75528,False
Уйский муниципальный район,1,0,Уральский,Челябинская обл.,муниципальный район,21213,False
Улаганский муниципальный район,3,3,Сибирский,респ. Алтай,муниципальный район,11798,False
Улуг-Хемский муниципальный район,0,3,Сибирский,респ. Тыва,муниципальный район,20131,False
Ульчский муниципальный район,0,2,Дальневосточный,Хабаровский край,муниципальный район,14304,False
Умётский муниципальный округ,4,1,Центральный,Тамбовская обл.,муниципальный округ,9537,False
Упоровский муниципальный район,6,1,Уральский,Тюменская обл.,муниципальный район,19348,False
Уренский муниципальный округ,9,1,Приволжский,Нижегородская обл.,муниципальный округ,28080,False
Уржумский муниципальный район,5,0,Приволжский,Кировская обл.,муниципальный район,19810,False
Урицкий муниципальный район,2,0,Центральный,Орловская обл.,муниципальный район,17312,False
Урмарский муниципальный округ,1,0,Приволжский,Чувашская респ.,муниципальный округ,20427,False
Урупский муниципальный район,0,1,Северо-Кавказский,Карачаево-Черкесская Республика,муниципальный район,24282,False
Усвятский муниципальный район,4,1,Северо-Западный,Псковская обл.,муниципальный район,4747,False
Усманский муниципальный район,9,1,Центральный,Липецкая обл.,муниципальный район,49307,False
Усольский муниципальный район,4,1,Сибирский,Иркутская обл.,муниципальный район,48406,False
Усть-Абаканский муниципальный район,7,2,Сибирский,респ. Хакасия,муниципальный район,47052,False
Усть-Алданский муниципальный район,3,3,Дальневосточный,респ. Саха (Якутия),муниципальный район,22249,False
Усть-Большерецкий муниципальный район,3,3,Дальневосточный,Камчатский край,муниципальный район,6185,False
Усть-Джегутинский муниципальный район,0,2,Северо-Кавказский,Карачаево-Черкесская Республика,муниципальный район,50777,False
Усть-Илимский муниципальный район,4,2,Сибирский,Иркутская обл.,муниципальный район,13031,False
Усть-Ишимский муниципальный район,0,2,Сибирский,Омская обл.,муниципальный район,9400,False
Усть-Калманский муниципальный район,10,1,Сибирский,Алтайский край,муниципальный район,10944,False
Усть-Камчатский муниципальный район,7,3,Дальневосточный,Камчатский край,муниципальный район,8744,False
Усть-Канский муниципальный район,0,3,Сибирский,респ. Алтай,муниципальный район,14297,False
Усть-Коксинский муниципальный район,0,2,Сибирский,респ. Алтай,муниципальный район,15691,False
Усть-Кубинский муниципальный округ,2,0,Северо-Западный,Вологодская обл.,муниципальный округ,7373,False
Усть-Кутский муниципальный район,7,2,Сибирский,Иркутская обл.,муниципальный район,42502,False
Усть-Майский муниципальный район,3,3,Дальневосточный,респ. Саха (Якутия),муниципальный район,7159,False
Усть-Пристанский муниципальный район,10,1,Сибирский,Алтайский край,муниципальный район,9282,False
Усть-Таркский муниципальный район,2,0,Сибирский,Новосибирская обл.,муниципальный район,10803,False
Усть-Удинский муниципальный район,0,1,Сибирский,Иркутская обл.,муниципальный район,13343,False
Усть-Янский муниципальный район,3,3,Дальневосточный,респ. Саха (Якутия),муниципальный район,6809,False
Устьянский муниципальный округ,6,1,Северо-Западный,Архангельская обл.,муниципальный округ,23609,False
Устюженский муниципальный округ,4,1,Северо-Западный,Вологодская обл.,муниципальный округ,15333,False
Уфимский муниципальный район,7,2,Приволжский,респ. Башкортостан,муниципальный район,114453,False
Ухоловский муниципальный район,0,1,Центральный,Рязанская обл.,муниципальный район,8264,False
Учалинский муниципальный район,7,2,Приволжский,респ. Башкортостан,муниципальный район,69195,False
Уярский муниципальный район,9,1,Сибирский,Красноярский край,муниципальный район,18047,False
Ферзиковский муниципальный район,7,2,Центральный,Калужская обл.,муниципальный район,17806,False
Фурмановский муниципальный район,5,1,Центральный,Ивановская обл.,муниципальный район,33904,False
Хабаровский муниципальный район,7,2,Дальневосточный,Хабаровский край,муниципальный район,82008,False
Хабарский муниципальный район,10,1,Сибирский,Алтайский край,муниципальный район,12392,False
Хабезский муниципальный район,0,2,Северо-Кавказский,Карачаево-Черкесская Республика,муниципальный район,30929,False
Хайбуллинский муниципальный район,9,1,Приволжский,респ. Башкортостан,муниципальный район,29895,False
Хангаласский муниципальный район,3,3,Дальневосточный,респ. Саха (Якутия),муниципальный район,34435,False
Ханкайский муниципальный округ,9,1,Дальневосточный,Приморский край,муниципальный округ,17419,False
Ханты-Мансийский муниципальный район,6,2,Уральский,Тюменская обл.,муниципальный район,18866,False
Харабалинский муниципальный район,8,1,Южный,Астраханская обл.,муниципальный район,39706,False
Харовский муниципальный округ,2,0,Северо-Западный,Вологодская обл.,муниципальный округ,12976,False
Хасанский муниципальный округ,9,2,Дальневосточный,Приморский край,муниципальный округ,24798,False
Хвалынский муниципальный район,8,1,Приволжский,Саратовская обл.,муниципальный район,20954,False
Хвастовичский муниципальный район,2,0,Центральный,Калужская обл.,муниципальный район,9675,False
Хворостянский муниципальный район,9,1,Приволжский,Самарская обл.,муниципальный район,15910,False
Хилокский муниципальный район,3,1,Дальневосточный,Забайкальский край,муниципальный район,25060,False
Хиславичский муниципальный район,2,0,Центральный,Смоленская обл.,муниципальный район,6535,False
Хлевенский муниципальный район,5,1,Центральный,Липецкая обл.,муниципальный район,18518,False
Холм-Жирковский муниципальный район,7,2,Центральный,Смоленская обл.,муниципальный район,7916,False
Холмогорский муниципальный округ,2,0,Северо-Западный,Архангельская обл.,муниципальный округ,18445,False
Холмский муниципальный район,2,0,Северо-Западный,Новгородская обл.,муниципальный район,4724,False
Хорольский муниципальный округ,3,0,Дальневосточный,Приморский край,муниципальный округ,24807,False
Хотынецкий муниципальный район,4,0,Центральный,Орловская обл.,муниципальный район,7911,False
Целинный муниципальный округ,1,0,Уральский,Курганская обл.,муниципальный округ,12006,False
Цивильский муниципальный округ,4,1,Приволжский,Чувашская респ.,муниципальный округ,31328,False
Чагодощенский муниципальный округ,6,1,Северо-Западный,Вологодская обл.,муниципальный округ,11110,False
Чаинский муниципальный район,6,1,Сибирский,Томская обл.,муниципальный район,11674,False
Чамзинский муниципальный район,9,1,Приволжский,респ. Мордовия,муниципальный район,28600,False
Чановский муниципальный район,0,1,Сибирский,Новосибирская обл.,муниципальный район,20576,False
Чаплыгинский муниципальный район,8,1,Центральный,Липецкая обл.,муниципальный район,30120,False
Частоозерский муниципальный округ,1,0,Уральский,Курганская обл.,муниципальный округ,4662,False
Чебаркульский муниципальный район,0,2,Уральский,Челябинская обл.,муниципальный район,28704,False
Чебоксарский муниципальный округ,7,2,Приволжский,Чувашская респ.,муниципальный округ,61599,False
Чебулинский муниципальный округ,0,2,Сибирский,Кемеровская обл.,муниципальный округ,13270,False
Чеди-Хольский муниципальный район,0,2,Сибирский,респ. Тыва,муниципальный район,7670,False
Чекмагушевский муниципальный район,5,0,Приволжский,респ. Башкортостан,муниципальный район,27968,False
Челно-Вершинский муниципальный район,4,1,Приволжский,Самарская обл.,муниципальный район,14672,False
Чемальский муниципальный район,3,3,Сибирский,респ. Алтай,муниципальный район,10394,False
Чердаклинский муниципальный район,9,1,Приволжский,Ульяновская обл.,муниципальный район,39311,False
Черемховский муниципальный район,7,1,Сибирский,Иркутская обл.,муниципальный район,28339,False
Черемшанский муниципальный район,5,0,Приволжский,респ. Татарстан,муниципальный район,17962,False
Черепановский муниципальный район,9,1,Сибирский,Новосибирская обл.,муниципальный район,49264,False
Череповецкий муниципальный район,7,2,Северо-Западный,Вологодская обл.,муниципальный район,39222,False
Черлакский муниципальный район,5,1,Сибирский,Омская обл.,муниципальный район,25357,False
Черноярский муниципальный район,1,0,Южный,Астраханская обл.,муниципальный район,19408,False
Чернский муниципальный район,7,2,Центральный,Тульская обл.,муниципальный район,18375,False
Чернышевский муниципальный район,6,1,Дальневосточный,Забайкальский край,муниципальный район,29424,False
Чернышковский муниципальный район,0,1,Южный,Волгоградская обл.,муниципальный район,13146,False
Чесменский муниципальный район,9,1,Уральский,Челябинская обл.,муниципальный район,15412,False
Чистоозерный муниципальный район,0,1,Сибирский,Новосибирская обл.,муниципальный район,13966,False
Чистопольский муниципальный район,7,2,Приволжский,респ. Татарстан,муниципальный район,73850,False
Читинский муниципальный район,7,1,Дальневосточный,Забайкальский край,муниципальный район,71269,False
Чишминский муниципальный район,9,1,Приволжский,респ. Башкортостан,муниципальный район,50859,False
Чойский муниципальный район,0,1,Сибирский,респ. Алтай,муниципальный район,7471,False
Чугуевский муниципальный округ,3,1,Дальневосточный,Приморский край,муниципальный округ,21421,False
Чудовский муниципальный район,7,2,Северо-Западный,Новгородская обл.,муниципальный район,18546,False
Чулымский муниципальный район,8,1,Сибирский,Новосибирская обл.,муниципальный район,19204,False
Чунский муниципальный район,3,1,Сибирский,Иркутская обл.,муниципальный район,27029,False
Чурапчинский муниципальный район,3,3,Дальневосточный,респ. Саха (Якутия),муниципальный район,21955,False
Чухломский муниципальный район,9,1,Центральный,Костромская обл.,муниципальный район,7779,False
Чучковский муниципальный район,4,1,Центральный,Рязанская обл.,муниципальный район,6742,False
Шабалинский муниципальный район,5,1,Приволжский,Кировская обл.,муниципальный район,7388,False
Шаблыкинский муниципальный район,2,0,Центральный,Орловская обл.,муниципальный район,5916,False
Шарангский муниципальный округ,0,1,Приволжский,Нижегородская обл.,муниципальный округ,11401,False
Шаранский муниципальный район,5,0,Приволжский,респ. Башкортостан,муниципальный район,19000,False
Шарлыкский муниципальный район,5,0,Приволжский,Оренбургская обл.,муниципальный район,14948,False
Шарьинский муниципальный район,0,1,Центральный,Костромская обл.,муниципальный район,7264,False
Шатковский муниципальный округ,1,1,Приволжский,Нижегородская обл.,муниципальный округ,22759,False
Шатровский муниципальный округ,1,1,Уральский,Курганская обл.,муниципальный округ,13903,False
Шацкий муниципальный район,8,1,Центральный,Рязанская обл.,муниципальный район,20503,False
Шебалинский муниципальный район,0,1,Сибирский,респ. Алтай,муниципальный район,11975,False
Шегарский муниципальный район,2,0,Сибирский,Томская обл.,муниципальный район,19895,False
Шекснинский муниципальный район,2,1,Северо-Западный,Вологодская обл.,муниципальный район,29037,False
Шелаболихинский муниципальный район,10,1,Сибирский,Алтайский край,муниципальный район,10349,False
Шелеховский муниципальный район,7,2,Сибирский,Иркутская обл.,муниципальный район,64199,False
Шелопугинский муниципальный район,0,1,Дальневосточный,Забайкальский край,муниципальный район,5711,False
Шемуршинский муниципальный округ,1,0,Приволжский,Чувашская респ.,муниципальный округ,11611,False
Шенкурский муниципальный округ,6,0,Северо-Западный,Архангельская обл.,муниципальный округ,10681,False
Шенталинский муниципальный район,8,1,Приволжский,Самарская обл.,муниципальный район,12745,False
Шербакульский муниципальный район,1,1,Сибирский,Омская обл.,муниципальный район,18975,False
Шигонский муниципальный район,9,1,Приволжский,Самарская обл.,муниципальный район,19443,False
Шилкинский муниципальный район,6,1,Дальневосточный,Забайкальский край,муниципальный район,35585,False
Шиловский муниципальный район,1,0,Центральный,Рязанская обл.,муниципальный район,34695,False
Шимановский муниципальный округ,2,0,Дальневосточный,Амурская обл.,муниципальный округ,5092,False
Шимский муниципальный район,8,1,Северо-Западный,Новгородская обл.,муниципальный район,9125,False
Шипуновский муниципальный район,10,1,Сибирский,Алтайский край,муниципальный район,24524,False
Ширинский муниципальный район,0,1,Сибирский,респ. Хакасия,муниципальный район,24494,False
Шовгеновский муниципальный район,0,1,Южный,Республика Адыгея,муниципальный район,16262,False
Шпаковский муниципальный округ,7,2,Северо-Кавказский,Ставропольский край,муниципальный округ,166092,False
Шуйский муниципальный район,0,2,Центральный,Ивановская обл.,муниципальный район,19596,False
Шумячский муниципальный район,1,1,Центральный,Смоленская обл.,муниципальный район,8196,False
Шушенский муниципальный район,6,1,Сибирский,Красноярский край,муниципальный район,30328,False
Щекинский муниципальный район,7,2,Центральный,Тульская обл.,муниципальный район,103032,False
Щучанский муниципальный округ,9,1,Уральский,Курганская обл.,муниципальный округ,16168,False
Эвенкийский муниципальный район,3,3,Сибирский,Красноярский край,муниципальный район,13311,False
Энгельсский муниципальный район,7,2,Приволжский,Саратовская обл.,муниципальный район,306051,False
Эхирит-Булагатский муниципальный район,2,0,Сибирский,Иркутская обл.,муниципальный район,29498,False
Южский муниципальный район,8,1,Центральный,Ивановская обл.,муниципальный район,19284,False
Юргамышский муниципальный округ,2,0,Уральский,Курганская обл.,муниципальный округ,15832,False
Юргинский муниципальный район,3,0,Уральский,Тюменская обл.,муниципальный район,11138,False
Юринский муниципальный район,4,0,Приволжский,респ. Марий Эл,муниципальный район,6141,False
Юрьев-Польский муниципальный район,9,1,Центральный,Владимирская обл.,муниципальный район,31345,False
Юрьевецкий муниципальный район,9,1,Центральный,Ивановская обл.,муниципальный район,11727,False
Юрьянский муниципальный район,5,0,Приволжский,Кировская обл.,муниципальный район,16154,False
Юстинский муниципальный район,0,0,Южный,Республика Калмыкия,муниципальный район,8828,False
Ютазинский муниципальный район,5,0,Приволжский,респ. Татарстан,муниципальный район,19712,False
Юхновский муниципальный район,2,0,Центральный,Калужская обл.,муниципальный район,12709,False
Ядринский муниципальный округ,5,0,Приволжский,Чувашская респ.,муниципальный округ,22684,False
Яйский муниципальный округ,0,2,Сибирский,Кемеровская обл.,муниципальный округ,15662,False
Яльчикский муниципальный округ,1,0,Приволжский,Чувашская респ.,муниципальный округ,15257,False
Янаульский муниципальный район,4,1,Приволжский,респ. Башкортостан,муниципальный район,42880,False
Янтиковский муниципальный округ,4,0,Приволжский,Чувашская респ.,муниципальный округ,12239,False
Яранский муниципальный район,5,0,Приволжский,Кировская обл.,муниципальный район,19684,False
Ярковский муниципальный район,4,1,Уральский,Тюменская обл.,муниципальный район,23229,False
Ярославский муниципальный район,7,2,Центральный,Ярославская обл.,муниципальный район,70406,False
Ярцевский муниципальный район,9,2,Центральный,Смоленская обл.,муниципальный район,47353,False
Ясногорский муниципальный район,7,2,Центральный,Тульская обл.,муниципальный район,30491,False
Яшалтинский муниципальный район,0,0,Южный,Республика Калмыкия,муниципальный район,14353,False
Яшкинский муниципальный округ,0,2,Сибирский,Кемеровская обл.,муниципальный округ,26287,False
Яшкульский муниципальный район,4,0,Южный,Республика Калмыкия,муниципальный район,14859,False
городской округ Абдулинский,5,1,Приволжский,Оренбургская обл.,городской округ,23702,False
городской округ Богданович,7,2,Уральский,Свердловская обл.,городской округ,43705,False
городской округ Верхний Тагил,4,1,Уральский,Свердловская обл.,городской округ,11037,False
городской округ Верхняя Пышма,7,2,Уральский,Свердловская обл.,городской округ,88206,False
городской округ Верхняя Тура,7,1,Уральский,Свердловская обл.,городской округ,8465,False
городской округ Верхотурский,6,1,Уральский,Свердловская обл.,городской округ,13569,False
городской округ Воротынский,2,0,Приволжский,Нижегородская обл.,городской округ,13643,False
городской округ Гайский,2,0,Приволжский,Оренбургская обл.,городской округ,39585,False
городской округ Дегтярск,2,0,Уральский,Свердловская обл.,городской округ,15134,False
городской округ Жигулевск,7,2,Приволжский,Самарская обл.,городской округ,52957,False
городской округ Заречный,6,2,Уральский,Свердловская обл.,городской округ,31833,False
городской округ Карпинск,6,0,Уральский,Свердловская обл.,городской округ,27146,False
городской округ Краснотурьинск,6,2,Уральский,Свердловская обл.,городской округ,59269,False
городской округ Красноуральск,2,1,Уральский,Свердловская обл.,городской округ,22027,False
городской округ Красноуфимск,9,2,Уральский,Свердловская обл.,городской округ,37806,False
городской округ Кувандыкский,9,1,Приволжский,Оренбургская обл.,городской округ,40777,False
городской округ Навашинский,2,0,Приволжский,Нижегородская обл.,городской округ,20982,False
городской округ Нижняя Салда,6,1,Уральский,Свердловская обл.,городской округ,16403,False
городской округ Новокуйбышевск,7,2,Приволжский,Самарская обл.,городской округ,99247,False
городской округ Октябрьск,5,1,Приволжский,Самарская обл.,городской округ,20190,False
городской округ Отрадный,7,2,Приволжский,Самарская обл.,городской округ,46755,False
городской округ Пелым,4,2,Уральский,Свердловская обл.,городской округ,3450,False
городской округ Первоуральск,7,2,Уральский,Свердловская обл.,городской округ,131408,False
городской округ Перевозский,5,1,Приволжский,Нижегородская обл.,городской округ,16141,False
городской округ Ревда,7,2,Уральский,Свердловская обл.,городской округ,60758,False
городской округ Рефтинский,6,1,Уральский,Свердловская обл.,городской округ,15084,False
городской округ Семеновский,8,1,Приволжский,Нижегородская обл.,городской округ,45539,False
городской округ Сокольский,8,1,Приволжский,Нижегородская обл.,городской округ,10897,False
городской округ Соль-Илецкий,0,0,Приволжский,Оренбургская обл.,городской округ,45870,False
городской округ Сорочинский,9,1,Приволжский,Оренбургская обл.,городской округ,40343,False
городской округ Среднеуральск,3,0,Уральский,Свердловская обл.,городской округ,24894,False
городской округ Сухой Лог,6,2,Уральский,Свердловская обл.,городской округ,46570,False
городской округ Ясненский,2,0,Приволжский,Оренбургская обл.,городской округ,17951,False
городской округ город Агидель,5,0,Приволжский,респ. Башкортостан,городской округ,14002,False
городской округ город Алатырь,9,1,Приволжский,Чувашская респ.,городской округ,31550,False
городской округ город Арзамас,7,2,Приволжский,Нижегородская обл.,городской округ,145443,False
городской округ город Бор,7,2,Приволжский,Нижегородская обл.,городской округ,117831,False
городской округ город Бугуруслан,7,2,Приволжский,Оренбургская обл.,городской округ,43072,False
городской округ город Бузулук,7,2,Приволжский,Оренбургская обл.,городской округ,88419,False
городской округ город Волжск,4,1,Приволжский,респ. Марий Эл,городской округ,52164,False
городской округ город Воткинск,7,2,Приволжский,Удмуртская респ.,городской округ,96646,False
городской округ город Выкса,7,2,Приволжский,Нижегородская обл.,городской округ,72979,False
городской округ город Вятские Поляны,9,1,Приволжский,Кировская обл.,городской округ,29227,False
городской округ город Глазов,7,2,Приволжский,Удмуртская респ.,городской округ,86996,False
городской округ город Дзержинск,7,2,Приволжский,Нижегородская обл.,городской округ,226691,False
городской округ город Ижевск,7,2,Приволжский,Удмуртская респ.,городской округ,620591,False
городской округ город Йошкар-Ола,9,2,Приволжский,респ. Марий Эл,городской округ,294128,False
городской округ город Казань,7,2,Приволжский,респ. Татарстан,городской округ,1314685,False
городской округ город Канаш,9,1,Приволжский,Чувашская респ.,городской округ,44257,False
городской округ город Киров,7,2,Приволжский,Кировская обл.,городской округ,496941,False
городской округ город Кирово-Чепецк,6,2,Приволжский,Кировская обл.,городской округ,65262,False
городской округ город Котельнич,5,1,Приволжский,Кировская обл.,городской округ,19631,False
городской округ город Кулебаки,9,1,Приволжский,Нижегородская обл.,городской округ,45413,False
городской округ город Кумертау,7,2,Приволжский,респ. Башкортостан,городской округ,61699,False
городской округ город Медногорск,9,1,Приволжский,Оренбургская обл.,городской округ,24531,False
городской округ город Можга,9,2,Приволжский,Удмуртская респ.,городской округ,44038,False
городской округ город Набережные Челны,7,2,Приволжский,респ. Татарстан,городской округ,545750,False
городской округ город Нефтекамск,7,2,Приволжский,респ. Башкортостан,городской округ,144006,False
городской округ город Нижний Новгород,7,2,Приволжский,Нижегородская обл.,городской округ,1237128,False
городской округ город Новотроицк,7,2,Приволжский,Оренбургская обл.,городской округ,79946,False
городской округ город Новочебоксарск,7,2,Приволжский,Чувашская респ.,городской округ,120425,False
городской округ город Октябрьский,7,2,Приволжский,респ. Башкортостан,городской округ,116282,False
городской округ город Первомайск,5,1,Приволжский,Нижегородская обл.,городской округ,17309,False
городской округ город Салават,7,2,Приволжский,респ. Башкортостан,городской округ,147296,False
городской округ город Сарапул,7,2,Приволжский,Удмуртская респ.,городской округ,90260,False
городской округ город Саратов,7,2,Приволжский,Саратовская обл.,городской округ,942315,False
городской округ город Сибай,7,2,Приволжский,респ. Башкортостан,городской округ,56930,False
городской округ город Слободской,9,1,Приволжский,Кировская обл.,городской округ,28908,False
городской округ город Стерлитамак,7,2,Приволжский,респ. Башкортостан,городской округ,279174,False
городской округ город Уфа,7,2,Приволжский,респ. Башкортостан,городской округ,1180979,False
городской округ город Чебоксары,7,2,Приволжский,Чувашская респ.,городской округ,506351,False
городской округ город Чкаловск,6,1,Приволжский,Нижегородская обл.,городской округ,19249,False
городской округ город Шахунья,9,1,Приволжский,Нижегородская обл.,городской округ,29014,False
городской округ город Шиханы,0,2,Приволжский,Саратовская обл.,городской округ,4958,False
городской округ город Шумерля,8,1,Приволжский,Чувашская респ.,городской округ,26321,False
