mo,s01,s02,s03,s04,s05,s06,s07,s08,s09,s10,s11,s12
Абазинский муниципальный район,0.024403876636864705,-0.027413926753890275,-0.0648768642087498,-0.03558232676609069,-0.052135684664783084,0.029449220625050253,-0.005616324536756763,0.04229832960937079,0.07404324210675546,0.04219790065699362,-0.017321359526392487,-0.009446083178371763
Абанский муниципальный район,-0.03590714736906608,0.023464113113259764,0.0327247746355288,0.008913826687250345,-0.0014976911380182615,0.0019731209878779124,0.006539181691118839,-0.01620497147611258,-0.031158994256260716,0.0023062811102842477,-0.014755941154607934,0.023603447168745656
Абатский муниципальный район,-0.006333958178777058,-0.00836160795252632,-0.008108884025103456,-0.014850645949225123,0.011606722541512337,0.013437645762665441,0.010841458754158723,0.026765529017290342,-0.03370223845276496,0.027664304332665687,-0.025295742719031396,0.006337416869135786
Абзелиловский муниципальный район,0.059125160609595856,0.038395342726107964,0.03574588981831525,0.003936049678264664,-0.0032257239903176506,0.0017178924739585724,-0.04302301569807655,-0.026368744602356248,-0.026013317316556525,-0.04119906902960787,-0.009488874785866188,0.010398410116538742
Абыйский муниципальный район,-0.1061798220383492,-0.038966270772649095,-0.035657290891426316,-0.044640412878658886,-0.11125419701214613,0.05416997120615964,0.15147201584673964,0.12303853841176919,0.048801191402542465,0.025404627912090715,-0.06664125093177424,0.0004528997457022149
Агинский муниципальный район,-0.043518869592050445,-0.02190228105113208,-0.04602740088255898,-0.04185360577824937,-0.020695713895464842,-0.012901506964525822,0.061998711608686016,0.039888248736153466,0.028902645073388057,0.01362088484316128,0.012468030484431783,0.03002085741816094
Агрызский муниципальный район,0.041917349423891505,0.010955782334201723,-0.004912875860285368,0.003616550238277092,-0.026271083978545093,-0.023645597225990758,-0.03594351861577539,-0.001990205135970707,0.009733720002913358,0.03018244189470465,0.016094148427680987,-0.019736711505102
Адамовский муниципальный район,0.04018024023678142,0.043458656941051804,0.025217832442784582,0.01942224071155454,-0.008814693309605891,-0.007559027868132645,-0.025579552891547362,-0.03180178299196337,-0.03769290370791876,-0.016969296136748052,-0.011251372814797687,0.011389659388541428
Азнакаевский муниципальный район,0.07784990648798304,0.029694131119299805,0.02494482842832879,0.011625367306477095,-0.0027704375271734825,-0.04267088729077323,-0.026335700881356474,-0.008317447794523345,-0.010550783315122408,0.0017896434317023835,-0.010722952913075484,-0.04453566705176668
Азовский немецкий национальный муниципальный район,-0.012516381235623751,0.04021112941176221,0.015102071907979775,-0.021187314644839948,-0.026221316829610545,0.006127715684778207,-0.009151507445962607,0.028519263759554297,-0.02544822441869271,0.013042076332172985,-0.015765720302504567,0.0072882077809866466
Акбулакский муниципальный район,-0.022290260217635742,-0.007784454007658417,0.03682744043138999,0.023980787502439,-0.005384859518312452,-0.023635671913020885,-0.02283419381119908,0.01904115026127872,0.009265290209528204,0.01425341449992978,0.00036068106597560525,-0.021799324502714722
Аксубаевский муниципальный район,0.04850905068754701,0.029113824725287195,0.006999660731299614,-0.02302598601466234,0.011512039066011443,-0.016055851900546418,-0.011473448816406155,0.025928372622499092,-0.007706897953846655,-0.02187699903821523,0.011708747805149146,-0.05363251191411669
Актанышский муниципальный район,0.04747685456100587,0.013526246139468156,-0.010456270116750082,-0.006932745659053604,-0.0008845006152630418,0.05208801983326274,-0.004496810390387816,-0.007465038631998221,0.0027813472450854988,-0.010307101401386097,-0.011492888939894561,-0.06383711202408884
Алагирский муниципальный район,0.012309461324114958,-0.0625974195026666,-0.029714597807041235,-0.003227596628374678,-0.03513189593696477,-0.031836432742517816,0.03670872885547901,0.003762519338145068,0.03878216175477284,0.010822759853739553,0.03443656807967398,0.025685743411639712
Аларский муниципальный район,-0.02676142765134819,-0.01859060992336101,-0.023804119406938655,-0.013157486494730475,0.003517400552021986,0.018975210711885092,0.04916299350396826,-0.00035204064961360214,-0.013216389250375743,-0.029901559588726284,-0.015326230398129213,0.06945425859534785
Алданский муниципальный район,-0.04648313276006911,-0.05511398488992264,-0.03345787389301415,-0.012951037975475347,-0.012141668414023452,0.05474706368355419,0.05786289207325068,0.06373927070574281,0.02608039634669854,-0.013746661340731388,-0.028444197161345948,-9.106637466423095e-05
Александро-Невский муниципальный район,0.00793361582802448,0.016599590253084072,0.008212274184737741,0.0092970089843498,-0.002920121431219674,-0.029013367759114846,-0.048265926404470263,-0.0484800264552108,-0.0005309702558632832,0.030664596854058934,0.023682768430683267,0.03282055777094057
Александрово-Гайский муниципальный район,-0.0004177647945329283,-0.0031073376223717175,0.008675754798397984,0.02955302526435366,-0.017507703773213024,0.02393190375785529,-0.013596154333721865,0.029143169296795002,0.03441919631353233,-0.04739724649539515,-0.013090590983015927,-0.030606251428683645
Аликовский муниципальный округ,0.024173789448121055,0.020854772031775645,-0.023078116343334426,-0.04159857002899724,0.049099451929769986,-0.004166098608139968,0.0629895709684691,-0.0141075323272123,-0.03321992387183535,-0.03685018773939345,-0.0056646349786141454,0.001567479519391085
Алькеевский муниципальный район,0.043649484303164586,0.011213274891111832,0.02467151707977014,-0.034191853764089335,0.009365422651614844,-0.010559694948228698,-0.026815623912176543,0.013535883799578822,-0.004195751649436029,0.004405353282140622,-0.010072703572924627,-0.021005308160525607
Альменевский муниципальный округ,-0.007850801762773177,0.022861645360758517,0.0018080412785031002,0.02597271580516431,0.017324421644515715,-0.01684103010863875,-0.01661227497232349,0.03215579859685844,-0.005994813611263749,-0.01380758214744358,-0.043741217594767276,0.004725097511409954
Альметьевский муниципальный район,0.03911526481305352,-0.023410092127971942,-0.017090592806959626,0.007991384349238038,0.001903828046690743,-0.014985431033034177,-0.012981731443808483,0.010402590285289844,0.016623109498178225,0.015737545165337773,0.008579129200891142,-0.03188500394690505
Альшеевский муниципальный район,0.03558993071679312,0.015736264501240334,0.021148976492947037,-0.0025737574994831695,0.008139234916671668,-0.021003687761378523,-0.014835485610345566,0.0016780758572843557,-0.017279999807350246,-0.008578548755179695,-0.0046248079493331614,-0.01339619510186614
Амгинский муниципальный район,-0.1241109808192817,-0.06520245067883207,-0.04290594185009924,-0.039122965671791785,-0.06641062589506165,0.09392334069296916,0.0409604268086935,0.13185831188161168,0.01439599169615272,0.010642203068543691,-0.045525266497499314,0.09149795726459499
Амурский муниципальный район,0.041213440485150035,0.017745339222289897,0.013022034168329612,0.018403429099788385,0.0028432375487120465,-0.01205388247092186,-0.027032490898768063,-0.01714917927987547,-0.007045318968458917,-0.017702567318664507,-0.011368574524217457,-0.0008754670633636975
Анабарский национальный (долгано-эвенкийский) муниципальный район,-0.09941077059272188,-6.632921868595515e-05,-0.054579596868931005,-0.10050602692840566,-0.06055530170092813,0.08595527472934283,0.10952910058749082,0.05771991505701243,0.07863313490932972,0.01682536972903112,-0.11238769541010192,0.07884292570756758
Анадырский муниципальный район,-0.11767955345664602,-0.1309328605408563,-0.08769105485451256,-0.03173474476618106,-0.004442220048888626,0.06417198460304652,0.17952218553864685,0.13634300341488986,0.09071890555667719,0.007248091140789682,-0.07236044912197369,-0.033163287464991864
Андроповский муниципальный округ,0.0006592040209439896,-0.001411719529152357,-0.0019147096762835141,0.006547564460441385,-0.010337855334463235,-0.012694319224524266,-0.019829096894170645,0.0042129644021395235,0.0008653245816376648,-0.0047148215541403665,0.01621163175658508,0.022405832990986748
Антроповский муниципальный район,-0.04187896567988751,0.0035570843547079144,-0.03590696835806131,-0.004050505411988627,-0.04001067482255552,-0.030266483823459683,-0.000619691026666723,0.0012367900174336637,0.03612034490015076,0.04467149691271638,0.027281382265559713,0.03986619067205093
Анучинский муниципальный округ,-0.0018956121415406244,0.004742805825984516,-0.044819359035317835,-0.002518279486422236,-0.00891850988769036,-0.032214542874499486,-0.05293042581161137,-0.024405353051274007,0.05254628985514402,0.0454417012281746,0.028593611759554067,0.036377673619498715
Апанасенковский муниципальный округ,0.002803381541258757,-0.02606783632327298,-0.0052019664031937324,-0.010675933391436777,-0.014990089376623652,-0.016837433704469967,-0.017866195673401673,0.03749602537761155,0.015087165503175081,0.006583422256833599,0.014326067732794276,0.01534339246072552
Апастовский муниципальный район,0.04281296385685514,0.033824170422100674,0.019682284040881307,-0.022068777679579002,-0.02090566295173388,-0.016736961325642404,-0.01054730537088066,0.01890643610224248,-0.038728153071340414,-0.008573392986362678,0.03883448240887348,-0.03650008344541404
Аргаяшский муниципальный район,0.008972691419267122,0.008074058891313067,0.008655287295260529,-0.0009805764490409962,0.011017639509396708,-0.010033917664173,-0.020704724752267575,0.0027835182398381186,-0.01863522827784689,0.013600132461749315,0.00014055997570369412,-0.0028894406492000905
Ардатовский муниципальный округ,0.0009649606724542979,0.025636413225004366,0.013589028295159386,0.024127594798809347,0.0031613420021268717,0.02813027456666239,0.01845041345426412,-0.01663950533930763,-0.011451620739431076,-0.032183736466990555,-0.029381271986192507,-0.024403892482559007
Ардатовский муниципальный район,-0.005554635535577095,0.04242407330962239,0.014242131101705557,-0.015927282492371214,9.160770648923935e-05,-0.016039501733107107,-0.03728485327412934,-0.022115046157231963,0.014213387722587584,-0.029002417588581915,0.03911470508680909,0.015837831853784776
Ардонский муниципальный район,-0.03024923051752923,-0.07864846541425816,-0.06900877879610072,-0.023364263788757396,-0.06357075152902586,0.03886006722493085,0.021553810306715347,0.01314231111213183,0.05852538864162912,0.07377993452993904,0.0200051827218813,0.03897479550844388
Арзгирский муниципальный округ,0.039848850904775135,0.019151220998012593,-0.015532854136101143,0.011794126166234403,-0.04607861185593954,-0.045824268724844686,-0.0027332565188641546,0.025044716086440714,0.003860840262848537,-0.021795528179174923,-0.006133543753635182,0.038398308750248245
Аркадакский муниципальный район,-0.02568083116823039,0.00352291459204105,0.004310280240881186,0.014006585557443605,0.007439273822817711,0.010634263668682448,-0.028622320944389927,-0.007355975532964231,-0.004170729397242235,-0.011068566407267243,0.016782766481634365,0.02020233908659366
Армизонский муниципальный район,-0.02438807248242069,-0.05444264111567231,0.012370103744268003,0.007837831955800225,0.010240786028354387,-0.0017373619693968308,0.01211524348432388,0.0007088144514255717,-0.040688284369586374,0.02569099097196339,0.016209475464552096,0.03608311383638865
Аромашевский муниципальный район,-0.010610072535999432,-0.008599707338553138,-0.0009682324778765893,0.020829649649722615,0.01202431008324618,0.009360166102613617,0.017798792670159408,-0.019833769661340064,-0.036484725798638144,0.043160954621779414,-0.016274705323068888,-0.010402659992044976
Арсеньевский муниципальный район,0.012006630991535415,0.03688965382634935,-0.018420278559306794,-0.03461255795108789,-0.02948576227522438,-0.028181443354194223,0.008183288182992826,0.005832413173318367,0.001840060610417435,0.008824884478271395,0.019701107868087868,0.017422003008840628
Арский муниципальный район,0.06432979406998171,0.030333007429684134,0.021419051459204076,-0.009226101734502144,-0.01200106106859821,-0.023535837044295262,-0.013035693219155294,-0.011022129472408241,-0.010239702766653716,-0.026444577487778502,0.010380842225902714,-0.02095759239138125
Архангельский муниципальный район,0.05571889119557818,0.03779678298846439,0.05726220035929333,0.016801046669319232,0.018461744848992646,-0.004583118018332905,-0.00425415419488373,-0.018764832628069272,-0.022279100203865438,-0.05986678870217464,-0.0625430671025948,-0.013749605211726981
Архаринский муниципальный округ,-0.05108025333876189,-0.007431329455745891,0.00831805828637967,0.004209868387975177,0.01833454835658048,0.018245562042183888,0.010408449037914113,0.01687504428095134,0.014083409862325588,-0.010899093159665616,-0.03280715618539444,0.011742891885257584
Асекеевский муниципальный район,0.05344700126226874,0.03524629196930955,0.029967314193438573,0.05145594044856024,0.0077850156537416434,-0.01681815925324808,-0.033724390434411264,-0.05641945646090229,-0.04879822118066897,-0.020030914554451423,-0.00547514948954482,0.003364727845908088
Асиновский муниципальный район,-0.03102458665990364,-0.009696226345476747,0.009126240423522043,-0.003926628812230585,0.02043905717423851,0.019764889806633483,0.03412783316470278,0.010234255814535983,0.004719403385172806,-0.019355733661189634,-0.023125805312662978,-0.011282698977342034
Аскинский муниципальный район,-0.005708931012390996,-0.030223957424034942,-0.0009550902191443177,0.014738845558541437,0.0020517804695023133,-0.007226667028328144,0.0333048682573553,0.017445520444463625,0.011521355378244485,-0.020450902891592265,0.002726133964534795,-0.01722295549715128
Аткарский муниципальный район,0.0009945596745638966,0.012910895861441545,0.0006598453620802627,-0.00499656002204795,-0.005410406747919713,-0.0010308867477620612,-0.01634568344960983,0.00852645030518864,0.015918875305852835,-0.018913905988796456,-0.001813619192675339,0.009500435639684168
Атнинский муниципальный район,0.11959562571984458,0.0746175748587678,0.019077314636574708,-0.012483959842206543,0.018310410242764835,0.026725360079876786,-0.04137672312461631,-0.05978146050592576,-0.026570655983690232,-0.06573874594872242,0.0015348844095203588,-0.053909624542187826
Атюрьевский муниципальный район,0.007180710592712771,0.012056251468116475,-0.011413969749429433,0.033262353855428334,0.01516537187500994,0.028417753500687485,0.009262412989214912,-0.05680217452174639,-0.010059896190044415,-0.0022201341568949583,0.016162792583660584,-0.04101147224671531
Атяшевский муниципальный район,-0.015376917488773057,0.015927867959092262,0.0186405568833064,0.032796172799840484,-0.001904200065896234,-0.025752444744940733,0.027250964546743466,-0.018322292441348153,0.012449251837124241,-0.00966128702905401,-0.014243837087887519,-0.021803835168207143
Аургазинский муниципальный район,0.05628043659325398,0.02502038080350514,0.0329584037690339,0.01104025896922086,-0.004289678165589825,0.012423664807519311,0.019087416715718106,0.0017119767605693371,-0.027308117983514922,-0.03320567407621275,-0.02743636415717629,-0.06628270403632683
Ахтубинский муниципальный район,-0.013682328276555739,0.021052087896920042,0.012473910224782933,0.011241488753129338,-0.01937384932667369,-0.03396446272648532,-0.02933209630420052,-0.008416466237859332,-0.000768758946720073,-0.011340116939892307,0.011537515302653678,0.060573076580900984
Ашинский муниципальный район,0.005339558674474322,-0.010799319563611146,0.018606307477262225,0.008199425992675181,0.01664146916840112,-0.014954801284635923,-0.006533660718108177,0.0009548792702211493,-0.002497557567703831,-0.00029687249535789175,-4.994833497771534e-05,-0.01460948061863931
Бабаевский муниципальный округ,0.030721657573254346,0.02218588070011692,0.03384452035519073,0.026563183560307572,0.01000084822431997,-0.0009986336518711721,-0.032057186538325566,-0.018876913199709362,-0.03815155752282248,-0.01560081811572769,0.0039697973255934365,-0.0216007787103267
Бабушкинский муниципальный округ,-3.12923788966836e-05,0.0035071413354918132,0.011264412534498653,0.0039057314622189766,0.04468602013119535,0.01920232739870473,-0.006283111141420373,-0.006617039683772377,-0.024821918728752418,-0.012542821852958623,-0.023047721017428,-0.009221728058881055
Бабынинский муниципальный район,0.061188837989478134,0.06887382168741382,0.06331559707294931,0.0007575714311644777,0.004736576259954359,-0.023215070549096238,-0.04128087870508021,-0.05448523158271311,-0.00976816268334751,-0.051930559492352084,-0.008270008681551614,-0.009922492746819328
Бавлинский муниципальный район,0.06846780102625566,0.0361453897055096,0.024215696331878776,0.04382180072144818,0.02773799832030875,-0.01247564930680371,-0.006116178223676813,-0.00365958405482715,-0.028824304065825763,-0.06473198873581662,-0.027208150889993513,-0.05737283082845743
Баганский муниципальный район,-0.006406752243817853,-0.024037526100094124,-0.03360337566495453,0.0039053583640927944,-0.010616244351796034,0.009245946132713845,0.02010906760736705,0.008280756238788734,-0.001939361115415162,-0.003565395876013799,0.005540966244714451,0.03308656076441462
Баевский муниципальный район,-0.029728942806374406,-0.015723355328174378,-0.03137693713872167,0.0277908301941769,-0.007338398090712709,0.01381946285243887,0.033297263599485954,0.03539466600591104,0.009286176112379757,-0.04043445190263025,-0.003190505830275848,0.008204192332496741
Базарно-Карабулакский муниципальный район,0.0018728660719004708,0.03413762391478481,-0.007681268105693154,0.0012998443017000622,-0.005328502898398806,-0.0007110432704784165,-0.010350472988940844,-0.017281531948743788,0.01045548063646755,-0.008887963375362407,0.0005347132682897522,0.0019402543944747662
Базарносызганский муниципальный район,-0.03032656077422385,0.014561710868837504,-0.009690183178128217,0.011435467962413893,-0.027760110623750195,-0.006829830018081696,0.01262723409085797,0.005195489374985578,0.0009802458238807737,0.011813947233595053,-0.013086779908432024,0.03107936914804521
Бай-Тайгинский муниципальный район,-0.10440671702534751,-0.04245031023068313,-0.04763360640083874,-0.07240917367569764,-0.024921040501605735,0.039600420642823944,0.09096916469624118,0.13076279239765967,0.06355103062912518,-0.0068726952586565925,-0.07335155663642459,0.047161691363403965
Байкаловский муниципальный район,0.006843936302583006,0.013190235975223473,0.01214486575401944,0.025004606013147246,0.0012235940228147533,-0.0002960517042843421,0.022867477919388247,0.0033755099916235693,-0.016553771514823047,-0.016721608239611115,-0.03363896567418729,-0.017439828845893943
Баймакский муниципальный район,0.009690391435717172,-0.022067861497117133,-0.022393727425327106,-0.004022052011008488,-0.0112723732877388,0.01495453285328968,0.00041139873213063985,0.03167433819552224,-0.010208905702902893,0.005406053956798601,0.01312798504350086,-0.0052997802928647746
Бакалинский муниципальный район,0.04063322319157896,0.033542554709134406,0.034249801766802965,0.021638028543610847,0.0011040856595691574,-0.003302307305704223,-0.0034512308399351713,-0.010265253294906074,-0.031661477288738915,-0.02746409583581879,-0.017995153752634236,-0.03702817555295891
Бакчарский муниципальный район,-0.01277105890416404,0.012399110053054354,-0.014488210520016932,0.005248822727652151,0.0002513212989153307,0.048912613634745035,0.021780145714340702,0.023219150155565714,-0.021243445393246258,-0.029591779740155928,-0.019040814333780052,-0.014675854692910082
Балаганский муниципальный район,-0.06188224259338412,0.004720993061263071,-0.044334243139285356,-0.03531674233638432,0.003385510419360388,0.015992215248791193,0.04057281942707272,-0.022498544347354956,-0.006040840749915489,0.030077445213539847,0.015592379675357867,0.05973125012093915
Балаковский муниципальный район,0.0066956118142948075,-0.018698742336232962,-0.009192787663995545,0.008294776160539346,0.007910797776224469,-0.008494867720869815,-0.011802030850904753,-0.004786297833597204,0.013671562828729068,0.002150083772010481,0.0018048219500277276,0.012447072103774381
Балахнинский муниципальный округ,-0.003676511928757318,-0.036064257527364904,-0.02544328098019509,0.0004161630873314474,0.003699342763559022,-0.0020287255823123965,-0.004366520640656509,0.007352087995310293,0.02733990670049453,0.02290189081700512,0.018428137675370958,-0.00855823237978515
Балахтинский муниципальный район,0.028654319340919394,0.03703109668610019,0.05166400012416098,0.02730847695644096,0.024391555623227458,0.03547964549302765,-0.005809799739467034,-0.020826770324666264,-0.050184604727811465,-0.034885534590005374,-0.057431959650572156,-0.0353904251913543
Балашовский муниципальный район,0.004631383462091314,-0.016277105250042306,-0.01076144275840593,-0.002024699348030373,-0.00470664626077163,-0.00835784071566012,-0.00045825183412913253,-0.00020307090549717092,0.012127742668823807,0.0015176432552539807,0.009562689810290115,0.014949597876077449
Балейский муниципальный район,-0.030349677678078026,-0.013251133996465506,-0.019788251049068353,-0.03925484221155655,0.023424939384850914,0.018286282582024138,0.007243850316571664,0.04395073977415017,-0.018018265950704458,0.02652696873364166,-0.024414040860716333,0.025643430955350672
Балтайский муниципальный район,-0.02044395834605782,-0.013681278273551957,-0.04095607545531567,0.009589957193455548,-0.005386168990954112,0.014438990442179868,-0.011470385027907742,0.00042506646812280873,0.0017316415397213847,0.05357449522770878,-0.009959388364103192,0.02213710358670208
Балтасинский муниципальный район,0.03827368236988076,0.02792988456959816,0.00543072707446385,-0.00011164410000901945,-0.010393205069199458,0.025192504813963436,0.005595098449424661,-0.01704882199244622,-0.017030637493639266,-0.015016054042521883,-0.012252276157824277,-0.030569258421690716
Балтачевский муниципальный район,0.00620866600123119,-0.0022145531005442684,0.03351486507402342,0.06537987369142947,0.05593125467952373,0.0007977246393673469,0.008412093865322153,-0.007666936059068396,-0.04689380719680135,-0.03286325396188847,-0.033843914326417195,-0.04676201330617762
Барабинский муниципальный район,-0.021159527263261754,-0.039393503894099624,-0.022597898059057722,-0.015528910800759986,-0.018332463804625783,0.01786180480298611,0.0220076041447535,0.029796211716425373,0.028942709290864597,0.0313090752662492,0.006007888000018569,-0.018912989399492486
Барун-Хемчикский муниципальный район,-0.06478879259933551,-0.01577277367745408,0.058003427154210196,-0.0054824757425156155,-0.05275600486149193,0.00014024010218069427,-0.01008787235494395,0.05543166649257794,0.008470843931101422,0.015871710591421867,-0.03975805369269244,0.050728084656941404
Барышский муниципальный район,0.0010323754025135896,-0.012003582344582557,-0.004400273802346856,-0.004684753481196183,-0.0021695500744569824,-0.0061245824383112536,-0.0005246353154368367,0.0040420522974813165,0.005411782229145182,0.007284327011826844,0.017707242350412298,-0.005570401835048568
Барятинский муниципальный район,0.03467487208635295,0.025716687999818695,-0.005951134412811296,-0.014623413653931099,0.034586191145438885,-0.020479340049630257,-0.029568285564940015,-0.018123128750165314,-0.031099078855961103,0.013173161195696028,-0.010499535915853219,0.022193004775985743
Батыревский муниципальный округ,0.06452185653294615,0.037622571654533796,-0.003666665446656319,0.002504256015092403,-0.011396917779822699,-0.011698075148214224,-0.011628243311954892,-0.021878268694277024,-0.004780694832023594,-0.021797546927002073,-0.007690615328238645,-0.010111656734382881
Башмаковский муниципальный район,0.007878979929141286,-0.00014048283180300315,-0.017713607715973273,-0.035200005198914926,0.006391353470422232,-0.008343078955129955,-0.026064396482394833,-0.0012163138680418063,0.010248143434171202,0.0328962282166182,0.03461037854557515,-0.003347198543670278
Баяндаевский муниципальный район,-0.04126673724307141,-0.0198933971618867,-0.023485220391544263,-0.07214339852271195,0.015286569453698804,0.010534452378509874,0.0015879842459394222,0.10166174902964291,0.0038707337503917794,0.0042071883833562085,0.009722830634546613,0.009917245443128732
Бежаницкий муниципальный район,-0.023021386992597304,-0.033537592607714425,-0.006873045496372445,-0.0017022082756109527,0.012680475356924657,0.005781361494051748,0.026985889315664598,0.005015656276323147,0.01113835342100132,0.004149263492400603,0.021751971134804718,-0.022368737118875666
Безенчукский муниципальный район,0.011687398312290988,-0.004206576410709312,0.0182014918495437,0.002223933529762727,0.007031078408117822,-0.00701156832583288,-0.013774018439475384,-0.004674252389723764,0.011167259416979929,-0.01006630237887839,-0.004803209306147287,-0.005775234265928152
Бейский муниципальный район,-0.0002358528030093239,-0.016402332469073445,-0.018839377662886802,-0.022700240645296917,0.007518004492225727,0.008336188556904808,0.010288112214680262,0.003250905298366708,0.001312613730735631,-0.009265988003313994,-0.0031289730729183026,0.03986694036358565
Бековский муниципальный район,0.0508457274485121,0.07998034793101198,0.036391989525030866,-0.015906736056701315,-0.04383341927638666,-0.044612637467320256,-0.012117506400412864,-0.03913811484306514,-0.01962278384325799,-0.013179893305360667,0.0243595251230225,-0.00316649883507256
Белебеевский муниципальный район,0.018826112772566284,-0.024546515634065142,0.0015839482987535245,0.016636186629040477,3.59314050284356e-05,-0.007678161583463093,0.0016775877368985191,0.0008045456877243027,0.0013180916442370057,-0.0002443590419871338,0.006080424354137997,-0.014493792268871177
Белевский муниципальный район,0.013508801766953897,-0.002903629927045502,0.009422022784230624,0.0023870355502918026,-0.013029424034444539,-0.03220784123312719,0.011961528923173486,-0.04862256045905808,0.005945267454883569,0.009580828154565246,0.028360379362889217,0.01559759165668747
Белинский муниципальный район,0.057646151348144804,0.03469958375607815,-0.001284775797699523,-0.014332023088652677,-0.02056018390125059,-0.0335909647272895,-0.05583768081629161,-0.06152712867204331,-0.021283404394120013,0.03276102518101673,0.030278649302381423,0.05303075180972613
Беловский муниципальный округ,-0.011479731891358431,-0.0027677290167852668,-0.0243873806531751,0.01252835262602246,-0.012543005458722412,0.0009054088157821223,0.0028342245295827307,0.043665595034009394,0.000929698512160824,0.0408850966411081,-0.0068309099007742,-0.04373961923785022
Белогорский муниципальный округ,-0.02635879772062966,-0.020866266013901985,-0.010802827625285177,0.01510346185273161,0.0017512094556638158,-0.00374714859283911,-0.0029630343896947945,-0.009826415563058697,0.007270875368340129,0.005985191432457007,-0.020465432189107558,0.06491918398532441
Белокатайский муниципальный район,0.030069032102299175,0.0029534606322272703,0.0313020913019791,0.0039018513779201236,-0.016728871454497956,-0.004275984823554948,0.001346834227789354,0.003116444078423256,-0.013667761704311526,-0.028438023608374385,-0.0063269246001432244,-0.003252147529756229
Беломорский муниципальный округ,-0.013323792556299006,0.003939090499586306,-0.00415272214582043,0.016659246625172583,0.041439629058027234,0.03423915063216075,0.005323656200084181,-0.0010621433460333142,-0.02052070744883655,-0.02070390891304116,-0.019774962861685088,-0.022062535743315504
Белорецкий муниципальный район,0.01082441074719081,-0.017626384886653104,-0.0015646055674498533,0.01575422873044415,-0.0012731348673743056,-0.0020682034083093705,-0.012625323700062545,0.005850977859460936,-0.0007913292498864346,0.003028259833080619,0.01168778720059777,-0.011196682691038675
Белохолуницкий муниципальный район,0.012496353380018307,0.014442188010461746,0.018031051232580343,0.021706170453250646,0.014611276678035743,-0.007944884050478792,-0.003562931610688021,-0.02610348660878618,-0.01716974403793066,-0.009729244900840666,0.004489220397305828,-0.0212659689429283
Белоярский муниципальный район,-0.007334542376484024,-0.020861516339715804,-0.013584574344447221,-0.054280375274003034,-0.005920687610734808,0.05801201517358174,0.08198898866409596,0.07001945779813715,0.027148177204751628,0.00588296590312335,-0.06934456512960094,-0.07172534366870398
Беляевский муниципальный район,0.050439298667864896,0.03166506535205613,0.027908537369162302,0.0273229385762457,0.02081533401730056,-0.007455626533765643,-0.02114680849847344,-0.03212695537678995,-0.048431053041267214,-0.020208883133815046,-0.003186307586804187,-0.02559553981171412
Бердюжский муниципальный район,0.012854676213167177,-0.02036284217866858,-0.03838842324809908,-0.008659083749526179,-0.010582507584013339,0.014657268684327799,-0.01115164370889053,0.010290204617334977,-0.020983950578007622,0.03447183519372476,0.01728060188407453,0.02057386445457609
Бессоновский муниципальный район,0.020508568516582844,0.011099787835106715,-0.0036343180861094066,-0.003928046271232052,-0.028572449281654436,-0.0353417940197795,-0.026927744643482153,-0.007438569558513912,0.02204912787250739,0.0148709315810272,0.046271850409572865,-0.008957344354025565
Бижбулякский муниципальный район,0.01106992852255452,0.013256118608575718,0.024208270434027554,0.024793296404644758,0.004840313564171306,-0.0038432391416635975,0.010337787011541517,0.016844417709967755,-0.026268337402993124,-0.011166651944185221,-0.03405966097164165,-0.030012242794999533
Бийский муниципальный район,-0.06135987217514236,-0.03987412935797675,-0.0627183792023599,-0.034882899537682144,0.008417829734261844,-0.00410220461996421,0.018358371638262747,0.05163549777565251,0.04464150247639079,0.033989513773066374,0.03752390456503457,0.008370864930456537
Бикинский муниципальный район,0.007082429089451496,0.00820184479863632,0.02188431444940236,-0.013087397197920934,0.007103281605938323,-0.009843058809976057,-0.0096940816331559,0.01995684953201018,0.026272634857290905,-0.04080850175101458,-0.03739400525864484,0.020325690317982724
Билибинский муниципальный район,-0.09140581588495109,-0.11531232417976978,-0.11174039172629965,-0.07131911072827775,-0.01575110359597187,0.05503494067747915,0.12115596885769399,0.1536034349270296,0.09964047271404852,0.0033102247926576987,-0.014422097194059718,-0.012794198659579117
Бирилюсский муниципальный район,0.06899567439697825,0.04963513136501625,0.027206095587512358,0.051840722533762124,-0.004000490606248977,0.016474613743807317,-0.013400448364209394,-0.0630781477772369,-0.049508617073118225,-0.025281164202932256,-0.048337914667387356,-0.010545454935943194
Биробиджанский муниципальный район,-0.0501936180319302,0.04287723405019865,-0.0028060671880364256,0.0057947383013676815,-0.049139519828460806,-0.08918595769620787,-0.026200003174987628,-0.038808526576723505,0.05132615931369073,0.020964209656454805,0.05132965454276418,0.08404169663187037
Бирский муниципальный район,0.020290158362783143,-0.033371364943001386,-0.011043471029218533,0.0042998457739613005,0.0014739935116858571,-0.02269697767793242,-0.008031989871887576,0.019189861150081748,0.013975923607043566,0.016960906499112346,0.007583101683799588,-0.00862998706642763
Благоварский муниципальный район,0.052272778821870466,0.026357040958135295,0.03725686915182931,0.00983256975306195,0.025778366545262135,0.010669410140189645,-0.021561197005855445,0.00357686529961535,-0.051055635186143415,-0.02405987450512924,-0.043115155518613904,-0.025952038454222143
Благовещенский муниципальный округ,-0.0010561517086328208,-0.01803629164266079,-0.03353365031544048,-0.011655451915122357,-0.00506888418659231,0.0021716960177082744,0.00625097481813329,0.01729143513788451,0.03145421900763885,0.010928651353171812,0.0012377466199631566,1.5706813948851992e-05
Богатовский муниципальный район,0.0017108551613947698,0.01156898258708819,0.018103878099462872,0.026806149319294703,0.005167360335533368,-0.025729898144894375,-0.015999470246239048,-0.016397919209188275,0.009633983451403825,-0.011800127826316783,-0.01645946698598275,0.013395673458443511
Богородицкий муниципальный район,0.0008228827460962096,-0.02232869094660481,-0.030436743697846425,-0.003233743369354479,-0.008031512461318785,-0.017326416343670614,-0.005117526092021101,-0.007413555512895187,0.02244620191959756,0.0320644193654479,0.026862522741183684,0.011692161651386042
Боградский муниципальный район,-0.06919627595628847,-0.0005719528394190973,0.019549923537008056,0.002322551218871805,-0.0052767260393611435,0.023629072985763284,0.03164575555210952,-0.02106143228178343,-0.022596353645575114,-0.03418430517389287,0.03623437324869485,0.03950536939387261
Богучанский муниципальный район,-0.04083601676399006,-0.01738503424362913,-0.01377214812016548,0.0009507070283453489,0.03215348146745397,0.03144617691170408,0.030166140187489553,0.039033906457744114,0.003735504220264121,-0.011164698751978563,-0.02290173913335268,-0.03142627925988527
Бокситогорский муниципальный район,0.038046195581431595,-0.01869184918451922,-0.0059694245398097655,0.007446305640230073,0.024898097820873877,0.009576807664034393,0.00047665935680705693,-0.0010008649850560287,-0.004366539274843514,-0.007626171628508253,-0.010524462200533732,-0.032264754250106484
Болотнинский муниципальный район,-0.028759739622162057,-0.018240134596039133,-0.03192313555731762,-0.003941368327563545,-0.027671852954069112,-0.006350790185555631,0.0008561906224641945,0.03298681436357676,0.02980497940318924,0.02272307735709247,0.012477657400022272,0.018038302096362147
Болховский муниципальный район,0.031655262695605646,0.03267077029280517,0.02817001556464671,0.005544601495490168,-0.02483341453379166,-0.04442964587336945,-0.05352414956517263,-0.007944643001830353,-0.009857097865782262,-0.0039873299785284505,0.008149782506385301,0.0383858482635418
Большеберезниковский муниципальный район,-0.0031236528063642577,0.016073497174670857,0.017548276868053752,0.023030594607145558,0.004825209867655661,-0.007483038020209983,0.04060884650526644,-0.028022019219997054,0.0070849223320677114,-0.004312325094607387,-0.008032425438627843,-0.05819788677505345
Большеболдинский муниципальный округ,-0.05747600411398464,-0.021602606585386954,-0.02436246471330659,-0.010719515629499953,-0.004229483983464021,0.01927486887845653,0.001783906808797921,-0.005119551840459185,0.04247235641877329,-0.013602077065885728,0.026244846621309742,0.0473357252046496
Большеглушицкий муниципальный район,0.009317411026994208,-0.024896818270923285,0.01110356289663114,-0.0011166783769474447,0.01312160381133259,-0.004012704284146325,-0.01932336114673369,-0.021373664461350764,0.012036466844464693,-0.00040841485041142385,0.0060480288979310876,0.01950456791315921
Большемурашкинский муниципальный округ,0.002783468810265099,0.02184743117280947,0.014559633765677295,0.013377883572093727,-0.00700515915309396,0.016194093946732446,-0.020053971165805675,-0.019693609199427326,-0.003859141042186474,-0.00971558285608536,-0.0063235652761906656,-0.002111482574788574
Большемуртинский муниципальный район,-0.00082679386088148,0.030891234794389454,0.008423038618367679,0.0024251620193747082,0.012025463786395928,0.04231633746183209,-0.004564015619463274,-0.026234507427665452,-0.02586099266449298,-0.0015300435230819675,-0.02071789111589953,-0.016346992468875176
Большереченский муниципальный район,-0.0005890469957702833,-0.008889437451782473,-0.010926197509149754,-0.0009698643118069309,0.029962866939523113,0.005339999769525504,0.0025861363217119255,-0.008788183737551247,0.028067720850973265,0.010401181238451691,-0.004088060437303107,-0.0421071146768217
Большесельский муниципальный район,0.02818880387589214,-0.0013991248553573352,0.04374129410792809,0.063806719214341,0.016545692208157284,-0.06417022311943835,-0.030091849737559052,-0.02772005721942249,-0.034808845275624604,-0.0017190597458949025,0.012051668592357014,-0.004425018045378793
Большеуковский муниципальный район,-0.014772764529996929,-0.04757029664810518,0.021587609387938817,0.07300273778390398,0.06953979705081087,0.00016380565122160024,0.05020199058226591,-0.030545406940470397,-0.04633349146078459,-0.0026836698408745437,-0.04495571492173521,-0.02763459611417432
Большеулуйский муниципальный район,-0.014515008981935276,0.010074874906314566,0.043774632165093724,-0.031285351286184954,0.00615737043123241,0.019098576976503096,0.023826193159877954,-0.0021317001071108933,-0.0579816789563373,0.0005355259807136938,-0.004046395736591001,0.00649296144842398
Большечерниговский муниципальный район,0.00019363170417011424,0.006153360801458696,0.03047406453924043,0.011545709715288607,0.02168166681057386,0.017468087102935043,-0.02851510182448989,-0.025080136541642487,0.021777284167843133,-0.010974141988459763,-0.03452371065555767,-0.010200713831360071
Бондарский муниципальный округ,0.03453558756807969,0.046515388869832044,0.02166739354178776,0.0008452554181357999,-0.03466187123145811,-0.006675198797897441,0.025215215988590098,-0.007948879283132182,-0.014232525810436561,-0.02478216475762257,0.01829880940795119,-0.0587770109138297
Борзинский муниципальный район,-0.026969903862941066,-0.009880354577749826,-0.006789079322483413,-0.008116762143194903,0.01617717553008325,0.018722386329700042,0.01788307941192912,0.02069284210770541,0.011010831394243019,0.005964156866642326,-0.039568574008192345,0.0008742022742583844
Борисоглебский муниципальный район,0.024738591822245748,0.008768339268277385,0.017827781524543316,0.005336991119848988,0.003938145515506781,0.002142595632293541,-0.0016484927448997596,-0.0033812127320138365,0.01301160247405914,-0.004095030662199069,-0.01882411693962702,-0.0478151942780352
Боровичский муниципальный район,0.008369770626951809,-0.030578087733384714,-0.013164802237845604,0.016578906646434844,0.019032765575381097,-0.011499319297736779,-0.01238513202362225,-0.00900903969698633,0.0026186805858331038,0.001139008634534727,0.026879640170697966,0.0020176087497421336
Боровский муниципальный район,0.032659878969103585,-0.010489284808163711,-0.023953324339245262,-0.009987585733696458,-0.020995589907758908,-0.027440613800020833,-0.03246888916040722,-0.011631145625892325,0.024945792353783833,0.025087537036036646,0.043408926377840926,0.010864298638419735
Борский муниципальный район,0.008132950818234595,-0.001115220708422372,-0.02881205980635787,0.0006164355541987492,-0.007994837192421077,-0.020490450885745817,-0.030870564460771844,-0.029876975169336146,0.004168685039723806,0.024146192611578774,0.02486219172809345,0.05723365247122575
Боханский муниципальный район,-0.06107674747761831,-0.003568341794015731,-0.00523896808029636,-0.022740740528645505,0.01307875033717271,0.030965015039699922,0.020940994819903684,0.026854153361107372,0.012100956688141595,-0.02306048651632855,-0.012708021592015237,0.024453435742894408
Братский муниципальный район,0.02184763025474462,0.06091952594557022,0.051488986586564194,0.014055089449796925,0.02171266909659271,0.028087869040823353,-0.008115012064345051,-0.007754045228692545,-0.04538728914690814,-0.032231998898633235,-0.05398461691862389,-0.05063880811688914
Брединский муниципальный район,0.03740875913260032,0.023822195099947686,0.01939639820533407,0.020095519456349624,-0.023989392196697414,-0.012314399374130815,-0.05198161488337461,-0.022875808800833883,-0.02759456536786996,0.008454955037162313,0.011415079244246853,0.018162874447265803
Брейтовский муниципальный район,0.040287173149686537,0.008999833542306325,-0.02687023534649232,-0.015518529282774154,-0.02696556069550206,-0.01330786038863061,-0.04510587266852688,-0.03143497798199278,0.034711874069202044,0.026422647300493898,0.031789382444313105,0.016992125857916887
Бугульминский муниципальный район,0.013849863816913156,-0.032624976683924875,-0.019904266945298316,0.018060812562249298,0.01624443552019654,-0.00944073352055245,-0.0029946378615933076,0.010818694199302373,0.010994927639144395,0.011619188422079117,0.011909769800212609,-0.028533076948728538
Бугурусланский муниципальный район,-0.004987133667172731,0.04448861958942781,0.012747062233327004,-0.011924417262543884,-0.0263468377516225,-0.028780090165394727,-0.0062705962990019185,-0.01577905406669951,-0.0004539754267764356,0.0013135586257212012,0.021962433459014802,0.014030430731720882
Будённовский муниципальный округ,0.0162717753600808,-0.020983102049279497,-0.018531960558474034,-0.010542881262398315,-0.025704328921842056,-0.02561179430085063,-0.008264405437226644,0.022029870282097606,0.029016552788416104,0.013633563700061952,0.01626753045096472,0.012419179948450002
Буздякский муниципальный район,0.0381072614780507,0.008000992802380202,0.00022364522420023278,0.009217607245093158,0.03030026221483318,0.008107080553300956,0.0045062786560918,-0.0015924855004144731,-0.05195110002896493,-0.02445265883934854,-0.0037214864501478426,-0.016745397355074437
Буинский муниципальный район,0.037702535621087954,-0.009950352324163674,0.016741813470147828,-0.018070438564674957,0.0038603604998155095,0.0007293756966214471,0.004506638940395363,-0.0028600354047178048,-0.005465881809177072,-0.003772853610144124,-0.0008015871254656421,-0.022619575389724828
Буйский муниципальный район,0.01702091519333647,-0.0011939042876550655,0.019433413761496897,0.062098574120118315,0.008776104650733908,0.004114160460308431,-0.01518057853595039,0.020212945435496652,0.008141519973175955,-0.04022602523950737,-0.028307356698874714,-0.054889768832679084
Булунский муниципальный район,-0.16052927080836465,-0.12583072941035167,-0.09174161005079093,-0.0791251935754903,-0.053772258314764704,0.1014847221765274,0.2118776778903178,0.1940976267739175,0.060663553504228224,0.0020141826378209174,-0.1059888775551187,0.04685017673206918
Бураевский муниципальный район,0.03580443233852097,0.02259023872746176,0.008846594114097387,0.03192693424941384,0.01265385897672867,-0.014021061534358214,0.005273224954691437,-0.002565134948389792,-0.036747125754088956,-0.029290361152758022,-0.014274066381455501,-0.020197533589863564
Бурейский муниципальный округ,-0.03393019517470358,-0.008911098363715269,-0.006861530016558473,-0.008439794905199166,0.0009314244176444955,-0.005238333830077331,0.01626443533614257,0.018665731269747562,0.02720068689974363,0.0017803859469457855,-0.029806661009094675,0.028344949429124456
Бурзянский муниципальный район,0.00979603161244396,-0.01627121679566313,-0.012990661389039655,0.0221550437078776,0.008816497895883263,0.04185240776635058,-0.0031344476115213052,0.019255453496117843,-0.009964668033310486,-0.03068957699935161,-0.023554252032285575,-0.005270611617501489
Бурлинский муниципальный район,-0.03827235283568551,0.0018435340316449635,-0.038750516137886826,0.016831217802458692,-0.016773313474632935,0.05171432236410753,0.029896717971392105,0.0380595904080963,-0.02618195672662921,-0.04288238665004408,-0.004666701655331942,0.02918184490251092
Бутурлинский муниципальный округ,-0.022365982220965426,-0.012803759542624187,-0.018230004586776455,-0.006794358600860606,-0.0010494771863745287,0.03016548834897949,-0.009543759963078925,0.00036509280349850994,0.04239537337652051,-0.010287953640785382,0.011891113000303932,-0.003741771787836936
Быковский муниципальный район,-0.02435719870717365,0.027593581469315807,-0.059180810935149826,-0.026827700205832004,-0.004563999769542968,0.005468384473774866,-0.03914391174447054,0.0030244566146879134,0.012658183883922914,0.017285781467682428,0.02978942917118448,0.05825380428160058
Быстроистокский муниципальный район,-0.016125452477179843,0.004515179586524315,-0.0046320521617533895,0.026835860277035547,-0.013946255259513513,0.03099463120742078,0.01171308350383421,0.0006048265762280476,-0.02007024993861663,-0.016846754921372095,0.009658473106112349,-0.012701289498719775
Вагайский муниципальный район,-0.03991357598259635,-0.023657542340628383,0.005353790528843914,0.019062671679972457,0.013119321109713403,0.009293022624375735,0.011735225456460703,0.006531146257602811,-0.01995556336708154,0.00033583299405752325,0.0017557507062344957,0.016339920333045238
Вадинский муниципальный район,0.004139560868000438,0.013632118659697217,0.05524120248509714,0.014499995502505077,-0.026807508191660553,-0.024339141893518497,-0.022533428488498406,-0.03355337282367069,0.016018173946390397,0.022889654100992654,0.001255668176333478,-0.02044292234166825
Вадский муниципальный округ,0.019578764475471532,0.007314846391712875,-0.014036824345161708,-0.008478393267897847,0.004207194468347468,-0.009613170029988436,-0.0011028819024854041,-0.014771979405031572,-0.013438340374878954,-0.010930728022629982,0.0208923686591248,0.020379143353417232
Валдайский муниципальный район,0.008612028180168489,-0.003921154478968531,-0.013227955005280727,0.014367474798888408,0.03066029254133479,-0.0072119133630254,0.0014554932115949646,-0.016646924014758608,0.0031917046847740214,-0.008851175966308602,-0.014890114742907313,0.006462244154488506
Ванинский муниципальный район,0.0033830780288830083,0.007489331574008064,0.0007852957737534399,0.010878616793507417,0.008760428530110895,0.0020190303962151638,0.033139808054278644,0.025137360702960316,-0.0028180848541497446,-0.028318306566048727,-0.04007580160321249,-0.02038075683030599
Варгашинский муниципальный округ,-0.0028500020322767754,-0.008718995961969197,0.038031290459753106,-0.015556494871979961,-0.0015442538548205715,-0.018189071701854364,0.011478596825936105,0.024267497957794742,0.01948104571373033,-0.02193202565978232,-0.0013378952359184384,-0.023129691638612653
Варнавинский муниципальный округ,-0.0061096236737090545,-0.0051567996110754655,0.00022280340335769028,0.03502361204809933,-0.028085520858636276,0.009819925024688606,0.014674183525285102,-0.011398594692573517,-0.002840211528249756,-0.007057852926402189,-0.020036099558014053,0.020944178847229586
Варненский муниципальный район,0.02987878493390415,0.023309097745814737,0.015673592369437925,-0.004667554973636913,-0.002048367239725733,-0.0008650058734997971,-0.019430422722938972,-0.007651759123108284,-0.029000175279923705,-0.008760319513703074,-8.062887896894051e-05,0.003642758556348602
Вачский муниципальный округ,-0.00217294164263869,0.03146759490347862,0.005729945666419774,0.007896275711626271,0.011136843550370482,0.02276193083262019,-0.02105025737048149,-0.027243277366156157,-0.0003711530213476519,-0.021281178234357462,-0.010808364587554756,0.003934581558020858
Велижский муниципальный район,-0.0448916485383742,-0.014912061302927718,-0.009745059327374215,-0.003572395861419317,0.01886062176197661,0.02097585570542193,-0.0003277973737787071,0.008631197762511285,0.04290868774948037,-0.015946607970539615,0.004962620177865452,-0.006943412782841884
Великоустюгский муниципальный округ,0.024900313812048172,-0.018473413790496225,-0.001264190904614602,0.0030487028244420697,0.010104567981044744,0.012039030274304786,-0.004723953485572216,-0.0018104024134878048,-0.005141987897129963,-0.0007112294094881737,-0.003322345678386556,-0.01464509131266423
Вельский муниципальный район,-0.009702684836771948,-0.017859520293567452,0.00021441285639232487,0.011899723403277843,0.01876092399696113,0.015637883058592938,0.008350071758647255,0.01287297573803479,-0.005597641482999667,-0.004783191139509475,-0.005621274039730691,-0.02417167901932705
Венгеровский муниципальный район,-0.03288890031904679,-0.0266636747698841,-0.025250796649156238,-0.012498542158824882,-0.012675291939785893,-0.015067769085682855,0.027882002635891502,0.03334143004000857,0.015613975315487187,0.022568074897688244,0.026968339995094466,-0.0013288479617892049
Веневский муниципальный район,-0.00047055975484667275,0.003227085315735164,0.0007984266261569007,-0.005922289731664403,-0.007225869188901959,-0.010057506720067808,-0.01380551954736041,-0.016160543586209834,0.010881432132314704,0.01685039657578871,0.03031203497687512,-0.008427087097819516
Верхнебуреинский муниципальный район,0.012994237230105496,0.032232876839826764,0.030472452913122044,0.02082488751785587,0.03205407558147283,0.04538165759501694,0.022466815332404792,0.033877195157710524,-0.0191381264096796,-0.05490216273443148,-0.07854900212973465,-0.07771490689366956
Верхневилюйский муниципальный район,-0.0889582119425349,-0.006164693015848106,0.00969641028014745,-0.014534081692600733,-0.046494722292743415,0.07341055570012092,0.04067094043252617,0.058089737439805875,-0.00854298118845452,-0.03161443645088323,-0.05437948771797239,0.06882097044843688
Верхнекетский муниципальный район,-0.04739911537307322,-0.003857673771620246,-0.014825686540541776,-0.009245894167281821,0.00812955344735152,0.02091374142776274,0.035748897522642174,0.009127155525529607,-0.012153753558360675,0.0044733658239338265,-0.015199900504947355,0.024289310168605215
Верхнеколымский муниципальный район,-0.19377086096124063,-0.04181788516263135,0.00022308664332812422,-0.04195037889858039,-0.07438223145120301,0.029062583018492356,0.14593445366649754,0.14687328820661733,0.05903990456934765,-0.06725579279784527,-0.010922145114803874,0.04896597828202154
Верхнетоемский муниципальный округ,0.0018968999543847904,0.02784972802251206,0.02573617264289657,-0.03223425611004853,0.011904702022818224,0.018064653633620354,0.03276342907181867,0.005077076932070263,-0.02204277888281065,0.009066208983971332,-0.03734353153490378,-0.04073830473632931
Верхнеуральский муниципальный район,0.07574907423915851,0.03390505318070521,0.02549549410329628,0.023313995335178223,-0.005365445739333615,-0.022034039210803383,-0.018035243085321537,-0.02229045426590036,-0.05891202034295992,-0.032710645308614984,-0.022755383813694775,0.023639614908290363
Верхнеуслонский муниципальный район,0.04380267945340282,0.044312925821667334,0.03236568537231338,0.01819037835664724,-0.01696677312268671,-0.03942923900580286,-0.04061032789881839,-0.02150075200433945,-0.014436174624759216,-0.008971821837778374,0.06942404011275517,-0.06618062062260094
Верховажский муниципальный округ,-0.006094677857649094,-0.02319976924496151,0.021652959328053823,0.029666878424789826,0.030246770087080137,0.016730076493939285,0.01670889785756169,0.006728116586612275,-0.023270902390211127,-0.007453274764071937,-0.025198438496817722,-0.03651663602432565
Верховский муниципальный район,0.026046301198301383,0.018530364249186054,-0.015003048559279883,0.005401543089440448,-0.01044412670914383,0.00038223229873443187,-0.017022142494141385,0.004188777255952376,-0.006905957329881522,-0.01355735284839878,0.03595958892844849,-0.027576179079217784
Верхошижемский муниципальный район,-0.010773841725256045,0.03906872157200294,0.027776521698195108,-0.00042316264445177833,-0.010667300937447262,0.003532270282632911,-0.033077900818514645,-0.0023586515088840146,0.01072496663126874,0.013911302549270468,-0.00829648946787774,-0.02941643563093868
Верхоянский муниципальный район,-0.16635903197912177,-0.1248689841390078,-0.09558928100750523,-0.10346368191532371,-0.05965491819413242,0.11776999755714768,0.2252006395516785,0.1910354828838895,0.04415775498156076,-0.003050038913788442,-0.05126330229430658,0.02608536346890945
Ветлужский муниципальный округ,-0.025936949780337046,0.006905501513766272,-0.023191535834125795,-0.002282446160853475,-0.00486034841012628,0.019977830719596572,0.0060687419216803595,-0.002241313089236731,0.014511241289439328,0.006560584080378119,0.011798387337920869,-0.007309693588102191
Вешкаймский муниципальный район,0.010814758158770296,0.028324346072806882,-0.011430743938322493,0.002391027600662588,0.02936872922854001,0.005945416565544174,-0.016097208541711188,-0.008093694155940044,-0.010564784118825691,-0.014565482924486313,-0.013370553628137785,-0.002721810318900432
Викуловский муниципальный район,-0.02267516044040218,0.0044732826723856605,0.018801938968654626,0.014529171629847782,-0.01846168076176517,0.031231566243438376,0.02363768172266814,-0.010567684938423421,-0.045293070941639244,0.00868655337626143,-0.0020817954754269756,-0.0022808020555990195
Вилюйский муниципальный район,-0.09566291119689574,-0.06694443087353213,-0.015100682911471298,-0.03179477191613301,-0.06716310938023155,0.04441152488388257,0.062146776388209195,0.08608826926359911,0.010476861355846771,-0.01147208670007702,-0.02080529949450522,0.1058198605813083
Виноградовский муниципальный округ,-0.013090822984570195,-0.0005604111680940978,0.009508577859008487,-0.017073833377130167,0.016221871829332872,0.028278142600140912,0.04382448436348009,0.022284378719187054,-0.018121423741859512,-0.0029740434060842396,-0.039193176682752,-0.02910374401065919
Вичугский муниципальный район,-0.01678162823867165,0.0024817514884421183,0.013099069543938135,0.03062613655748469,0.013597490305751357,-0.009404429987520722,-0.015311732059281352,-0.002413008537333833,0.028050391785917717,-0.014959457716862499,-0.021505534511944535,-0.007479048629919421
Вожегодский муниципальный округ,0.04429168606465125,0.041926863340817286,0.014173224826025533,0.024064371667447848,0.028472885108866818,-0.011239231660655827,-0.055909957372040076,-0.030821118721324627,-0.054091927913195614,-0.003074083593983712,0.023721949866158578,-0.021514661612767473
Вознесенский муниципальный округ,0.015356940888368895,0.0011007179359145032,0.000214476630617369,-0.003077192203446346,-0.004371025068477181,-0.0011778508002005866,-0.013978759626386037,0.01011346728800202,0.016222778166497667,-0.006266102220405451,-0.002485742772889457,-0.011651708217595397
Вологодский муниципальный округ,0.011260967556442587,-0.004242822316776115,-0.014180301088396782,-0.011916332566906397,0.008016504556591678,0.005109336616143607,-0.01668187980534304,-0.028017923284272227,-0.011395915512381045,0.030645693371766456,0.038859025977801796,-0.0074563535046705195
Володарский муниципальный округ,0.02430127920124561,0.04191943885808731,0.016779718282037205,0.014057165320489794,-0.01282700343062669,-0.012680032030979211,-0.012729370129737185,-0.005291980528645341,0.001208746291564495,-0.044404744069105585,-0.012373302569846624,0.002040084805516207
Волосовский муниципальный район,-0.0015149447621742628,-0.024492791224126367,-0.03103478790265217,0.004491878062279912,0.012600648949118822,0.020712611853974692,0.01981517391929055,0.005655044700286714,-0.0008945650770926217,0.01901207600047157,0.004024110648953274,-0.02837445516833011
Волховский муниципальный район,0.003847134066403592,-0.037708759638438644,-0.034152139179544606,0.006698184043372443,0.027933629460314236,0.017506023162660738,0.004156524874565136,0.008534768283521557,0.009973178719111686,0.004488407754670357,0.004145074657418703,-0.015422026204055186
Волчихинский муниципальный район,-0.041089342247597,-0.039786970683008314,-0.040680417823141954,-0.027894479647410313,-0.01830428019628795,0.029625355423335335,0.03621700973923726,0.03412615924476232,0.043862286756113145,0.013357862634634933,0.004189997083371498,0.00637681971599105
Вольский муниципальный район,-0.01946504735162728,-0.01206214860617771,-0.01253840967321487,0.007538639593051519,-0.008545091710612303,-0.005972841711959525,0.01106571812572733,0.0037710460816857494,-0.005319630993953755,-0.0060420561819075225,0.006565366958110736,0.041004455470877624
Воскресенский муниципальный округ,-0.030087951240078417,0.0004468989089456126,-0.005739951888835011,0.001660944301233102,0.023929742112018593,0.005556482689963334,0.009023216368992924,-0.009881755455671739,0.02241046020580324,0.00019798845133572754,-0.008486837844229619,-0.00902923660947775
Воскресенский муниципальный район,0.017161688762894096,-0.04001235907612228,-0.04137196798494204,0.003047395160275029,-0.022574623938682696,0.026287376775865852,-0.05658932341157563,-0.010897713581975308,0.012458426518799328,0.00045932379569573606,0.03976698143258067,0.07226479554718723
Вохомский муниципальный район,-0.005036571985983491,-0.000151544586650967,-0.03317454541503543,0.009656671285380137,0.011266057962692835,0.02513322440689831,0.026977704157308616,0.01695268928830426,0.003445357933084948,-0.01949865724444163,-0.028524585780351313,-0.007045800021206267
Всеволожский муниципальный район,0.005542988063424226,-0.05236960307303792,-0.03784102557210461,0.0027713062484113413,0.014232254154492283,0.006249909717165147,-0.0030785239992996375,-0.0015935948615158641,0.027307414676872855,0.02591848147339857,0.024828472399662245,-0.011968079227468634
Вурнарский муниципальный округ,0.023106860333163507,0.008803495861453254,0.01144922633657943,0.011154818188560867,0.005316408436020024,-0.003777818918415686,-0.02353745001106438,-0.017767524776152475,0.0007283100326596916,0.0035341653487990883,-0.007495939328844943,-0.01151455150275838
Выборгский муниципальный район,-0.001189650678584283,-0.049722905217832084,-0.04608439544868296,-0.007053325648962739,0.02073307270161901,0.012814255160369057,0.004548391963177379,0.0054718765536990585,0.0270502227859187,0.025931840616785055,0.014879562245046654,-0.007378945032552842
Высокогорский муниципальный район,0.050273988607232784,0.013785191460955281,-0.008064482037829966,-0.013800185777791974,-0.03013155333779062,-0.019802152467492423,-0.02690013690632416,-0.0010798287551615033,0.011621183968812114,0.022344576661166675,0.03344374010095427,-0.031690341516730475
Вытегорский муниципальный район,-0.0078546854419681,-0.036913237232466145,0.0010334914214999572,-0.002524519963618801,0.029532234157314603,0.029216542497849083,0.01997020843921381,0.011713673934462704,0.011129166773583105,-0.007683808033256388,-0.01984458218749034,-0.027774484365123486
Вязниковский муниципальный район,-0.005235423135138341,-0.00958961362835079,-0.011604922854939073,-0.0025187144246899195,0.0031556587976885385,0.003972599430325741,-0.002354858979890292,0.0005880835849254038,0.012231146413680505,0.005418087209042835,0.0036835354112827326,0.002254422176062661
Вятскополянский муниципальный район,0.03565723757822182,0.04906037453142738,0.022983089008467534,0.05633876015424404,0.029970540826540742,-0.025841216026184936,0.02189421744302611,-0.0296123008444649,-0.030342201778582198,-0.041940010861678825,-0.026353349794577454,-0.06181514023643932
Гаврилов-Ямский муниципальный район,0.04603495580999477,0.006016020231113375,0.02155628568806772,0.015336167306321176,0.00327177842513076,-0.04187288305129232,-0.016821484452087143,-0.029827391194267333,0.00979923122383699,-0.005533432190000092,0.003674156576768982,-0.011633404373586894
Гаврилово-Посадский муниципальный район,0.002221226109747118,0.017151215803519394,-0.004171345299630398,0.02389644801545219,-0.01025377757970809,-0.03340976564175587,-0.01859022127672488,-0.005474735164679672,-0.006575595136524186,-0.008449613497531492,0.015066709312216646,0.028589454355619236
Гавриловский муниципальный округ,0.02124213252612387,0.01753626551010889,-0.0008614807625991908,-0.02840566411567169,-0.009461847395344123,-0.020663671551166173,-0.011886264579349128,-0.02163103663135003,-0.06749359378259875,0.10505678128975472,0.03407116825519221,-0.017502788763100595
Гагаринский муниципальный район,-0.010028471980361693,-0.010159868610371721,-0.0029479847904679626,0.012221695322839676,0.0074741848926006375,-0.005878862938617429,-0.011553843915178275,0.0052996202228232925,-0.0011404523004565645,-0.0035931731375829093,0.012593882110002194,0.007713275124770753
Гагинский муниципальный округ,-0.031250589057792606,0.011565000700228489,0.02734212035371717,0.009671934389462539,0.009586720372286545,0.028959473015585872,-0.0016049868633022006,-0.002813565968547933,0.0006209088261030376,-0.032277305706875474,-0.01786169855312914,-0.0019380115077362974
Галичский муниципальный район,0.025465673291000603,0.004988584461601076,0.0037757157444958996,0.02208111683622526,-0.025524132067211273,-0.019688495659029838,-0.026009419328648545,-0.05461248863038487,0.04772394398182712,-0.004596613771527469,0.008047607102348867,0.018348508039303164
Гатчинский муниципальный район,0.0019264059050995673,-0.042533123905422424,-0.03749452541139686,0.00612447996379444,0.015956283886105357,0.005083456332361384,-0.009142282025420514,-0.0027817749703037855,0.0198434686480594,0.02271176965656742,0.024583819574510446,-0.004277977653954424
Гафурийский муниципальный район,0.025223601791226145,0.010979098395358882,0.0026996890439674806,-0.0001963394304138489,-0.021459760898829422,-0.003749257922737891,-0.001105014379276419,0.02362370731364238,0.005938403455317462,0.01116346653362338,-0.023819135194096588,-0.02929845870778156
Гдовский муниципальный район,0.02449273783937925,0.0057823666252958365,0.012260829133951247,-0.020318752505192366,-0.015030614426424633,-0.0061641999249267745,-0.029817885079196856,-0.0034601481953899843,0.012406545664708656,0.022063428962581906,0.005370422602659059,-0.00758473069744534
Гиагинский муниципальный район,0.010012288093010257,0.0041537715620000235,-0.006897039545190626,-0.0029063050585684284,-0.019761794584078344,-0.015425571586132046,-0.007532534437133703,0.0013268390040480612,0.00737632808225848,0.014836324117927041,-0.0006077935551725982,0.015425487907031882
Глазуновский муниципальный район,0.006128919924752583,0.019832976576037324,-0.030462239545593413,-0.012604289653056586,-0.0025136506215601155,0.004496007578660826,-0.005199285122332694,0.013497133483509472,-0.0202596579925432,-0.005552058921005974,0.031335120361089465,0.0013010239320423098
Глинковский муниципальный район,-0.0031333204530464304,-0.01652079166372229,-0.025633042985372348,0.00981728207674499,0.006608102801513562,-0.008702596521851673,0.012330506262984754,0.013123976724641443,0.008342060758217178,-0.0021608345165341466,0.0052621312310674765,0.0006665262853574865
Горномарийский муниципальный район,0.06530565436371635,0.04195387736762473,-0.03228127889066362,0.002010311988408335,-0.0075131310865313265,0.0013518679762730985,-0.032695525964902265,-0.009600401995137113,-0.005005350933124186,-0.01918595646897242,0.008048503778580952,-0.012388570135272541
Горный муниципальный район,-0.047923240919363966,-0.00703872428144519,0.003763399732737177,-0.010400820427912088,-0.051813847563253995,0.03158249978032839,0.006085050190436739,0.06504298184800197,-0.003145628767072601,-0.016531892539204944,-0.022102779665300252,0.052483002612048746
Городецкий муниципальный округ,-0.014718444836628333,-0.034591097100963336,-0.02798104832269683,-0.010635069669620757,0.007064312927701866,-0.007511202663718602,0.006434539547445151,0.01088027513061729,0.030240941738184948,0.018896944912934466,0.020938524005968184,0.0009813243307759643
Городовиковский муниципальный район,-0.007502969056069666,-0.013185410671321595,0.002206832583923954,-0.013147975656130713,-0.04530261544410111,0.026549402967661558,-0.016374742192517618,0.029896505321822968,0.040080528490263265,-0.015519565435825045,0.03433027466909579,-0.022030265576801798
Гороховецкий муниципальный район,0.03839591301967397,0.02333095315600499,0.014263761663666937,0.020721835380593436,0.02111989412104321,-0.016452847469043533,-0.03010596688477711,-0.02283082080996864,0.0013888848796632484,-0.02084259138987814,-0.014258812725322787,-0.014730202941655592
Горьковский муниципальный район,0.012602629376594874,0.044519789167739035,0.007337495512651794,-0.0031750742203309028,-0.01199285072839714,0.009672341665340005,-0.0010287567721314348,-0.0053454594329427965,-0.009478684597588183,-0.008685683835426311,-0.027189998968418835,-0.007235747167090103
Грачёвский муниципальный округ,0.030385557172957003,0.02835782675944213,0.008519393457029994,-0.010838317744974617,-0.04642112227378733,-0.03900483860505466,-0.04579292399904493,0.005680309965569124,0.012701052503650204,-0.004539596649353685,0.019352369407437734,0.04160029000612904
Грязинский муниципальный район,0.03803577273810598,0.00227970040501012,-0.011152457975658007,-0.014889052609461188,-0.012488343263237622,-0.038110555305589267,-0.012123970816596968,-0.010921312490177398,0.01265263637762398,0.01300626506010597,0.03487744207389567,-0.0011661241940212758
Грязовецкий муниципальный округ,0.036150024985108456,0.021991984296817844,0.03722352506386106,0.0036774274214746647,-0.0060454040451013245,0.007660105334640963,-0.024436915635261947,-0.020087548784530795,-0.023404209629806473,-0.0022326776755343695,0.001183654025191314,-0.03167996535685939
Гурьевский муниципальный округ,-0.026782489077840387,-0.07650207708115875,-0.028379172685738488,0.005967978063881132,0.020363086029685215,0.03794105432462676,0.02926737792329656,0.031999288126847394,0.03834021976458683,0.011611825959934784,-0.010404688064828891,-0.03342240328329214
Гусь-Хрустальный муниципальный район,0.0069713230677360336,0.020118379939299304,0.004675389905980432,0.0032479643795229347,0.01011958733597916,0.0035514158008820174,0.02922104931330266,-0.0002888399180039675,0.009750019871866,-0.02241978304226378,-0.03806866576916948,-0.026877840885131316
Давлекановский муниципальный район,0.029492894177042553,0.014030261689179098,0.031615488132748205,0.006971907049687945,0.00733565178387953,-0.02921399692318996,-0.017676481294109637,-0.00013403376083738136,-0.009303045230573794,-0.0012166842265769868,-0.011615483395560915,-0.02028647800168866
Далматовский муниципальный округ,-0.008937872998229153,-0.007093114648529458,0.012272716156732076,-0.002377460656438776,-0.0016050021984574548,0.0021788210626900845,-0.022502956243382076,0.0017556136154976746,-0.009805158552612502,0.007024746134424307,0.015604967493936597,0.013484700834368684
Дальнеконстантиновский муниципальный округ,-0.00338391033154653,0.012642446742715436,-0.0005666620992347479,-0.025444925912229292,-0.030795770563801766,-0.01026156695612461,-0.02557110651086242,-0.021438156585174555,0.026440621824102076,0.0126411510444509,0.022573914475660064,0.04316396487204545
Дальнереченский муниципальный район,0.030853651221636393,0.046671852827992355,-0.008321928893355259,-0.011933644026649351,-0.09353491050296767,-0.0283017149558992,0.019269642217904802,-0.0069921539135029505,0.01773999832681908,-0.010839515557081335,0.03235934750429965,0.013029375750803478
Данковский муниципальный район,0.03348078440814728,0.014014966172189,0.015022707940082976,-0.00030529813537809834,0.014623937074703235,-0.018031874800891898,-0.027383632050175973,-0.024194596813011608,-0.01000738193906019,-0.008743089032869193,0.019723399580525956,-0.008199922404261498
Даровской муниципальный район,-0.0331764450994585,-0.02711366025873644,0.021615742636210737,0.0428895576584378,0.04509206998818468,0.02004707151793634,0.013425061723050111,0.037438907895080156,-0.021855077749832707,-0.010474349534919802,-0.05214712840165309,-0.035741750374299275
Дедовичский муниципальный район,0.010389189555137058,0.01079701824583867,0.012297061222428785,0.03722385910236729,0.0220536928776376,0.010422180623660822,-0.0005503204263886492,-0.031014477290787056,-0.033450705755126695,-0.0071807929515190026,-0.010021796805379731,-0.020964908397869086
Демидовский муниципальный район,-0.020211884106481223,0.02868008287858683,-0.005049879544575236,0.03136290120094814,0.0016354976270230113,-0.020793667981969407,-0.027052053455111007,0.004157271441006267,-0.015600534756392035,0.0020600375117616363,0.008156371475155461,0.012655857710047564
Дергачевский муниципальный район,0.023777043511067353,0.048248549504435176,-0.01623666219822025,-0.011472443274203424,-0.017546137865690342,-0.012337175231056985,-0.0170789414279378,0.005071269889390498,-0.00282504016684464,-0.005533184482574491,0.007232055496956264,-0.0012993337553213573
Дзун-Хемчикский муниципальный район,-0.14339088568960812,0.0005146674297819148,-0.03414912236812676,-0.0711426895035368,-0.05266091537125064,0.10632187939958654,-0.00859575385332833,0.07871779622428758,0.016780959649489016,0.05856180358137479,0.008897683664205718,0.04014457683712511
Дивеевский муниципальный округ,0.009126353418130666,-0.015046065064547694,-0.028421579368554484,-0.02949309209018583,-0.026003361377075693,-0.027849902240348945,-0.019177671421052478,-0.008319533846305946,0.045279026357367386,0.03085729103360645,0.057476752908192826,0.011571781690773754
Дигорский муниципальный район,-0.025388307415965934,-0.002041558474288111,-0.07982496195361463,-0.047930547503601165,-0.030573390974322982,0.010999354099550345,-0.02246347102502628,0.03922464747553982,0.026181688039917016,0.044149455517925866,0.05831397161372598,0.02935312060016007
Дновский муниципальный район,0.016962826818425338,-0.011907061733510253,0.017629353127886684,-0.0026335361151133673,0.03093408216648099,0.004377446707699039,-0.0019763250055124864,0.008841283314961703,0.02041853920484682,0.009058459371144561,-0.033234300408635765,-0.058470767448673265
Добринский муниципальный район,0.053840382782526584,0.03395109623231704,-0.00787049127643286,-0.021973176790548103,-0.029510594280431075,-0.019497499887662265,-0.03599107019919781,-0.020480633616861567,0.00908004756358454,0.004479749864462219,0.020193242532324882,0.013778947075918407
Добровский муниципальный район,0.04545770679023652,0.030337493594126696,-0.00118234284135239,-0.024088209805417704,-0.015286927731036666,-0.02466520752930442,-0.025126097720394217,-0.019475083709632218,0.006188988905708338,0.020764308830570153,0.03059649525768444,-0.023521124041188526
Доволенский муниципальный район,-0.012930500185097539,-0.03487631439107283,-0.041798014234442266,-0.011671529688175256,-0.02788594194470186,0.011822306827589689,0.011061031173893371,0.03657486407372062,0.015973909057863854,0.03176354297618045,0.005539228415429433,0.016427417918812325
Долгоруковский муниципальный район,0.06980506827245966,0.043552434456971295,0.0242151023372138,0.0050815812613673635,-0.02145290253243739,-0.03200112131674088,-0.02841770871431843,-0.03305431235155059,-0.02494743969495673,-0.02285623541265347,0.01049881130498819,0.009576722389657169
Должанский муниципальный район,-0.012782699308463718,0.02610112736810827,0.05053030438151547,0.010295185065505951,-0.011728681241658625,-0.03424930738501447,-0.03621282326137912,-0.008918602921996383,0.009322065010656458,0.03135265241242462,-0.03062263215849542,0.006913412038796984
Домбаровский муниципальный район,0.02510254744921601,0.0440814203763259,-0.009102012960984006,-0.013700244471494928,-0.010702428494333954,-0.009484374687191592,-0.01589956808386149,0.013438863462130305,0.009594102912176616,-0.017040540513432793,-0.00782215763294583,-0.008465607355604239
Дорогобужский муниципальный район,0.06457048041850191,0.02100406166534858,0.027265922604998348,0.01661818539280967,0.009518581617903013,-0.017759240542408114,-0.029083771551152705,-0.04644485966118053,-0.013889524307354609,-0.011201383767720337,-0.0038502962550877296,-0.016748155614657506
Дрожжановский муниципальный район,0.07736772379975987,-0.010763515130428919,0.051686169657919015,0.042035760039791495,-0.012593904897308744,-0.0011752274510221233,-0.06247098225436307,-0.04910698578241971,-0.017691061495030934,-0.015873613870968584,0.016680441675351203,-0.018094804291279486
Дуванский муниципальный район,0.010567374334843806,-0.025291275784473342,-0.005580709286316097,-0.01600565512105546,-0.007487650731244181,-0.009644048200767908,0.0031518310590270262,0.021945091418973176,-0.009290285992455216,0.007518294429127355,0.0017155207610657112,0.028401513113275132
Дульдургинский муниципальный район,-0.04120447591770013,-0.03336801192917867,-0.048858534914097175,-0.03301436432274869,0.02401681315468785,0.027338465378798592,0.06647327582873382,0.06638652560579786,0.0038676516779762677,-0.03870788715720686,-0.012162851857311911,0.01923339445224908
Думиничский муниципальный район,0.0035654473710440924,0.016723500184277904,0.011568206389077343,-0.010096484076407545,-0.02208382971330817,-0.028327341676978913,-0.010230903838692247,0.0071576451576936505,0.0047693563420284696,0.029418977370534845,-0.008985140760698482,0.006520567251429039
Духовницкий муниципальный район,-0.0019607925281855945,0.005701930685060749,-0.011534541137532514,-0.014254451627878839,0.016406057506776397,0.013602457275180066,-0.01705007590428061,-0.03228193427995533,0.01742671301090611,-0.008704039365943115,0.004860289181779601,0.02778838718407308
Духовщинский муниципальный район,0.0478480388608985,0.04711567579971561,0.006183883311939389,0.023647059228125416,0.025821475810410714,-0.042119014713598225,-0.06036651713066481,-0.04604308703696351,-0.01173883542831248,-0.04038629601320908,0.028400933022171462,0.021636684289486993
Дюртюлинский муниципальный район,0.026336650098017653,-0.009627890608148037,0.001596131094471917,-0.0007630815280520488,0.00964734940895637,-0.0007012332375970157,-0.004349123298969704,0.0018259433128842441,0.008092001041879581,-0.0061649247844233444,-0.006484533290455451,-0.019407288208564164
Егорьевский муниципальный район,-0.03851381070250255,0.015488011760258092,-0.02077905683938238,-0.018406108687602875,-0.008911901951930763,0.009365288207629564,0.020630345179356153,0.01981832033984176,0.04720120644144912,-0.03458143160090647,0.005474240477259626,0.0032148973765307245
Екатериновский муниципальный район,0.03629996432041422,0.025317418020732018,-0.009796802792502463,-0.03512071302893648,-0.040168536939436596,-0.015125668830950251,-0.04320541595118345,-0.00708719768274098,0.01382585408882574,0.026341472809373913,0.018872193349567076,0.029847432636837253
Елабужский муниципальный район,0.034898641595026744,-0.021774941155197368,-0.016339137708873182,-0.0076102649437332845,-0.01034432582165564,-0.021827331747681533,-0.010726647989162327,0.012242316563063068,0.020842112833113356,0.023301522041303487,0.01835799057053056,-0.021019934236733887
Еланский муниципальный район,0.027798692533918038,0.008447837183278786,-0.02907372750384474,0.006834621617974918,0.00047280538058709024,0.009487595863251062,-0.008301821536915282,0.0003886842624886322,-0.00832428626033252,-0.0027824357120845153,-0.006921555951932132,0.0019735901236106693
Елизовский муниципальный район,-0.012455659852745781,-0.03818127172838351,-0.021962718523403257,-0.0014386349919997517,-0.004366941162052903,0.019038115680412748,0.01709329633606172,0.013362142481177569,0.02390504478182112,0.010231000170322156,-0.0037141932140673795,-0.0015101799771427317
Елховский муниципальный район,0.01318675977475098,-0.01863340014410028,0.02632778013500225,0.016049266208018928,-0.0016745774323850666,-0.007599027135708012,-0.020231198088948067,-0.039665611923014196,0.009455191915339188,0.027082659674437317,-0.012824448865801289,0.008526605882408249
Ельниковский муниципальный район,0.040779587061219646,0.03009300823554522,-0.010870777954074665,0.016400475138732128,-0.011572979680743731,-0.031459295443943124,-0.0012949279046721857,-0.01637723993116552,-0.01880728816251301,-0.006096703668262639,0.0009610495317662663,0.008245092778111618
Ельнинский муниципальный район,0.00040219499349988634,-0.02242002275317578,0.011974284695572124,-0.000516558550642794,0.006516990685707528,-0.004865334066513529,0.015753295107312913,-0.03082458991818996,-0.0047612362335470605,-0.01534445453761227,0.0022590787842074037,0.04182635179338154
Ельцовский муниципальный район,-0.020798302086547295,0.04837942471826862,-0.019392413333632286,-0.005103623514812108,0.004652362702613492,0.003588576877406957,0.018834119719786532,-0.006879380489200773,0.02349522216410568,-0.03673790228456065,0.013125420847463334,-0.023163505320891502
Еманжелинский муниципальный район,0.007336464472983723,-0.009828622576571924,0.011528441049687801,0.003612576118222838,0.004409900161560084,-0.019881411924953872,-0.01360917148010595,-0.00876487393249618,0.024388660072488303,-0.0004608729460039844,0.012573453049413388,-0.011304542064224224
Емельяновский муниципальный район,-0.0011754151079659408,-0.03475808907340058,-0.03971079894680959,-0.02823407667623088,-0.028623625605562163,0.0014779312277474572,0.011113997297053743,0.012862471752276668,0.03463181647106283,0.03852153032746459,0.03549456939773153,-0.0016003110633676584
Енисейский муниципальный район,0.003236945165584219,0.013374515527315082,0.022074571664835167,-0.020952724909608957,-0.030975495000748074,0.008984799954810746,0.011729676218986868,-0.013040342647611865,-0.027964306956326613,0.0054189171536946894,0.02470323742809571,0.003410206400973021
Енотаевский муниципальный район,-0.00460420248511577,0.0027473537090827033,0.002209400168872091,0.006631959726770993,-0.006337684061574086,0.006358417473948428,-0.011946287769082974,0.005863089712417297,0.03626619874417957,-0.022543531124839755,-0.01539370338919938,0.0007489892945408798
Ермаковский муниципальный район,-0.04316314919392047,-0.01436001260544504,-0.00959178844634824,-0.00918644620564344,0.005460356539485433,0.022898694675277005,0.011096672828216409,0.02885817601133829,0.00775058567367792,-0.001760394671986092,-0.01011649053252971,0.012113795927877946
Ермекеевский муниципальный район,0.04421153461926289,0.03600574151183725,0.052890952647555854,0.01947092569120317,0.013327182027137528,0.02071204550011918,-0.03202154313786218,-0.03595015005713485,-0.06568314491351046,-0.015993660385981736,-0.0020951720406089027,-0.03487471146201775
Ермишинский муниципальный район,-0.004226379031899783,0.008621367564367946,0.0031096432126781993,0.025684432748083248,-0.006403613210354287,-0.0299088616664116,0.01456410452127931,0.014268852858942001,0.03587846296907432,-0.03412237208146818,-0.006662788665539495,-0.02080284921875169
Ершичский муниципальный район,-0.0027591013999199773,0.026610634355079016,0.030826713186138256,-0.021118912080146008,-0.046585529424438145,-0.03159027601440867,0.034230676753337956,0.03992479111516446,-0.034758471406352534,-0.03893671777211576,-0.009618591849410009,0.053774784537071414
Ершовский муниципальный район,0.024503240019078297,0.026856114355978226,0.007167625683264868,-0.006974964471685512,-0.021545960511263486,-0.012994819603873145,-0.019450110986077643,-0.008161763859110119,-0.016718909784299144,-0.005552181560278324,0.020266842082813822,0.012604888635452161
Еткульский муниципальный район,0.017217713512585928,0.004146286427057638,0.036894473807778674,0.008948914028056322,-0.0070947084119971394,-0.005172131954475339,-0.01494515917376657,-0.008670231418493084,-0.0039456450448553965,-0.0417827024031158,-0.0024542887510992538,0.016857479382324025
Жердевский муниципальный округ,0.043263618545149485,0.03373016603562276,0.0036504987149401317,0.013456773842986268,-0.025096052359255383,-0.009821221983203895,-0.017957277048043785,-0.021340282939423735,-0.00016562204235995564,-0.008690648709254727,0.021319845742829125,-0.03234979779998629
Жигаловский муниципальный район,0.023538426299154692,-0.039401357803394946,-0.01711324705937282,-0.041137916323409206,0.0038171593858434454,0.046927403817609015,0.03962632794976688,0.010528955851426705,0.02160095999097506,0.0018550635869113566,-0.029349991904582935,-0.020891783790927244
Жиздринский муниципальный район,0.010818071039407318,0.0025685360561201187,0.010774889837197883,0.008599702736627083,-0.012882358640348156,0.007841489611204722,-0.01768555109621786,-0.000588412660747909,0.007995249930981843,-0.009277541147342003,-0.023768230118036124,0.015604154451153093
Жирновский муниципальный район,0.008214168746960907,0.0016838020138521936,0.007666952427401635,0.01689194628011322,0.020310212226390345,0.01003527519762719,-0.0101360395623595,-0.0018945522564859161,0.0014673787900416615,-0.014081268955648436,-0.009108817125302662,-0.031049057782590643
Жуковский муниципальный район,0.03706228271190851,0.024172458308659477,0.0055610469141911326,-0.0062800204532770555,-0.027262775202937004,-0.04498208533790646,-0.03725430568270705,-0.008479048673019062,0.01393859223809995,0.013293684054294444,0.032400140528642665,-0.0021699694059495594
Забайкальский муниципальный район,-0.01718724944830979,0.013902514986010094,-0.00976938938610961,-0.01956258807728087,-0.0012850445111835585,0.0234902639983712,0.02175775022726585,0.02539619670126005,-0.008171235856419955,-0.014686573210055988,-0.03115604769024967,0.01727140226670225
Завитинский муниципальный округ,-0.02958259102540882,0.029341949904890828,0.0014072389872794985,0.004154682022148817,-0.013913499697647446,0.012431040555659325,0.019235620023602767,0.018846831126128956,0.019086205464098845,-0.01194292363546992,-0.04621621795559014,-0.002848335769692713
Заволжский муниципальный район,-0.025572800580529676,-0.004938570874646709,-0.0017251527552475283,0.00783721521133214,-0.0025346080157003445,-0.021796109992508254,0.008353439922929095,-0.021813126309041968,0.013070065951439065,0.003159546988824268,0.010744233518644373,0.03521586693450554
Завьяловский муниципальный район,-0.041764133525707264,-0.04265911198793966,-0.04119911371877646,-0.030931933346333165,0.014767089673886565,0.040971466153031495,0.024768619591679336,0.04852613292744352,0.0017764261645341417,0.01645962639175831,-0.00782895197458056,0.017113883651003723
Задонский муниципальный район,0.058386265002426704,0.02800934541057409,-0.004105111580526569,0.013008293527017798,0.0017370421498022724,-0.03223353142919964,-0.029989177905799337,-0.012888452614855248,-0.01043878708301878,-0.014784321202473673,0.005893742594057486,-0.0025953068680051056
Заинский муниципальный район,0.030816031203156537,-0.02236097198818604,0.00011066869920512735,-0.011339388281565561,-0.026806519308039296,-0.015501349295492427,-7.218203757843825e-05,0.01870805897186424,0.021080326568338897,0.03342005260933993,0.013646808627914455,-0.04170153576895743
Заларинский муниципальный район,-0.03299299168881978,-0.02255024710166739,-0.01616837907657259,0.0029238613044624134,0.019320208147693512,0.03226048930201439,0.03195220075675269,0.024211786123389645,0.008472782592667559,-0.02355076423528287,-0.03765484742102861,0.013775901296391037
Залегощенский муниципальный район,0.028571903609452946,0.03377864224239859,-0.008890605026555039,0.013113465216277966,0.004452984183611251,-0.040479151788480106,-0.014541095469175997,0.010370556668347176,-0.015141185252709485,-0.030510107626092766,0.0034322729575401783,0.01584232028538527
Залесовский муниципальный округ,-0.033255986682325135,-0.018119010139181668,0.00011141277459956675,0.00919751986278219,-0.015504429435403987,-0.027783376999967118,-0.02088706449147049,-0.0040356254430747186,0.002000374353916862,0.021862472152458356,0.016666662061443953,0.06974705198622216
Заокский муниципальный район,-0.015196082572310067,-0.023760621473104197,-0.03746402499035428,-0.021518671383847006,-0.019889048267346728,-0.007575815174710003,-0.005017655680544707,0.007083432813488392,0.03809444424146577,0.04270757958255717,0.02962969479883644,0.012906768105869222
Захаровский муниципальный район,0.033572600501633534,0.0718472596432638,0.04247417308478356,0.017276520550958588,0.001362180397416984,0.0023565515018247243,-0.034942886647364446,-0.04279440460819499,-0.0613675637917878,-0.014026065965099414,-0.006096507666318432,-0.009661857001116124
Звениговский муниципальный район,0.0490841863385787,0.01103265405623247,0.008523796323267468,0.011287573312305083,0.0015131720094182337,-0.011657450335204165,-0.006367845422757239,-0.010559167327074048,-0.0018886253312589713,-0.01899790109767604,0.003697511524401742,-0.035667904050233235
Звериноголовский муниципальный округ,-0.015109291130911464,0.030144669114333562,0.011339125577274213,-0.024118008291210146,-0.030979282601342792,-0.019236490190662685,0.003104572731564699,0.013317054246675227,0.030903727441033858,-0.02125820336897205,-0.026570583389593224,0.0484627098618108
Здвинский муниципальный район,-0.02424842549146112,-0.02365172763233065,-0.017594088885505215,-0.027745116885156212,-0.03086459020423858,0.012152811629911262,0.006917310120998844,0.03138059615780814,0.00655998841515108,0.017718424827833097,0.028239194131027302,0.021135623815962054
Зеленодольский муниципальный район,0.02359135201666249,-0.034875485479184926,-0.02658586741426902,-0.002584538554828971,-0.00240529374340014,-0.003368348843506685,-0.008157074763109997,0.005742243724488134,0.02412885414778961,0.01581276766810841,0.01927611344497223,-0.010574722203721132
Зеленчукский муниципальный район,0.029572049285144005,0.029188792277934576,-0.004691972756268403,-0.02316787977639891,-0.008685277364789329,-0.038412276542347905,-0.025485382812257693,0.005132431336718443,0.01051668895894544,-0.012682239718928526,0.0247247479546596,0.0139903191575887
Земетчинский муниципальный район,0.06509482233043559,0.013779772189110433,-0.032580743649722126,-0.031576559321025544,-0.03982422985135417,-0.0439059865744863,0.007281392049277172,-0.01913337759659932,0.009109434473585084,0.025411299904990504,0.026241991184378876,0.020102184861409782
Зианчуринский муниципальный район,-0.019892827072055582,-0.027018702854341707,-0.012299435577162447,0.018293889075611944,0.03458131023548521,0.010815561043476142,0.022387603395401665,0.022817534516378746,-0.0067589976455106416,-0.011390711445128258,-0.011898079626090359,-0.019637144046064724
Зилаирский муниципальный район,0.016251801078875836,0.010235111302524708,-0.012369839687746862,0.0010095821541432296,-0.0011455439454533143,0.014864659703791512,-0.023221448406766015,0.015551178581039627,0.006588965463426093,-0.011281769201669017,-0.005614472866822534,-0.010868224175343257
Зиминский муниципальный район,-0.00759070814570853,0.023791413481423353,-0.01379381807253783,0.021739829372256627,0.004227934531738378,-0.005823514257034954,-0.0007196911267236965,0.003699024862817722,0.004127595267156646,-0.024883244370320048,-0.005076805603978847,0.00030198406091117794
Змеиногорский муниципальный район,-0.025505925825437942,-0.02774136540145548,0.004684070763908225,0.006591597987477556,0.0044765115899499,0.0118245518849465,0.03532796805808982,0.036743661871731156,0.009263422560828358,-0.018195714688944924,-0.019865480841768028,-0.017603297959325144
Знаменский муниципальный округ,0.06519529343578326,0.04572087822324353,-0.002723830998575514,0.0010381070157607537,-0.007033779231678531,-0.03122215721724113,-0.024969274399220823,-0.038833493844660366,-0.05468319526816313,-0.03700713226413828,0.023927451638648678,0.06059113291024154
Зональный муниципальный район,0.05277261071623499,0.06291534328994122,0.03778952561164767,0.006630907670315753,0.005881497044510027,-0.012030473052592403,-0.0061837722935189805,0.0038654511471780378,-0.0502614393323429,-0.03535759069044049,-0.030744980506388485,-0.035277079604544424
Зубово-Полянский муниципальный район,0.038295890917065666,0.017509227271320402,0.015074581541341963,0.004188233966113139,0.006031885166985461,-0.01723422187473765,0.009985491050692215,-0.019085511969611463,-0.024224489261306287,-0.04345951868385841,0.0002303470661191233,0.012688084809875839
Зуевский муниципальный район,0.019168565395460826,0.009158816893082166,0.015100376340841989,0.028988374936555796,0.0019582159991785916,0.008652505470039328,-0.01246279898222878,-0.012010140959571251,-0.02600293801222566,-0.011111364930908871,0.005057829459227371,-0.026497441609451514
Зырянский муниципальный район,-0.04729785326526979,0.02944915023333114,0.015360744269760989,0.017240265102242136,0.006489329317478252,-0.004755479032134961,0.02192340419583024,-0.020976531930087812,-0.0034509063922438044,-0.005406346236674325,-0.01664612850401099,0.008070352241778926
Ибресинский муниципальный округ,0.03416898703723461,0.005206852280408673,-0.03241351593853335,-0.003494568192353259,-0.029102418300273325,-0.010703530346130825,0.011517740528919598,-0.024150639191947945,0.010847267305340514,0.02881594739101333,0.010123884360294237,-0.0008160069339722565
Ивановский муниципальный округ,-0.03913795265648888,-0.02102231728053723,-0.01840505927568525,-0.006927801786581212,-0.0027504740825311704,0.03980605973452546,0.0008935530285666682,0.02568188307444891,0.0012403293966907394,-0.020657021148387644,-0.016132989005090678,0.05741179000107029
Ивановский муниципальный район,-0.03923020780577508,-0.053989968182752104,-0.036190463302450585,0.007101362870957646,-0.027460630410343717,-0.015027466622283277,0.0071365090281494716,0.015603771576147774,0.031200763829664295,0.019227868042810067,0.07259215574169399,0.019036305234181525
Ивантеевский муниципальный район,-0.03493401299316771,0.011288215965444581,0.0129044056748539,-0.005340166816487711,0.016897946052661587,-0.0037931960247445033,-0.009501711388942345,0.005939885949701114,0.00031807518516594087,-0.002180089076903938,0.013963315210169643,-0.005562667737750561
Иглинский муниципальный район,0.008203472744638656,-0.02512658602730171,-0.030404902493248745,-0.03439545041466416,-0.03157530876093262,-0.0014847800513260508,-0.014379404375715407,0.023958295309341716,0.02812874295607975,0.04299621525889529,0.028252932651477106,0.005826773202756156
Идринский муниципальный район,-0.009256458530227317,0.0022892611251168126,0.0165740301870154,-0.0027438043566010953,-0.00972228479099396,-0.000643618998055275,0.013601427461739672,-0.021770903728675597,-0.008307965566378793,-0.0009710575571008033,0.001149142949757967,0.019802231804402996
Ижморский муниципальный округ,-0.04554541563748492,-0.021564136388169463,-0.01278290883792136,0.010388492059614935,0.03613022676923635,0.011783680807138399,0.02461270668267316,0.019949746493819014,0.00032648887722076716,0.0034357791485508616,-0.02048653797890813,-0.006248121995769622
Измалковский муниципальный район,0.030953381676302662,0.004864006127926342,0.004335228783751324,0.0059088951441096564,-0.026320280355532084,0.009907901087443428,-0.01821070371617021,-0.008199266233761405,-0.014232797126315014,0.01316601155106571,-0.0006746664219109588,-0.00149771051690945
Износковский муниципальный район,0.05186916300354335,0.037808670783462256,0.01590304476314758,0.04180263953936359,0.019296915998376026,-0.039759736301597765,-0.0481206988102184,-0.08051429556762058,-0.019542388505945384,-0.01859591959351186,0.027079678364868236,0.012772926326132965
Икрянинский муниципальный район,-0.04353899150830256,0.003778525583298043,-8.956191414819306e-05,0.009513800656941018,0.0026060159204751767,-0.004770265158695012,-0.012342405372448908,0.00782930365872856,0.02959433736679204,-2.6762440889530666e-05,3.556035299452057e-05,0.007410442855254833
Иланский муниципальный район,0.000829178366751906,0.008677376007484881,0.011039900593352515,-5.873531605511185e-05,-0.0013414707413295676,-0.005792827540909421,-0.015115804195775994,-0.0034172874693385795,-0.0038924704123166763,0.007486976676241097,0.01503381926542648,-0.013448655233531526
Илекский муниципальный район,0.032477086912550024,0.004440789130540501,0.02843486830393497,-0.009914107703074257,0.013017663281824878,-0.011758372800179034,-0.025107441981386005,-0.009724840973172935,-0.03109255154233764,-0.014627871754743997,0.011217856491408005,0.012636922634635494
Илишевский муниципальный район,0.039920969329686216,0.006194430994726809,0.013862613349417838,0.018382904061254837,0.01966759013748525,0.0011968999026685124,-0.011455372593526218,0.0025982552197395693,-0.005573368162601784,-0.012540509810200854,-0.0396451092098496,-0.03260930321880056
Иловлинский муниципальный район,0.002918298841545661,0.020915429118972245,0.013575391894599324,0.006763224220713072,0.0029650083112986105,-0.00915856726274203,-0.056201042170772396,-0.0141545694486468,0.010026437244661866,0.019766331763939046,0.010687513972460457,-0.008103456486029057
Ильинский муниципальный район,0.009689530326422294,0.024754830702411093,0.015642339183665283,0.037200289566448774,0.005724627539333371,-0.0003620028287114633,0.030072846835858737,-0.030692943332100868,-0.04061348492587365,-0.027644473497840133,0.04092759837349847,-0.0646991579431119
Инжавинский муниципальный округ,0.02509000992155785,0.0237103622730847,0.016475848898408602,0.01989825345810542,-0.032220388668041285,-0.01209796041172452,-0.02729757853768251,-0.022357266374104085,-0.005294336329225165,0.00894206842648986,0.02364667439525788,-0.018495687052126744
Инзенский муниципальный район,-0.0017499679401394002,0.002489248232656887,-0.0018987654542370073,0.014917218182568172,0.015218272558056635,-0.012002782644872614,0.01696147053454017,-0.002275811906791859,0.005757743292847505,-0.026681409991933018,-0.0030286279326798412,-0.007706586930015629
Инсарский муниципальный район,-0.003782121107748761,-0.009463195221469135,0.007502657609989657,0.0001827734556481516,0.004440722614529478,0.0021152959436950055,-0.002748919206566483,-0.01327414983408025,0.0042078145152181215,0.002819200823724651,0.010244134025836208,-0.0022442136187766446
Ирафский муниципальный район,-0.026456399774650943,-0.016787854241414425,-0.0596693180245455,0.03047671201952252,-0.02080888313442097,0.04667622987945903,-0.053445120604402555,0.020183866091858807,0.03269754753339114,0.03030085730665793,0.045414614745969126,-0.028582251797424157
Ирбейский муниципальный район,0.029390475177668907,0.05264169976102771,0.034416472153710326,0.007616303664546357,0.01958387548285903,0.004034148437712871,0.0125119493305047,-0.01704209145740113,-0.02961853461651983,-0.03350225205985784,-0.05934159557226459,-0.02069045030198654
Иркутский муниципальный район,-0.005606360195999371,-0.03422818589388279,-0.02295458949814745,-0.01941998944120741,-0.004068398482555047,0.010935923747039958,-0.009681075183015777,0.0035625514058857475,0.03547367869490755,0.025414332866179844,0.022573824902424166,-0.0020017129216294144
Исаклинский муниципальный район,-0.03528792363726157,-0.017694370736279046,-0.002775135095026076,0.010627347555404738,0.03956659641933441,0.035161450085144895,-0.022089283100488077,0.01316981879500829,0.00329983784049046,-0.006849429784183335,0.020269389155305892,-0.037398297497450585
Исетский муниципальный район,0.009370246926034036,-0.019137078945781247,0.006378823496310753,0.007153509207542254,-0.02263686998770927,-0.0015526278474165948,-0.007925260227086043,0.010583724647982188,-0.00943962127369248,0.008134808123001347,-0.006014003993360966,0.025084349874176022
Исилькульский муниципальный район,0.005287107616776448,-0.017745322602972145,0.006963527677356886,0.0015577544583126794,-0.018779224948417786,0.012680687521988726,0.01283247546612582,0.01698879461946944,-0.01588580706884199,0.002001387115578351,-0.009694791023817225,0.0037934111684407995
Искитимский муниципальный район,0.0107174484998307,-0.015202825944722054,0.003940158865215006,0.010718027050833896,0.01769391726558522,0.00569614997072278,-0.0020225776864852586,0.011023203991087957,0.014144687066617811,0.0017366822262862716,-0.009997634260505841,-0.04844723704446649
Иссинский муниципальный район,0.05590568071819316,0.041455669759748626,0.033622594129012785,0.00832950654117692,-0.007937937562380384,-0.008810916729546387,-0.029994859431619614,-0.05032648294980543,-0.021659084857862273,-0.053037943249141094,0.0333002524824781,-0.0008464788502544202
Ичалковский муниципальный район,0.023511140471743634,0.01704192042736973,0.029111556496930698,0.031773556183440084,-0.010180573764097593,0.0035658751863297342,-0.0068938405989848305,-0.04777234562094169,0.002638156443876752,-0.002243161505252601,-0.020831714835461184,-0.01972056888495274
Ишимбайский муниципальный район,0.0316718655050067,-0.009405811294647192,0.0059464405931695325,0.020338701092951498,0.007948913621313886,-0.017968974819121478,-0.017469898122367773,0.0012112222053438076,0.0079248047148642,-0.008884464803396861,0.007867891165511431,-0.029180689858627748
Ишимский муниципальный район,-0.005469365020874653,-0.027291974477922788,-0.04908483390467198,-0.0040764059272799125,-0.026171104855599023,0.009986409050882675,-0.004356760148626427,-0.00028334730739266144,0.0085590966313013,0.04265979786659443,0.02299803597435847,0.032530452119230564
Каа-Хемский муниципальный район,-0.06068906166820118,0.02952376346730302,-0.00289542313915166,-0.051556882790691594,-0.004950112872061648,0.0013458654411268329,0.03691899086724818,0.055914723459416824,-0.01406705280223032,0.01814159102877935,-0.022114557679457723,0.014428156687919913
Кавалеровский муниципальный округ,-0.0010370513960376235,0.028583974605843852,0.012583143093658045,0.006288707550954762,-0.0028627575546416495,-0.02964973941715829,-0.007089121358581634,-0.015976272233232308,-0.002175138357849145,-0.00558722497490801,0.010162386789070128,0.006759093252881879
Кадомский муниципальный район,0.005017666198172311,-0.00347789122973442,-0.0003751664484409453,0.005758144134127432,-0.03113205546639889,-0.024156022911272786,0.011383509685520222,-0.024599097298818224,0.018847546660790953,1.1191492337440804e-05,0.02958328675486112,0.013138888428855786
Кадошкинский муниципальный район,-0.03726048336363529,-0.018955858440924366,0.05474887741087872,0.03211756270550471,0.0055181814095554785,-0.02244391644222564,-0.017721431216171233,-0.055090778446450134,0.03472376687134777,-0.00921757390101006,0.023461358490794604,0.010120294922335443
Кадуйский муниципальный округ,0.0591802253553137,0.008265789909540317,0.031124333831626674,0.03014042618386019,0.019747569583441624,0.002255186915959176,-0.02002773173823944,-0.04037984300708236,-0.045758383317497806,-0.018788140171806255,-0.002309270184020241,-0.023450163361095573
Кадыйский муниципальный район,-0.019996565244348005,-0.011045595020856367,0.004602580361978914,0.04629553493544951,0.0013612143232494417,0.03739317443980168,0.01835085461786522,0.020399932890210082,-0.016471073947564092,0.006250240571570244,-0.03186723687458741,-0.05527306105276922
Казанский муниципальный район,-0.007488926033443135,-0.04789559486545846,-0.010394872147786323,-0.011999644912611178,0.0015227935233379144,0.02818218409007918,0.02150001870505757,0.03406312404660928,0.009053217376261927,0.02449190216246096,-0.0197826133147746,-0.021251588629733115
Казачинский муниципальный район,-0.006162239098452493,0.008132688602336579,-0.022436059814264435,-0.002108949953064811,0.03034199300824891,0.01966079857895444,0.029248251425038757,0.03869884514133407,0.006617160523674322,-0.039806003480055814,-0.033819607865467206,-0.028366877068282323
Казачинско-Ленский муниципальный район,-0.03746069161329259,-0.01599319986116242,-0.01777994560815163,0.0087734300534224,0.025841443752863583,0.01967960274131684,0.032144390459289386,0.02647678385164489,0.0024508390807651183,-0.0038887659969918543,-0.026767533285390006,-0.013476353574313725
Кайбицкий муниципальный район,0.04136315555162664,0.009079167392097402,0.0007164647190376818,-0.04649917214670118,-0.019930439041590683,-0.04735342202584122,8.177611134159088e-05,-0.01204168357954951,0.02168605177707173,-0.018589929859680495,0.041794643613825094,0.029693387488362935
Каларский муниципальный округ,-0.007881199627211885,-0.058329880945610244,-0.06500068419289359,-0.05162688335901272,0.00575000866882904,0.04196204769476725,0.04388909023111107,0.04187940784503995,0.028587214654773055,0.016106343885760772,0.009908794337514782,-0.005244259193067476
Калачевский муниципальный район,0.026730588977599716,0.0007670300914134048,-0.009053074367583187,-0.006885238996225355,-0.024524118268418122,-0.03765695896440896,-0.038173701975327747,-0.014206807100711085,0.02107387902663506,0.017859547935608577,0.026350375443886517,0.03771847819753117
Калачинский муниципальный район,0.031231667762935005,-0.008683165656186752,0.0022523367838485093,-0.031086518451495956,-0.01099048613917285,0.003788081262484061,-0.0021294670974433827,-0.005253479210233869,-0.00568755441901826,0.00594234261147525,0.018320382382499018,0.0022958601703092323
Калевальский муниципальный район,-0.037279313412869455,-0.03396104069848735,-0.041300320548371725,-0.017395584876827335,0.02383142706515916,0.03823166941241661,0.005755097548697005,0.0623918185170935,0.017719240889478512,0.004755686769168175,-0.003215109648762472,-0.01953357101669464
Калманский муниципальный район,0.010173536854305389,0.021610165515196247,0.0007680826124417633,-0.05086406239966735,0.015244007152405453,0.011552815515314929,-0.015057269012353762,-0.013003897644931962,-0.011553033458433866,-0.00822031838477594,0.012493083151000443,0.026856890099498654
Калтасинский муниципальный район,0.06855461691434776,0.06349307006827518,0.03630547741676471,0.03929180134190123,0.010453816516767633,-0.046432002480750384,-0.018651820614929253,-0.052433191132071726,-0.023235185504534066,-0.01892493578502727,-0.022941971686101435,-0.03547967505464236
Камешкирский муниципальный район,-0.019655258488204704,0.04727540602720897,-0.005307568692424195,0.02285969209311648,-0.004127032896804029,-0.01851979481022339,-0.0450696234573806,0.010509001535377985,-0.022934563020741254,-0.009171982368532396,0.023498538437604067,0.020643185641003068
Камешковский муниципальный район,-7.345034023260866e-05,0.028966875534427207,0.022934748186499244,0.03377074816342733,0.03116312159101091,-0.00078016612046244,-0.02527227272146464,-0.02905862425440321,-0.030090690695084986,-0.014640728779454874,-0.011647175035967355,-0.005272385528294574
Камско-Устьинский муниципальный район,0.053203339518012094,0.03369729616119734,0.008991411146344008,-0.02271160764118063,0.0030485210464959098,0.05884017785421454,0.003451081050508264,-0.0011726100267533575,-0.008379343684335171,-0.02678581534561289,-0.03487465706491764,-0.06730779301397244
Камызякский муниципальный район,0.01631163114842183,0.03703239585705171,0.011454941190975385,0.021017844442861228,-0.013709396176126667,-0.04555747921637942,-0.05934581824845798,0.01524159181944559,-0.0012358516564573924,-0.020507136164773447,0.00701931191625322,0.03227796508718594
Камышлинский муниципальный район,0.029958596986880942,0.0031634814028102427,-0.0004347465069259246,0.012850911761421547,0.009015125730257721,-0.02834836136306674,0.011681478192954453,-0.022496242433872427,0.014475770401637944,0.018802857615556168,-0.015624884808170397,-0.03304398697948353
Камышловский муниципальный район,0.013954809281472191,-0.03222892075783653,-0.014764813340518823,0.004415062967228346,-0.007656907875398457,-0.0005951225507603878,-4.244443398040949e-06,0.012869160372161244,0.0099222370220653,-0.015551482214007411,-0.02377048318245927,0.05341070472145183
Кандалакшский муниципальный район,0.013288486175376611,-0.03448254944172102,-0.036867621053211126,-0.011493367543382363,0.01658966079900199,0.019309737174904383,0.016463542627953787,0.009787955805372001,0.01755824193768198,0.00807995369649968,0.005598157060252819,-0.023832197238728745
Карагинский муниципальный район,-0.16956905562758426,-0.1230863375863449,-0.12145165551525117,-0.11291517715205912,-0.10299427559114771,-0.009458186107230322,0.029203816656340836,0.20513156916508193,0.13685007871274826,0.13671723606863384,0.09864275323993686,0.03292923373687574
Караидельский муниципальный район,0.010825238630258853,-0.004406204454473409,-0.0041846825763390315,0.014792855997296074,0.03584489108395606,0.0009265517744403212,0.02063274113553897,0.005675588559462062,-0.03400231859390647,-0.021163335044284717,-0.008129932930847803,-0.016811393581100904
Карасукский муниципальный район,-0.019760845019636653,-0.027834002540493626,-0.025933409643450735,-0.006191302143717827,0.0014215925551254952,0.02048805037750097,0.030818315146798163,0.012882014163276213,0.00925572032794568,0.006171846766399171,0.0023455335088727962,-0.003663513498619653
Каратузский муниципальный район,-0.02384132754474714,-0.016441738496681957,-0.01407084616343613,-0.01601878433125253,0.005854658600233318,0.003254424110111927,0.006394755287157282,-0.000430513707345607,0.019527157314218148,0.03462001712259862,-0.0027376282342491563,0.003889826043393228
Каргапольский муниципальный округ,-0.005307287209183872,-0.0026645541668621838,-0.009470947814281129,0.016819379014418285,0.0022333923900676143,0.002452721643083804,0.010715840109682297,0.020790051828477846,-0.016289113603056876,-0.008541331131555953,-0.0024979241978649266,-0.008240226862924907
Каргасокский муниципальный район,-0.008688811499360674,-0.0048470315762353545,-0.0018704513699123557,-0.025674999137784753,-0.0024823000102435124,0.01301914483622833,0.03296947648555349,0.047536521602095254,0.007687802563572852,-0.009117926033345136,-0.02442597326753716,-0.024105452593030968
Каргатский муниципальный район,-0.04168493441941097,0.004317109193453402,-0.0114502554194057,-0.014953348650913526,-0.008095666047145865,0.017058318329810786,0.00307633671701708,0.013529993589914791,0.032415804725981864,0.015103109174201943,-0.0027542520974843483,-0.0065622150960194655
Кардымовский муниципальный район,0.0165224905983538,0.011841986400496003,0.05653145701532976,0.002980136060055619,-0.014790673462453989,-0.03221598294272107,-0.02333112512935177,-0.026562167889022312,-0.021497629809157807,-0.014914945304389114,0.03077503074189179,0.01466142372096908
Кармаскалинский муниципальный район,0.05352857956236182,0.024502805090953584,0.027509854361358003,-0.0013339986202995611,-0.007370892456432243,-0.015313264141941696,-0.03993053787548481,-0.020412986377779566,-0.03078514029595989,0.008685568867502345,0.004968266834125773,-0.004048254948403737
Карсунский муниципальный район,0.02003855663962108,0.03841966151248043,0.02260989904071536,0.01581559241364184,-0.004510446210470226,-0.02026884662935516,-0.020945406610422643,-0.017207771746960587,-0.0006356906737584773,-0.014884329947200313,0.00033718304752382864,-0.01876840083581513
Карталинский муниципальный район,0.007976110354088928,0.008487886033118348,0.014814076640001604,0.017605651879823374,0.007715149836655501,-0.01582484562573876,-0.011188053372380628,-0.0060138148198795125,-0.01306397990025999,-0.010187197381720135,0.0023836056752854114,-0.0027045893189941335
Карымский муниципальный район,-0.017698832624147245,0.008616528173532562,-0.0019746789296376365,-0.020294580403936592,0.02589472113099449,0.037733994031657433,0.02402962852241147,0.023946234292717004,-0.019406017148253053,-0.02887903143382766,-0.03929856640552475,0.007330600794013993
Касимовский муниципальный район,-0.004913871234924852,0.009991987170884977,-0.006431185762768164,0.0002917011489603216,0.012090727681041304,-0.008548794375091696,-0.010950341402518804,-0.017979364675775548,-0.020590752370572098,0.01170494222303285,0.042601765859115626,-0.007266814261383918
Каслинский муниципальный район,0.02254617983832765,0.0036630236527004246,0.0062402567453861794,0.007299912558096352,-0.0014896821801015318,-0.012321641423362294,-0.03140592708642239,-0.002402982232663738,-0.0017930424904637355,-0.008469578393680663,0.006624376397774035,0.011509104614409713
Катав-Ивановский муниципальный район,-0.003290606741324525,-0.00790560069483411,0.010171750997520441,1.3043809921016013e-05,0.0006109710400432722,-0.011880946952448934,-0.0029694090659902754,0.005116790387654321,-0.004623076090964634,-0.0026680042222394524,-0.000924883693589613,0.018349971226252496
Катайский муниципальный округ,0.0036101739041952997,0.0013660207317560845,0.027636225039891254,0.01610170921270307,0.00938864556846795,-0.014091644471835914,0.0032365326692730435,-0.00013914699118916128,-0.010374593622709975,-0.016619034313235456,-0.0010456339776477724,-0.01906925374966842
Катангский муниципальный район,-0.13370725460810048,0.0004684794273848922,-0.06128513971511472,-0.07023461782083021,0.017044744248701997,0.09570951835813965,0.12175255449557962,0.083476086613747,-0.010183771329354198,0.03615480382874408,-0.05363779062860881,-0.02555761287028885
Качугский муниципальный район,-0.05669040932212219,-0.014166027242712508,-0.0018107034386464667,-0.01696178119034749,0.01658709748192182,0.019958894733697552,0.019562680397949374,0.030768647232080233,0.010216896670500488,-0.01111526586494925,-0.01397925188332205,0.017629222425950483
Кваркенский муниципальный район,0.03295649189269188,0.03179836945568772,0.016581043513839797,0.03057898624206357,-0.0029674911030294748,-0.022014545323943494,-0.005595177626031789,-0.011732370985582646,-0.05103159518468211,-0.013842335866649073,0.0069249782028926125,-0.011656353217256983
Кежемский муниципальный район,-0.04657800159297273,-0.02787816697176864,0.008495236613429947,-0.015177143561051395,0.03187912363191929,0.034382555904975035,0.04106845576249358,0.01464430615264,0.003928428938537785,-0.010205663776590327,-0.014991763832343272,-0.019567367269269286
Кемеровский муниципальный округ,0.024151181760955428,-0.034945068731339596,-0.023644116665243128,0.007297662714148382,0.013831897459344326,0.021986538307664658,-0.0024691753410582776,0.0011525712137142037,0.00875461816763435,0.018962658355659186,0.008176247880422713,-0.04325501512190224
Кемский муниципальный район,0.009891699252744619,0.02513149662737065,0.014652375070173279,-0.011611572375062922,0.015424177040933577,0.020592545519606303,-0.025282220918948536,-0.012036421026800031,-0.028547270848558192,-0.018259546035718274,0.013252319314347156,-0.0032075816200876333
Кетовский муниципальный округ,0.01615456470883657,-0.008168102807400313,0.015990063477784127,0.05060721632020345,0.02528777693095597,-0.0048167587494346055,-0.00340861255419524,-0.00375668242948476,-0.0009532811930310003,-0.05488195534608542,-0.00017389162479450218,-0.031880336733354275
Кигинский муниципальный район,0.04700133302775554,-0.0038527551439543582,-0.00057739039385174,0.0012805736496327297,0.030300682319633,0.01426022120918168,0.0044775511100629654,0.00487270225434432,-0.03407432950117229,-0.03376842109539226,-0.032802851946790265,0.0028826845105506885
Кизильский муниципальный район,-0.013141720283953655,0.04605221918451757,-0.015621112762524182,0.026652286842347026,-0.030281808813784512,-0.03629977211460092,-0.0032659175109374223,-0.018604498115508447,0.019007781823647638,-0.016317247667672702,-0.006143731731917723,0.04796352115038732
Киквидзенский муниципальный район,0.005637480821060719,-0.0016614317426817988,-0.022681747718184774,-0.0027887770725086255,-0.007254556997091248,0.020642130536507618,-0.02591923779126229,0.03677813990290943,0.003216542152481674,-0.02326601466319712,-0.010216051044626953,0.02751352361659337
Килемарский муниципальный район,0.016504887409997792,-0.014674789084596353,-0.0132073592542899,0.0218619191385569,0.017449553229462633,0.02802434529295412,-0.02275501971851155,-2.5125077212554466e-05,0.014864185966463925,-0.032989240781936,-0.0012479176510606176,-0.013805439469828392
Кильмезский муниципальный район,-0.04298222792225423,-0.0024659668876584346,-0.01049263525649639,0.00165900517870635,0.030441312409076694,0.01638011783290016,0.03450995530335029,0.04948980990482088,0.03271057609886514,-0.015258280695994168,-0.049271684343955485,-0.044719981621360816
Кимовский муниципальный район,0.01591568736723209,0.020431435441477186,-0.0075440049808917845,0.002623372595248777,-0.032548285010450616,-0.014683323389491097,-0.02160178686502309,-0.017343717230857543,0.006381425943972785,0.011873696243745345,0.03140280153772048,0.005092698347317459
Кингисеппский муниципальный район,0.002561864875287716,-0.038732048749188876,-0.039032956113871226,0.0036215947897835546,0.01940563596099749,0.00883086997726132,0.0012611500556729694,0.006923937361077798,0.022441172010810237,0.017087828273841983,0.012996494771140139,-0.017365543212813094
Кинель-Черкасский муниципальный район,-0.00650082105373315,-0.006588806380912536,-0.00915178194604167,0.007339381612218152,-0.012443087537839305,-0.006147875702912928,0.007006227279247074,-0.0013558606270021223,0.015500174614997366,-0.003420178673881093,0.00553528266295387,0.010227345752906342
Кинельский муниципальный район,0.04695712016684347,0.02496493035918732,0.04538736533706208,0.0005155554879516661,-0.03463483355280718,0.004458000559192522,-0.004281646429457362,-0.045041380769969164,-0.022271494938147986,0.013136649106686774,0.01155662390972935,-0.0407468892362715
Кинешемский муниципальный район,-0.016402127114211913,-0.010011578382621471,0.0044617191842567985,-0.009738264730898458,0.0048267138549236074,-0.005522417991225314,-0.020433072236106332,-0.0012557347520896923,0.020487373306993524,-0.020419196332300205,0.003468549329582382,0.05053803586369706
Киреевский муниципальный район,0.0035145095874000733,-0.0028116996151111664,0.003108593234376968,0.01834092408344233,-0.007574432222763256,-0.0058246191841340045,-0.0035676427170971753,-0.032999608642208626,0.00673981256012542,0.007591701078143404,0.021886360515904917,-0.008403898678078888
Киренский муниципальный район,-0.06422015745951422,-0.011432218003204736,-0.018683189302418957,-0.050284296446523255,-0.008921460102237343,0.03447983063041614,0.054027659891005574,0.04688489140155504,0.011534978976264262,0.014056432193465706,-0.023663616266027615,0.016221144487219404
Киржачский муниципальный район,-0.033819981283508695,-0.03367713867403915,-0.03235563791958082,-0.006039930373976038,0.006390698811087428,-0.004504311863064334,-0.002723564254534322,0.015172891793459289,0.037062261650000206,0.025667241541558042,0.02252641023112688,0.0063010603414715115
Киришский муниципальный район,-0.013800360965860625,-0.03145521902829627,-0.015366804034507353,0.01651636832551049,0.024794837294763422,0.0036028079570412245,0.0011135292599791092,0.0015562983628458213,0.016370353935596486,0.011631069099349106,0.011625490283243523,-0.026588370489664934
Кирово-Чепецкий муниципальный район,0.04683803148598849,0.03438958104671459,0.013019882836033945,0.023033757428800476,-0.022885104870050372,-0.008668180661719318,-0.034444809679367874,-0.026030980610356576,-0.0030241064687457995,0.019223249687500693,0.008144233146266546,-0.049595553341064816
Кичменгско-Городецкий муниципальный округ,-0.01263074016536229,-0.014011996070654092,0.019697686740024197,0.022023169866199715,0.02759740054966259,0.01437841812287814,0.016059205797791402,-0.0005849438796605661,-0.019341883151191903,-0.024712720096219845,-0.018151679083859555,-0.010321918629607782
Клепиковский муниципальный район,0.005463297132329333,0.023622164851133953,0.009821577642190165,-0.02053159312688174,-0.02699798421786886,-0.02512798306763432,-0.015321982282063676,-0.013003330555002527,0.02479170845382182,0.012279748176001682,0.021368336775782957,0.003636040218191215
Клетский муниципальный район,0.021965726109696097,-0.00942425182185371,0.013627414446947008,-0.0030934133069338275,0.004025552933177343,-0.03915624993976114,-0.04969391705292256,0.016882614717250628,0.0176814059812468,-0.015130575226444912,-0.006857802352138293,0.04917349551173656
Ключевский муниципальный район,-0.028992320665713996,-0.04499056126748237,-0.020779855343172213,-0.005278729034830183,0.004733182180236373,0.03830116432949934,0.03557039159312078,0.027827690739231765,0.007530110348953531,-0.01489771603178763,-0.013631011862361517,0.014607655014306114
Клявлинский муниципальный район,0.007205735170628391,-0.003116113583463382,0.02865059984469899,0.03802565003156769,0.008621076220968528,0.034975451557930796,0.0263307730023102,-0.004815829754328406,-0.005992639925387255,-0.041546472691588,-0.03963461036517675,-0.04870361950816081
Княгининский муниципальный округ,-0.0015444976802341664,-0.009595261951451665,-0.02404674472651422,-0.030396228519728473,0.004629484601483753,0.0018869399625673967,0.02755867293811905,-0.0016466742176764865,0.024089890470090795,-0.012714260307553602,0.004227667837359707,0.017551011593537894
Кобяйский муниципальный район,-0.06696058356650647,-0.016540669777961325,0.015171754129599015,0.006575991487544189,-0.07530433453623603,0.042247881955717256,0.12264893447305639,0.09750646714607869,0.01091693591407478,-0.12169743602693506,-0.08585412542775492,0.07128918422932348
Ковдорский муниципальный округ,0.0007251533416525596,-0.0392332046608921,-0.0285735263700511,0.03054544498661512,0.0527613804654885,0.040744396620655564,0.03748601242400729,0.0019681996355172177,0.01661349450051101,-0.02447604640629827,-0.04310994223422755,-0.045451362302978235
Ковернинский муниципальный округ,-0.013808812994982718,0.0038327936392550167,0.019886845585996148,0.015616027807278962,0.014726918248153226,0.002136988799084699,-0.0018873527617836242,0.00883382300187221,0.029196382210945903,-0.008650258299005458,-0.023728181320291766,-0.0461551739165226
Ковылкинский муниципальный район,0.006053605590474654,0.008705630498588378,0.004334315837580585,0.013818821336890634,0.017583552849837626,-0.006275042905598592,-0.01189700954335695,-0.009359106610083209,0.01049760446177008,-0.00733113770130773,-0.007254045705479312,-0.018877188109316167
Кожевниковский муниципальный район,-0.03919926994889225,-0.002106020209987132,-0.007716547375886077,-0.008627836268610902,0.0085680938112027,0.014293313185742928,-0.004041908926233981,0.04005954158199038,-0.028645370707187996,0.013716425571582909,0.0218150161225278,-0.008115436836248375
Козельский муниципальный район,0.03946575751203858,0.033070414699396866,0.009707600535826155,-0.0019829277182868248,-0.026715448134050725,-0.04755262584525392,-0.03399834858419424,-0.04433414682776979,-0.0028933441847663628,0.007760647868725209,0.030866918692222606,0.036605501986112426
Козловский муниципальный округ,0.07068345431731743,0.03571634473422772,-0.0006693070175917103,0.011036252799903295,-0.006163692001130924,-0.017718340994191093,-0.032370601661307,-0.034086051789338344,0.0008421812699732044,-0.031788761384789754,0.0027460902980066784,0.0017724314289205077
Козульский муниципальный район,-0.014890187493779992,0.011748431103854703,0.007776020830848002,-0.00014305345752494447,0.008329144755507195,0.012851306292302493,0.05550807970947729,0.0029212353652430583,0.006941207496359677,-0.04522889056385028,-0.04547936761881847,-0.00033392641961873387
Кологривский муниципальный округ,-0.06769158810963889,-0.03191135805026739,-0.03644113100080021,0.047578069556147316,0.02031798567449898,0.03982466597339508,0.02480140360141909,0.03142368822149247,0.014105588665303856,-0.008319013242838166,-0.005391291634544512,-0.028297019654167636
Колосовский муниципальный район,0.010577830827677019,-0.022936486603818293,-0.0022697457392142992,-0.013355150812806997,-0.018698104012859585,-0.002410814688148342,0.011833696302664823,0.012595557930767037,0.0005849700735234322,0.017931193098759134,-0.0029337462829006344,0.009080799906356709
Колпашевский муниципальный район,-0.0017267498714428654,0.018837838769020884,0.022126674453845842,-0.014510590850177063,0.0058555810934105045,0.02197690746690423,0.014375482260223579,0.008274082084218346,-0.007950605741335617,-0.018933301894441652,-0.029993233710503563,-0.01833208405972261
Колпнянский муниципальный район,0.09419427096476318,0.05480183279291736,-0.005351525074391409,-0.055072360373947846,-0.04448983113491374,-0.03596551638259228,-0.05013602525718363,-0.0013197998104597965,-0.010709487034194314,0.03141702759804437,0.02068255339207003,0.001948860319888071
Колыванский муниципальный район,0.0039846438196495075,-0.00880904453042104,-0.018468837442575662,-0.05754595571033809,-0.026976718034952163,-0.009958345736470076,0.002616149334741461,0.006129351289779839,0.02948309782541076,0.02098626086348253,0.029320390927889472,0.029239007393803477
Колышлейский муниципальный район,0.029298956991987514,0.04134668900301549,0.012655439384691158,-0.025087031981720992,-0.001740759512464751,-0.021800333043845946,0.007904112925437646,-0.006021678715048252,-0.008494899097909556,-0.031059838718493472,0.009617512483009742,-0.006618169718658581
Кольский муниципальный район,0.0034589508190567032,-0.02220850424113254,-0.024880089028942075,0.006178375871605272,0.022235611399445313,0.029706033588631775,0.018372980314873572,0.011173368139434514,0.000582559623117127,-0.013859070661233404,-0.00019368277662923787,-0.030566533048227016
Кольчугинский муниципальный район,0.016421695441529778,-0.012105121845367512,-0.0045136841802432045,0.006279488274082775,0.011305822406334397,-0.02646661165523133,-0.007353347036103869,-0.010076074887539341,0.009971096150934644,-0.0033050557720154263,0.009250822230443653,0.010590970873175436
Комсомольский муниципальный округ,0.05346770511333563,0.03812730671124681,0.003188988860112759,-0.019058214880894448,0.00497995224906447,-0.020142392659533662,0.03857148573031537,-0.035490870493442184,-0.041701844634992866,-0.030412486718892743,0.012522920237707276,-0.004052549514026416
Кондинский муниципальный район,-0.004844219138654712,0.015339973792390384,0.02368647346833271,-0.019569656055496293,-0.00891993504042258,0.017831040640578538,0.016567964533068615,0.014673724244589188,-0.011502514997449436,-0.02201655553462418,-0.04655145588912678,0.025305159976814547
Кондопожский муниципальный район,-0.003697966826889488,-0.010025695215219125,-0.011635356093894347,0.033128914016658406,0.03774178322946259,0.02574771772428336,0.014470968972042524,-0.006047198143086892,-0.00010305293060057291,-0.013044502591697552,-0.013109149726505233,-0.05342646241455366
Коношский муниципальный район,-0.03382948446488976,-0.009345459585754749,-0.004833323421205135,0.006042078022363182,0.043046603184423916,0.03699943255711523,0.022941704950980267,0.010337068856472682,-0.00412575492655336,-0.015232920156236887,-0.03476562482512828,-0.01723432019158711
Кораблинский муниципальный район,0.014724879938795751,0.02478904298743796,0.015313882473117183,0.008502213668614197,-0.02243587610504605,-0.0361076138183154,-0.044849938687876414,-0.03422963556011923,-0.004535569288162966,0.03243393794149382,0.032003165843559424,0.014391510606501713
Коркинский муниципальный округ,0.013661732092562584,-0.00615899769544064,0.006884031440835129,-0.023850292188122596,-0.03419890135668009,-0.03766036878157197,-0.03661458010331333,-0.0058124446501074,0.019382533474305488,0.0472481102363825,0.03911348041514941,0.018005697116000925
Кормиловский муниципальный район,0.034558412164821826,-0.02142338900996429,0.0111245299624149,-0.019251776467939567,-0.02740679562561365,-0.012067452507096113,-0.011079837718107242,0.016365263716184915,-0.009731661893469721,0.027912306663762085,0.01224672550276776,-0.001246324787760907
Косихинский муниципальный район,-0.03985332415900544,-0.007296873641337565,-0.02360357739235734,-0.01776028500356581,-0.007354301105160261,0.03533269428029146,0.03188610845100795,0.005609465506551503,0.009704654057284816,0.025160300769365037,0.004720424141921491,-0.016545285904995835
Костромской муниципальный район,0.03347610652988463,-0.011964239423253831,-0.015053655220059789,0.014126049820185173,0.012240611962824456,-0.011321490146231034,-0.019408794772256457,0.005085501522130599,0.009696172666012873,-0.006907699513525387,0.011840834113220539,-0.02180939753893177
Котельниковский муниципальный район,0.015056587310774456,0.0037138219800588223,-0.001496486540194427,0.01519379836293171,-0.01064743177696143,-0.02917596889235742,-0.04878002058814432,0.011886535495566208,0.011239059712028033,0.002034051770543182,0.007633207574369636,0.023342845591385553
Котельничский муниципальный район,0.0073928291677804875,0.02115978118802102,-0.031288248723701416,0.016585460533506752,0.014570120163900843,-0.002675111163950657,-0.017558417223206498,-0.040751779396760314,0.00234383257051177,0.046572096580043354,-0.009887017489815783,-0.006463546206329562
Котласский муниципальный округ,0.016079263381228094,0.03233534713409074,0.014678854975029172,-0.0026946957889538107,0.022816691526955188,-0.026754367941034706,0.03037554888890947,-0.0001392826800643513,-0.04387054290605727,-0.0397041044428923,-0.01685188933764812,0.01372917719043791
Котовский муниципальный район,-0.001195795179684444,-0.001339116803309315,-0.017650409820957516,0.0032142152151593234,-0.005523449781497362,-0.0021775899101715555,-0.007883924345699527,-0.00032928523909989756,0.01993638058054257,-0.011306173762629278,0.0076695389781841206,0.016585610069162888
Коченевский муниципальный район,-0.009421746644794076,0.015641772983698947,0.005185414718091647,-0.026935447701240987,-0.02294755013918423,0.00903596476461004,-0.00012717164722681525,-0.006002587572572479,0.0026027910482936158,0.011272976876749427,0.013708912000287884,0.007986671313287022
Кочковский муниципальный район,-0.04636765417068579,-0.026745122028273626,-0.058849845735758036,-0.05161089779028813,-0.014892241456591654,0.030319619900355272,0.026619501456415173,0.039136027973485026,-0.007272764233197761,0.04573934112997552,0.04111075042702038,0.022813284527543623
Кочубеевский муниципальный округ,0.04036272968129355,0.004528122379435338,0.010334374338302078,0.01295822930725963,-0.030695958727827648,-0.013164887057631846,-0.02940387108269914,0.000794492680236434,-0.0033350225187678785,-0.015771180480720976,0.004982617216872239,0.018410354264248217
Кош-Агачский муниципальный район,-0.07199535938524476,-0.06209602097640629,-0.06679118913666987,-0.06523627300071837,0.01124745410855178,0.070189914487516,0.0749120621614415,0.06924851453836187,0.07448541560250514,0.03621197188943669,-0.015355276258776846,-0.05482121402999683
Кошехабльский муниципальный район,-0.019713141900028652,0.0005825186902115934,-0.03543952137205301,-0.000285862865647836,-0.0325269072280602,-0.01779810290314526,-0.030954505352484347,0.00019324497527180035,0.02407221306467673,0.025595593532984864,0.03836781996906279,0.047906651389211526
Кошкинский муниципальный район,0.010723375931591018,0.009811409164148924,-0.01422369847055596,0.01922376621610659,0.014093445747582853,-0.028423602654307514,-0.008687312056838491,-0.017900861748978814,-0.008981703553189054,-0.01443487465332831,0.011191201088324852,0.027608854989443904
Крапивинский муниципальный округ,-0.04360828118558231,-0.06906240601599808,-0.03527540648065964,0.010589498235485318,0.009368796994566171,0.03247850057242453,0.044693859828626004,0.02698780798837202,0.024791042416700937,0.015738464696253316,-0.007466588739954616,-0.00923528831023364
Красноармейский муниципальный округ,0.024843479120974538,0.010145945593102165,0.012918750972780177,0.00903124436319785,-0.007673797960595366,-0.024698444865558725,-0.014552356067477915,-0.007885046288359659,0.0029947836747334865,-0.002427556030979953,-0.007093098439838219,0.004396095928021618
Краснобаковский муниципальный округ,0.003747570494382484,0.008756624345274033,-0.007595958799231068,0.0048667683297248365,-0.0008511725273032207,0.0012534220599238679,0.00993945803798123,-0.0027710530426541683,0.00592958843725293,-0.016174414457251412,-0.01322104968069472,0.006120216802595205
Красноборский муниципальный округ,-0.02610145869639172,0.025524760771734323,0.02757513100463604,0.004720814926268393,0.023135460609716343,0.022118302152147443,0.004000593612162284,0.0091852920712962,-0.022344926123813873,-0.04198451680851659,-0.012235582950780057,-0.013593870568458784
Красногвардейский муниципальный округ,-0.00017769177532470266,0.011277925100383055,-0.022098830401489994,0.009914546919195147,-0.03281053078728864,-0.04050098059454411,-0.020031744590605513,0.04811217411933473,0.02038188888096769,0.00892399723537925,0.007334921334487532,0.009674324559505544
Краснозерский муниципальный район,-0.02089237697646872,0.008307314147478156,-0.028782633491271373,-0.018410659280508387,-0.018330843961705173,0.01651713940934718,0.02465477908594304,0.021596761754067426,-0.006612800492709948,0.006151511904673452,0.010200647515857399,0.0056011603852969515
Краснозоренский муниципальный район,-0.0015895028051580236,0.023793962285703015,0.013557658431173502,-0.04420981327021622,-0.0028697284636825943,-0.021955119139963352,0.011105120082405003,-0.013663457715042642,0.00929615125989415,0.01484113955755021,0.02809424225306106,-0.01640065247572411
Краснокамский муниципальный район,0.027851035092348035,0.031941706169258705,0.040344424100519624,-0.021568985260858185,0.013365703157485588,-0.0323621641553989,-0.0229748900107428,0.01665159889188992,0.021014773810286234,0.011188259355673148,-0.00027421334324896304,-0.08517724780721239
Краснокутский муниципальный район,0.017718545158139257,0.017681085399258743,0.008027599012624564,0.019838808173958885,0.00046140615440216394,0.018807031308699484,-0.018552355085413114,0.0008564265205787394,-0.01563268773523758,-0.011986350800414571,-0.031083915661028284,-0.006135592445568307
Краснооктябрьский муниципальный округ,0.04478706675028671,0.0033873087855396146,-0.01358722855028897,0.026610714653976845,0.018777911865704856,-0.027672060389567057,-0.03043965094515766,-0.04169682567186156,-0.009805442506929982,-0.009835335711834304,0.01732488993900615,0.02214865178112536
Краснопартизанский муниципальный район,-0.03526170816891134,0.047664450188993256,-0.0023706582495289126,0.0038045111667753314,0.0025578086440555432,-0.004179800089314727,-0.013416866455078606,-0.017446580545568188,-0.021004375711034508,-0.014127271455007936,-0.006018693247754868,0.05979918392237496
Красносельский муниципальный район,0.0313140471332676,0.018503306136771078,0.020647546806212853,0.052201402971443454,0.006057677719199275,-0.008211115340376786,-0.015154929736349658,-0.035708713421034696,-0.03298311346562005,-0.03562758786060949,0.01846838213219296,-0.019506903075096536
Краснослободский муниципальный район,0.009677698782080607,-0.0015427825901994496,0.03565623113059269,0.013915499723718064,0.011550639185323112,0.004467773865772743,0.00578655951835994,-0.0177189216128476,0.019156767851028232,-0.03542935333046787,-0.03213830601616493,-0.013381806507195539
Краснотуранский муниципальный район,-0.0074426675283221,0.004156072119504046,-1.4605779764172286e-05,-0.0073034199960901915,0.005963064410568669,0.01870507939173841,0.0024775939619714315,-0.0071077878341424885,0.010589107676299545,-0.005983169695429329,-0.01033894498863145,-0.003700321737702371
Красночетайский муниципальный округ,0.04813607263528029,0.006738611323301766,0.0038877521859373293,0.0040320939469964175,-0.0008428984230973609,0.004666019858340861,0.007784320937355574,-0.018456170040672088,0.02922012053172514,-0.01237981455235947,-0.028234610440848892,-0.04455149796195958
Красночикойский муниципальный район,-0.042855132461107816,-0.017250804008713507,-0.046680721407829084,-0.039969974597156524,-0.001663911748049092,0.033695343481968835,0.05447743840045902,0.03629839756013925,-0.015909049350414133,-0.001272272698116069,-0.029129120150213125,0.07025980697903221
Кривошеинский муниципальный район,-0.009729346648432958,0.019444641373950283,-0.014347040390670316,-0.024794981852608023,-0.009182907659408837,0.040377114774999875,-0.00491610531863053,-0.0006223239042060281,-0.0028738146570667323,0.009118774073769237,-0.003135555034359411,0.0006615452426634409
Кромской муниципальный район,-0.004602142193591268,-0.016631240623628245,-0.016579797794979204,0.012493260571258972,0.007635856718873938,-0.022084565938457035,-0.04327443878679365,-0.034836685383772374,-0.004811629657428044,0.00721442445862344,0.0502006921790272,0.06527626645086626
Крутинский муниципальный район,0.030295157166557844,0.02023885505438486,0.02502349677275217,0.018464521132585274,0.005154247104254919,0.0019381746018658774,-0.015122563073365923,-0.008254789635166394,-0.0335188050383588,-0.01907703187791758,-0.021863301396901055,-0.003277960810691191
Крутихинский муниципальный район,-0.02664222550536486,-0.010577066498530829,-0.03528971432458486,-0.03253344245999008,-0.010378678032072835,0.01970854756034853,0.07411175366192871,0.01264928124531052,0.022504764005993688,-0.00284644209060337,-0.015749297784823046,0.005042520222388439
Кстовский муниципальный округ,-0.003518423056824517,-0.040218694671972983,-0.027472779051693517,-0.0027743763318240884,0.004034458306326533,0.000676249717972058,-0.010577581115309508,0.0038280664856487627,0.02928596804393184,0.02192360351698276,0.027719268196210522,-0.002905760039447876
Кугарчинский муниципальный район,0.00920258686659274,-0.0073146109584414035,-0.01133333389320559,0.031321798425157435,0.021542062624694006,-0.0011039902791554965,0.01540614257480166,0.021252845308377635,-0.0149609239156911,-0.017379444715019926,-0.01850363309927849,-0.028129498938831463
Куженерский муниципальный район,0.018053315997345352,0.050500679047909454,0.014521843658293069,0.03829950604353195,0.0008275393966607203,0.021346966352717003,-0.00962054515317015,-0.047986318940937245,-0.020048995826565247,-0.03802311237615553,-0.011885799108315317,-0.01598507909131406
Кузоватовский муниципальный район,-0.011265131007675028,0.002585283886238004,0.012699734750185074,0.00799307776202936,-0.001421142297181716,-0.0054861345711960455,0.0024941889066423884,-0.005666831705679282,0.013490636489404432,0.00681555804277374,0.01292187871491345,-0.035161118970454375
Куйтунский муниципальный район,-0.06999550801679924,-0.012403398726832993,-0.029331223583872277,0.009009273634056004,-0.00453249360280086,0.04109941636074145,0.028891115209262606,0.012991271815591439,-0.0069046419013033,-0.00021025114236274296,0.0005687095991962232,0.030817730355123692
Кукморский муниципальный район,0.07154671023694312,0.004175271856378469,-0.003575614860525045,0.011632126836342183,0.037374206149433147,-0.018425821777234105,0.012768555755290008,-0.013030892892504998,-0.022866731762642138,-0.020967422958302343,-0.007166803303073607,-0.05146358328010471
Кулундинский муниципальный район,-0.02828377223504617,-0.022047938562872252,-0.03675493567650279,0.0011656426856646081,0.0031004181893668475,0.040406506392996824,0.01684989261615904,0.025743273291452314,0.01465212915462296,-0.001630650000423047,0.0027566307657855703,-0.015957196621203897
Куменский муниципальный район,0.03591558783412892,0.052555384342458045,0.05819379914357367,0.01985515653204214,0.0038436019901988,-0.010166283897661738,-0.02159164072719745,-0.038605320280867994,-0.031801087414629024,0.01619909570615984,-0.018815732528460923,-0.06558256069974427
Кумылженский муниципальный район,0.0023317241226230526,-0.004537171129222943,-0.03990984722067951,0.004264633370106942,0.007358583652972253,0.008302720836928287,0.006113763473397103,0.004982223050763141,0.01174435620003426,0.009595155623646363,-0.03080427600520104,0.02055813402463209
Кунашакский муниципальный район,0.010051458489775627,0.041890693007108896,0.026181129868366817,-0.01939586705442699,-0.018162845211897507,-0.047904337658501495,-0.008036816896674036,-0.01448068591822483,0.001107249890871097,0.006272286525400965,0.016147250592093095,0.006330484366108356
Купинский муниципальный район,-0.03533692799103502,-0.00958820918046658,-0.017547895316205594,-0.005199619508273329,-0.007197597172224299,0.03112273583273671,0.027215084482554098,0.012097348168189873,0.005170079344255922,0.013456829891043257,-0.0035364300920019062,-0.010655398458573129
Курагинский муниципальный район,-0.003247173913842825,-0.008083674260134219,-0.008153424714349947,-0.008681020515157442,0.004923565434794455,0.0201473833468339,0.012207804762138088,-0.0025117257724782548,0.003914757883393191,0.0009778378382697453,-0.0053191960495416486,-0.006175134039925041
Куркинский муниципальный район,0.012726116739544345,0.019875815530085227,-0.022204826141495975,0.0263163579067739,0.029785958689255272,-0.012134069609916927,-0.026278486321952493,-0.04168117713795157,0.009222905480638522,-0.00046934747962787664,0.011367159605441669,-0.006526407260794088
Курманаевский муниципальный район,0.019936510007460318,0.030505514618392144,0.009359772553386827,0.011643306407919534,-0.058632192881853784,-0.032842486811449086,-0.021634550279307344,-0.006899102393081235,-0.01294412224583803,0.01636665458613233,0.047628629869027744,-0.0024879334307894158
Курский муниципальный округ,0.02957097682858783,0.024577209337253013,-0.02547307063622016,0.0031541097502150164,-0.004358212258529916,-0.03429577259640031,-0.04223541246331448,0.025122549473783215,-0.004198610603420843,0.004456460598500337,0.0222608873374745,0.001418885232071801
Куртамышский муниципальный округ,-0.007372259681268436,0.008507543298060428,0.007066345259686836,0.009836199072902686,0.006048587066486856,-0.00827074924291839,0.0005124193926996397,0.016161340718406945,-0.0053729725773463905,-0.012477314443864244,-0.02459302528047977,0.009953886417633836
Курьинский муниципальный район,-0.06019020833708691,-0.05998941657660179,-0.03845144268403416,-0.010403456505070968,0.005845736659775051,0.04680558003341248,0.04408288440267679,0.03196681254455294,0.027515240959106808,0.011621626456995961,0.006804739847203237,-0.005608096800929463
Кусинский муниципальный район,0.008127508129426461,0.010723731569023225,0.03147827567373544,0.008959819427686335,0.006004482903415245,-0.0123889696839639,-0.03822570487003181,-0.020727568258116804,-0.0119244534151435,-0.0071987592093278145,-0.0048490102634453774,0.030020647996742495
Кушнаренковский муниципальный район,0.012053641607138448,0.019241606871236116,0.033719839747626205,0.03740598801743993,0.02074014697814458,-0.0025574095935285736,-0.007936693891359332,-0.0032076029961358313,-0.02666466471158653,-0.015200791963396005,-0.051859864155744874,-0.015734195909834152
Кызылский муниципальный район,-0.08516770994120156,-0.050424969517570584,-0.03630634713229528,-0.0407886384146052,-0.020774048953157986,0.03181516840319805,0.02817646010354551,0.06274362566953286,0.03433081490470817,0.020758367512787132,0.017861371673369982,0.037775905691688885
Кыринский муниципальный район,-0.0672612196080373,-0.03842485966882162,-0.07665207243342201,-0.011829058223383641,-0.01301520824454291,0.022229166038053874,0.03090643418425413,0.00774983147964978,-0.027412462115910807,0.011768290836514301,0.06343797175761762,0.09850318599802863
Кытмановский муниципальный район,-0.06404318866427887,-0.05091702244366287,-0.02995830767788704,-0.009556069684632632,-0.004551873631336571,0.04914658343353023,0.04632693622374538,-0.0008758137634365497,-0.0038754008575909663,0.015783095485563954,0.018248459721396645,0.034272601858589304
Кыштовский муниципальный район,0.006086674823754006,-0.043382561820012475,-0.045274741504460383,-0.01835830825857453,-0.00881687409005373,0.004209098441023635,0.01735617138568875,0.01496116008820459,0.042032349451220495,0.04937150109598618,-0.011385641854398781,-0.0067988277583777516
Лаганский муниципальный район,-0.02266816074455318,-0.015459389215085734,-0.002364597581454451,-0.0026575611155220183,0.014256844743155271,0.029284433366432477,0.031450849687346114,0.01771905701639514,-0.00855257347346551,-0.010135298856850812,-0.027117423557019658,-0.0037561802693776326
Лазовский муниципальный округ,0.04441544052374731,-0.011711219450654245,-0.02437348282539133,-0.016088409306557177,0.07067784977165112,0.03506758074205206,-0.01713030811208923,-0.031553013513632544,-0.05626942463636045,-0.02656165600374255,0.01948452331747418,0.014042119493502852
Лаишевский муниципальный район,0.004876302489993118,-0.04618600859340755,-0.04811999210496685,0.006697901738414786,-0.004708355867068645,0.0006114350114072202,-0.010042197148224316,0.015433688897133983,0.029772618203166692,0.036266412714839213,0.02630859165766873,-0.010910396998956365
Лахденпохский муниципальный район,-0.0015118229990663374,-0.028811285283833657,-0.013888246139912267,-0.007108514851415116,0.017855478582995667,0.026359521130170625,0.021944938766066367,0.015596678974208055,0.020580516945759044,-0.008266480127217776,-0.015168709766392334,-0.027582075231362274
Лебедянский муниципальный район,0.05102013448026872,0.012160380707654787,0.002629927543872701,0.010483321269474665,0.004447961619319603,-0.017087716063973343,-0.015800746427865824,-0.033862324288418726,-0.001957753733755099,-0.008007681593987521,0.019187738808905917,-0.023213242321495887
Лебяжьевский муниципальный округ,-0.0021151946749522754,0.027829583640203215,0.04489007367066517,-0.010607335591901218,0.014673304088762761,-0.015198423799610275,0.010465613435824379,-0.015449890400846522,-0.003251557208049369,-0.009126892345023615,-0.050892641525315876,0.008783360710243632
Лев-Толстовский муниципальный район,0.04344930900573441,0.006889026413488278,-0.00797693616160888,0.014426911315115313,0.007887191696161568,-0.009112433550186597,-0.012819823587628251,-0.02802064569270203,-0.006556636567370411,0.0138739790125476,0.011693861494285848,-0.03373380337783684
Левокумский муниципальный округ,0.01332443769144049,-0.0019333195866072664,-0.01386069409905632,-0.005663190560364158,-0.03186955878086329,-0.03236696526039657,-0.005700097756886497,0.007325547512723987,0.021149747254238113,0.002090684196555579,0.019750168223754073,0.027753241165461868
Лежневский муниципальный район,-0.04762811220281643,0.03136258616217348,0.0032533643736420426,-0.02027936937366391,-0.026980419544713218,-0.00875936850275992,-0.021158765641079852,-0.005106237491470403,0.0518738363137495,0.006675357126364409,0.025874673420070625,0.010872455360503672
Лениногорский муниципальный район,0.05064780360241797,-0.029110387491128226,-0.007458150041596334,0.006835239377487874,0.00991559257032818,-0.007348365734087668,-0.0040067671820947105,0.009324915570171781,0.0024712045888879734,0.007477056157457353,0.006184217783702026,-0.044932359201546215
Лиманский муниципальный район,-0.03223518751360259,0.02686096006496495,-0.012056672700631182,0.0006164873184276512,-0.01158957849773112,-0.02113369885971019,-0.016102940480093718,0.025909295791704475,0.042711702109639496,-0.019566746908787506,-0.012081678160529801,0.028668057836349528
Ловозерский муниципальный район,-0.031238389369768794,-0.00798324482485538,-0.009855734091577128,0.01750649480751401,0.015484568027308744,0.07013168714822224,0.030880240105520727,0.03206302320896707,-0.0057084669766236905,-0.02969821443690144,-0.03203185277653318,-0.04955011082127319
Лодейнопольский муниципальный район,-0.02297673975944474,-0.030549188833455414,-0.010970691833494943,0.02277954111702398,0.03491975369247789,0.028627703918011498,0.025164734691075698,0.01139961437550915,0.0062491916468505465,-0.016751374984067223,-0.015372150659386482,-0.032520393371099965
Локтевский муниципальный район,-0.04584146947446806,-0.050363657674455435,-0.01999924400375796,0.0183326181300186,0.0051381783062571015,0.04903719421597147,0.02889970611521718,0.011789206001744415,0.0012635573142424084,-0.001993372002908044,0.01329876344614827,-0.009561480374009945
Ломоносовский муниципальный район,0.003985669152535863,-0.04194310365479176,-0.04230411467292113,0.0016182248879713706,0.012963287541582057,0.0008699980699716234,-0.007405506448214954,-0.0009928651902863825,0.022321126077076814,0.027266892553997148,0.03083692312332984,-0.007216531440250487
Лопатинский муниципальный район,0.03983673055514864,0.08191160827878416,0.01729927325920092,-0.007209380539786555,-0.04307347292087898,-0.04971097617345699,-0.04916962093419762,-0.03765204503588786,-0.03561569774615911,-0.029359108034116902,0.09903311750564925,0.013709571785701063
Лоухский муниципальный район,-0.024321911315900974,-0.012613518811135004,-0.031371696501560874,0.0012868725543524317,0.03720619671090916,0.018924517341958023,0.017342488143129064,0.02028089156785073,0.022576657152524948,-0.013785618512200186,-0.0026701217075881145,-0.03285475662233921
Лужский муниципальный район,-0.006339629274515743,-0.02328197265104521,-0.03246162913958646,0.008238634240037773,0.023119118410913526,0.0023250836590460854,-0.011848594415658133,0.006228382622283864,0.017158481810065677,0.004168247698053072,0.008741511263664058,0.003952365776741483
Лукояновский муниципальный округ,-0.02993818882025371,0.004402499705532539,0.009161557803119896,-0.0006427243661277209,0.013045415174289216,0.006255398318873219,-0.005126283482049026,-0.010876165079313955,0.009144512475334824,-0.010592440614553682,0.0038669453899908826,0.011299473495157517
Лунинский муниципальный район,0.050765591597321275,0.05428692291686708,0.03882521058727398,-0.01073312581210516,0.01522095985695964,-0.027605858404918363,-0.038725974541089614,-0.04388758691894256,-0.03325924693584924,-0.015143594723132925,0.03494909534279492,-0.02469239296517902
Лухский муниципальный район,0.02841514183923388,0.08263883899201813,0.06134638912759906,-0.023781875207507377,-0.006379364777823211,-0.0013778864691519378,-0.046506211280491386,-0.0215666748785728,-0.04393340231285323,-0.0759920024147688,-0.008445265677151708,0.05558231305946941
Лысковский муниципальный округ,-0.02110207114478421,-0.032143680160609436,-0.016440429561331134,0.0004709546634783634,0.007859239127977034,0.01815400213716962,0.003908686282929979,-0.006525434671431403,0.018071822349252278,0.013753501910519206,0.014863771565357677,-0.0008703624985279702
Лысогорский муниципальный район,0.009086605129556717,0.04278754186578072,0.029642008752023087,0.021586013537852482,0.009764936882589267,-0.023249949388714997,-0.04794128875899896,-0.01792958567464935,-0.027979921417130273,-0.03033582780485686,-0.004027544721192861,0.038597011597741024
Любимский муниципальный район,0.007855651457249273,0.008557518670286549,0.0015771479829542402,-0.0032654550461048743,-0.00965832433197165,-0.02845005298618304,-0.016253443619411844,-0.021973844608911813,0.00032300661356679294,0.02255240539728298,0.032489952335977644,0.006245438135265742
Любинский муниципальный район,0.018433970214777353,0.0028022371523070775,0.006773612603664053,-0.012534036160974937,-0.00994685601605728,-0.0030923120169523872,-0.012419110651740747,-0.005661177817635432,-0.02173712070105829,-0.0023388303772002993,0.008914243540846328,0.030805380230024555
Любытинский муниципальный район,-0.012382752215532202,-0.015615333439463945,0.0022661644527392144,0.03292802156708622,-0.0015450665564258786,0.014554665069786825,0.004298754199653074,-0.015088724453765962,0.018513109339366472,-0.0015884558815713859,-0.008414912594462977,-0.01792546948740946
Людиновский муниципальный район,0.034753038577310984,-0.019699097084411997,0.014703168863563102,0.0121335999732904,-0.0062494598953536235,-0.02279359611314919,-0.012827265551725867,-0.01111626694297695,0.004343127869496572,-0.005589255131472804,0.01941864218870696,-0.007076636753277583
Лямбирский муниципальный район,0.034221392466996625,0.0009853345495708342,0.004717779079836415,0.03961629030732558,0.010068345594765233,-0.006815072616494769,-0.026743207443664513,-0.013555791616497486,-0.004908984328382949,-0.03198722383921287,0.010530177796058382,-0.01612903995030049
Магдагачинский муниципальный район,0.005830345990601172,-0.00218853367758971,-0.006587240310364496,-0.011285721569384205,-0.007940866413119165,0.005738424185213481,0.02090626442276749,0.04168116077460397,0.022264845782241374,-0.01337318084260737,-0.02181583598915388,-0.033229662353208664
Мазановский муниципальный район,-0.03485681359652802,-0.004082691944728736,-0.03458284458766297,-0.02594275158286248,0.010971243901474085,0.02114331494050595,0.03590512351778713,0.024517716467174763,-0.005419569629497636,0.029868613509731457,-0.0188139541355041,0.00129261314011056
Майкопский муниципальный район,0.006542541775144493,-0.022489124279424573,-0.021813688197997793,-0.00127565472452335,-0.03155022128342431,-0.017730605760541578,-0.0034878241610329344,0.014756579453858526,0.018687010182540664,0.026538401545474807,0.018692065406176923,0.013130520043749132
Майминский муниципальный район,-0.05768326810117182,-0.056986385688799435,-0.04670021057666558,-0.02138063883975971,-0.0032489962057249133,0.027851472025566024,0.036827357764476654,0.04883566235536802,0.041721520927272965,0.02560615738565422,-0.004706199083896425,0.009863528037679994
Майнский муниципальный район,-0.01869798327691049,0.019593497399185457,-0.009299054423304132,0.015452103464519222,0.004697025856221459,-0.006273333658217238,0.023341178717207416,0.0032466006541104903,0.018129706015661638,-0.021722684109296838,0.005789927589733341,-0.034256984228910325
Майский муниципальный район,-0.009943391697393278,0.014874141770381976,-0.007755605300404156,-0.02298705300449233,-0.014495288298277521,-0.0343421791987229,-0.018862462998819215,0.0001946933636449758,0.03917408535626837,-0.01188824833771976,0.046184848052660495,0.01984646029287334
Макарьевский муниципальный район,0.014329224936313514,-0.014677031321684623,-0.003495187621567657,0.006430956226528038,0.0227890705815591,0.00808276842510108,0.012498854615395454,0.0026984333559993473,-0.0038694202985575282,0.019304870736181437,-0.014978530445193709,-0.049114009190074456
Малмыжский муниципальный район,0.01904131783108597,0.0026820993812587905,0.012195161398455997,0.029158914019481008,0.0147685599474993,0.008886800903975126,0.0009360640054580432,-0.01493837198537274,-0.018059419131195804,-0.007187542043962509,-0.017910839460164547,-0.02957274486651863
Малоархангельский муниципальный район,0.0027408953184437698,0.05156144052814215,0.0044350338792134205,-0.010285008320953545,0.003675895903933798,-0.013043836403039185,-0.028538286215576542,-0.016943827499171987,-0.03361545052035258,0.014234771114559614,0.021939959500605098,0.00383841271419599
Маловишерский муниципальный район,0.009242893118954557,-0.004713382943254147,0.004670794740664286,0.01231487490413778,0.028822640302919658,0.006698622774127531,0.014410965333172706,-0.01061892037698903,-0.002076817494460161,-0.006353503145524569,-0.024115117631003775,-0.028283049582744843
Малодербетовский муниципальный район,0.04273509133344193,-0.016818137292191775,-0.021970027935940946,0.0062490450115119875,-0.05748564991014406,-0.02741043375729333,-0.004860741821295811,0.05109334729310555,0.027389330476494358,-0.0032272168885148092,-0.023775164117309868,0.02808055760813677
Малокарачаевский муниципальный район,0.07432276955601079,0.043965552775884285,-0.013278427325126234,-0.03168418855777149,-0.03609423343956211,-0.04399764774828595,0.012000975890269897,0.0503950310616497,0.0023903916823566343,0.01624410000276099,0.013059194083109783,-0.08732351798129627
Малосердобинский муниципальный район,0.00023881923141443485,0.006879640648053974,0.028529486509034363,0.011181452530634503,0.00826096011240066,-0.004824234372878203,-0.061015431964839835,-0.03663632127496955,-0.007764573435218989,0.0460524328160325,0.016347881382335755,-0.007250112181999613
Малоярославецкий муниципальный район,0.03148818251775187,-0.012977670314573218,-0.019670027105436347,-0.018067193063974,-0.03694848681475224,-0.04229741161855204,-0.028549599416177227,-0.0042289240863842975,0.021348807236189586,0.03532542242436032,0.05684580079301794,0.01773109944852968
Мамадышский муниципальный район,0.045287401277427974,0.026130802231381724,0.011002441154040511,0.01861820526874476,-0.021159460901271323,-0.006978725945917414,0.013129051674951875,-0.0007485318874696379,0.0012940930747237208,-0.008084397776344477,-0.01412063556213731,-0.06437024260813039
Мамонтовский муниципальный район,-0.0408270795813866,-0.02029116279078526,-0.021069865551722522,0.003439860728759391,-0.0037718338567950625,0.0359652361776422,0.003396850206661077,0.01283590788889093,0.016184723320076307,-0.01741653711237997,0.0170953250084534,0.014458575562586125
Манский муниципальный район,0.052990312691504726,0.06072584503204639,0.03169374166727454,0.018317237888644897,0.017679756753050974,0.011041904197923487,-0.005299363680326612,-0.032566192636426,-0.059506168695744446,-0.03852710915035849,-0.036813981763320285,-0.019735982304269158
Мантуровский муниципальный округ,-0.013037663598292396,-0.03386171729490453,-0.025238323731975057,0.036339073482332035,0.03569508297450823,0.006506116988156063,0.0004894404904322931,-0.0002604392104179,0.009334720523488741,-0.017145139387511023,-0.007771951819000381,0.008950800583183923
Мари-Турекский муниципальный район,0.01934978559546266,0.020676056695569666,-0.010920663027793952,0.02662938065347527,-0.02450580554167737,-0.01774894342046414,0.006714004150590581,0.020997971874178234,-0.012657282231276691,-0.02603481076989647,0.02214746546968864,-0.024647159447856434
Мариинский муниципальный округ,-0.027257575260281393,-0.051596263012719794,-0.02830983130395897,0.0019054058740472259,0.00420664533788454,0.018279345265234885,0.03584396460404722,0.024309784034805673,0.01555960494398968,0.006991539426387248,-0.00486041525634038,0.004927795346904073
Мариинско-Посадский муниципальный округ,0.019461078450976367,0.042144653919951584,0.049750157316045825,0.02939671127369851,-0.008679937723690249,-0.017890782919589024,-0.028318611424698152,-0.023601651291525222,-0.017197828424775904,-0.025052255075620585,0.022518565175673057,-0.0425300992764462
Марксовский муниципальный район,0.01691929403604935,0.00525850082063936,-0.005491568850814981,-0.01568632416745129,-0.032265596096545064,-0.024814085309439633,-0.028142727240566476,0.0002338365383935008,0.016096024927263437,0.01663836715009851,0.027607346262584636,0.023646931929788655
Марьяновский муниципальный район,0.020062619387841294,0.016325614040823697,0.01670039561781026,0.004388367441591452,-0.040308732455588685,-0.000978518993397598,-0.03411454349951235,0.0009432638466674247,-0.008870512217227382,0.014213677920299986,-0.0023421557368476864,0.013980524647539586
Маслянинский муниципальный район,-0.02907353204300779,-0.02843675707176805,-0.04012678303555402,-0.010338800414490076,-0.0009834446145380368,-0.00023918528726225678,0.008236188724445872,0.024031803004759884,0.02495342701742234,0.025951968195095362,0.01772793965348301,0.008297175871413758
Матвеевский муниципальный район,0.043206169702672964,0.0006346164868201477,-0.00471587971228702,0.007303156021183293,0.010093849908931866,0.014531222265343039,-0.020311827652183978,-0.03225339661968799,-0.009510619518476718,-0.007382017815667073,-0.014352623739684288,0.012757350673035774
Мегино-Кангаласский муниципальный район,-0.08264469160809601,-0.05605089999124584,-0.028390816808730075,-0.03788067553218446,-0.041335475704088895,0.0646113851161203,-0.004737506119407618,0.08753059374003547,0.04395216729417897,0.011137366515077022,-0.03527717284617774,0.07908572594451888
Медведевский муниципальный район,0.017198326651292214,-0.015447486500096745,-0.022640735733497227,0.004582810066911973,-0.0003522099910442558,-0.012402324422201943,-0.02046161659736303,-0.008152644502286071,0.02234561083973636,0.02129623851563017,0.028005621765490884,-0.01397159009257233
Медвежьегорский муниципальный район,0.01464102326855829,0.0013376950663048217,-0.004827246263231247,0.011172583217672224,0.017023892290632257,0.013218590828277832,-0.008206296806596678,-0.01519327873983305,-0.016296522926644724,-0.001285688940883989,0.003776970944126391,-0.015361721938382122
Медынский муниципальный район,0.02100404579506005,0.027220218285389144,0.01893943818279346,0.0008140238622287915,-0.02802477636458245,-0.033256483532065215,-0.02204434326967437,-0.03495145619256855,0.011856304496174152,-0.007031605728333246,0.021637134279083793,0.023837500186494442
Междуреченский муниципальный округ,0.04004874484594805,0.03227462366698557,0.03628208743667902,-0.012680322816306024,-0.01467806363980488,-0.0009671050861919626,0.05577295615057074,-0.016961085784494165,-0.026029517152900195,0.03669065511194534,-0.044416949875363314,-0.08533602285706818
Межевской муниципальный округ,-0.026302071911164827,-0.021683841563504926,-0.03649442646492901,0.03159981725746999,0.03912733814129095,0.01296435575761314,0.024618518011943057,0.035987118431525494,0.024382670971977646,-0.0029813303936353473,-0.03256173113235513,-0.04865641710623104
Мезенский муниципальный округ,-0.014978731348401709,0.08325035657966581,0.05613124080179265,-0.036726918738710285,-0.06627500474340607,0.030845733838100707,0.04262532732536965,0.06873091982359575,-0.011492902003240985,-0.01584403551100634,-0.05272975637796409,-0.08353622964579507
Меленковский муниципальный район,0.018482587259365364,0.0483168939864004,0.008150405655484033,0.023234755681349965,0.006940302693815026,-0.022103613245764875,-0.030605041553790284,-0.007616329292006768,0.010068786089888525,-0.027448559074862763,-0.011655600028005515,-0.01576458817187311
Мелеузовский муниципальный район,0.01845406202126752,-0.04046080062086643,-0.017519685048679054,0.004364766638396778,0.008031926606137805,-0.00445936529570462,-0.0026980327802105827,0.013069894326110857,0.005954000002894358,0.012602053988680724,0.014278703507993172,-0.011617523346020536
Менделеевский муниципальный район,0.07604751639221395,0.027464010783348862,0.04277782686370911,0.022971777844973926,0.04616758631103329,-0.01911183394992491,-0.01601746269430706,-0.01688821264095339,-0.044976427045084096,-0.03597611119323449,-0.019580655712811514,-0.06287801495896367
Мензелинский муниципальный район,0.05937923914426303,0.004892635724256529,0.025674713349898765,0.0023499917020603847,-0.0009643805722557609,-0.020958313502034285,-0.021301072302110514,-0.002612687956923987,0.0031712355857705645,0.0005763517057520299,-0.016140994036410138,-0.03406671884226663
Мечетлинский муниципальный район,-0.01715445106943423,-0.009673318324230608,-0.02165553898566257,-0.012547436974786033,0.012872483512672991,0.007688951238424631,0.02737189496660153,0.024145758221940004,0.01696869229712821,0.0017625002453572258,-0.02935337652930964,-0.00042615859870151485
Мещовский муниципальный район,-0.028136824846630208,-0.0033982086775104538,0.019104208941489946,0.00210278685538234,0.009479126936886774,-0.0017778400608174302,0.014656980202532826,-0.031109704674963306,-0.015869036449702605,-0.0046774817435979695,-0.002377386605393727,0.042003380122323825
Милославский муниципальный район,0.00660819957666918,-0.013677388563976007,0.011613130588730333,0.02979109631113313,0.015004223179687557,0.03364710995259016,-0.013440185755334335,-0.02929627854972574,-0.03534829475779687,-0.045693461670809454,0.038641628177589475,0.002150221511242556
Мирнинский муниципальный район,-0.016458872451104646,-0.05475907800317242,-0.05590157314334811,-0.030944976985309135,-0.005059002426339778,0.04884823943329106,0.08589526508705934,0.07020602164782701,0.0386827907621237,0.00501629451255231,-0.038150726969840766,-0.04737438146373856
Мишкинский муниципальный округ,-0.008300620771378206,-0.016558986700715702,0.004571951098337678,0.0032763959977496863,-0.007325796044123369,0.010661481959589325,0.01897537618245818,0.0178179296638276,-0.00970436660978052,-0.005812047209903321,-0.03887993319068492,0.03127861562462357
Миякинский муниципальный район,0.07765664476117784,0.03902983626878652,0.022966683736510604,0.024206146845901992,0.019125766818268754,-0.005703777305246252,-0.01646174946052099,-0.019635046695114976,-0.02226655300281425,-0.0628852181470443,-0.03071324635682305,-0.025319487463081915
Могойтуйский муниципальный район,-0.04392561313941445,-0.009040702791500876,-0.07491366571576086,-0.03567530694734476,-0.014962251558216882,0.007980998660824,0.04357376525729518,0.058248249964351385,0.022548251699684933,0.0252619936863029,-0.021244760951822168,0.04214904183560163
Моздокский муниципальный район,-0.014892643872167662,-0.03347468253655138,-0.036711293085045726,-0.034060714957090954,-0.036933989180744295,-0.021597483125378777,0.014410165099839655,0.019152995789555444,0.041434123748820745,0.033320365656928,0.0413289885269677,0.028024167934867256
Мокроусовский муниципальный округ,0.027912916862609646,0.0011836231351249216,0.012399032993895597,0.01441893250199688,0.0066816774799117636,-0.01357929715181978,0.005380252653960166,-0.000153924159572702,-0.03969003876230384,-0.010073247458105172,-0.015506208343806107,0.011026280248108635
Мокшанский муниципальный район,0.03825259206055134,0.03735950393824404,0.026363717989819048,-0.025207536338021665,-0.029134213785168984,0.0002948364244410393,-0.01243084055014447,-0.026673396828509596,-0.014541259439412944,-0.012554530534939816,0.016098492600393054,0.0021726344627489777
Молчановский муниципальный район,-0.037722834452781934,0.019899568703491605,0.04023638439538346,-0.02057920167964522,-0.0025467242016241265,0.026179008572612985,0.049106172138580616,0.01450019182233437,-0.0014783370064223216,-0.02314239520137763,-0.07397520653445845,0.00952337344390665
Монастырщинский муниципальный район,0.014238098429492172,0.0159522078351409,0.031207434536742004,0.010655324142760318,0.04096683385202622,-0.036547025973325105,0.004141092607525861,-0.03729417134819285,-0.02146603545000534,-0.01667390332084001,0.0071957924287416,-0.01237564774006578
Моргаушский муниципальный округ,0.03594476689799518,0.03435777793525643,0.04518287807445522,0.005680465344495941,-0.013742448449960736,-0.009725433578013344,0.0045923416921831925,-0.01117720656886021,0.0018597972549945106,-0.029417473370318165,-0.03830626362036558,-0.025249201611862455
Мордовский муниципальный округ,0.06227182987472867,0.007171531514059602,-0.014259659821716023,0.007883537895967609,0.00037103545559961926,-0.058511412184954203,-0.03870857180364106,-0.021984152679538835,0.010661944711114459,-0.019834956330205822,0.02333037605681158,0.041608497311774406
Моркинский муниципальный район,0.031389194428075085,0.006955673648928651,-0.014091185764255172,0.005044055329158414,0.02521511959009716,0.007353316945505118,-0.004193674063791323,-0.010719503723701302,-0.0033392457005260974,-0.0021847593374597087,-0.009741139599155275,-0.03168785175287554
Мосальский муниципальный район,0.03526353771307326,-0.005764261087008471,0.006765322494817842,-0.011157058942787578,-0.003912621028093649,-0.025002566190363718,-0.016971122879870515,0.007586566896278333,0.01891655380611042,0.0056842053442614365,-0.003124004458671002,-0.008284551667746361
Москаленский муниципальный район,0.012455303970170334,0.0025867275220131367,0.0014623419493136516,-0.029037380119527837,-0.01874792123626608,0.003965944806880396,-0.0001200199935746508,0.019416755015219316,-0.0007479879357462054,0.003991495015529429,-0.026802213736029038,0.03157695474201755
Мотыгинский муниципальный район,-0.0006266580289758378,0.034517691733461864,-0.007159731490664468,-0.02052352171089189,0.01987183447706966,0.03392831772397055,0.04251767081309579,0.057610192766600773,-0.007863844400461895,-0.017709898926824008,-0.060085928880950615,-0.0744761240754299
Мошковский муниципальный район,-0.017381602327583744,-0.00857053679235193,-0.024616004329883596,-0.02066680386470822,-0.020360021036652572,0.008736475353796869,-0.004055370135040477,0.0161891638890322,0.017070652363886933,0.025027976022024556,0.03153284364769042,-0.0029067727902104337
Муезерский муниципальный район,-0.0479841559766806,-0.017568192354523025,-0.03413739334987016,0.01761780307092503,0.052304463884468355,0.05764347440522084,0.03438163954896586,0.04313803942600492,-0.011370887640293668,-0.039772043240642846,-0.035234542067908374,-0.01901820570566632
Муромцевский муниципальный район,0.0015921273808161204,0.011304805510498284,0.01271656274899018,-0.004537915286814482,0.031143183022116057,0.007254424497997055,-0.015213076568196267,0.016517760791396052,0.016061460132361215,-0.021576805269874006,-0.03220860651872849,-0.023053920440561718
Муслюмовский муниципальный район,0.08142504704224003,0.03150085675875848,0.008851220725489023,0.01315811082234497,-0.006530079077415717,0.006843426050967074,-0.020912218402718365,-0.02096904697926907,-0.05381696224054988,-0.024795737320102488,0.005809339750282279,-0.020563957130026345
Мучкапский муниципальный округ,0.0649384680721222,0.05947071678171682,0.003689591498305087,-0.017713970481619143,-0.02250725353245739,-0.023312273216515102,-0.027265773789840266,-0.035728838435948214,0.010787381441872117,-0.020433811115757712,0.015516027382230211,-0.007440264604108612
Мышкинский муниципальный район,0.047847330481831624,-0.007524288252077269,-0.016463755785085122,0.000903977891293135,0.010310791080116994,0.004636129776095508,-0.023866773455861925,-0.025907275605205594,0.01565019328164803,0.020619538577516222,-0.006589439849029005,-0.019616428141242603
Нагайбакский муниципальный район,0.056065790386704416,0.08608065084173981,0.05043374573712712,0.0029585542711117775,0.012522543486289615,-0.04625203752475854,-0.02594843058217803,-0.04537226725424838,-0.06371692331560946,-0.033947804542656584,0.009183017806268625,-0.002006839309790358
Нагорский муниципальный район,-0.026573465724014464,-0.0052124570543841415,0.03133125804283819,0.018115309043608106,0.00545193733217687,0.01087027837144541,0.051023394665742364,-0.016510019515959946,-0.006041379280598812,-0.020200946495719293,-0.008873568065151886,-0.03338034131998241
Надеждинский муниципальный район,0.02407893492694237,0.027235620412609483,0.016176634469788898,-0.02894884737428887,-0.03480738403461981,-0.03098259852278277,-0.029782424633507172,-0.02861653784407711,0.012894356119126805,0.03000026639688509,0.019173307601393727,0.02357867248252936
Называевский муниципальный район,-0.008648058220078372,-0.020410263680490582,0.011286989114198114,-0.023278294669136213,-0.01972948865931691,0.0014830674954935813,0.020054681196887914,0.0047543718786521895,-0.003556070914236135,0.030058711533996394,0.0033131535051084426,0.0046712014189215795
Намский муниципальный район,-0.12052735049936346,-0.06310198694540589,-0.047275974912154003,-0.022486589397662585,-0.06271300244497338,0.09915303806444514,0.014796288922823614,0.06646749756836054,0.024739344662523935,0.0016267161656883453,-0.03079283562387783,0.14011485443959554
Нанайский муниципальный район,-0.04603741812977748,0.018517431271634178,-0.002730193294471127,-0.03190446807555895,-0.02314837465786936,-0.011172242718719251,-0.00017229389123332717,0.0370698496621661,0.01042135278084275,0.004333038443846252,0.010734168014078506,0.03408915059506171
Наримановский муниципальный район,-0.009222042336757084,-0.029222092942511116,-0.03857721833145523,-0.012489118957511054,-0.016481666077512308,0.00749631426468556,-0.015249042431294447,0.03800093518390138,0.04456761904682871,0.01938650530600209,0.013038687444943204,-0.0012488801693197014
Наровчатский муниципальный район,0.016759385291051962,0.030266565795274796,-0.01304848739483788,-0.007561289368920897,-0.02648662368717882,0.019326139086494394,-0.01697981987845182,0.022449747421544528,0.017269146733787884,-0.038123880047841216,0.001152906511177651,-0.00502379046210058
Неверкинский муниципальный район,0.07608071822251045,0.09058127868926408,0.027792729272680138,-0.049143764452042646,0.005929741828130407,-0.022632487444011716,-0.044048682767702976,-0.08929944302878967,-0.026412304378766308,0.010418610383611327,0.0066715736353951715,0.014062030039721733
Нейский муниципальный округ,0.008808693022746618,0.01212217638338627,-0.006407048342278723,0.02290993804697014,0.012594699104966547,-0.009937987387069337,7.052557014227594e-05,-0.006141974442085684,-0.011760967092518108,-0.022852383263894313,-0.004011012991359126,0.004605341390993436
Некоузский муниципальный район,0.05298721512195972,0.018780440653589543,-0.01354513223952988,-0.027605869637488872,-0.010856582761785907,-0.007841447797176772,-0.004556193954850612,-0.022710189286913145,0.022944452423171228,-0.006336587848636641,-0.000590678572628832,-0.0006694260997098247
Некрасовский муниципальный район,0.05597286815461705,0.03170852584911332,0.012327155878852516,0.012237000527552437,-0.00546668801853098,-0.02250835530806128,-0.028502268757669008,-0.04738454594106235,-0.02681598331885863,-0.01735737623273114,0.023202211439741216,0.012587455727036859
Немецкий национальный муниципальный район,-0.06553412300712061,0.0010882517507324954,-0.01104619240975503,0.00046774243339721064,0.015522184703492679,0.04528314620804569,0.012014637549570788,0.0065276919277843775,-0.00881546942101348,-0.01762495443567678,-0.016276215280389347,0.03839329998093202
Нерчинский муниципальный район,-0.047417767623715176,-0.02818746677967072,-0.03426300381950094,-0.02082539468660927,0.01246324487893621,0.02690418794704593,0.03143473832273691,0.03712510549403894,0.005667642263923163,-0.009505524111648463,-0.018092498189650603,0.044696736304114026
Нерюнгринский муниципальный район,-0.0378952689799332,-0.04931233893944312,-0.045784226208796464,-0.013286298679269814,0.01348969983512685,0.04760977476984048,0.05657972420233033,0.05346182322164459,0.04358036241684089,0.0025163622448361503,-0.024687469621995865,-0.04627214426118084
Нефтегорский муниципальный район,-0.0018083039354165962,-0.019719231421458816,0.015659368167737126,0.008915861271630675,0.00011878381200150365,-0.0075593347562640575,-0.008350574848843053,0.0015476238011048952,0.024377147927119397,0.006285840391359055,-0.002626527353406582,-0.016840653055563547
Нефтеюганский муниципальный район,-0.0019308802586265562,-0.03482074161698246,-0.008720652731736554,-0.0015055385920112888,0.014099879300127814,0.04575629878828628,0.03614014201292845,0.04144999883633901,-0.006006890774350798,-0.025480163585325545,-0.024817620852498168,-0.03416383052615018
Нехаевский муниципальный район,0.004089297574409234,0.0016167321284362947,0.005082384128803717,0.004561603143254509,0.028489462999785567,0.023545110819034928,-0.030516016025272784,0.04477147732357349,-0.015398578560676269,-0.043204526369572685,-0.00835695193617602,-0.014679995225599991
Нижневартовский муниципальный район,-2.1743090137780335e-05,0.0015526245332120854,0.006397430700849759,-0.017047377518539155,0.020725194471460432,0.03762176075107197,0.037863517640404284,0.021339891131197553,0.00034241723871271086,-0.019674447349598678,-0.026336011005231464,-0.06276325750340173
Нижнеилимский муниципальный район,-0.03993022713338214,-0.03538657538969768,-0.014639753956708811,0.008852954472211023,0.04050620376112253,0.036813021741076056,0.041419686636950975,0.02514222352306439,0.009542382164943332,0.006150861416811704,-0.02209334376084016,-0.056377433475551214
Нижнеингашский муниципальный район,-0.03713255052649778,-0.00965157923498789,-0.010511010917825244,0.009470648761346828,0.009030811229130613,0.01485368715629528,0.024893946211879257,0.007977212529459283,-0.007023011290657619,-0.00379852151500807,-0.02375561867536597,0.025645986272231313
Нижнекамский муниципальный район,0.038378579043217134,-0.027779123527786165,-0.015544233400145296,0.00241340644881214,0.0017681996424419354,-0.01690588713608313,-0.01755835914452255,0.01119001604921288,0.018931488155170633,0.019467948059785377,0.016390676650335226,-0.030752710840438187
Нижнеколымский муниципальный район,-0.15667504538836474,-0.006050450783288475,-0.03741258004294329,-0.058493682676127166,-0.017233163937428127,0.04151027619615866,0.1465353147453907,0.1092495539981501,0.03747981436591988,-0.03068037638429789,-0.10856063046320147,0.08033097037003181
Нижнеломовский муниципальный район,0.033598470929105645,0.019537480277915263,0.01895489298829581,0.00764980754428713,-0.015125216836476536,-0.030843546144086104,-0.022057472318160777,-0.04031312332289106,0.006231575267580311,-0.01457236083306573,0.01916975874677622,0.017769733700719832
Нижнеомский муниципальный район,0.0431164204035739,0.005551781199650725,-0.01292874264229707,-0.014961822782357857,0.017063959468234455,0.004677855844783966,0.014074015917877174,-0.0015861714552038537,-0.05293444176874779,0.010395185189570803,-0.01492885474808451,0.0024608153730000613
Нижнесергинский муниципальный район,0.015734245936627585,0.009505839395357265,0.015059346451997267,0.024986888457579067,0.016428969796564385,-0.002176617844102567,-0.00689911026177749,-0.01012595496282604,-0.012942501947127807,-0.006038113105738185,-0.016323103869758934,-0.02720988804679453
Нижнетавдинский муниципальный район,-0.0017077157497803518,0.00024318067381487723,0.011423217848543905,0.024438855225768462,-0.0214137447404234,-0.015599330002562917,0.0011350220676803195,0.005719811053480485,-0.02606436859282764,0.01037264074065288,0.0004723683367014522,0.01098006313895193
Нижнеудинский муниципальный район,-0.05981856290991622,-0.014180703212949973,-0.011940019178117125,0.009348177411736061,-0.01101050286062567,0.022900140156283184,0.010318190564501237,0.010737648852050575,0.01498209852074045,-0.0029425048142279146,0.0009297564181691429,0.030676281052356265
Никифоровский муниципальный округ,0.03289623436770915,0.02746723405435257,-0.012236843395061774,0.023446351809735182,0.010091168242908804,-0.0017051686328277346,-0.029760284739657757,-0.044510155509426996,-0.01498681332761058,-0.01287566323039565,0.007703137247282731,0.01447080311299204
Новгородский муниципальный район,0.0014886854856127965,-0.05805967359773686,-0.033101426986594344,-0.00023335318027397755,0.01628733938605964,0.0007404148601593882,0.0005181253937314159,0.0054318362715145225,0.0323565043248257,0.024915225957346902,0.015354655612371303,-0.0056983335270164946
Новичихинский муниципальный район,-0.09353897895436453,-0.06422112367360303,-0.03588742054013193,-0.017211153487035856,0.01201817516826786,0.06154872495716368,0.04568424283177089,0.03750506764161219,0.01564561339658285,-0.007717276280808386,0.02509003226361083,0.021084096676935418
Новоаннинский муниципальный район,-0.0023690966956878366,-0.0152249112306218,-0.0286241036811821,0.02786837582111381,0.013378055562308918,-0.007812089414585574,-0.012252847221290903,0.007655718655551205,0.0071514450474270234,0.0007654693855823309,0.007094334658806656,0.002369649112578264
Новобурасский муниципальный район,0.0031843420784805655,0.00413957260709525,-0.01824649697525142,0.0007606448291467382,0.0007879341111430216,-0.026047055593649417,-0.014303188678956066,-0.0011145072594735653,-0.008856638131790126,0.006966436521092532,0.008759373248426827,0.04396958324373566
Нововаршавский муниципальный район,0.08041276194925127,0.03085770795528399,0.03541209486835332,0.015368809679402351,-0.007212463123478136,0.010227810179087016,0.024758485670788363,0.0034836295302005903,-0.050504842280221625,-0.04830457617445115,-0.06873139995589561,-0.025768018298320386
Новодеревеньковский муниципальный район,0.005312004954050624,0.04805126727173032,-0.03931728816971066,0.0018659570275849533,-0.018172680966041427,0.003481629931050483,-0.013022130923310496,-0.017076941800677526,0.008876103330605536,-0.012121495837852788,-0.010247670869902144,0.042371246052473124
Новодугинский муниципальный район,-0.012974831472214274,-0.01830553828983479,-0.03658323054046731,0.013339472703944954,-0.013887591234468838,0.013423772437594995,0.004217072347306987,-0.002088084409485936,0.0036108441899136215,0.002853573010685743,0.02138388128936735,0.0250106599676575
Новониколаевский муниципальный район,0.006315985138966668,-0.017511117760657436,-0.03514740834448278,-0.016925367874014656,-0.01319804947035286,-0.013727045406635212,-0.026677079950662763,0.01932000818477344,-0.017643071370080393,0.04735377587024945,0.03603271843619985,0.0318066525466967
Новоорский муниципальный район,0.028529732270053596,0.010974092192863865,0.015494888880611473,0.012832314915229123,-0.0001009377529434096,-0.01103940382267552,-0.0006721839514680925,-0.013334795662225925,-0.01715171354981686,0.0025221874008976145,0.010905304281765015,-0.03895948520229088
Новоселицкий муниципальный округ,0.04969897575568913,0.03101364088021798,-0.014418651800686622,-0.027564231587117093,-0.0409586711983838,-0.04845844752383974,-0.036230809176747265,0.03955250854119537,-0.003824857177845287,-0.034151667397366046,0.009576500227145079,0.07576571045773829
Новоселовский муниципальный район,-0.05706466163647648,-0.005891916643826763,-0.03642478773597393,-0.008451978429625874,0.009511196437639403,0.01687411425428724,-0.015417885928619129,0.00249596035106525,-0.0017629529550067784,0.04909848805377391,0.026128688036292237,0.02090573619647091
Новосергиевский муниципальный район,0.036891768622648265,0.01762092256914703,0.020078409515921554,0.007712669659654116,0.000815510992698049,0.0007264337596677248,-0.006571120523092416,0.003728296145518485,-0.042297993589658724,-0.01910017056926642,0.0023892680753131138,-0.021993994658550797
Новосибирский муниципальный район,-0.007420262366705406,-0.046608732466230304,-0.04136833164513927,-0.005939860336813667,-0.02274116172367105,0.007157585748678384,-0.007240382175794008,0.007866899605330529,0.043458062234900396,0.0397868539062018,0.04041351490767573,-0.007364185688433139
Новосильский муниципальный район,0.01978464971165387,0.009694200320430666,0.007140796571958526,0.0028531072194064467,0.004281110807753197,0.001510966696872275,-0.017488421509562216,-0.014806600140478823,-0.014254963267646827,0.028670209546827866,0.02150123109244321,-0.048886287049658195
Новосокольнический муниципальный район,0.04687197517160092,-0.00851153845974778,0.0723268995993091,0.06075924426653788,0.018767151298252165,0.012481336563438496,-0.02788424169590518,-0.025096295350988118,-0.029235685402104063,-0.05244291575423157,-0.031910295961891856,-0.036125634274270006
Новоспасский муниципальный район,0.007303553238258033,0.015426066796646758,-0.0048974825852022225,0.006804465261337912,-0.013025041680146275,-0.012724138187695655,0.006928667291509925,0.004657875251715748,0.002625445795053509,-0.005302446018448418,0.005218101546420918,-0.01301506670945023
Новоторъяльский муниципальный район,0.05849536607105917,0.03360485182447214,0.04273074825843359,0.03535952782792823,0.011005715055541048,0.012692161791354645,-0.0144958673179418,-0.05005752972187071,-0.025922791437579515,-0.06123783468196194,-0.03535125050788536,-0.006823097161549475
Новоузенский муниципальный район,-0.00010052076810140344,0.018929204930243394,0.00656206865597571,0.009204189599809108,-0.011026396709718706,0.005053577073882077,0.005589681692411308,0.0031111633503913437,-0.019440692527997277,0.005417628803236359,-0.01535088218139729,-0.00794902191873462
Новошешминский муниципальный район,0.07520883737330827,0.0024049145556318124,0.01871862715955504,0.013117907625363832,0.014257145818953751,-0.011687048102830208,0.007956576879935586,0.004990735802496643,-0.008186418960933224,-0.05808165955359533,-0.03487297390727798,-0.023826644690608197
Нолинский муниципальный район,0.006540585332203839,0.000231328617596116,0.020503854629488158,0.02649079873913543,0.009303158092304795,0.00836454665177749,-0.0055347036656244126,-0.00691842872875639,-0.01095966352850943,0.0030666478786077764,-0.016308322454264168,-0.03477980156395919
Нукутский муниципальный район,-0.03995775255817405,-0.017969726969829104,-0.03347760306041028,-0.021396154326828412,0.010696593130729046,0.017211474705606064,0.026842908942388957,0.0439874615884404,0.001024099893705297,0.005407658757950409,-0.038067527269405904,0.045698567165827576
Нуримановский муниципальный район,0.020051255675589918,0.007805382595634439,0.018612870986661808,0.03438107354448385,-0.0009053054187393422,-0.009791405993500299,0.011248095332195757,0.02328909515417587,-0.03849832678044945,-0.04709546527746733,-0.018174367997191992,-0.0009229018213932072
Нурлатский муниципальный район,0.03239801911304192,0.0026664748868092236,-0.001047932285391807,-0.010872116772130425,-0.004499801472246415,-0.01118954987820977,-0.0034600283876926857,0.01568713684937446,0.0060083588249128595,0.00908744714714578,0.00520822169785792,-0.03998622972347107
Нюксенский муниципальный округ,-0.021418282033683702,-0.013625702921367978,0.0005558372968139059,0.010876270226837403,0.0032263134262228666,0.04172861213827111,-0.0014036769611115271,0.018115014166570364,0.009578630586818106,-0.036762189691264546,-0.006662739080238852,-0.0042080871538671535
Нюрбинский муниципальный район,-0.04937359433288087,-0.03461925437383016,-0.011819442023702793,-0.040540163965193436,-0.06718229110707527,0.08582012727993926,0.07838584530312115,0.08338710563406891,0.007362646344304068,-0.007991008368644251,-0.10128459482466422,0.05785462443455759
Нязепетровский муниципальный район,-0.01141326287681173,-0.01672636618667567,0.0035930929990872383,0.003360124373825835,0.024317330906061644,-0.011326829768545795,-0.013060911763838084,0.0010609118951298538,0.004013184518834354,0.013436628613404285,-0.0014111017988336348,0.004157199088361709
Няндомский муниципальный округ,-0.02766490152719814,-0.014943296861896702,-0.014634377688148757,0.011468031705493476,0.030406450650169933,0.03519187389019945,0.020482835966968593,0.017434833277310432,-0.0028896168382252694,-0.019432993574431696,-0.02176386905163346,-0.013654969948607855
Облученский муниципальный район,0.0008972530172386749,-0.03350517043276941,-0.021829191455352226,0.020586009506581578,0.024022310053320402,0.0038852322562577153,0.012425618019427091,0.018082047050888617,0.00716287106500328,-0.010780378916627994,-0.017868293188288024,-0.0030783069756796996
Одесский муниципальный район,-0.00583133570907543,-0.0018754558241506824,-0.0316133845487365,-0.03749069117741326,-0.0255558059251574,0.0064294336830567345,0.06606521238821962,0.02578036359379956,-0.0035734597173069696,-0.001434395371300349,-0.003879328420724151,0.012978847028788825
Одоевский муниципальный район,-0.010168107685770414,0.029072192948442453,0.01194179609734025,0.017979754142984826,-0.0012272239326789438,-0.01937184785052922,-0.02124457457000915,-0.008734119250105019,0.013736894630028666,-0.02574974540853234,0.034994647972326674,-0.021229667093497787
Озинский муниципальный район,0.035053465182318264,0.016314461202496487,0.0024539617061853612,-0.012737184268995626,-0.006325778680957827,-0.021871079435034035,0.0024530561985521768,-0.015537006170754139,-0.02087938974913623,-0.015403099182348855,0.0025641639636953015,0.03391442923397914
Оймяконский муниципальный район,-0.054097452057838835,-0.07605695009947713,-0.10528618033870582,-0.10409097673007528,-0.08859111101781761,0.010406951676889611,0.10655517678785542,0.12911818236195907,0.03585540864269083,0.040319327998708146,0.0466121499650221,0.05925547281078954
Оконешниковский муниципальный район,-0.03129591439678438,-0.0198878471605067,-0.02919172487314424,-0.034700018908024724,-0.024845416398023627,-0.027526753075781,-0.013951530267006265,0.00942897986652356,-0.016973785803517372,0.01289138412950613,0.08145199260285071,0.09460063428390794
Октябрьский муниципальный округ,0.061238925823024655,0.0850440582274565,0.06313844062981316,0.00475560888218976,-0.01998042393587739,-0.02389223911542911,-0.03659391131630772,-0.07302985151025249,-0.018426190865284065,-0.01693288101070102,-0.03556716106860799,0.010245625259975709
Окуловский муниципальный район,0.02613269046612876,-0.012495219626850483,-0.002403766904730615,0.009969015182714485,0.011125565015083858,0.0030638027276559242,-0.005643743817682618,-0.009411753072270365,-0.0007706353236094097,-0.031628671880515165,0.0038395088029728563,0.008223208431102767
Олекминский муниципальный район,-0.1068128369597118,-0.059549286936346854,-0.03662712539761616,-0.020769508227325133,-0.018937983531347916,0.0759792004279198,0.08649716534238962,0.08661126273265488,0.014343330918498065,-0.017825383123355926,-0.034966171341220854,0.03205733609546228
Оловяннинский муниципальный район,-0.041325084276582144,0.014365046828917073,-0.026353659098084965,0.004733180563262943,0.02280946877415542,0.01893200602912297,0.016302736741327758,0.004309945410547295,-0.02973634319493426,-5.7208108808008175e-05,-0.01737176396964944,0.03339167430072536
Олонецкий муниципальный район,0.003123780951346555,-0.005613137265196818,-0.0015116302871570376,0.013112926028793465,0.022622181425273325,0.017550593125611292,0.01312084896247871,0.006060534406965794,-0.011039396042315908,-0.026683366431151375,-0.002904866042144297,-0.02783846883250371
Ольгинский муниципальный округ,-0.02786538473008689,0.010376984170676565,-0.02092849995901148,-0.011335414377246961,-0.014936292827400974,-0.022574438790710017,0.006411131832508474,0.0001840919518585728,0.0028819026603877224,0.01663223167379259,0.01879227772530801,0.042361410669924375
Ольховский муниципальный район,0.009381759365178568,0.014347680317055444,0.01364336942517446,-0.012726815585056676,0.01740771369810311,-0.021826546707430915,-0.040144024761244956,-0.006007287294171628,0.008288767999837576,-0.01443901834827412,0.001962207472072375,0.030112194418756767
Ольхонский муниципальный район,-0.06430708366189215,0.00034038988321292984,0.014677021469995662,-0.02873325189364613,0.0001402090188643984,0.012561272999548848,0.05434874223880341,0.10500120828582497,0.05112152942465566,-0.021260053657951725,-0.058609138241540765,-0.06528084586587513
Олюторский муниципальный район,-0.1301216959649848,-0.08283134395899208,-0.08783189518695009,-0.10015692018786276,-0.08575650090925205,0.04727408028772043,0.12727370140334007,0.13147975778698112,0.09760268928941195,0.07614193688806536,-0.015828798093840548,0.022754988646363477
Омский муниципальный район,0.01321650478638042,-0.03678681535230144,-0.01892325601104682,-0.0008816498719128837,-0.014814501849736558,-0.006357843060683935,-0.00843200551748227,0.012931508354674333,0.011747316561248675,0.025422101774936687,0.033358907128781805,-0.010480266942858009
Омутинский муниципальный район,-0.02411238183042602,-0.021693600769106786,-0.0026619247602107654,0.000929001349658955,-0.027512281997802875,0.009546625343431352,0.004635887189483928,0.015070927403701011,0.006086481944646654,0.02357220604882663,0.0032295737192003723,0.012909486358597538
Омутнинский муниципальный район,0.029465067026493853,0.004210483429424067,0.003563266834223691,0.021784559793409847,0.00765741901529149,0.005748479453763876,0.034478038161262915,-0.005366374868452944,-0.02387874332597742,-0.024813646629533028,-0.025063868720535037,-0.027784680169371315
Онгудайский муниципальный район,-0.11528818898207965,-0.0989211651711644,-0.07176548741161566,-0.04547097731649534,-0.006638417936631391,0.031074652545317404,0.03841754072897633,0.08531389641150838,0.05575692942290543,0.05837304170259416,0.04301251405771185,0.026135661948972863
Онежский муниципальный район,-0.007789545718301396,0.0035816557514629973,0.016756680971550378,-0.007660418185659238,0.01814940208663116,0.023519358348317483,0.013857776604428128,-0.007475550895169698,-0.017257398885720095,-0.018108318020123512,-0.006904108508666581,-0.010669533548749624
Орджоникидзевский муниципальный район,-0.010090303823587988,-0.031888358341588166,-0.02149488590702321,0.028363201985459045,-0.02277273475139106,0.004901295952608573,0.020166034162533146,0.029427453430036134,-0.017952547276799655,-0.019908579587801283,0.006332263715759615,0.03491716044179484
Ордынский муниципальный район,-0.019428095155860317,-0.012660232394289744,-0.020087122454237886,-0.04032868151068916,-0.02266286948994336,0.0009034171574519995,0.0019175794705221794,0.006475500264405257,0.02521022289298472,0.04075848577595514,0.019528860440640117,0.020372935003061067
Оричевский муниципальный район,0.044778577563178594,0.04946125485545778,0.051020791103783124,-0.0010494839827868037,-0.015103150484036102,-0.031053936942064583,-0.006412556905026269,-0.02987335057019709,-0.04045423548422264,-0.012330661223226524,0.01350418283481274,-0.022487430765672216
Оршанский муниципальный район,0.09549898345989216,0.08043694520500513,0.07567009497847292,0.044236736219152605,0.025203335605476215,-0.008388846302615091,-0.05605820163454208,-0.06192934716899799,-0.0556194926221467,-0.05522321005205058,-0.029171871001742476,-0.05465512668590406
Осинский муниципальный район,-0.052635965244679825,-0.012575019718731043,0.0008075573601789912,-0.025107389444169764,-0.009807885579888105,0.00810071691616359,0.02506558438825046,0.06424429054371504,0.01078471441880198,-0.017546381826937,-0.017019164304943615,0.025688942492239266
Островский муниципальный округ,0.00797429487547174,0.0018459974218459712,-0.01567689663427806,0.02133691683683077,0.019967998605286166,-0.00454319535098953,0.0028170107134124966,-0.024783332262118006,-0.02792982874980576,0.011551741351693682,0.007710647702330963,-0.00027135450968043557
Охотский муниципальный округ,0.007195315687412961,-0.03493529183713323,-0.06650423372639172,-0.0745381075918575,-0.07684075391561428,-0.025084794613026096,0.06188555870268543,0.06812713089771175,-0.009061038487543277,0.055756557755679836,0.07027112285815026,0.023728534269925855
Павинский муниципальный округ,-0.06315514483289267,-0.07086315378260644,-0.04899011428121739,0.01704935849336739,0.011580981526429335,-0.01613154419091429,0.06175697539374879,0.028623086700432173,0.025884235391005823,0.004678834177061807,0.00890787273107387,0.040658612674511575
Павловский муниципальный округ,-0.008443561930263879,-0.017031951504981154,-0.017536618579397797,-0.010741272023913801,0.0016988682314770754,-0.008982413958995848,-0.008428023469948562,-0.0002290689995925405,0.02190013188524009,0.011074154034238295,0.02563180314209703,0.011087953174041106
Павлоградский муниципальный район,-0.015913093042324074,-0.030131109742301484,-0.016378527281559013,0.005614999994917323,-0.015817153892390336,0.0030385410010375672,0.03944879575253704,-0.026512786500075505,-0.0018662386381124692,0.01868960312582638,0.022619759510026132,0.017207209712418434
Палехский муниципальный район,-0.034106893983118,-0.021714243550530414,0.012596550644267545,0.04897488168426078,0.00832080120999401,-0.010246202755180369,-0.03581876608031175,-0.0057542229554911955,0.040175108104675276,-0.02476566593301154,0.002128687097237036,0.02020996651720863
Палласовский муниципальный район,0.018725400310103727,-0.002232046526363633,-0.006877512496966139,0.03054682336835761,0.0025949559267068826,-0.021962019174490633,-0.009515987489286153,0.00313126940103653,0.003435503168969455,-0.016377593760519008,-0.006582265119435247,0.005113472391886607
Панкрушихинский муниципальный район,-0.06528291978803172,-0.02341867730248287,-0.038652212724190775,-0.0064399599174376956,0.014040949930544586,0.05072534812818172,0.03977279681942549,0.04285515302222551,0.006895101273054488,-0.012085923147962594,-0.022864018005663712,0.014454361712337585
Парабельский муниципальный район,-0.016099561558352217,0.010827553537270112,0.026366932630905195,-0.0023971519826951936,0.015893772984774006,0.024811708462593052,0.03125875590658535,0.022326529320126704,-0.0005427448632595267,-0.02887312015863167,-0.04124017864447388,-0.04233249563484193
Параньгинский муниципальный район,0.036691460973627445,0.05634262985864822,0.010000751148433825,0.0336684154393468,0.019225191552011817,0.012738009889394003,-0.008494718297108224,-0.0451617724301512,-0.012024696790658007,-0.031832946407005056,-0.021846118566435646,-0.04930620637010398
Парфеньевский муниципальный округ,0.00221077238600741,0.030082652671416465,-0.024328333363171882,0.003735979300926625,0.03988939713590866,0.011453068037487805,0.042330994799144546,0.008436124476135875,0.014227286797432872,-0.0650144973785819,-0.04738520906853037,-0.015638235794176086
Парфинский муниципальный район,0.014407267435374089,-0.003525639085369823,-0.005702336050150423,0.0298759800448443,0.0049956646440458274,0.015443254029668847,-0.01426028566512279,0.013906025714025974,0.031209618349007963,-0.0026674577395838896,-0.0371802581383298,-0.04650183353841028
Пачелмский муниципальный район,0.007881167272929833,0.05675273568780856,0.04694348559673897,-0.01703577657369664,-0.014903714584932122,0.011601967303307915,-0.03374107233216673,-0.056240234254543615,-0.0006070319974383217,-0.01778876095579528,-0.011686863428262214,0.02882409826604964
Первомайский муниципальный округ,0.033098154970673144,0.03800496782226521,0.023773444333706144,0.01630144689209321,0.005314515615408773,-0.01396142413714324,0.008139623080366531,-0.03899546301940632,-0.04935449680127926,-0.02995767947827248,0.03479647830275785,-0.02715956758116955
Переволоцкий муниципальный район,0.013837032255478977,0.018478557928162793,0.01964521302817323,0.0022646414966675907,-0.028617145176219022,-0.0021743271806512372,-0.030222629576528347,0.00483881169505892,-0.006339371367664222,-0.009172086711486142,-0.00111323383537388,0.018574537444381332
Перелюбский муниципальный район,0.019876692351204144,-0.012091310506862695,0.010063192215913778,-0.011500054449301411,0.010312488035710513,0.013692937391654628,-0.021580176582013604,-0.00363818731898015,-0.013510607982900692,-0.01700913972191156,-0.00037114796674914987,0.0257553145342362
Перемышльский муниципальный район,0.053170223761804414,0.07325643399186671,0.051750257786704265,-0.022216646635021677,-0.020134651096141976,-0.05043806195793148,-0.0788852299277938,-0.026513524497974006,-0.06384964960628377,-0.019974203204976403,0.08335365227420054,0.0204813991115472
Пестравский муниципальный район,0.020678662603311596,-0.0028420486565871273,0.005635378791044768,-0.00776626520882486,-0.009858480726413911,-0.007639108951605611,-0.018514598480115465,-0.003173209925288829,0.002484672228594513,0.017358159186030182,0.009452178393768338,-0.005815339253913596
Пестречинский муниципальный район,0.026508172477733502,-0.01946211037366449,-0.024910638487195425,-0.0021050868893177713,-0.006291100902009838,-0.014209269743031912,-0.0040025445050561655,0.00847379357645019,0.025116920059324428,0.026349868815709866,0.020409633908921004,-0.03587763793786339
Пестяковский муниципальный район,-0.06020795846930889,0.0009461009657171227,0.042089852837674635,0.024067847175818502,0.013694854134407356,0.004032514076490789,-0.0004538447067506061,-0.03938345388085685,-0.032402624183297826,-0.004050865190465008,0.0501607705674386,0.0015068066731321675
Петровск-Забайкальский муниципальный район,-0.04041906808283279,-0.028525839594767212,-0.025795191104846196,-0.014435108066002074,0.0008108749225562897,0.011985034101936725,0.0165601218631484,0.043593719846345934,0.010218700912263793,0.01362403003857125,-0.03392771417059797,0.046310439334223866
Петровский муниципальный округ,0.016487306199650414,0.021791368243020793,0.020639550542623716,-0.012610600238111327,-0.037249201147353944,-0.03448303783421273,-0.011166098267405597,-0.029925402209895494,0.007221681111289356,0.005904482687619791,0.017430318994082067,0.03595963191869296
Петровский муниципальный район,0.003771783247219037,0.004684465131111324,0.00028516567798314823,2.219566611484213e-06,0.014623836486452182,-0.0022850180696321774,-0.018240024293476525,-0.02528570433813138,0.005068549371481193,0.0029153269490694573,0.002421145343568516,0.012038254927743738
Петуховский муниципальный округ,0.03396781403327893,0.021561365669498556,0.029732871095723656,0.0043639475769417235,-0.017820519385828473,0.003979377659702209,-0.009628255898437625,-0.0443122537298271,0.0005377074763044179,-0.02657902422730762,-0.02717787784676657,0.03137484757671789
Петушинский муниципальный район,0.0027243822052904106,-0.0256788487972623,-0.030579285807661432,-0.008770747582922381,0.008052828289252474,-0.007413704202537282,-0.005702215696040892,0.0020828352481365477,0.01994201232554713,0.013314562561048196,0.022473975338629118,0.009554206118520411
Печенгский муниципальный округ,0.0056592884681149844,-0.05501305217291125,-0.0351457917476274,0.0055191084662101495,0.022681370202291128,0.03160545550496154,0.03023928754341935,0.012187667806774648,0.018126904891538,-0.0054840513950775585,-0.013769180548419451,-0.01660700701927415
Пий-Хемский муниципальный район,-0.0765404176484851,-0.04677510922365545,-0.02732263885052945,-0.061199633393947364,-0.010554406473068916,0.04014121690749149,0.0786133765397314,0.03335837473952302,0.051705781576748266,-0.04817588953069185,-0.020324402052151018,0.08707374740903498
Пильнинский муниципальный округ,-0.013918930497450773,-0.01221866540426331,0.005617314896019647,-0.002299333837353418,-0.009492952148123568,-0.003809062185471673,0.0033196330822954667,0.01663125814833912,0.019993543027752168,-0.00718842961063383,-0.008568349605989747,0.011933974134879921
Пировский муниципальный округ,-0.0687505714559759,0.026889085642718316,0.04579858631625757,0.011159108035332476,0.017818243491889006,-0.008617403684469557,0.013749507391614497,0.006192938478497255,-0.010245464619480492,0.010346669816263868,-0.06406934063081572,0.019728641218168683
Пителинский муниципальный район,-0.08042287600560839,0.03903272701601513,-0.0027284084212399994,0.00563487139310636,-0.05345492892900876,0.001574634203082903,-0.008088997481702808,-0.05976617097928304,0.0457378598628406,0.009238767760546152,0.04281348525147331,0.06042903632977853
Питерский муниципальный район,0.02892039688568014,0.019832620160827416,-0.008881578840978878,-0.03550304746071459,-0.0053665634975194445,-0.012192883988311145,-0.011758444111582316,-0.011381960628045678,0.014777772536534497,-0.01799929280550182,0.014705541455372378,0.02484744029423944
Питкярантский муниципальный округ,0.00590542560332573,-0.025789775209943393,-0.03828882520548157,-0.0020081844132446803,0.021494857561635865,0.024715305646646715,0.022548874970689928,0.007425673202123849,0.007939457247012427,0.021452072679467398,-0.007714046701088514,-0.03768083538114376
Пичаевский муниципальный округ,0.052667740198840504,0.02445771366269858,0.03277300392928835,0.011423717182509022,-0.005225778880323946,0.0070995539722361126,0.008634519849887863,-0.014583512598272948,-0.05711278749655604,-0.021144597234151803,-0.01276392738399552,-0.02622564520216016
Плавский муниципальный район,0.013900843818845144,-0.006563245403895888,-0.003297242266149093,0.0022019975769076335,-0.015932203372763545,-0.008460836170610827,-0.04042301009906577,-0.027080903235454007,0.016799172836686967,0.028157880063283656,0.022397556204623154,0.018299990047592567
Пластовский муниципальный район,0.011336112990315495,-0.008739540180366002,0.00838095786531268,-0.000583635285836662,-0.002839381728221877,-0.018436576879430545,-0.021743904368594764,0.01072920673428891,0.004113445037663917,0.008794024271454148,0.011520529103198512,-0.002531237559783817
Плесецкий муниципальный округ,-0.005084332293176513,-0.00632399177058012,-0.008654905836707635,0.014797608145867697,0.039839259410189926,0.029211701142658576,0.002699818310344377,-0.000301723302837806,-0.019923000844939975,-0.01451222532499102,-0.01111961071677274,-0.020628596919054776
Плюсский муниципальный район,0.009762277021033062,-0.016936411351586824,-0.0039380257056186455,0.020865899695421943,0.0186169684910792,-0.004071862564438123,0.01934659795507193,0.006998540268387829,-0.004142837141185372,0.03183913755679614,-0.02989690530446041,-0.04844337892050073
Пограничный муниципальный округ,0.0282819213705957,0.05199749373599631,0.03124228334178567,-0.0025832359748609902,-0.006118251166807545,0.00020785965682424377,-0.007139178636918259,-0.007576824109182001,-0.026281240160520653,-0.029528227456162973,-0.027907002630856846,-0.004595597969892638
Поддорский муниципальный район,-0.019546142591648975,-0.04547947738140831,-0.014975352301574853,-0.048013583846973754,0.0024108612781761837,0.016879076139905677,-0.0007634506614019026,0.06704556985085293,-0.0012287400888159388,-0.016083191773582355,0.04557312919812153,0.014181302178349765
Подосиновский муниципальный район,-0.008848850391974339,-0.020130727973513486,0.0022830150676221095,0.030244856669532413,0.012941744722000308,0.019687744546404543,0.037685306059178005,0.019773106927062908,-0.004415333247396232,0.01158849474600077,-0.04479238495094101,-0.05601697217397597
Подпорожский муниципальный район,-0.009723919759608396,-0.024175728495760683,-0.031498835553323036,0.0011083216182119185,0.03678015250403588,0.026634088329912316,0.018787081719869182,0.021461639152761745,0.005405869246116961,-0.01489563610573132,-0.009101146649852072,-0.020781886006632496
Пожарский муниципальный округ,0.03538962466652651,0.02426060087211962,0.0035714580598715066,0.012659974543454808,-0.0013621428825116508,-0.022188256892316332,-0.022031754694517736,-0.025900234358093837,-0.006650345909820335,-0.007000232700946924,0.0020863296758950323,0.007164979620339341
Покровский муниципальный район,0.002141851445001278,-0.01513908100824534,-0.012666494870397872,0.01614316057412718,0.0019437761883837432,-0.0022570964595045586,-0.033818008618038985,0.017295069430332155,0.0015321756633173353,0.019052541361923928,-0.008854281227913128,0.01462638752101426
Половинский муниципальный округ,0.013695401041021536,0.03245216197206492,-0.0010112528029531343,-0.00038160280099606113,-0.038239073055178145,-0.04633460608531641,0.017517524211964834,-0.03562210248203751,-0.016060912108439383,0.04855116926293193,0.018944841006911052,0.006488451840026367
Полтавский муниципальный район,0.0002473892459308319,-0.0333695040940245,-0.010245787166938889,-0.016268748181323314,-0.014136762748358556,-0.015995956371836456,0.013342771983973843,0.014940972461214272,-0.016007640927681515,0.039068190461475416,0.01562536743121869,0.022799707906350174
Поназыревский муниципальный округ,-0.000611931199068879,-0.025778250673492452,-0.004426305801220621,0.04708248422126487,0.04924046238876491,0.002606353658156078,0.04200921715024244,0.004641852857125007,-0.041873940052431356,-0.04574765707649623,-0.04278102390142966,0.015638738428585916
Порецкий муниципальный округ,0.020065378147913766,0.012847241653756784,0.036647497367152664,0.053530928498362544,-0.01555488056552382,-0.005999085045832105,-0.03416516102471625,-0.0005862056824510178,0.00025698704736571137,-0.029040928963064976,-0.02244858761681372,-0.01555318381614958
Порховский муниципальный район,0.01705236958439047,-0.011857344119251625,-0.017563016869943562,0.01504259634792376,0.019284540991674443,0.004401954092399798,0.004137722450560681,-0.010643811839219506,0.01283515803802595,-0.0022744749786036862,-0.004356281260255858,-0.026059412437700866
Поспелихинский муниципальный район,-0.04578280549052466,-0.04935358412641876,-0.024369750892554,-0.018371692357959896,0.003489529970272843,0.033771519520190044,0.014635409630985202,0.037943796910858446,0.019114441355267145,0.001321359723575402,0.01856004913871099,0.009041726617597258
Похвистневский муниципальный район,-0.03787526927315879,0.02619074799119927,0.02055427450585642,0.026836890152579555,0.02949178030412424,0.004695628914330491,-0.0003082060118872773,0.029488653532994912,-0.037701522498699645,-0.026565154524325937,-0.009552503681115595,-0.02525531941189765
Починковский муниципальный округ,-0.04556883235640474,-0.021696437151792355,-0.012928197702124092,0.015253238022928776,0.016398047445127788,0.03435171846189956,0.023519571581594005,0.015443284124595745,0.051431443060192074,-0.007352254032631108,-0.03787483378147028,-0.030976747671915363
Починковский муниципальный район,0.0014703023991595246,0.016759918434888114,0.018494383491891916,0.010947170620455565,0.0030555030218085166,-0.006125366442712632,-0.017657985259981645,-0.009332773200924651,-0.011412288502396228,-0.009328732605108763,-0.006138743704019556,0.009268611746939843
Пошехонский муниципальный район,0.014659554401721302,0.03806069905557403,-0.007588786009419005,0.008631785535235376,-0.008456149111209801,-0.034021931736674504,-0.004525255091133568,-0.03894058172516056,-0.005589503590208613,0.020629351913172105,-0.00917861042096685,0.026319426779070086
Правобережный муниципальный район,0.01778575676133614,-0.04235268633262048,-0.08078057729203404,-0.011521835607448879,-0.033737071037061875,-0.025731463809544216,0.013825269576730206,0.026784135688051526,0.043050723624334944,0.053925488167547754,0.046991979814566445,-0.008239719553857529
Предгорный муниципальный округ,0.019485534352202922,-0.020654995366523186,-0.03891704169432628,-0.011840329843594165,-0.023790198080602423,-0.02424077712541809,-0.022120090978543186,0.022170991983466636,0.03076026396878583,0.027767646693074324,0.04020559560255786,0.001173400488919757
Приаргунский муниципальный округ,-0.03615454959146658,-0.0044795646720892715,-0.033937261260661225,-0.00211579009166548,0.0015359244563456654,0.026416610140474774,0.039124004346446944,0.031632643766228485,-0.023231215945082963,0.006858058767407827,-0.016923311917827543,0.011274452001889377
Приморский муниципальный округ,0.005693045813136191,-0.027561615597457432,-0.03261776630185462,-0.03511639663801944,-0.004613136323160563,0.0035728208118267395,0.01409947999757756,0.013897964731100327,0.03170200722702875,0.0317018815586445,0.030786346855212688,-0.03154463213403472
Приозерский муниципальный район,0.005551349126767947,-0.025803803845925847,-0.03930356802354069,-0.015032521872449054,0.0073598929280666815,0.00784134266943505,-0.007621519168113168,0.0170679233615473,0.02331722511536705,0.030961824207959513,0.015392684341055599,-0.019730828840170397
Прионежский муниципальный район,-0.02929102606080549,-0.004432078624632081,-0.02608593233427936,0.07449509005461004,0.09754256655373253,0.08204028484820955,0.07977317131668542,0.05272427637824894,-0.009712621202752925,-0.12734825700891317,-0.0853421148215879,-0.1043633590985156
Притобольный муниципальный округ,-0.0064461628370687685,-0.02227792062872842,0.012649480599739634,0.04169928023167344,0.03327629300557503,0.0029064542376033313,-0.017072518173212464,0.004670091711525681,-0.01117812118928327,-0.027384154183741315,-0.012278792776070132,0.0014360700019872517
Прокопьевский муниципальный округ,0.003952491908886831,-0.03249570847729749,-0.02118287931475528,0.0016068533024660285,-0.002913106422853964,0.005256621503756022,-0.01251987746335577,0.020724290898726353,0.020070660409335018,0.024261594352862147,-0.006255644887320929,-0.0005052958104489582
Промышленновский муниципальный округ,-0.061858585564782756,-0.05736470769792252,-0.04259482788034255,-0.006445357572775361,-0.006589008047176267,0.03391077295706073,0.03453323103683483,0.03560998202839658,0.023374621360049495,0.026496333350043803,0.018640159730486643,0.0022873863001273732
Пронский муниципальный район,0.037778014171884214,-0.004644282258631463,0.013103961942278135,0.01028776819744377,0.012766810070957637,-0.015396987954542257,-0.013389648171138075,-0.018512823015961168,-0.01239023633648225,-0.006218253048978018,0.01304813662019376,-0.01643246021702429
Пряжинский муниципальный район,-0.03241968421746769,0.0010749452712804876,-0.008973528120445825,0.005640676351873892,0.050559650399433734,0.04590250828416927,0.041637737066214604,0.020116048367528075,-0.001008275270577174,-0.04223656107315389,-0.04143117528264723,-0.03886234177620825
Псковский муниципальный район,0.017746133649368008,-0.04187365975975623,-0.03406201476415063,-0.024686231925345865,-0.012690697685712245,-0.010423803835937976,-0.010380124221078675,0.00829076702309326,0.02134612581661929,0.03027355895039245,0.03206065346277723,0.024399293289731394
Пугачевский муниципальный район,-0.00020236434750086144,-0.0048273941817702955,-0.02432191718456446,-0.026937108255544677,-0.02377364741909795,0.004926180239370222,-0.011386137136415373,0.0159793858708819,0.016600465605850222,0.020061982831045655,0.016009741895787247,0.017870812081958353
Пудожский муниципальный район,-0.020779800202342862,-0.015596351340627345,-0.019327537646987122,0.027575062302635636,0.03900644555103764,0.037262802155029,0.020045524293656476,-0.0062322878207070696,-0.012166096996606318,-0.02557236280033704,-0.01969642580532242,-0.004518971689428577
Пустошкинский муниципальный район,0.0056723970587952395,-0.000345410169026247,-0.00571819248435299,0.013020653293970633,-0.0035771866190885153,-0.040694247319966105,0.03608678745799877,-0.010371036709648552,-0.00931229866400403,-0.0004681532439176204,0.011970014141280834,0.003736673257958586
Путятинский муниципальный округ,0.038373738623874894,0.057795206230271554,0.03983956678000841,0.011274917107053596,0.03814542895248595,-0.014956090746738905,-0.004086854116869886,-0.0434690335137102,0.004784492340123918,-0.045653680169419425,-0.020409726677231472,-0.06163796480984847
Пучежский муниципальный район,0.023634570617353516,0.0309006999089888,0.02162429705985773,0.010125124420207547,-0.023296595683244943,0.01842340938196494,-0.00750109772459643,-0.05363280285942541,0.001341787347818705,-0.0018847931099014626,-0.009174378542682389,-0.010560220816340608
Пушкиногорский муниципальный район,-0.02758523931980045,-0.03165630245081293,-0.022289569511600008,0.023012516122287614,0.015200065218891418,-0.001647251986627945,-0.01047556575709771,0.019724851258982063,0.0038506116265068077,0.02210172987868367,0.01337445746558376,-0.003610302544996285
Пыщугский муниципальный округ,-0.07969379549782356,-0.01808601261820826,-0.02956865714627977,0.02087399060623654,0.03982083544042142,-0.0009344217550163736,-0.0005082447461648848,0.04132020799760123,0.03472778059247036,0.014637947162411055,-0.021240381715583054,-0.0013492483200647082
Радищевский муниципальный район,-0.028561198380062356,0.024736553555069072,-0.0211519093208499,-0.022543181781529035,0.004078714381435393,-0.018532129287734362,0.013567828748707165,-0.03181338280293058,0.007678179177665343,-0.005039611343577519,0.028770854003845766,0.04880928304996099
Ребрихинский муниципальный район,-0.040961334192297354,-0.0388679492269118,-0.012173873250632343,0.008187853331073929,0.041323438524224515,0.03779128329020708,0.04730492576421541,0.03998437581420371,0.012568495512047778,-0.02412193812977878,-0.051317464079665795,-0.01971781335668636
Ржаксинский муниципальный округ,0.03292139822464484,0.030367894470166558,0.025825959015715723,-0.0073827356682467146,-0.020350663706670765,-0.029909057290737125,-0.022638813979254435,0.003996945898548261,-0.006926723381023456,-0.00735396995284657,-0.007852049088692718,0.009301815458396404
Ровенский муниципальный район,0.03763882171895212,0.01909285989748047,-0.020720815287324,-0.03789766123101154,0.0031219141880222227,-0.0045011533217378125,0.0013485625118364831,0.016319867732555577,0.013745551185298781,0.011087733626448779,-0.016968778501927552,-0.022266902518593527
Родинский муниципальный район,-0.05134391610647422,-0.03112753558017926,-0.04227660457168987,-0.019272668610325075,-0.00327897063547182,0.023056096703541477,0.04834605468091017,0.020769423697140466,0.019116522900340105,-0.002067765785908654,0.02158663766491066,0.01649272564320603
Родниковский муниципальный район,-0.026201641916780302,-0.002996350623370352,0.029144344323787517,0.01818284070023417,-0.00011291690766487925,-0.013454769808413418,-0.009450365807427542,-0.020494989694144785,-0.0013038029000877497,-0.00829771087136752,0.008220275757922396,0.026765087747312462
Ромненский муниципальный округ,-0.024045610819596046,-0.021666136159451628,-0.03236602563413035,0.0035780448157065065,0.005767196444624341,0.03589778680665445,0.016675998358844306,0.04246776525239902,-0.004513833429623724,-0.03898415285430852,-0.02425269493768809,0.041441662156569734
Ромодановский муниципальный район,0.0449405788108035,0.05093505352042384,0.009282646249820796,-0.012894681890245587,-0.004453979130186397,-0.0013577753623160854,0.028002135180323733,-0.00845124745980551,-0.003402186280644613,-0.018318381297267445,-0.00921983579304007,-0.07506232654786615
Рославльский муниципальный район,-0.0028921834123918997,-0.017115265301333032,-0.006087544829468981,0.005820458576651089,0.003446495410629298,-0.004787301382969315,-0.008040949985905734,-0.014473596657632565,0.006457225398580844,-0.0008344420374875023,0.01634438484882892,0.02216271937249887
Ростовский муниципальный район,0.012815030516163887,-0.02835288878300649,-0.014135348179714647,-0.01630413957963419,0.004890110693371636,-0.007871815386947274,-0.020010654130347964,0.004501926894331155,0.01679289755023228,0.010855409004980178,0.033245469550798476,0.0035740018497729675
Ртищевский муниципальный район,0.01239002244985218,0.002332026587834356,-7.330425452881144e-05,-0.013707562640975337,-0.010481837849961359,-0.02354288155209029,-0.025271976831632317,-0.002794471782127038,0.00226591783792287,0.01182633197773077,0.033435495720092065,0.01362224033788291
Рузаевский муниципальный район,0.014065550058784439,-0.002495515283277761,0.0018279617363602249,0.027166659493668338,0.003004912651108313,-0.020783915627715914,-0.018310752614988317,-0.023315534221180458,0.008789198691243626,-0.011447720165852595,0.002925912614064387,0.01857324266778572
Русско-Полянский муниципальный район,0.010144371261717902,-0.007231035728903647,0.0199420755756183,-0.018965262218136075,-0.013705909340535054,-0.023835183597426566,0.005539967344037573,0.00465180864198137,-0.025191715455557404,0.0002598357801777266,0.03377807921060857,0.014612968526417303
Рыбно-Слободский муниципальный район,0.01951149693555905,0.02538295395173807,0.03297151960004807,0.007835209388610705,0.011599920594985992,-0.0027286209595357236,-0.024057809783854862,-0.04966837565578375,-0.013210021359352515,-0.031041657367483797,0.028363604663380976,-0.004958220008312215
Рыбновский муниципальный район,0.022072841354213522,0.004974629522697694,-0.007314318789450145,-0.020683115657498,-0.026806126427838823,-0.04565496058126454,-0.04375304955002551,-0.006833002759171461,0.04440557962776859,0.02027594151496301,0.05076005544458642,0.008555526301019259
Ряжский муниципальный округ,0.004336957331516642,0.0029225019414922714,-0.0021457856378680647,0.004231147860264091,-0.012081086566609863,-0.024129228428632868,-0.016902843637407485,-0.0036215958989185065,0.00939966368255672,-0.004364932607619209,0.033336955853444476,0.009018246107781791
Рязанский муниципальный район,0.0065387547624492295,-0.019387514642993008,-0.024502115501767986,-0.007576389606981362,-0.021881157580292174,-0.019863382815150852,-0.023434337634349454,0.0002945286535117517,0.025158275016129557,0.03276422359524695,0.04208770570354534,0.009801410050652007
Сабинский муниципальный район,0.0755076913056873,0.029009467948309678,0.009872464149411769,0.012068481778474825,-0.004582061955631329,-0.011452440623834187,-0.005243041454470829,-0.02519884450538777,-0.004251524047272274,-0.0325947148566589,0.0011517383674923354,-0.04428721610612063
Савинский муниципальный район,0.009756384326206114,0.011780211573775182,0.02216290588404076,0.03675289178760086,-0.010095335304892658,-0.014260456651530307,-0.0640512206804187,-0.024073119140108252,0.008801230512336526,-0.011787804903759053,0.00538973132595468,0.029624581270794835
Сакмарский муниципальный район,0.03397319416695069,0.041895398565833845,0.045993044610283286,-0.027155714771831374,-0.04023572996881542,-0.017305353896575212,-0.026363580809059463,-0.03031906740516846,-0.01003828327674567,0.007483648356169154,0.007643370245726737,0.014429074183231892
Салаватский муниципальный район,0.018773226176323012,-0.02180082541101946,0.00893500388610861,0.015704670248731938,0.011154570025969595,0.010720066713102633,0.017902077505603325,0.002874007295315277,0.0010277510403236094,-0.01186843882456044,-0.028385546690306216,-0.025036561965591893
Самойловский муниципальный район,0.020682953150738564,0.03491293810858708,-0.03828976023932723,-0.02220505727895837,-0.013422240924540875,-0.03202938457244757,-0.017849879489463233,-0.013806375902959356,-0.01811828919062075,0.001550752852212454,0.03455830707500108,0.06401603641177822
Сампурский муниципальный округ,0.02844805819426508,0.023843345138645604,0.012559228094022826,0.00753967322234276,-0.03188637520508088,0.006454459620061246,-0.002695796529822312,-0.0003693281358000712,-0.00033750387749947874,-0.018603705825113392,-0.05100280476692889,0.026050750070907493
Сапожковский муниципальный район,0.01846520489033039,0.02724479908125126,-0.025598163137450954,-0.04489810036348406,0.01198465017181359,-0.03980976371611414,-0.012642796563162483,-0.023964894515840426,-0.014998330921906361,0.026724283306735767,0.059881107215895145,0.01761200455193227
Сараевский муниципальный район,0.0008191419742175562,0.01614995780552957,-0.021142811345085888,-0.03330529951281826,-0.024554495714774492,-0.02862164145962401,-0.015309489443898112,-0.021050896449850556,0.03336704550793456,0.017525155375323922,0.054951869205356815,0.02117146405768887
Саракташский муниципальный район,0.02337774032439338,0.03375364401051049,0.044640608195116824,0.01721923552560809,0.003481188991829639,0.004956011413826115,-0.0305562132955286,-0.0163434667921167,-0.017114149897755407,-0.016210769535753636,-0.023642925950979648,-0.02356090298915055
Саргатский муниципальный район,-0.012176421909731939,-0.021089435716499266,-0.007135636011467914,-0.0038151511426756848,-0.03869227247374644,-0.0021929579914257953,0.030427615665724543,0.020265386862917824,-0.014616532195393318,-0.005758009275816778,0.020236240247442448,0.03454717394067232
Сармановский муниципальный район,0.10568768676475165,0.03638275189160851,0.02372080521505839,0.003360193019777878,-0.014598619915237705,-0.0407221691955294,-0.020564578230463947,-0.0141441271325527,-0.020914056457254724,-0.03772748230492036,-0.009098002505818211,-0.011382401149419397
Сарпинский муниципальный район,0.04329449542966819,-0.013198714935579944,-0.014999584399279231,0.02472290999391161,-0.0225489157871853,-0.02425777668757318,0.004576140078327223,0.08677754937073574,-0.007229887758428373,-0.0061486493144346545,-0.05174730047606396,-0.01924026551409813
Саткинский муниципальный район,0.016179866037172447,-0.016352894381440025,-0.00416353003156688,0.0023516400351904702,0.003519517092499577,-0.0007644838799876195,-0.00157729930724561,0.008352973711048317,0.006054733649704456,0.009500470365899277,0.006342489661497263,-0.02944348295277167
Сафакулевский муниципальный округ,0.0035328346826910546,-0.020243968278213745,0.007853185777344352,0.01260568044482412,-0.022516743873284267,-0.008247911822604306,-0.004051712082347101,0.018484733323297014,-0.02168768124626875,0.04607240546387202,-0.03560233404148264,0.02380151165217225
Сафоновский муниципальный район,0.005926009790590809,-0.012907195950508096,-0.009328176006736024,0.013267548795000608,0.006839599944032526,0.008219997012877912,0.007676309229289983,-0.006852974568912429,0.012816840931556765,0.006930945803611405,-0.004591104988237924,-0.027997799992565537
Саянский муниципальный район,-0.03854312397759546,0.0063338345194325334,-0.0005018354052925642,0.008526645537840657,0.040400507893362025,0.019598749168172294,0.0433320946493236,0.010181048211620995,-0.016499604484444787,-0.000951493338462622,-0.05044658120211965,-0.021430241571837032
Свердловский муниципальный район,0.04706784118945366,0.029089942726760576,0.05208870891692795,-0.011180681453269847,-0.0004916778999159675,0.0020921837117879715,-0.037107121580276826,-0.047322620017966055,0.023221367126738085,-0.011363611648708385,-0.011904124211613664,-0.03419020685991749
Светлинский муниципальный район,-0.023849813110690597,-0.01128759871069691,0.00802696872960542,-0.007819121545870417,0.013719940234226787,0.02417787722516733,0.019184815402608822,0.016138388849719486,-0.018816198481948227,0.0061783073080042775,0.0028214069786756703,-0.02847497287880164
Светлоярский муниципальный район,0.0549166572250231,0.03027068972227509,0.0036505729190505548,-0.022187664558684355,-0.03133208392782328,-0.07510485478119824,-0.08007978284608631,-0.021979682932320894,0.002337211568841429,0.02264711197900556,0.055489454081865563,0.06137237155005179
Свободненский муниципальный район,0.016417235844438834,-0.010155436405926147,-0.033467765227960834,0.006260118335450653,-0.00019456626318588473,0.019059938015741792,0.01911412415506716,0.023757178501473866,0.018245154915888063,-0.008080710718964918,-0.019110676850004196,-0.031844594302018386
Себежский муниципальный район,0.01503366087628124,-0.02726420199453993,-0.0005355262113240057,0.015220868112391947,0.009240595816201366,0.0008763286976369213,0.01448060518585894,0.006829072463108041,-0.01301524246909538,0.0037396060161450457,-0.016757529364981948,-0.00784823712768224
Северо-Енисейский муниципальный район,-0.009432502533904624,-0.0023023483786857976,0.01829518529736011,-0.03292910981874085,0.010338314365180965,0.0025822418259665806,0.048351811298234806,0.04142955943553923,0.01346249373470742,0.011925102069641662,-0.022785005670488627,-0.07893574162481087
Сегежский муниципальный округ,0.018174079993897668,0.010786197359745092,0.015746463756528016,0.032380637852342437,0.053848170601148285,0.030300782191971208,-0.004205641171128913,-0.03129535846317659,-0.035149263588452606,-0.026804484248493264,-0.008393850310282234,-0.055387733974099095
Седельниковский муниципальный район,-0.039825342110829866,-0.014634578986031904,0.031014010497609965,0.005497095995795138,0.0006100597039957528,0.009151918379072364,0.04088535393725966,0.045944030922134525,-0.015383322046139484,-0.0034772307966655313,-0.04975476647119192,-0.010027229025008702
Селемджинский муниципальный район,-0.0009062212786716678,-0.03787397904618179,-0.02349460045188392,-0.0012171907025066734,0.0038275151744756814,-0.0033321631447693584,0.007949821099468039,0.05772721459866258,-0.015052906831758634,-0.012004069879176309,-0.011700980685165424,0.03607756114750747
Селивановский муниципальный район,0.04318559325128343,0.045654620982386644,0.019613152650747142,-0.011093085187995691,-0.03149488683999628,-0.018330061025108108,-0.02801559441388502,-0.022136978620363942,0.022493490167769362,-0.008536288842858421,-0.009334314134502444,-0.0020056479874766865
Сенгилеевский муниципальный район,0.042023161783657045,0.02535734730529465,0.029024943843771314,-0.0020216435758879936,-0.0034393576607262347,-0.008498796784213098,-0.010197785588798011,-0.015563264638678768,0.008458119839545163,-0.01603049021724891,-0.010233319834970413,-0.038878914471744755
Серафимовичский муниципальный район,0.0030697635344356673,-0.0026535353576459244,-0.009352913232183428,0.02539877002909329,0.02030069430444667,0.025247778318938326,-0.03153601681446305,0.012540314767059439,0.007917886397356496,-0.027799694774720395,-0.016420732772107354,-0.006712314400209737
Сергачский муниципальный округ,-0.016835121764016,-0.008275294491227199,-0.014622282594001768,-0.021845447209886987,-0.00972323100197977,-0.0017526397140712026,0.0005386283058705383,0.002506342843186471,0.024086479517382055,0.014784273823759898,0.01678572896339059,0.01435256332159338
Сергиевский муниципальный район,0.0036703185813302813,-0.01384930735358848,0.010729609382087658,-0.005776161738888416,-0.008787275556970037,-0.021440756693341622,-0.01859712429156907,-0.011297908139633567,0.014062162782932404,-0.002270815119468332,0.029425993221923276,0.024131264925185907
Сердобский муниципальный район,0.03321520999861639,0.009302998679619147,0.016088849686132133,-0.0037998478490610735,-0.0148592601856345,-0.035030031752556375,-0.03248901255261182,-0.016993931697322794,-0.00327719256603914,0.009802560751329504,0.027581363981012883,0.010458293506515639
Сернурский муниципальный район,0.057158554367276786,0.05154398042391534,0.03562101721966435,0.01837942245798702,0.020487195501074137,0.004329013107074987,-0.020259105824501925,-0.04181145990326958,-0.03202023325205618,-0.025432282593019457,-0.024868847783024492,-0.043127253721121014
Серышевский муниципальный округ,-0.03725568965324759,-0.00394065361564977,-0.029759384806892504,-0.016440659166587258,-0.007187797093486185,0.01934456668240734,0.032269920237009996,0.012181795915211586,-0.00715905180843747,-0.024585546016753813,-0.009134332130445379,0.07166683145687106
Сеченовский муниципальный округ,-0.02048002711577806,0.02212160146269085,-0.014762077364077624,-0.022085110000765868,-0.000337149768175898,0.02300354073320579,-0.009299164423055948,-0.007486255600208434,0.012933955243358872,-0.0047359779177508655,0.00300281406255709,0.018123850688000098
Сковородинский муниципальный округ,-0.005655686129119085,-0.04200111295578613,-0.010403876420580636,0.018681275224416833,0.0015408765454841774,0.01069131510016231,0.01759595649942026,0.017007579788526413,0.011565640360171745,-0.0035380241123760215,-0.017554517699942863,0.002070573799623006
Сладковский муниципальный район,0.006853466788823046,-0.02452784755318428,0.027073673218958174,0.004240235571691686,-0.03314041470462896,0.00836651014315595,0.00934846373022414,0.0192140763313543,-0.0382115083892736,0.027115803575005485,-0.006484881317271634,0.00015242260514569325
Сланцевский муниципальный район,-0.010154347161804725,-0.01356097958205493,-0.009767248039185683,0.0023252356590597054,0.02641602291537285,0.007922262630639977,0.0015979324621040814,-0.003881782509407099,0.007384948518709552,-0.004357838963761218,0.009307517271498724,-0.013231723201171237
Слободо-Туринский муниципальный район,0.009052734726393567,0.01649012642372795,0.027492420542511005,0.008434317619387332,0.01246576569348545,0.013209626442963258,0.014039990794215137,-0.03340714347518762,-0.0367290890394054,-0.016983356753371502,-0.014025158115001369,-4.023485971782828e-05
Слободской муниципальный район,0.039357515162439335,0.027312156422414427,0.03691137711266151,0.04856075898786248,0.019382544686730993,-0.003414811519897438,-0.018850940410470602,-0.0345536440380829,-0.027796445575277346,-0.022388127804178086,-0.008578050381027262,-0.05594233264317514
Слюдянский муниципальный район,0.001356846815920759,-0.012479473181928423,-0.003394214445811702,-0.016140118736233625,-0.0068113295249426645,0.006649433766584424,0.009925960835967692,0.020007997006073374,-0.0006972888179892713,0.006417948624872268,-0.0004926924673057457,-0.004343069875207089
Смидовичский муниципальный район,0.029600619334502865,0.005096205159706962,-0.030038930730605293,0.0007577991839341908,-0.006638526293086707,0.0026641905611464707,-0.007917423861454958,-0.007440691845361547,0.007494461503911177,0.012030602188907539,-0.02508838875318439,0.01948008355158369
Собинский муниципальный район,0.03544251069311078,0.03519461736779855,0.01574668490377676,-0.024799326758593684,-0.029005564517700182,-0.032831111856936164,-0.0370163014088485,-0.028598335057914315,0.010097598478935113,0.02569486526457472,0.021877806740527285,0.00819655615126965
Соболевский муниципальный район,-0.08465885446478424,0.030639530963929892,-0.07243736551299709,-0.04607241235658707,-0.1062127139395738,-0.021279888864074926,-0.1235672494581898,-0.061700442869607866,0.10758225669858837,0.2010452402924834,0.12249705486926493,0.054164844641548165
Советско-Гаванский муниципальный район,-0.016834877237618222,-0.008595604218996893,-0.0027009069299282215,0.012060499027012664,-0.0005498468986066592,0.019699106111758576,0.021631020567314994,0.0251535657316404,-0.0035025199626111305,-0.011766125715981726,-0.02908441779439965,-0.0055098926795841205
Сокольский муниципальный округ,0.027844434675622424,0.0004083432347784296,0.015432594085288201,-0.010073802190523864,-0.016943587570620727,0.0010151608219896293,-0.04615075918221429,-0.02100678944678806,-0.007523515006057484,0.008936244777604673,0.03769735480716653,0.010364320993754533
Солигаличский муниципальный округ,-0.029347250728900084,-0.04181968343013433,-0.0373716062835774,0.025455166539490946,0.009704805413344795,-0.009319984084373619,-0.00725852920528392,0.031169247333798705,-0.0019696119365004584,0.013985316564917603,0.023750333949382234,0.02302179586783552
Солнечный муниципальный район,0.03371587387689486,0.048724045388275086,0.04092943251393249,-0.00019588126154940558,0.009612996193831644,-0.015834279902262292,-0.008072907129569014,-0.01357380256930139,-0.023998373795723314,-0.015959324595442623,-0.038592898361206086,-0.01675488035787994
Солонешенский муниципальный район,-0.055336187263004585,-0.09424414048457327,-0.0720384370185431,-0.06166746081791485,-0.025021430211955513,-0.004132432899988558,0.05899224864604673,0.06427597022425176,0.048827074749051395,0.05017780856716069,0.04722090628444125,0.042946080225028
Солтонский муниципальный район,-0.010114201130420294,0.0031343901333291545,-0.004934429715573884,0.011837553058320932,0.020488588561403776,-0.0036855427015408905,-0.01589008932940513,0.03264452281710729,-0.017154624692594017,-0.02599565161549272,-0.008806066607342022,0.01847555122220781
Сорокинский муниципальный район,-0.01645840768178033,-0.021663479354076337,-0.020110294783888552,-0.0018439811657718526,-0.00947225627952821,0.011103685278835337,0.009022403086893789,0.028670903380130765,-0.007659409779690551,0.058488207756112146,-0.016733754696218326,-0.013343615761017884
Сортавальский муниципальный район,-0.005598956766724422,-0.04404548107299816,-0.04855846577283637,-0.03008060367405392,-0.00264200301010681,0.0037102743299726685,0.0064241591105699,0.025488284233063756,0.04789723453100944,0.029049037257548562,0.018957118146209442,-0.0006005973116541101
Сосновоборский муниципальный район,0.039109118241050525,-0.006708363764314659,-0.0017872809340838177,-0.000765043841528883,-0.01859856810739232,-0.016707072927286248,-0.03176032949821455,-0.01355152742639475,0.018810083915883822,0.009096100060333144,0.002975257254357518,0.01988762702759022
Сосновский муниципальный район,0.016151847990721887,-0.03022049897310608,-0.00942387585595874,0.012765507653983559,-0.004990767559679919,-0.008177568742432138,-0.033208418194017444,-0.004564413902127785,0.020604994852898722,0.021923783173545472,0.024139431712354727,-0.005000022156182261
Спас-Деменский муниципальный район,-0.010469032746574188,0.04893682485077125,0.013075863390919835,-0.007180297971284955,0.011006157534944602,0.03319966610003695,-0.018427740365462974,0.004074885346856051,0.015014478140648739,-0.034478244518733776,-0.017111100356940547,-0.03764145940518099
Спасский муниципальный округ,-0.009624996952136238,0.03519619099288625,0.01231384303954303,0.003820677263028625,-0.028632646997364997,0.019177077983402378,-0.02237771566157954,-0.030333634270672767,0.046918619706683734,-0.023207317173038144,-0.008167961893861219,0.004917863963108889
Среднеахтубинский муниципальный район,-0.001205229588771596,-0.007179160107776986,-0.022507859952410475,0.0014281558479786556,-0.028196812947281803,-0.037433325682515554,-0.0350945426657258,0.0022948561017703353,0.0325448674299925,0.0202458442293325,0.04287828085932101,0.03222492647608724
Среднеколымский муниципальный район,-0.14099674738113394,-0.0498833420475793,-0.07215228597012659,-0.02171481137838181,-0.08611764843337025,0.09386030748637994,0.163304582515251,0.2040508682182864,-0.0011597237372153422,-0.029967116436617314,-0.12030658764415297,0.06108250480866012
Сретенский муниципальный район,-0.03764723761135423,-0.025284409532130157,-0.04932596226929442,0.005441800584244889,0.0043800880716554115,0.03713337008595562,0.04882586020108704,0.04845453809549544,-0.006982466094458379,-0.014164327640412382,-0.04112365602004598,0.030292402129257136
Ставропольский муниципальный район,0.0366558928106853,-0.02128876382362034,-0.024347256086816305,-0.0029594352656057143,-0.006704475802281611,-0.030943234519193816,-0.047436715858328385,-0.007934296338724962,0.029039782237608513,0.03808566249770023,0.04304001624028514,-0.005207176091708059
Становлянский муниципальный район,0.00352197100920695,-0.01305088679361176,-0.0024262095789281952,-0.001369152154918112,-0.03308866947673071,-0.024410108746873563,-0.053062376774244434,0.04023091766839673,0.007426828038076363,0.02426847363742157,0.051519816801030086,0.00043939637117507147
Старожиловский муниципальный район,0.04398448060733423,0.0389416316577268,0.04092038818854353,-0.02143211909539498,0.010093579425400779,-0.002207191919072928,-0.01613056872643647,-0.02569440588641366,-0.010774000171381708,0.03488674177549064,-0.017356030348278755,-0.07523250550751748
Старокулаткинский муниципальный район,-0.010861105037941106,0.04846708118717817,-0.001228400522515695,-0.020046005003139418,-0.06574182065230177,3.069895638969141e-05,0.00893509477928741,-0.0041333112129383984,0.010398322054589128,-0.009257577648007624,0.0347080381706395,0.008728984928760113
Старомайнский муниципальный район,0.0168308033795422,0.049520398336182055,0.053427302092688596,-0.01389181050592857,-0.015566379649110703,-0.05745814628681504,-0.042771322278740795,-0.03912455421506452,0.016806623736719418,0.0004295736503074604,0.02822569068748578,0.0035718210527341185
Старополтавский муниципальный район,0.017473449733177306,0.0008059388350973497,-0.026474003127175082,0.015486679490090551,-0.0015627666861945302,-0.012677047036678513,-0.004557454341083643,0.00934014823142676,0.001434001373857149,0.0135761120106397,-0.024062594280921556,0.011217535797764508
Старорусский муниципальный район,0.027772758915275943,0.010595748456414691,0.00744513753942904,0.0002656594533016112,-0.003910928185357672,-0.01704676394485275,-0.01784699863620215,-0.01977345826158402,-0.006876782090533348,-0.0022422675730169477,0.013555439265492141,0.008062455061633465
Старошайговский муниципальный район,-0.004789596016991818,0.04838338983365345,0.06287511887981724,0.08334993589553764,0.014343724521051258,0.006105557025127352,-0.06475598712168597,-0.04204277933320454,-0.05464723867934544,-0.03444661534478777,0.010505584865706356,-0.024881094524877762
Староюрьевский муниципальный округ,0.06072089684607941,0.013871763846465615,0.004560484548043649,-0.023064887712905126,0.00834502414087579,0.0046337778597496035,-0.038900990888910865,-0.004511946145874005,-0.026646849157624185,-0.003098050665832475,-0.010619961119063173,0.014710738448995762
Степновский муниципальный округ,0.0007005556659529667,0.0348640805319454,0.01691113224880392,0.01139974800135512,-0.06530294847925906,-0.07739560720846134,-0.011270387967199702,0.04317072231779578,0.02096376681482112,0.011495000286211128,-0.0030011930421837514,0.01746513083021841
Стерлибашевский муниципальный район,0.06702016252786763,0.029534946470361145,0.044772128593985494,0.0746202693886006,-0.0521838306802124,0.011802574055729676,-0.0016331193043388863,-0.05538338366732486,-0.06963560589589046,0.009449271037178499,-0.02769284340079936,-0.030670569125157095
Стерлитамакский муниципальный район,0.04041870679663049,-0.03209301581453521,-0.014894446320417438,0.013536624713823189,0.011946340166051464,-0.007962900744486854,-0.005429949142871506,-0.003937901393564468,0.010301965520500899,0.006447139404292613,0.012976029813617465,-0.03130859299904064
Суворовский муниципальный район,0.01741719618388316,0.01194689624292941,0.011478420785517704,0.028139171364491726,0.014010914040711317,-0.041713836641874585,-0.02488335083752787,-0.02285352862072982,-0.0002553548238778563,-0.0034550880854576317,0.01970659879456104,-0.009538038402626597
Судиславский муниципальный район,0.04541210905719068,-0.006949283520498301,-0.02063111754693748,0.004184337104548004,-0.008884363575426227,-0.004068379500159964,-0.0065775123914418795,-0.025913695707456837,0.00578456456166972,0.019198703313807457,0.026659528461541508,-0.02821489025683668
Судогодский муниципальный район,-0.015627462423377467,0.019386663110335194,0.00042137753851066544,-0.004716450077300234,-0.0012685618359029264,-0.005718682269982775,-0.013239111347770706,0.0019435033168945155,0.0060715114351789275,-0.002265942858612994,-0.0011495753215787154,0.016162730733606512
Суздальский муниципальный район,0.024232319475112337,0.0031653818142532153,0.008712239994537713,-0.04060640760190894,-0.014571519953586467,-0.027470777213011333,-0.017373468100937147,-0.004764499753275796,0.0310382966010852,0.0239439210822053,0.02642385521503562,-0.012729341559509715
Сузунский муниципальный район,-0.025387933083582278,-0.025409741042666405,-0.031838730977360515,-0.009837552284574377,-0.024900498379389846,0.022086645779703207,0.010412728836080598,0.027500416153661097,0.02157603158783882,0.01717054163627465,0.0002130334907251639,0.01841505828328989
Сунский муниципальный район,0.0987986818010805,0.01973484711628909,0.026384678019312893,0.01538101125737476,-0.021598141680845645,-0.030033964577206394,-0.04965176228617693,-0.07794299899661815,0.019802538700151882,0.02254833584716751,-0.0131408013160804,-0.01028242388444914
Сунтарский муниципальный район,-0.052347828572935545,-0.02974031786903627,-0.00830420024524079,-0.05810909004348909,-0.08181974285540775,0.09229258926217655,0.07048386177318469,0.08979639294347848,0.017385745253695385,-0.03667114904336614,-0.10753298361541384,0.10456672301235431
Суоярвский муниципальный округ,-0.006704425748541151,0.0006215162327152801,-0.00575518025297805,0.0313350209915419,0.040317566865649385,0.020580665377438436,0.0034125519214812435,0.006690623611181735,-0.030047249986731674,-0.013347459456893444,-0.00037796289517173695,-0.04672566665969192
Сургутский муниципальный район,0.07195513796021147,-0.028626730667771,-0.015851628217144937,0.017931198472000823,0.005990134599556243,0.02598822773907807,0.03692541454768403,0.002018037325702606,-0.020152638594317117,0.008208791103912868,-0.01895973000472142,-0.08542621426419161
Суровикинский муниципальный район,-0.005735249695099337,-0.002540940020702087,-0.017250603713442454,-0.0055830177195521895,-0.001308191077392211,-0.0112892209367991,-0.03254003880371188,0.018897343144391714,0.03445828058619154,0.024406614871172915,-0.00977545936762719,0.008260482732570275
Сурский муниципальный район,0.054562837782602756,0.04307215798051378,0.0007887822924039917,0.03037405232989546,-0.006999817985437369,-0.027369801518944508,-0.020848055658207992,-0.018940816905960174,0.0028275459962319102,-0.030683775443205233,-0.0017681984763167004,-0.025014910393575944
Сусанинский муниципальный район,0.0046702809863421145,0.00928191599508945,0.015484218970327993,0.0025287486725307676,0.01021833550832567,-0.008826253253656012,-0.0016324711076504913,-0.012977878724356795,-0.02508689071941502,0.007702362706141035,-0.00486913262640784,0.0035067635927291283
Сухиничский муниципальный район,0.04030446375781243,0.03728997294751968,0.028334133392072466,0.0052151439344786076,0.004463214831880412,-0.01493766730131952,-0.00018871173253501294,-0.035423800227339104,-0.0007549755217717983,-0.041670924065231194,-0.008799975672185845,-0.013830874343381155
Сухобузимский муниципальный район,-0.000419323422206741,0.025724098926097633,0.019733944140340617,-0.02669057860146185,0.015653797999572214,0.023613542378036756,0.013231711787403622,0.0008139608129043231,-0.017047214328547763,-0.03464383846634159,-0.008295668349005518,-0.011674432876791714
Сызранский муниципальный район,-0.012671162807443286,-0.03528756710640529,-0.02287465824955238,-0.012879772802926608,-0.01908405910041784,-0.016370668573117912,-0.017648115929468328,0.01699906068458059,0.05592483924177312,0.03589961966268504,0.02646566441189204,0.0015268205684008593
Сычевский муниципальный район,0.04168771976962491,0.0057471287772475,0.0004737498254927478,0.008264431659034786,-0.011563123019449548,0.002701632631695902,-0.023209256843492815,-0.018739158694287668,-0.0015200752384726757,-0.028714112498527455,0.007982528503106144,0.016888535128028175
Сямженский муниципальный округ,0.02052948576517813,0.04337045379915881,0.02163412988655307,0.005284217906161593,0.04403183436287924,0.0386242471702924,-0.00566709579899281,-0.014666088518510005,-0.03434085514584058,-0.02941090562284893,-0.027643986066144342,-0.06174543773788659
Таборинский муниципальный район,-0.03358623247773049,0.03432094721989038,0.04379508824224034,0.028885471062806874,-0.03298779807482675,0.01448144214822911,0.030202077211851773,-0.023238591549735163,-0.03565892727475889,-0.027906174698190147,-0.053245853509767814,0.05493855169999076
Табунский муниципальный район,-0.026764982556182933,-0.014460158308310093,-0.03372515956558536,-0.027857582778170045,-0.03537393642129109,0.004980113402211184,0.0052478451054219465,0.010447100046650948,0.019928859217591195,-0.002425731025077051,0.03849555962251766,0.06150807326022363
Таврический муниципальный район,0.011029764029857166,-0.009934982421535302,0.010259212568565278,-0.009197857060045252,-0.006181675105093133,-0.010571115252487877,0.007156768700230964,0.010140341912803864,-0.02574699048629085,0.0012664576676544043,0.010731715187042905,0.011048360259297833
Таймырский Долгано-Ненецкий муниципальный район,-0.04561728653746351,-0.06478678116815823,-0.05175198530356812,-0.021921547900228513,0.03281905471006083,0.07331664706298847,0.1385707051506992,0.10188636078503659,0.00801907064451035,-0.04861822731090707,-0.08302055749385137,-0.038895452639118616
Тайшетский муниципальный район,-0.056957737794263906,-0.037828726827640664,-0.03983711702744323,-0.003937073108277515,-0.010612909108997435,0.04207991266367843,0.029431892260232594,0.03896816233196424,0.01786656332135958,0.008882545178251983,-0.0015293066902017328,0.01347379480133764
Тальменский муниципальный район,-0.018901855599071336,-0.017390479791598815,-0.017592518450044472,-0.020474449215033955,-0.02008639828250242,-0.009858491122661028,-0.013808294397839855,0.011812512290213736,0.010222983409545024,0.03314725071277804,0.03498679377021691,0.027942946675998163
Тамалинский муниципальный район,0.061528024415880705,0.02069539861921219,0.028013535443326836,-0.006356434269662852,-0.03499774666449307,-0.02617001512143651,-0.003456978646122485,-0.041815247583096946,-0.024099514125177628,0.009178766539723746,0.0068484611254782425,0.01063175026636777
Тандинский муниципальный район,-0.015982726611250775,-0.0376076318072565,-0.018265406502106396,-0.028137530025150646,-0.053906569660756465,0.012396696888526728,-0.02717352790517675,0.06086628246733166,0.031050544547349172,0.002540435839500005,0.015925822695156938,0.05829361007383299
Тарногский муниципальный округ,0.0016463548062368959,-0.029097443006563736,0.011377315921237731,0.014229954381497644,0.02646742424731781,0.01423039510004703,0.015477699931911285,0.011893811062757418,-0.007616597184924528,-0.003466303952830419,-0.01692374626218355,-0.038218865044503565
Тарский муниципальный район,0.013837390808964758,-0.030038527949639134,-0.01617774345507504,-0.01675738011414695,-0.0032006137547427476,0.00779778036393913,0.018579708861120554,0.020886654127204862,0.017513911738006545,0.013964739013328271,-0.02288087165223972,-0.0035250479867205246
Тарусский муниципальный район,0.01057231871287329,-0.008486382200380222,0.015882427506774776,0.018006199988317102,-0.013911830666711329,-0.026998367246864097,-0.00963446035149374,-0.004637109782092825,-0.0074997502970228,0.004243198116821893,0.03299926280749686,-0.010535506587718912
Тасеевский муниципальный район,-0.015579048345459498,0.005628194685122191,0.014763781994670298,-0.002147153996245988,0.016844918685763564,0.010815591080950954,0.034102316501097546,-0.013770495051443229,-0.021463716474840928,0.004311390690708548,-0.028827963593222036,-0.004677816177101422
Татарский муниципальный район,-0.025435318339701144,-0.01302549695375634,-0.007125754211487557,-0.006397143509676217,0.0005719494829752895,0.036044388441425636,0.010189667706336314,0.020303247271914487,0.01150020415856386,-0.0017141904789603054,-0.009258556550531876,-0.01565299701710214
Татищевский муниципальный район,0.00814580052603823,0.0292563048225525,0.014665927665581144,-0.0169598278066759,-0.022065195283212467,-0.040623780966908114,0.0036241971736582974,0.0044299527825998,-0.000433823933555693,-0.011095327374670824,0.004707255516315368,0.02634851687827766
Таттинский муниципальный район,-0.0787235605279545,-0.05134195594342096,-0.021252148253005067,-0.0027701156021775926,-0.027664638193086594,0.08766680414921156,0.04161262316760232,0.12183019718106322,0.0075059196893990324,-0.03645680691166985,-0.0915847253444741,0.05117840658851252
Татышлинский муниципальный район,0.05465639734611514,0.023542499126063748,0.008617021121542747,0.014634983264001832,0.014162638744951946,0.012797688706633243,-0.016206189032962656,0.007635021277267159,-0.02509402892391084,-0.011353423602652417,-0.06380990807255499,-0.01958269995449491
Тахтамукайский муниципальный район,-0.016323753400581786,-0.0536464568823212,-0.038627900271638704,0.0015879342192056754,-0.01595046282430525,-0.01045305518243812,-0.0013747566778279652,0.021629417469286854,0.0460860892009153,0.03352531305768424,0.031746290961555866,0.0018013403304650705
Ташлинский муниципальный район,0.026825057230300972,0.00932783422114842,-0.008776141789983673,0.005675851249436384,0.012862955263950118,-0.0039165516975256665,-0.024579248389773028,-0.014307608491504718,-2.260598142333906e-05,-0.01055704160106195,-0.003024187615467146,0.01049168760190362
Таштагольский муниципальный район,-0.008114685863493943,-0.04243966948238758,0.0009934131816049228,0.007270590479464888,0.009263360599300951,0.0230569835964214,0.014662882618238376,0.016505260860897843,0.018455769049537506,0.0042482090593538,-0.011259078118822789,-0.03264303598011538
Таштыпский муниципальный район,-0.02938916500009978,-0.039550951309924864,-0.018573924777920296,-0.020384793311770046,-0.01362021215696329,0.028282753541812474,0.022268426895876204,0.03345572094905609,0.040325676804053315,-0.008715562251834315,-0.00501446154511248,0.010916492162826988
Тевризский муниципальный район,0.02210189873553252,-0.010395266371452612,0.019183703986173646,-0.021015506168623313,0.007198851820671126,0.014659569773428898,0.018876134297940085,-0.016397210117464568,-0.022984710169430246,0.017660715046221426,-0.03870028796742465,0.009812107134427688
Тегульдетский муниципальный район,0.01914606563421701,0.03998807234692559,0.03153376841836117,0.02153191094486637,0.0023054953408807363,-0.004756527335845853,0.008140834279385821,-0.007760316515958731,-0.04538625768488579,-0.026975239627301497,-0.04900216059422499,0.011234354793580176
Тейковский муниципальный район,0.023680333516441013,-0.012552440355184071,-0.01813399395417727,0.0469430789540924,0.03238544136122812,-0.06921504777401086,-0.010063122625397615,-0.014195724041978941,-0.016729105108747474,-0.007045606831135095,0.025187592270839936,0.01973859458802986
Темкинский муниципальный район,-0.02162005971749062,-0.01058021115486749,-0.023306741122718033,-0.04919743045887444,-0.06112677527436629,-0.008637900656679142,-0.007188800081529802,-0.03570318118968307,0.027503594266505317,0.060875804634281105,0.061948631700025805,0.06703306905539667
Темниковский муниципальный район,0.005208279309612311,0.025450160706042734,0.004848698382784122,-0.012842198157713439,-0.0007272211674498584,-0.017016697174345268,0.000574481087955394,-0.014509476027706355,-0.017530909391506443,-0.004509431269545302,0.023762102755350553,0.007292210946521556
Теньгушевский муниципальный район,-0.025351127478215465,0.022280324577315345,0.013398142276911407,-0.007263796413554938,0.0009606754353767202,-0.03267334649905288,-0.06758655755910363,-0.0046130291022907595,-0.03163273105854764,0.01261858641441054,0.049775968511199045,0.07008689089555228
Тепло-Огаревский муниципальный район,-0.010855922314673503,0.053221293169451844,0.04102872145440484,0.011768550541197471,0.026028381373969428,-0.0038515151570272534,-0.015205942965058327,-0.026759216134480145,-0.014391281310466547,-0.036147086687987794,-0.004751404084439557,-0.020084577884890462
Тербунский муниципальный район,0.05650541213732418,0.023051147532617926,0.023438898551010036,0.012863081156566775,-9.668651648609902e-05,-0.03284871007048362,-0.03300223013993453,-0.011445320547912271,-0.012109853786119437,-0.018016443549499515,-0.0006220569828193673,-0.007717237784264055
Тереньгульский муниципальный район,0.027107205208951837,0.03905190139768738,-5.238413526504476e-05,0.013227475231953618,-0.02067832323506802,0.0161616498726261,0.016424648869941005,0.01349683494452408,-0.0064844134059253815,-0.06319633449459776,0.005095209968991964,-0.04015347022381977
Тернейский муниципальный округ,-0.010239738662568325,-0.012539962481663888,-0.011176234372993804,0.01593412192442689,0.0001973658557613252,-0.014824810582128565,0.029436766293144293,0.022106988788011903,-0.008991406234121977,0.008322388603239247,0.0037790409015712382,-0.02200452003267834
Тетюшский муниципальный район,0.034512934599069914,-0.009113033677739229,0.009132590185386976,0.007308309866640235,0.020873491948256762,-0.008955852413108562,-0.003809948875163685,-0.005709840655103869,-0.025632622640626438,0.014948002036381122,-0.01573899003647476,-0.01781504033751848
Теучежский муниципальный район,-0.010567439875162739,-0.05142359765058872,-0.07059627619216258,0.021423774273153104,-0.019840709181234914,-0.01797392106133923,-0.012920973365415176,0.04102520923346061,0.01360807984219644,0.025229267512871315,0.04390617475474022,0.03813041170948164
Тигильский муниципальный район,-0.09623879023517763,-0.011141550689081153,-0.0795479634613703,-0.04250779140290952,-0.08306586827276849,-0.027972977166282217,0.15110448903697968,0.12351314533564417,0.05489548533435966,0.04891849815203191,-0.015232999650997163,-0.022723676980428945
Тисульский муниципальный округ,-0.036467319087127484,-0.029737370643288782,-0.011183684051551093,0.01874633850292451,0.023185857027803868,0.009429769658186404,0.01204290355886711,0.008781733086131211,-0.011718089138381562,0.009685982263089138,0.0036378360949154915,0.003596042728431192
Тихвинский муниципальный район,-0.0006476845391462129,-0.03872215890484744,-0.024275116786608805,0.002235525937784349,0.01732962425804278,0.002783966369736548,-0.002979915530368905,-0.00599551160115998,0.01661735350597788,0.02356008276577787,0.016620301300284065,-0.006526466775472157
Тогульский муниципальный район,0.012526071690030883,-0.021591135965407453,-0.011502215432574365,0.012399598501678863,-0.021129391767972353,0.023926663868485902,0.012176644685812015,0.023702636206888977,-0.016896332981327557,-0.009749045273929039,-0.013602392078389694,0.00973889854670382
Тогучинский муниципальный район,-0.027508520720116152,-0.014516703111854986,-0.010823346838419531,0.0014092149374744165,1.3455793668910865e-05,0.004484687446563338,0.009861717111284533,0.01048691575641508,0.011671950624592864,0.0019970302576468113,0.014503584121306425,-0.001579985378561707
Тоджинский муниципальный район,-0.12488848021347436,-0.04457441409693089,-0.012178053795600607,-0.0533899097206113,0.005385879740883705,0.03156970000799077,-0.015848864763754703,0.02400511984005782,0.0216792705720712,0.09123341405646083,-0.016982236536813997,0.0939885749097215
Токарёвский муниципальный округ,0.048956019909382295,0.018743692735406346,0.021146098331354803,0.011818267468782012,-0.006493964975045169,-0.00646762227078144,-0.028375153924296508,-0.035673250815373876,-0.020621475793896546,-0.01370102901125934,0.01619785749318006,-0.005529439147452617
Томпонский муниципальный район,-0.06735525548909775,-0.003644369427203413,-0.0034579670664353496,0.007139526451956049,-0.08437892992533148,0.035916545366540875,0.08833299758285865,0.12712650058664327,0.008872304889633486,-0.059202318865352155,-0.1088993937750305,0.0595503596708183
Томский муниципальный район,-0.014883264488018827,-0.047031959032634005,-0.03551215837054544,-0.00807993738829227,-9.249930532226336e-05,0.016152502029899152,0.0020634470925989905,0.0024189567101151627,0.029380250832498612,0.02742072236443889,0.030034750927100062,-0.0018708113718380742
Тонкинский муниципальный округ,-0.041685845275261126,-0.025063679412416343,0.014856755967329273,0.0073564577741695916,-0.005172002521132743,0.021620772983373265,0.024386537544652184,0.018853644511333773,0.04691418457474432,-0.017167388659546173,-0.023834338319547854,-0.02106509916769816
Тоншаевский муниципальный округ,-0.03085325930415924,-0.019665464966281923,-0.009359065552487094,0.02384498300853661,0.010874225119582701,0.014393370594281092,0.03958865394517903,0.009748583679268076,0.06236181802199252,-0.013702128715836967,-0.04840928656837381,-0.03882242926170099
Топкинский муниципальный округ,-0.03318601864598525,-0.06796735527196754,-0.03503575637767413,-0.004145920311594773,0.021763131038128956,0.03274450957637138,0.05250071264244447,0.04432606443760114,0.03941267921225576,0.014803522157173742,-0.014341899922745737,-0.050873668534008036
Топчихинский муниципальный район,-0.015564096443680868,0.01399303150822797,-0.0004276393627785759,-0.02603338445913917,-0.0377072994765472,5.625761082060643e-06,0.014867900304637534,0.030529806968087835,-0.006375667039795153,-0.0001331102756901906,-0.008616966560831118,0.03546179907642687
Торбеевский муниципальный район,-0.014809395939733846,-0.008790488594112068,0.003060610339640644,0.003960209767050072,-0.012032283296255521,0.00031004528171844556,-0.0054359530815635635,0.007285429933639034,0.013981579865735746,-0.0048058422214691775,0.003311246778491437,0.013964841166858795
Тосненский муниципальный район,0.001504449044327543,-0.05014853038862677,-0.03289394646772272,0.0002776702801224459,0.016866708760736565,0.008014020048904114,-0.001204884312326729,-0.0017710711958388993,0.018989590403086287,0.024969141909143185,0.021914067210699616,-0.006517215292504621
Тотемский муниципальный округ,0.0014038189247075252,-0.018693305014931664,0.01602960445837565,-0.002297223236068445,0.011052323861659906,0.035628531537367863,-0.010675464636074024,6.1552292739296e-05,-0.007836670283979903,0.012022147288744078,0.000576624972083392,-0.03727194016462367
Тоцкий муниципальный район,0.029325834292200002,-0.03049948772651133,-0.031038607585139846,0.004291285365883557,0.007702662624284018,-0.03742959808760056,-0.024115892131798905,0.009742422629930227,0.01729443979256656,0.009562115822914828,0.027719739371222577,0.017445085632048853
Третьяковский муниципальный район,-0.03447154033038574,-0.045891274537902586,-0.024155176393619845,-0.015382577498515135,0.023586436552580234,0.049841240745577615,0.04126060187678136,0.003250629655997853,0.010511732232977522,-0.004318411237464951,-0.0025926607436932768,-0.001639000322333033
Троснянский муниципальный район,0.0762157300873662,0.05098801294100794,-0.003937437244657355,-0.02555821345424233,0.006062993719464751,-0.024571235316656812,0.03315371828760232,-0.0593802713924088,-0.032675818015004104,0.015629874397860004,-0.055359296804164876,0.019431942793833056
Труновский муниципальный округ,0.01697779616440773,-0.025098651084627492,-0.023142054005125774,-0.0004610592349867333,-0.020638925097514915,-0.028221981653792624,-0.01178221988313567,0.04969899007355827,0.004638132662967942,0.003150082440525206,0.01139979812919066,0.023480091488533403
Тужинский муниципальный район,-0.027876669752876726,-0.032167686098663974,0.022577740723823965,0.021445113202514108,0.027601034678546972,0.014458239089689606,0.034626482935064457,-0.006481612878196454,0.005401393436629503,-6.942609413107905e-05,0.0010904194523775161,-0.06060502869477788
Туймазинский муниципальный район,0.022894658193947818,-0.03397345466211066,-0.012012668926677487,0.002537748955620892,0.009684519143661013,-0.004237301050155675,-0.00046582275085195555,0.018638568649549485,0.011084815465451595,0.007259063099927981,0.007171248850049192,-0.0285813749684122
Туркменский муниципальный округ,-0.0209601735875998,0.0017356249192231037,-0.00971441882265581,0.009486472713471153,-0.02041930356123621,-0.0256771232412025,-0.010819200210037417,0.025123289197414946,0.06040654483025195,-0.013092479009485675,-0.014460698429053204,0.01839146520090946
Турковский муниципальный район,-0.007128239777875661,0.023277564618313096,-0.006447063690748504,-0.0284330824267889,-0.016956776450147593,0.010216034458715243,-0.006298039390819237,-0.036806930256427436,-0.030983409248140886,0.008965658917794187,0.025663240497001735,0.06493104274912395
Турочакский муниципальный район,-0.0793501730342407,-0.06028061660627618,-0.02827246645609532,-0.04340856436770531,0.006495676018175883,0.04167044634596412,0.05910833641719382,0.07448692916831004,0.03865477159620574,0.01281627722466391,-0.03703366729184248,0.01511305098564648
Туруханский муниципальный район,-0.1004002697542268,-0.06784486956254843,-0.05221916068693235,-0.010297723321423525,0.0015180703541007555,0.07064563387184278,0.17250913383993982,0.12452692854764205,0.03527437399045187,-0.04363051640934416,-0.07246152314970442,-0.0576200777197976
Тутаевский муниципальный район,0.04128225135943785,-0.016914646351232222,-0.012147547367841662,-0.010430987642277994,-0.007926541690824452,-0.02281708469093636,-0.015727766243495825,-0.017747900853453638,0.01148543297924074,0.023608323688925126,0.024930301185307494,0.002406165627150937
Тындинский муниципальный округ,0.051846220161657665,-0.0044355239970994,-0.05479652254520514,-0.011809124728633965,0.014840633844559834,0.012480040153927037,0.005636201328728751,0.01369118584220549,0.0026330980610196533,-0.05625955951902759,-0.00900283057121946,0.03517618196908712
Тюкалинский муниципальный район,0.011170999100483848,0.0011969659346358266,0.019301316679036014,-0.003792017950247269,-0.00821864874564112,0.02032248891183637,0.002283861119686198,0.013123793622787778,-0.005723789312877007,-0.008203680582004607,-0.0299130423266123,-0.011548246451083724
Тюльганский муниципальный район,0.014784406537840886,0.005968016082170563,0.01129882631149079,0.024105985144806108,0.016834987765227426,0.0022182303708012767,-0.020352561447054957,-0.010129840547751958,-0.01639899953272489,-0.03046895669567,0.004264115243179131,-0.0021242092323143945
Тюлячинский муниципальный район,0.004033776904986214,0.013370231402345575,0.03260406685616957,0.0182174168919768,0.08992853286119364,0.019839700031227488,-0.05571889779093694,0.00345103215739624,0.021622812742626906,-0.042461713618352194,-0.02878685802057755,-0.07610010041805572
Тюменский муниципальный район,0.00930110737219356,-0.048498975521248655,-0.027572196027454574,-0.0018349644317287288,-0.01395732543566736,-0.009413237588652427,-0.007117613626099662,0.018885389670212933,0.028453122623016643,0.04065379430732639,0.024894360593157583,-0.013793461935055693
Тюменцевский муниципальный район,-0.06912412576313026,-0.058620284737135805,-0.03950414083749159,-0.016479712019635533,0.005418961182415947,0.04915456986774257,0.025050907659943337,0.032817721571744354,0.02302908409925837,0.005074750698347177,0.020441325061968742,0.0227409432159727
Тюхтетский муниципальный округ,-0.06980051784237074,-0.005980713587840185,0.014505878420189446,0.01734438356083789,0.0023369983390543053,0.029346502928160826,0.03332132793565496,0.0015279304983026043,-0.00802977564290919,-0.007140779039783717,-0.03345705544289574,0.026025819873599546
Тяжинский муниципальный округ,-0.04070246790808633,-0.044991601322684954,-0.0016132288574020152,0.023230255214303788,-0.005832529941954295,0.017178791059462406,0.032535309568656585,0.01767948036773885,0.014682101412462923,-0.003575837444202765,-0.011373793135421632,0.002783520987127433
Убинский муниципальный район,-0.029281951630056768,-0.0025064545998309574,0.006344161135985063,-0.010737781201869807,0.019906922818446714,0.015215284922198804,-0.006250076394519931,-0.01590946134611669,0.0004666357696834476,0.0006699147520496129,0.010409362648679464,0.011673443125351042
Уватский муниципальный район,0.0039095074279489606,-0.005503956568980051,-0.005363126807829303,0.02351564815547401,0.02072146015874976,0.03382780702866648,0.014772456916567618,0.02220502393777624,-0.019204528103110057,-0.011318507819829765,-0.046673048930146795,-0.03088873539528709
Увельский муниципальный район,0.015864793895054182,0.00917632562959062,0.04233915892207418,0.038783430266278195,-0.0032928235730572287,-0.02053132779836691,-0.022997970609376132,-0.02123153423886165,-0.03412433652401489,-0.01533589676158087,0.016649064238274978,-0.00529888344601449
Угличский муниципальный район,0.008438295515450635,-0.0306042689927105,-0.020756888964216347,-0.026084082860183083,-0.006569868687254371,0.0015222590308661202,-0.012470940274997856,0.009487173487768558,0.030101874891418943,0.021917601907597166,0.025239598732872928,-0.00022075378661218573
Угловский муниципальный район,-0.013997122440252065,0.013299969024664779,0.008124230994745688,0.03342403027581173,-0.0006625587289141643,-0.0008231917026452259,0.004646163846219782,0.023942949194971183,0.009944217015132982,-0.016255402882219838,-0.02811730195719458,-0.033525982640320265
Угранский муниципальный район,-0.01963904697037867,0.007364877700018488,-0.04050130196118529,-0.013309696062216402,-0.001581842151405056,-0.012000295294798215,0.026424669043896388,-0.016055611907226378,0.024533193313095145,0.01677038502459045,0.0024311517503707554,0.025563517515238783
Ужурский муниципальный район,-0.027280788401897675,-0.019868443626175056,-0.03612920039451746,-0.035076146411886236,-0.027853497637477527,0.02650381784573646,0.020586447066923037,0.024896919116645946,0.019462321280148794,0.029788233520823472,0.000339205596786328,0.02463113204488993
Узловский муниципальный район,0.010173525064072878,-0.0281400754552355,-0.024337614011588904,0.00499730232389308,-0.0006145841236344766,-0.021877352608064185,-0.008690932841201534,-0.005655517250637843,0.0225253081876143,0.022164626388886333,0.03504585609222404,-0.005590541766328186
Уйский муниципальный район,-0.0034170074975930905,0.007175474145989317,0.016916062861874498,0.012685246055545031,0.004681918411258168,-0.02796250465243874,-0.01298852254248996,-0.020034104434983498,-0.021555546462224035,-0.03846686860192735,0.010712528179967146,0.07225332453702252
Улаганский муниципальный район,-0.12926469828366924,-0.09784948799286378,-0.09125688718826055,-0.02507548467300583,-0.0021565652194593596,0.050340668489328326,0.06854687922890579,0.06453437059105928,0.136400494501475,0.0730159731307563,-0.014054954010033833,-0.03318030857423214
Улуг-Хемский муниципальный район,-0.09444409826354729,-0.06785039065497309,-0.07121211393235018,-0.052779640522346946,-0.02444614094680194,0.015772311980166036,0.018801435525228498,0.10775133350254765,0.07323533468272785,-0.0019928116107290686,0.04763740798385106,0.0495273722562274
Ульчский муниципальный район,-0.06287683614008355,-0.016855916759761246,-0.06511276789804858,-0.04384748734393038,-0.0494254813945888,-0.0002393790024729399,0.04847624991015083,0.10606804099170519,-0.004614679886295388,0.08666968613683894,0.005817368526423424,-0.0040587971399375245
Умётский муниципальный округ,0.012414111325241527,0.04892318356061266,0.03798021984244428,-0.010841833959842359,0.0006440093576324749,0.003635630888442088,-0.020638393519505784,-0.031597815112713,-0.03375532783887457,-0.008311155998762459,-0.00018766636090927422,0.0017350378162343943
Упоровский муниципальный район,-0.024268404873557997,-0.01936562069522875,0.005237723348032176,0.0001084324822982416,-0.008723339825037433,0.020432900028987122,0.007060634866750102,-0.0017617957199618488,-0.014471755663073188,0.036526034725858164,0.018334153799239087,-0.019108962474305675
Уренский муниципальный округ,-0.022413962300223432,-0.006582756285465331,-0.0010591628127971982,-0.0016279261120234938,0.007230450279987087,0.0264872635293572,0.01343064465905719,0.011598632532631367,0.005952483881294846,-0.005668193299477173,-0.018093811982465388,-0.009253662089875672
Уржумский муниципальный район,-0.019514900530453724,-0.015412750046347385,-0.011439970992801536,0.019924209509930867,0.02691723053221804,0.012035412978390503,0.020626239072440978,0.013505624505351425,0.02778741670223298,-0.00994763240945059,-0.02773942833505447,-0.03674145098645709
Урицкий муниципальный район,0.003442251954655972,0.003852002698046998,0.035772744908993896,0.015169752783111346,0.009754831192369362,-0.04258495864424576,-0.014253748972312455,-0.028201545260336764,0.021966621863131884,-0.015477383188412411,-0.026329284042104665,0.036888714707102595
Урмарский муниципальный округ,0.041776381399781834,0.03155745524810172,0.0028373269898360285,-0.001404541010644366,0.012305597574697064,-0.015147098797110197,-0.03107090195957425,-0.06096324668144916,-0.012491665204059777,0.017877952533377282,0.015177695430089684,-0.00045495552304587045
Урупский муниципальный район,0.021257934210133167,-0.012456521057823635,0.008046605693958108,-0.02836836068913199,-0.006459431674778231,-0.013584324720553839,0.014197395156561972,0.030326001927770102,0.012060779652866845,-0.018945815524763945,-0.01229151821128542,0.006217255237046864
Усвятский муниципальный район,-0.004779859460788842,0.0029183864437478907,-0.016290359948345524,0.03321242137748511,0.02128843482815672,0.03589335108778466,-0.0032689876384390105,-0.02714458503820767,0.0007299396945741287,0.02307257433389528,-0.0038933610473502493,-0.061737954632512484
Усманский муниципальный район,0.02988170134690412,0.009744760155814578,0.011956825328494349,-0.012361630458103599,-0.007903245941783044,-0.01696712824395338,-0.026148662532182974,-0.009933653974891429,-0.004409461677141053,0.011470921173928967,0.020876433978630808,-0.006206859155717347
Усольский муниципальный район,0.017242653785427747,0.06014964662784904,0.055847359917886974,0.0036852747772132075,0.0054029776237839765,-0.01817845908894484,-0.03703667415843723,-0.032252684936394146,-0.04274522510932174,-0.019420303575487557,-0.007480759655571998,0.01478619379199658
Усть-Абаканский муниципальный район,0.015699709898864943,-0.010297464880839165,-0.008927085343874184,-0.009378533936529718,-0.0013684970810808237,-0.02299610461124448,-0.02355701147842156,0.005984429274169252,0.006748681841367645,0.0037433238331916327,0.01988051329549303,0.024468039188903425
Усть-Алданский муниципальный район,-0.06959467331904232,-0.018145216416077033,0.0062966803263299655,-0.02190776469955927,-0.08231445779468208,0.10323233238731153,0.05392785500501499,0.11836344946002716,-0.007601925239394976,-0.06978497029176388,-0.09147649215066603,0.07900518273250193
Усть-Большерецкий муниципальный район,0.0073761851402505685,-0.04919406496085357,-0.07062676447589075,-0.09282031482197504,-0.10499787629856808,-0.05131353701383081,-0.03805849814475766,-0.011342380198837055,0.06156945975585367,0.17732360664708402,0.11651614770798313,0.0555680366635416
Усть-Джегутинский муниципальный район,-0.00021595293771154746,0.0009232403338295873,-0.03045663005074071,0.0007329894138936761,-0.018994563144340046,-0.030817451109279657,-0.02882976399018343,0.058600311337790714,0.04719950788050836,0.022548286080851656,0.018303004120604253,-0.038992977935222856
Усть-Илимский муниципальный район,0.0834290677656121,0.11687373519961558,0.04187480907941136,-0.03924614429746851,-0.016652244025839168,-0.023136801136007232,-0.04058537781257398,-0.05021777942786586,-0.03729030171489846,0.004445602586670471,-0.021353096037143325,-0.018141470179512974
Усть-Ишимский муниципальный район,0.02630311036900342,0.0011694378922767461,0.018518459890936406,-0.06699919159311069,-0.025745956026751685,-0.027564223389159096,0.04911897793265031,0.055747213640938306,-0.013386428422928103,0.007342766442255124,-0.04519021134623935,0.0206860446101286
Усть-Калманский муниципальный район,-0.045506152664406295,-0.035163003501264965,-0.03140654040421441,-0.02467205489940846,0.0013319816935704124,0.03433036092926579,0.03639427066260572,0.01039711379898118,0.013718993128947976,0.013174805857393621,0.016517059266549488,0.010883166131979958
Усть-Камчатский муниципальный район,-0.05677527770347664,-0.03226703186266101,-0.035803074824648125,-0.041857565369481736,-0.031823619642699294,0.03222722857521729,0.055645283656838,0.06461150096610839,0.017022250493948045,0.02133937980793655,-0.007708048748274404,0.015388974651192953
Усть-Канский муниципальный район,-0.09229621165820376,-0.10809684070968834,-0.0666272512418487,-0.04134249637149079,-0.0173375770690874,0.015659671071986993,0.038197462378715866,0.09789420715794636,0.04088908253557744,0.06869218138095207,0.03693675850052108,0.0274310140246192
Усть-Коксинский муниципальный район,-0.10428305977082795,-0.06162130312455313,-0.05112842941326966,-0.016138414852432455,-0.013730116811963212,0.020246568615699553,0.027397192255746525,0.06602864334776641,0.05726854214488035,0.02521413355189516,0.020031668108463855,0.030714575948594575
Усть-Кубинский муниципальный округ,0.03302441108571651,0.0066823090447372105,0.026395466654974855,-0.014082220252109798,-0.00529376227043989,-0.008063604166242973,-0.03154556913013118,0.003114755332452879,-0.00971874493760197,-0.0016234660415876912,0.021867735556881273,-0.02075731087664923
Усть-Кутский муниципальный район,-0.040250021337349895,-0.06664502822206768,-0.047948177876286024,-0.011534345644993591,0.011408395126791395,0.021497224283636533,0.04189507145768485,0.03801956356568377,0.02713486616104504,0.022813662054619127,0.01864818267176184,-0.015039392240525355
Усть-Майский муниципальный район,-0.03304048480854886,-0.020964101807099185,0.010912527950806824,-0.055406502304058046,-0.1430265884189909,0.03680180599269112,0.07768495096817643,0.02990333363241686,-0.04568884204032342,-0.10673047344585404,0.06420351420789253,0.1853508600728907
Усть-Пристанский муниципальный район,-0.06604629007625387,-0.05245431647259982,-0.014331382165709594,-0.023784488841946703,0.027568102297645596,0.041563048106812286,0.031078922091052882,0.038652322312458354,0.03312631627630245,0.00441088345584403,-0.012899049892865154,-0.006884067090740452
Усть-Таркский муниципальный район,-0.03622217172236318,0.0073078617577787795,-0.027055576477128963,-0.01073169570719373,-0.042233720684401135,0.032484876857374875,0.009888958996500703,0.005189052728626295,-0.005002460010794089,0.016546966191941643,0.03635359301560229,0.01347431505405651
Усть-Удинский муниципальный район,-0.04301175559813982,0.03552473103154478,-0.0204440872500676,-0.03545604227510306,-0.011939806719148112,0.03472587611100776,0.022979651376311423,0.01795409642730566,-0.0020565074312434333,0.0024583876074781583,-0.021835125870169097,0.02110058259022335
Усть-Янский муниципальный район,-0.1781874621870836,-0.10176371527339634,-0.06253441870394308,-0.10371046357974115,-0.09463797992947896,0.03378427038581301,0.19140098410594594,0.14337538123253898,0.06107709139203607,0.059978279931204484,-0.03530995663461282,0.08652798926071739
Устьянский муниципальный округ,-0.04924072861083459,-0.025787294600919792,-0.013057336025616175,0.01701662288449568,0.03702669598632782,0.03859465967421591,0.020162425022835894,0.007222052767741092,-0.01586513871003077,0.0029364225748523863,-0.010570637183493287,-0.008437743779574167
Устюженский муниципальный округ,-0.0036432912904698616,0.00287983252668817,0.017368136918593863,0.015021129509078898,0.02703770671289538,0.01904208327414225,-0.011085495726205081,-0.04489868540812427,-0.038177338706481025,0.002950558990796918,0.011172543159758288,0.002332820039326472
Уфимский муниципальный район,0.021146168381369696,-0.030697431564603337,-0.019546087752146765,-0.004767654622830728,-0.031624203672736335,-0.03035518925999105,-0.02156661479167816,0.008772918760482055,0.03615159862599311,0.03997877455179962,0.034539949285335665,-0.0020322279409937666
Ухоловский муниципальный район,-0.02945417749338875,0.02392148914664158,-0.004831109730793901,-0.026230286089164136,-0.03704332271741451,-0.04329852199180115,-0.020448630413534848,-0.008360421806125801,0.04388397884066373,0.05509899633018917,0.06550669825641374,-0.018744692331685124
Учалинский муниципальный район,0.05691348159376563,-0.024071308444979837,-0.02084148941849293,0.0041245218635926895,-0.0009204341387971712,-0.01568162091986683,-0.007840421313507701,0.013200169668588684,-0.00166951848427038,0.003835061484206688,0.00884621237992994,-0.015894654270168784
Уярский муниципальный район,0.0039349478028433225,-0.011968472475294062,-0.004376199969296857,0.0022619857623222992,-0.022115128497101216,0.021283351930873395,0.025413213703196103,0.006676764630651149,0.006327765565868507,0.01622712310843378,-0.009599987726353365,-0.03406536383614305
Ферзиковский муниципальный район,0.07140268675824492,0.03755145609078221,0.022457778388382765,-0.0029989492688924403,-0.029913332961460752,-0.012554547627035215,-0.05952438437022732,0.0022347057065864144,-0.01553146279602116,0.013867899123476305,-0.03429381491785694,0.007301965874021231
Фурмановский муниципальный район,0.011037629473102483,0.016695047948475046,0.028688399258557526,0.007629620174072302,0.020431891524996616,-0.021806743628011407,-0.02310578038244,-0.029141081847837584,-0.014070573262221895,-0.015697311076746195,0.016320438612142895,0.003018463205910222
Хабаровский муниципальный район,0.016429398118754726,-0.025203428890797,-0.04090606887613561,0.004829469956002087,-0.004521872538111518,-0.02613814351014996,-0.02281263392035795,-0.008591212571220119,0.024942515338768425,0.0025462581043865754,0.018767258133725626,0.06065846065513472
Хабарский муниципальный район,-0.02221414158163649,-0.03458078521032217,-0.029438721649110815,-0.012495532477907516,-0.00861933097209746,0.0175038470838884,0.010128597165792489,0.015289264422320585,0.018013443656776693,0.020622337285682853,0.007814974662309947,0.017976047614303492
Хабезский муниципальный район,-0.02637265082462332,-0.014662431759585117,-0.06943541545471191,-0.02123850997777575,-0.003699115182877301,0.00034240345589299157,-0.00627555893759384,0.04911152860490272,0.02392891826664827,0.04485676850887028,0.018266128485455203,0.005177934815397772
Хайбуллинский муниципальный район,0.03329960515468384,-0.028935323327631608,-0.007668896960239993,0.004979332135505204,-0.001698000573036455,0.010489117599498101,0.024036105766759477,0.004200963311250891,-0.01598901838394585,-0.0011490446560306618,-0.008136469489632623,-0.013428370577180312
Хангаласский муниципальный район,-0.08678402030069353,-0.018902191243169872,-0.04075739410263928,-0.00033325451196630773,-0.03919663310643422,0.06460431939223557,0.038179010030023455,0.056919774960871125,0.045627772963336435,-0.01139354009823837,-0.05446825624879313,0.046504412265468115
Ханкайский муниципальный округ,0.007367268948432742,0.03686354660079239,0.01481794931705415,0.012596108215557735,-0.004536868748007517,-0.0029331904048237965,0.01050647798120009,-0.007401241996868238,-0.01906059039312031,-0.031129355983193566,-0.02553474028737263,0.008444636750348952
Ханты-Мансийский муниципальный район,0.08149250802493424,0.015296486582006365,0.019364026218170936,-0.013162473218276398,-0.018508610759810147,0.018225626182342258,0.01331973758316791,-6.917622941291987e-05,-0.03624720895311155,-0.01796051310181669,-0.05382759288034207,-0.007922809447851925
Харабалинский муниципальный район,0.02232456070683478,0.019060891125002623,-0.014813730847581138,-0.011775414228969832,0.0021245654388927274,-0.04026826388318284,-0.030527830802472244,0.00152691770399645,0.004119248604635574,-0.003006818646857334,0.004987944788317234,0.046247930041384
Харовский муниципальный округ,0.04957597677310266,0.022758573300092788,0.04605853305277445,0.02899961559989421,0.037781373933128665,-0.012768909521590748,-0.015351962637890886,-0.055973834429485836,-0.030646833584063497,-0.06429053061033084,-0.01844888258112149,0.012306880705490512
Хасанский муниципальный округ,0.04739818220997498,0.04026407116530903,0.018845149316500512,-0.009167195149853119,-0.0063837693747384825,-0.03411642504399814,-0.016377077949451535,-0.04661094205616034,0.007686965097151224,0.0028187905296253573,-0.01351870466434323,0.00916095591998375
Хвалынский муниципальный район,-0.005358722037722284,0.01825472335577391,-0.008808577159718913,0.0013339678940226312,-0.028009361951568414,-0.010988375495205382,-0.005601962441190096,0.016328888086666864,0.009738254321777058,0.014368862852499172,0.002680077359006071,-0.003937774784340622
Хвастовичский муниципальный район,0.015208256096566713,0.01897439535247269,-0.008284917455953635,0.0023653724425319426,0.007825790288431245,-0.02485580844643609,-0.009557876053784803,0.0019804271126632523,0.0012817187795759522,0.023634998912107085,-0.029204161750723302,0.0006318047225489509
Хворостянский муниципальный район,0.045362165941623,0.016877889631720308,0.0181581691603565,0.008682874918648085,-0.015176965868064067,0.0015505284988774643,-0.02943665583524615,-0.03412282081203077,0.01715210747954021,-0.02840896858309882,0.0022539456793548894,-0.0028922702116806554
Хилокский муниципальный район,-0.032783572091342264,-0.023595021571319062,-0.025536864455220964,-0.019432398157186583,0.006537966108942677,0.029906234787984765,0.04188048518214994,0.03594613730070007,-0.0019374970851290963,-0.0012041531548730913,-0.029166640936308483,0.01938532407160208
Хиславичский муниципальный район,-0.04221961042676156,0.015551765763310719,-0.03886487964806644,-0.0021310340797840843,0.03635617614258996,0.029920100438058893,-0.037678578397849403,-0.03931864781418753,0.03956946356806475,0.044914205569101764,-0.018440803239182256,0.012341842124705203
Хлевенский муниципальный район,0.05117981421376837,0.03676415611954863,0.016895661031055942,0.0029815189363538684,-0.026323967189467518,-0.025493919101546747,-0.007656145878653889,-0.013652603889282184,-0.018398159779131777,-0.006029864135882913,0.0038016604070337805,-0.014068150733795567
Холм-Жирковский муниципальный район,0.022957088610760845,0.017755572915644106,0.015648197756403644,-0.00030359113773540183,0.005384174485016125,-0.021299361927586736,-0.030526252667505274,-0.007529599568305065,0.005761770116665861,-0.006767505581967946,-0.006258379489386435,0.0051778864879962775
Холмогорский муниципальный округ,0.023403739350991548,0.03118435422246103,0.04054479450712303,-0.00840568614078221,0.004223776566813896,0.01968435397254146,-0.006060745681736115,-0.007520298939829444,-0.03258763826534302,-0.009877153050039637,-0.025370892933162772,-0.02921860360903775
Холмский муниципальный район,-0.04022699762345352,0.007095521282858324,0.028813024121633033,-0.00417330146148514,0.03535447285180517,0.027163316179353917,-0.04122632697844953,-0.04414844625577882,-0.008025538426133138,0.02895210140796912,-0.008388522895648252,0.01881069779732884
Хорольский муниципальный округ,0.03412522800460819,0.023483173598125774,0.016779246593229463,-0.0007883428784012901,-0.027254548840987554,-0.0344672650058861,-0.017955108542768015,-0.035911322355642435,-0.005461308576305152,-0.011988199106602256,0.012232239332828371,0.04720620777780102
Хотынецкий муниципальный район,0.042115080271522734,0.0436979196743365,0.08284097357273962,0.01272572504236319,0.0022717425647605233,0.02304467192916271,0.016212736432493872,-0.059007829856943673,-0.01272361042433758,-0.04095986954475151,-0.054271258244324536,-0.05594628141702186
Целинный муниципальный округ,0.007002483781816124,-0.021285945445028858,0.0158310271060704,0.037475361286401006,-0.0037753564827807382,0.014726151625300613,-0.006448349398253057,-0.02955589062328014,-0.006842136300402817,0.0040734188755572045,-0.024785002467412828,0.013584238042013084
Цивильский муниципальный округ,0.0357589627493414,0.020504414673450974,0.0163750774950003,-0.01945388684497464,0.006370342689257503,-0.008003474544302811,-0.016844752612832636,-0.00781691217577919,-0.004714939014977882,0.007774110864898381,0.0072448272995940585,-0.037193770578675456
Чагодощенский муниципальный округ,0.010508680875752525,-0.012026065717211442,-0.00834500188893001,0.010708303443381674,0.03001421526836782,0.010594491333793053,-0.005913518880085721,-0.012536729073622488,-0.01610906877765751,0.009515337944980677,0.00011535930584260037,-0.016526003834611187
Чаинский муниципальный район,-0.04978330353152672,0.000366575435569446,-0.007280708057901904,0.02224062756286519,0.004669137974897005,0.025111114043270197,0.01333785210767671,0.02937199552827998,-0.0008349529026628368,0.015084410990560931,-0.034984813970506755,-0.017297935180521244
Чамзинский муниципальный район,0.0018023221002459594,-0.021706281818075848,0.01197502917344906,0.021563644190113532,0.016522401428758538,0.015473621864782851,0.00298396223547333,-0.00757723497036649,0.004975484576706723,-0.009042842841778278,0.003601712874994932,-0.0405718188143043
Чановский муниципальный район,-0.040251448547645736,-0.028728021419303567,-0.039180963504312466,-0.002559296067741995,-0.017297458547670307,0.02677403204143502,0.0422279264317889,0.056367052654056504,0.02373447080576053,0.012098121617292115,-0.010224035668314386,-0.02296037979534463
Чаплыгинский муниципальный район,0.021396958657711553,0.0004814506585455146,0.004665810255552151,0.00044223388891613535,-0.006038718436814145,-0.016713065172358446,-0.021243199632070348,-0.012440160156113468,0.006686675436776329,-0.0008375052695023073,-0.003978856429506952,0.027578376198863983
Частоозерский муниципальный округ,-0.008028933226226633,0.030624667656570626,0.03908734419957883,0.038019973919096395,-0.01666952358914581,0.00446784447236144,-0.01399956213319318,0.008028504845353893,-0.006659796070138012,-0.04398504887768877,-0.03589558306413637,0.005010111867567599
Чебаркульский муниципальный район,0.04615600527613409,0.026259581617508382,0.0033077813208360323,-0.011199632942326428,-0.024676283240165863,0.0008781846194621246,-0.022995983707289662,-0.05123520879880852,-0.0090984948315142,0.021044806283702904,0.02109448989787056,0.0004647545045905824
Чебоксарский муниципальный округ,0.022202111749449287,-0.003705597788831518,-0.014250959072633108,-0.011453531717345849,0.003459971156379787,-0.009064163643214836,-0.021786800097437664,0.003333682296230657,0.020081297403459354,0.025536335953731153,0.017071421276701842,-0.03142376751648911
Чебулинский муниципальный округ,-0.03618784336713368,-0.08985712438988133,-0.0283275565104668,0.007197534272972202,0.0126582885493861,0.04524007883475059,0.04789434397276207,0.04430735548248081,0.0022188974424679365,0.02114526962858297,-0.026805110246514108,0.0005158663305932371
Чеди-Хольский муниципальный район,-0.06211712693507352,-0.019996893251634448,0.04517574621355135,0.016422868700896567,-0.07080678567553744,0.05703089491100091,0.02416942185646851,0.023855291223004643,-0.036365603413881335,-0.006792645799285231,0.021438942024734023,0.007985890145755969
Чекмагушевский муниципальный район,0.051521456484745265,0.040219870357448256,0.03902290169644536,0.01032540775759378,0.03061985001630878,-0.00511602688054464,-0.024120181300615606,-0.030775922823871774,-0.036289652648393816,-0.02705466317538407,-0.024461246983223932,-0.023891792500507623
Челно-Вершинский муниципальный район,0.03426248337969158,-0.03883147927744943,0.021373054295029444,0.03369874802801004,0.031586676411099655,0.008797933183302388,-0.015058965227087922,-0.013352561914258466,-0.044879941885438354,-0.024774590675692033,0.008328690077770396,-0.001150046394977287
Чемальский муниципальный район,-0.09060909843046966,-0.09237339214324838,-0.0668818583051884,-0.04474528213374346,0.0033969159225398712,0.004350853508078425,0.08642090229456642,0.13210970252079804,0.06475225681380073,0.024647814125160303,-0.00924401394825139,-0.011824800224042462
Чердаклинский муниципальный район,0.006047347484435655,0.01134694368869816,0.005675554541519688,-0.0027773508509121338,-0.008526920600757932,-0.026596871178837425,-0.02782403187088606,0.010049657659649514,-0.003315088746268619,0.0005095243406311129,0.018670641508213053,0.016740594024514988
Черемховский муниципальный район,-0.033928983291391324,0.03438332150138111,0.00302655088927423,-0.016854513766956625,-0.012992002772669587,0.037156822497719774,-0.03533881921930514,-0.001653887679192099,0.0024659054196830353,-0.013866121664397582,0.010145725435098932,0.02745600265075527
Черемшанский муниципальный район,0.07655643833652777,0.0482842523729626,-0.00343528778237194,0.014445324781291256,-0.01640083633053397,-0.0003786332859528965,-0.0025964198544187675,-0.016412258613524244,-0.03564917328902743,-0.009458744885496907,0.003745469950587504,-0.05870013140004297
Черепановский муниципальный район,0.001282248655185671,0.0009363031563777067,0.005557419748406855,0.0036439792766735264,-0.013468041107655817,0.005926336464307836,0.004582844093005144,0.004661355065224173,0.013755748028006238,-0.006511665596158035,-0.0010378712765027733,-0.019328656506870524
Череповецкий муниципальный район,-0.008212714931886009,-0.0241217586179554,-0.02076088365472544,0.018693174625894347,0.009793768820038606,0.0005146163156801026,-0.01960676677401518,-0.009425973533728064,0.0026441297193471793,0.03550636881658963,0.03869044927601132,-0.0237144100612511
Черлакский муниципальный район,0.003338966285421909,0.0023359310881577626,-0.006278062922870472,-0.002214205952221514,0.012001061224473017,0.012308944364536981,-0.004252622200597316,0.006110760459547413,0.020262048710893262,0.0033259737334779436,-0.029408921003920136,-0.01752987378689885
Черноярский муниципальный район,-0.010765726383399031,0.015285081670248116,0.020126595369269345,0.016535826358037152,-0.010797875468752681,-0.027619323861254465,-0.07424053479416358,-0.018829895469958006,-0.01941232600442241,0.0007186433092702714,0.05214442169127031,0.056855113583854984
Чернский муниципальный район,-0.02288104247302159,0.009043918910363404,-0.020133924837776457,0.015397873064008595,-0.028425105532585204,-0.0015590140393217638,0.012188120120952405,-0.030975013949694725,0.013526997890303826,0.012092731589003775,0.0039461454829802555,0.037778313774787485
Чернышевский муниципальный район,-0.013976091170181622,-0.007951982091350356,-0.007298526631593513,-0.00822996704252742,0.02944308787017973,0.02251682762251463,0.02902638620664768,0.02699531336052694,-0.009536771351952883,-0.020428712663995402,-0.041322217129760565,0.0007626530214927887
Чернышковский муниципальный район,-0.04326495529106437,-0.024992729662850096,-0.04345314892348212,0.012447669567483666,0.021728444216350694,0.018556083196742304,-0.022247781886807094,0.06059926768191617,0.023013402873771738,0.007468235148167086,-0.014514706089839279,0.004660219169611292
Чесменский муниципальный район,0.012800894753438253,0.00601007884775946,0.021884527815557574,0.02922457966006397,0.006393620159128327,0.010843231879320108,-0.027900982956021878,-0.04726687880986964,-0.02704694145262203,0.010758525435629976,0.004743728206373444,-0.00044438353875755985
Чистоозерный муниципальный район,-0.04843740686554489,-0.005924756262934677,-0.016684778274688505,-0.007403032144081008,-0.004791000584686863,0.03759486230807234,0.01318586955414846,0.020900079115592954,-0.02480985377585969,-0.003246528871307281,0.024553328078727874,0.015063217722561289
Чистопольский муниципальный район,0.025712377955032742,-0.015734721900755408,-0.018850998761324646,-0.009244107217519624,-0.007379533098906881,-0.015402087339795825,-0.007950931899108019,-0.0017754628615294261,0.02663371058905082,0.026540745896369355,0.015321153590663229,-0.017870144952176314
Читинский муниципальный район,0.023244173375007098,0.03139398410712361,-0.008310846013528078,-0.02496519843432001,-0.011834440586946372,0.005131660867902721,-0.011797566772399574,-4.594068912154494e-05,0.0046996243137148305,-0.023555215946622403,-0.008496352212417482,0.02453611799160721
Чишминский муниципальный район,0.021811924822132976,0.0003334951394320341,-0.00607941805785093,-0.005304742964315157,0.001100979992351999,-0.02031064253892995,-0.020600442231515175,-0.011610112702039424,-0.004491274888702126,0.014030370646253149,0.01680945450956552,0.01431040827361708
Чойский муниципальный район,-0.09498101364202474,0.00618774809872559,-0.027274776281125866,-0.01532055397057221,-0.005481215255442727,0.021443723305239377,0.027380706192016206,-0.0014920170408835205,0.04947628058612355,0.015247409535877957,-0.014837295867089349,0.03965100433915575
Чугуевский муниципальный округ,-0.03884075932665442,0.00014605343263989282,0.0033235283697742955,0.010535782718358661,-0.003932670976105087,-0.00435152454602236,0.009995251637646209,-0.002049791694189832,0.0153751734515731,-0.013147585583850097,-0.01606003516024564,0.03900657767707528
Чудовский муниципальный район,0.003073263542687013,-0.008544270198853132,0.019181983890816635,0.023851390420577448,0.023833856463365173,0.009361521468930756,0.016743696041502113,-0.016573529173415022,-0.018866437135716466,-0.005712595811609172,-0.012494269106610358,-0.03385461040167499
Чулымский муниципальный район,0.0007678661024738721,-0.0006832698902716232,-0.006460921240069075,-0.0194093833381363,-0.0389494688150856,0.004607985538889002,-3.137500597266913e-05,-0.015635359085661216,-0.008085566088351709,0.03353643401109158,0.03660732942986274,0.013735728381230973
Чунский муниципальный район,-0.09178472952429603,-0.033300836926600665,-0.02765536123183665,0.02589395127979555,-0.0008678620423982833,0.036043683905047294,0.03712527003792047,0.026542580334851483,0.019934924972665184,-0.007953918053676628,-0.018413362944106712,0.034435660192634984
Чурапчинский муниципальный район,-0.08501397163152702,-0.02178024552231001,-0.025798161895756413,-0.035466937159321775,-0.06482501612550363,0.09775226484786195,0.03857504044144347,0.08020451559635433,-0.030857517036319095,-0.02341456306575302,-0.06879824407104318,0.1394228356218744
Чухломский муниципальный район,-0.036630643997927474,0.014789551095874385,-0.03573631903235505,0.021970182531902215,-0.019737590317084927,0.02738097626092377,0.013965598325166254,-0.0010237925069834465,-0.02333580931510222,0.012448714990061092,0.0026562736749237426,0.023252858290601666
Чучковский муниципальный район,-0.03910743701064623,0.032434334971471156,0.03029105408357867,-0.0010722647792201848,-0.029189978996077108,0.037446831794618926,0.007807043757532494,-0.017312109001420432,-0.05568924538858722,-0.003194059824887079,0.04491550634620558,-0.0073296759525685665
Шабалинский муниципальный район,-0.030459961337043026,-0.011052299773896974,0.0052621824871373155,0.02748142954591688,0.02008370606907587,0.010810677037772146,0.0214514466249205,0.008336559800224476,-0.004223311193869521,-0.01181604853738257,-0.020590944959708837,-0.015283435763146256
Шаблыкинский муниципальный район,-0.006854249264264408,-0.006074700484544116,0.011980422286124726,-0.020597482864053673,-0.018346423550225584,0.01984182758137628,0.020665730186397023,-0.008257775648661727,0.008865436122898585,-0.04106373564902375,0.04232236573892515,-0.0024814144549485037
Шарангский муниципальный округ,-0.06019856002678407,-0.016203692087771258,-0.040270539899118135,0.0071352537674289965,-0.019610440144947408,0.031007142509729073,0.048419500536578335,0.022480677432095107,0.02931313916586037,-0.0023716957866061856,-0.03439158894577767,0.03469080347931282
Шаранский муниципальный район,0.08308054200427092,0.027785036042595745,0.010761522079735106,0.022888655546806663,0.0186236565613256,-0.040365135608273026,0.010559134486774847,-0.006401173072448696,-0.034691750191019576,0.03239871173971441,-0.06732882038816661,-0.0573103792013154
Шарлыкский муниципальный район,0.011934315500325938,0.03289329941778771,0.009672418990530219,0.04716813413671868,0.004207954976042374,-0.003183770937959448,-0.03135776616059144,-0.009237958228599795,-0.0027139140201514803,-0.028426950628201834,0.006455644420603708,-0.03741140746650462
Шарьинский муниципальный район,-0.0005065209059550921,-0.007238722215364783,-0.037465590923248325,0.018052058640408594,0.01531218503955712,0.01870086194525921,-0.011381283223669592,-0.0010391076192245263,0.00147210267074304,-0.017216266138475905,0.0011937336122843612,0.0201165491176859
Шатковский муниципальный округ,-0.027306255777092996,0.00046874067623642324,0.01972579469849093,0.009696771531137046,-0.004411407645998762,0.008549797657804949,-0.013366378898451171,-0.02859010449917021,0.011681419316559612,-0.014809862410407743,0.01141600193109278,0.026945483419799146
Шатровский муниципальный округ,0.005862984126807087,7.025906372658481e-06,-0.020333294535799334,0.004476493723219367,0.009254462859181231,-0.0007327361796897781,-0.010241101336434561,0.0057556887693371766,-0.018820785938379773,0.02547860039134845,-0.01650174206536099,0.015794404279398464
Шацкий муниципальный район,-0.00020835462896998634,0.014751618406106934,0.004277124636156606,-0.027118829624572998,-0.026117241261048193,0.0029711252601572202,0.0001601563542328677,-0.009794642045218788,0.010067051912422695,0.023934679236104244,0.01753293110371876,-0.010455619349089361
Шебалинский муниципальный район,-0.0572184452401875,-0.06666145663834948,-0.03708443123554596,-0.034181040106234434,-0.003336849102885571,0.024444508651353652,0.04076988969749909,0.07204245365032749,0.04413075358908478,-0.002393646159515027,-0.01867789427382115,0.038166157168274095
Шегарский муниципальный район,-0.024756323445329725,-0.00922445561386757,-0.019609971455579377,-0.0241965719164458,0.0024491245997752802,0.01155763723535596,0.021369080462926283,0.028717473355420384,0.01638920683669246,0.0006082699480393305,-0.025626342315614198,0.022322872308626965
Шекснинский муниципальный район,0.022715417924209776,-0.0015220788106387311,0.010543243005141138,0.01554955188981158,0.01379250438896683,-0.003828977941730591,-0.01780815165092172,-0.010644751872041398,-0.017765701245087098,-0.01897067739856835,0.017601470320595985,-0.009661848609737417
Шелаболихинский муниципальный район,-0.05998334069923109,-0.005151998082352317,-0.004281503918115173,0.015986388818421363,0.014728161819963774,0.06833470608654763,0.03629432537982047,-0.008047534681012252,0.013845002404470546,-0.02426868294222739,-0.051103645335250726,0.0036481211489651846
Шелеховский муниципальный район,-0.0013370804641829048,-0.051431414604417185,-0.03262971721051813,-0.016262777096650742,0.008317925352834033,0.01812223432238442,0.006503022054691768,0.01103345301859458,0.01643891060700686,0.0361174089631454,0.005196684136485439,-6.864907937352387e-05
Шелопугинский муниципальный район,-0.060787545891501524,-0.02057843057107146,-0.011432816314290314,0.00877100524066612,0.049873400180163265,0.0560910914962547,0.052378082897159034,-0.007230080340581916,-0.003933768137554724,-0.021439343177512952,-0.05914428068000835,0.017432685298278114
Шемуршинский муниципальный округ,0.03764907497266728,0.0005603137610753171,-0.011518844305311197,0.030212750404200253,0.01757436972618065,0.0002276004737439951,0.03130037673225932,-0.060984799436674675,0.024427092205533192,-0.032568009661199236,-0.039432494137921194,0.0025525692654463084
Шенкурский муниципальный округ,-0.010621754469964018,-0.015334378373650747,-0.006383450050830963,-0.0380411423302552,0.022986486602940153,0.04522710163473173,0.025111283964253002,0.025711478187518278,-0.001266153181935948,-0.0009603932788454597,-0.012458479145920413,-0.033970599558040424
Шенталинский муниципальный район,0.01464741335147806,-0.012817752843478372,-0.012342434103518592,0.009724854954323162,-0.0016483182457165293,-0.0005436518375798571,0.008054316133110646,-0.03543058989273488,0.02449561232763465,-0.015092846770530991,0.016617611394023908,0.004335785532988794
Шербакульский муниципальный район,-0.022837488390524005,-0.030495002365869366,0.001365606402120894,-0.0046757724880119,-0.04010072432256654,-0.019493751684971736,-0.01435697722756704,0.015400616696841767,0.015137281892454982,0.05289097096306524,0.0024018717248038557,0.044763368800223836
Шигонский муниципальный район,0.027257096114321613,0.014659811583902432,0.023556380753524182,-0.012727938585020087,-0.02243431333007778,-0.05667186730543942,-0.004660086355473966,-0.024053196668583732,0.017332304522382356,0.020321042095437652,0.011145328416226891,0.006275438758799859
Шилкинский муниципальный район,-0.02906638858573474,-0.0008001198523313446,-0.002847815421238348,-0.004492030863400364,0.013939656641907619,0.02262462366191324,0.02351380482056529,0.014702431096609469,-0.0015647294712219416,-0.017899591058883623,-0.0205820246101323,0.002472183641947047
Шиловский муниципальный район,-0.0003026410981182906,0.011144984572252232,0.020256132533954904,-0.001268830928402043,-0.022871426586030388,-0.035280915313666075,-0.04100312924951828,-0.019512417566709236,0.0072502324892403415,-0.0059428859049330904,0.059536249730279496,0.027994647321650447
Шимановский муниципальный округ,0.007767317329623061,0.050209951442343664,-0.018733485771149576,-0.011472371611656733,0.009369425822964295,-0.05224617286633918,0.04610798155943721,0.025313695404784446,-0.005457456336408402,-0.05263423467977926,-0.024008054363943453,0.02578340407012393
Шимский муниципальный район,0.03687482616829132,-0.011395345216835424,-0.013410568985297631,0.008483580219014275,-0.014745917242967865,-0.03288375098950015,0.03206515619747662,-0.04554538773004922,-0.0017338346045641518,0.001117715218756973,0.02570516426884005,0.015468362696835207
Шипуновский муниципальный район,-0.07519733842013172,-0.039683337533624796,-0.03949871898418933,-0.022446683467756405,0.002726182817584303,0.04040925724508342,0.015037420418829887,0.026108183268283798,0.024476905027080616,0.013381562791737283,0.016536992322568143,0.03814957451453481
Ширинский муниципальный район,-0.031057734086100696,-0.016379110270725875,-0.007263328546738251,-0.022760582280878062,-0.01487201139669477,0.02399184897657082,0.0219950803421625,0.05868239187112788,0.02055816041140597,-0.0017540339005019169,-0.01672507086798222,-0.014415610251645384
Шовгеновский муниципальный район,0.00010964351142862122,0.016183295186491812,-0.03622004440857644,-0.0012358007720300033,0.024264887959657994,-0.025200543820608014,0.06962700514888297,0.03975210816750472,0.020055535834722405,-0.030478559526390035,-0.05931487920955335,-0.017542648071530664
Шпаковский муниципальный округ,0.00406780717756185,-0.02801756089195193,-0.032242172694539495,0.0021713209269084268,-0.02548496142382901,-0.018136763576602533,-0.022058460163764348,0.022739906642346926,0.034620565714098835,0.01972717300548353,0.027268971914286858,0.015344173370000887
Шуйский муниципальный район,-0.02786719530343338,-0.03877872390241242,-0.0455886213977036,0.001975181414645602,-0.0029976651436716857,-0.013595818605919045,-0.01254133651632607,0.012955139007847125,0.03983832612512049,0.029467701872515257,0.048502099232162116,0.008630913217175629
Шумячский муниципальный район,0.03590453708170511,0.010764820014716237,0.013122516803209049,0.009252454908910614,-0.004203399074312475,0.0017613879463999182,-0.022091474673528032,-0.012921045343128953,-0.023975174008011656,-0.026355803290840484,-0.000426987293376537,0.019168166928257215
Шушенский муниципальный район,-0.024768524338040922,-0.01939441527119687,-0.017987859043532718,-0.003772569802908296,0.016597952591402426,0.012608284865925017,-0.006525758039542819,-0.008085054331248072,0.0024048582398094754,0.023514046423066065,0.009995428864787383,0.015413609841479338
Щекинский муниципальный район,-0.009386801441330996,-0.030809898507101217,-0.023994872255278507,-0.005004311512678796,-0.004650290587718448,-0.013972536995065298,-0.010396121329922091,-0.005673445219916502,0.028868648408885363,0.034029201734917684,0.034309850760332695,0.006680576944876115
Щучанский муниципальный округ,-0.005184073262430287,0.006143190781739794,0.01498566706294214,0.013427691988284555,-0.017231453992424876,0.023101619716764377,-0.02773328167054904,0.0007990507322106239,-0.015728527355689696,-0.017096642868736318,-0.01270069740411636,0.03721745627200508
Эвенкийский муниципальный район,-0.11821556454823864,-0.04998597218374642,-0.02865110890285823,-0.04474097575117471,-0.006881296967632001,0.061553107565693245,0.17589536911233256,0.1547317318823355,0.012840750788127304,-0.016362962065315435,-0.11444509450202903,-0.025737984427494087
Энгельсский муниципальный район,0.001882803139500372,-0.02354451872345748,-0.012433859975936044,0.00800862249174102,-0.007854813672485384,-0.015957454838259635,-0.012709602704192673,0.0012924299673688993,0.026076570125052576,0.013103287452587523,0.01400911003970861,0.008127426698372214
Эхирит-Булагатский муниципальный район,-0.01846083678008039,-0.0046516656779336685,0.0027620169184887486,-0.01692793441172562,0.023692390289668533,0.023970452368496497,0.013427395853811634,0.040593310593590656,-0.011988734316838756,-0.027232813842314067,-0.033322218183281384,0.008138637188117824
Южский муниципальный район,-0.01857043680041429,-0.005419839947190454,0.00637736801152386,0.01151451923064109,0.0031417599757767563,-0.008212748014444049,-0.012748231458421497,0.009730893265957937,0.007907409268946265,-0.017361832009031946,0.002709446782882266,0.02093169169377406
Юргамышский муниципальный округ,-0.00706632890418407,-0.025387688718190308,-0.004864065427820017,-0.0015515259465849226,0.009126775986054474,0.02812705832299782,-0.01244144645681068,0.016205077542922094,-0.012240665092120703,-0.003516902609517509,-0.005167649150490208,0.01877736045374402
Юргинский муниципальный район,-0.002175446713456222,-0.04945636407223375,-0.02679647459006699,-0.006963289378636028,-0.028517523657132504,0.0090263502208366,0.007211602430905491,0.017861958116418275,-0.0010159495908556178,0.05809752292874972,0.004386807290448197,0.018340807015022827
Юринский муниципальный район,-0.011845756049129288,0.005428652928333485,-0.0013236224797166588,0.029915790997372252,0.017666746756340005,-0.005186536731448727,0.0035984015587319433,-0.009510563891346418,0.029380503281136398,-0.0007680458667151917,-0.02767934065133378,-0.02967622985222401
Юрьев-Польский муниципальный район,0.027809585610948064,0.023555750488525068,0.0013212833228864697,-0.017238328452445828,0.00012359899054970817,-0.025223427260355685,-0.03076408785246358,-0.025311013600319336,0.010928037620356552,0.002541944795398495,0.014224090534110754,0.018032565802809316
Юрьевецкий муниципальный район,-0.025027426389035115,-0.014020678231747208,0.01108413121535087,0.013122420975161114,0.0134786282082235,0.017524589339515576,0.0029471286326273748,0.009407588519178653,0.023207099232281786,-0.039447698745766875,0.010794381020683015,-0.02307016377647269
Юрьянский муниципальный район,0.06278773585042646,0.05176470480459208,0.05697507282439224,0.018212340714768162,-0.004159234783119383,-0.01379535946283909,-0.014104994076455792,-0.07443315532443114,-0.03199202431496226,-0.03389024900370717,-0.01678941201333698,-0.0005754252153271286
Юстинский муниципальный район,0.01549000081818523,-0.051499687480919557,-0.07159013830730333,-0.009002568121536198,-0.03510224473309679,0.0030150262554006677,-0.00044616493758368493,0.10232679345928403,0.05818489380215627,-0.0020907601790724974,0.03866304751019578,-0.047948198085709944
Ютазинский муниципальный район,0.035921176265904506,0.03010537810483196,0.018364645835601212,0.03843562867197739,0.04212780556494598,-0.013792099323411534,-0.029122739550470206,-0.03108737719649614,-0.037195466490820485,-0.010932235159387287,-0.0009417915028011384,-0.04188292521987428
Юхновский муниципальный район,0.01563572526535698,-0.00611597233265211,0.02237525278182909,0.006091217066940183,0.0057313907620473135,-0.00982715427148375,-0.01413677183963461,-0.022069744035350263,-0.002559683894563693,-0.020174952097924137,0.004375694680582326,0.020674997914852677
Ядринский муниципальный округ,0.010910228439638198,0.01777604961217153,0.004210490990948016,0.0050608891506772604,0.005288277434217692,-0.003772536584739016,0.005048730046817369,-0.004494363340448148,0.0058453539838490606,-0.012543021390008758,-0.025448702682636985,-0.007881395660486228
Яйский муниципальный округ,-0.029993972842626157,-0.06518166916326823,-0.007769410974178682,0.0026918119444319273,0.03168083775957735,0.02370644304627418,0.047783891846966554,0.03717527736519898,0.0026655640826182283,-0.005337640243364491,-0.020949772029353136,-0.016471360792276513
Яльчикский муниципальный округ,-0.030608348340741588,0.009236684825220151,-0.03754669599008678,0.00994590250518808,0.012114186956907363,0.018325575594116468,0.026213793791528946,-0.01917778883912887,0.05615745954437153,-0.02113757207599465,-0.02212267857890064,-0.0014005193924800062
Янаульский муниципальный район,0.0625009274279964,-0.0015839797426429603,0.02082259541223113,0.010041025957468907,-0.024154492822345386,-0.03133249277826572,-0.012551570336155032,0.01307442067891201,0.007853006900303555,-0.005559119904875959,-0.009351095695755766,-0.02975922509687119
Янтиковский муниципальный округ,0.04040343029357709,0.001529324381922676,0.012430095614952286,0.006736221672002152,0.010517167515630161,-0.004857024069189626,0.004972638852940603,-0.020487574325672844,0.021516438156959153,-0.010091546073778955,0.0120340161286485,-0.07470318814799119
Яранский муниципальный район,0.0188394671419794,0.011311044507783372,0.006169535085323242,0.02765716126706462,0.025328984685843277,-0.006887990832353894,0.0174858231463638,0.0031605397115764206,0.0086083575800107,-0.050115767228336126,-0.030444465238288528,-0.031112689826966296
Ярковский муниципальный район,0.009971301001718343,0.028984111019641427,0.024487477410208635,0.018805853069751167,0.01987773095533381,0.008629188374041034,0.001880876970324151,-0.0020520603110391307,-0.031867212402606045,-0.004750145193043027,-0.052877839920000676,-0.021089280974329695
Ярославский муниципальный район,0.025023841290458454,-0.025450549348264524,-0.010141154182864459,0.00704682421747907,0.009216564637003172,-0.0016125480882565463,-0.00491987585649715,-0.0051245153925313005,0.008954350445084858,0.005917946897868804,0.015843191230188347,-0.024754075849668725
Ярцевский муниципальный район,-0.005180391979137716,-0.01840380619076579,-0.007010116846142098,0.00620626825274802,0.012031147411016165,0.0016167261495795013,-0.003956784840103443,0.007406177687255472,0.00492882017365879,-0.00019435423646898002,0.012538593639448642,-0.009982279221088564
Ясногорский муниципальный район,0.031228750933524414,0.014505367348196699,0.012665688255613471,0.0103915104269224,-0.0019138967612686419,-0.021277447022840148,-0.02765456612366926,-0.034156614203433515,0.0038835913994298343,0.00158536729514499,0.0016953443538316698,0.009046904098548105
Яшалтинский муниципальный район,0.08779371476346894,-0.028793176433010388,-0.014794474409472933,-0.0015623168830650562,-0.07014075741139533,-0.05761704702941958,-0.03556519366581501,0.13455598258877846,-0.00896724155227612,-0.009900489208234409,0.018744431607616248,-0.013753432367174807
Яшкинский муниципальный округ,-0.04174040724246522,-0.07876314779236587,-0.024018440145236793,-0.00029782449024646704,0.01949027279036599,0.013439772600915405,0.03429430528511281,0.03272043080217317,0.024771742031885702,0.03688373867043008,0.0026647034707185345,-0.019445145981287344
Яшкульский муниципальный район,0.07999825951101888,0.023276076212977607,-0.0012465204721976084,-0.009272536589840966,0.03200361897686329,-0.027442869994164277,0.03958134743049441,-0.023350861262036456,0.025298081909274406,-0.0466011446708165,-0.018805372873851277,-0.0734380781777215
городской округ Абдулинский,0.032281943163436355,0.007082011960244158,0.018763435084540307,0.019483840259764844,0.018245834516746738,-0.010624471332616152,-0.004090274012724535,-0.01698666902046593,-0.023869892418729326,-0.0355756017823521,0.005717746626593863,-0.01042790304443822
городской округ Богданович,0.004854352547945198,-0.008379387148852176,-0.004954752367004292,-0.001001517761716543,0.003256196394447402,0.004216113089829627,-0.01130596038628825,0.0018031585086719056,0.010969607023008705,0.01594607132840073,0.007040419748369095,-0.022444300976811403
городской округ Верхний Тагил,0.050794878421180925,-0.005112879197411817,0.018901903535690392,0.05297831521291893,0.022057454008814918,-0.004603429219994409,-0.04413482878276276,-0.022627371478493377,-0.04362515540676849,-0.004586453182983396,0.003217891374994944,-0.023260325285185866
городской округ Верхняя Пышма,0.02140763986774244,-0.029991772036311367,-0.010655582909654347,0.013213519685797665,-0.0019605908895907534,-0.006510605313351267,-0.014676821455106095,-0.002012171478191589,0.01391718004974967,0.015167910345799252,0.01562528493695771,-0.013523990803841321
городской округ Верхняя Тура,-0.012833029274215126,-0.0030239534644241777,0.0017543973638709932,0.029109714444348397,0.014042470538669416,0.006212919208425597,-0.00458869718965445,0.009603935080008329,0.018440957448789513,-0.007483338046092276,-0.015895295442869897,-0.035340080666856316
городской округ Верхотурский,-0.0073813542293689905,0.005250008416519515,0.009102921526655034,0.01038892739318426,0.015547913019803756,0.005343585130996493,0.010033832364107277,-0.01593622996795287,-0.017578385084240783,-0.02055018487725857,-0.0020080494530397464,0.007787015760594627
городской округ Воротынский,-0.03927462970544596,0.0028041174624430613,-0.02052644802370395,-0.007687566225319496,0.005080242897431239,0.024853374463481077,0.00358075113788172,-0.0019253988249311616,0.03709865502017669,-0.024472376885320536,0.009166494910883834,0.01130278377242348
городской округ Гайский,0.03332922439530303,-0.006333353367899856,-0.006063061362813019,-0.01784881639791339,-0.0005842700212277223,-0.006935579422894641,-0.0035559927567608927,0.009194171971929429,-0.0002862164381883226,0.01084099007071913,0.021665446549605817,-0.03342254321985956
городской округ Дегтярск,0.016075107601923454,-0.0029710246081512525,0.017340485296320436,0.035152793417627434,0.02713615569460833,-0.006098690824791638,-0.003299415325922407,-0.03049028485621228,-0.021596353985759348,-0.019737096915672107,0.019712322553891874,-0.031223998047862505
городской округ Жигулевск,-0.016241306688206524,-0.029624793854765578,0.008184648224504765,0.017938489429653787,0.0022899630308629527,-0.011263867725581894,-0.008022260728463453,-0.003652165836453843,0.025818902189934313,0.01263819343125396,0.012749358509725327,-0.010815159982463811
городской округ Заречный,0.03134326913468924,-0.0017947470545300569,0.020075606066588685,0.01676308687681447,0.012693043368615925,0.0012466643147241024,-0.007216301737615236,-0.023946515760641253,-0.018425957332500603,-0.009628166023481148,0.0021175714548472137,-0.023227553307511348
городской округ Карпинск,-0.012429083509238263,-0.017034243663497584,0.00014405869213049622,0.027389130906975107,0.034748046934975324,0.014136145805313248,-0.003534343956592207,-0.00968859239143234,0.002973579908134966,-0.01757157676420426,0.0016369916797054306,-0.020770113642269928
городской округ Краснотурьинск,0.0239222218501746,-0.026519889989021148,-0.00581350596818803,0.006610413159910611,0.017930575307814705,0.010903109936024401,-0.002680475070014809,-0.008140060931273453,-0.012009449745960861,-0.00024751836468965994,0.011141786804515745,-0.015097206989292102
городской округ Красноуральск,0.06490941752243756,0.019868751970747448,0.0077072854753376455,0.02245936351007102,0.010082325857777772,-0.0002380928435151905,-0.036176029405335465,-0.03502762843281353,-0.0053406320363839615,-0.030727024171073754,0.003028843093631295,-0.020546580540880825
городской округ Красноуфимск,0.010078930296162827,-0.00829080459568178,-0.007509174829729087,0.005414171798650533,0.003616835216803469,0.0053690365425971,0.004880997496025576,0.004646480159640937,0.005676371927643934,0.002424295902905222,-0.01459710397650627,-0.011710035938512461
городской округ Кувандыкский,0.02576813700267911,0.0017983322782116236,-0.0010944897733094153,-0.010878112834017734,-0.0005788478229202618,0.0035528597471331954,0.0020719345065692398,0.009828815360806577,0.003583677445456647,-0.009006553261675179,-0.004141854902384214,-0.020903897746549584
городской округ Навашинский,0.03278802222869506,0.013226390916733364,0.02284764603391915,0.01103127380016605,-0.005227082897985893,-0.01091272272553603,-0.016366284423640562,-0.0311031650591282,0.02070378254101203,-0.007847303707424466,-0.005527016514456647,-0.02361354019235385
городской округ Нижняя Салда,0.0712472863981525,0.01614606783953578,0.026056604391927744,0.020722198686938177,0.021657546433775376,-0.005684496056605141,-0.02050311204125734,0.013174102925635344,-0.03699222615192049,-0.036756186018258204,-0.027614617101099432,-0.041453169306824314
городской округ Новокуйбышевск,-0.003963119345716099,-0.05303422880348191,-0.021613513636788893,0.0044698127748645155,0.007144067652583603,0.0017576864012621343,-0.003690416370367318,0.011709372691019343,0.03599584928185845,0.018479535022964625,0.01929622402383055,-0.016551269692028994
городской округ Октябрьск,0.017319550349789516,0.015800201280223095,0.02028904278123421,0.019830995699083274,0.004120032782344301,-0.006245213909285914,-0.0368515638598948,-0.028014335244156502,0.015137182067601918,0.002648478232503642,-0.012926552108101438,-0.01110781807134131
городской округ Отрадный,-0.0035226576703159783,-0.03894191896318787,-0.013224555824093574,0.01348992706497238,-0.00632590519297391,-0.0029153321343388257,-0.011798371117103157,0.020311331754731706,0.03356042618874816,0.011515890291787557,0.01008571086820862,-0.01223454526643512
городской округ Пелым,0.05033214049930711,-0.015741069742137535,0.05883064826061603,0.025500202606375574,0.051474806318435706,0.04987718675553007,0.028659699581870843,-0.033202226170362066,-0.04625438063202464,-0.03962635331885988,-0.044025050942584534,-0.08582560321616665
городской округ Первоуральск,0.00751969731007541,-0.025940378215451636,-0.0023774510482746504,0.018477835864020267,0.004279196959467592,-0.003456186205808144,-0.022254778436269478,-0.012008535278195743,0.007508540561445077,0.020010312998324387,0.021522705812228475,-0.013280960321561553
городской округ Перевозский,-0.009203092519909677,-0.019096668771961353,-0.004732642490347906,0.018226434403701273,0.010404038288055766,0.0016595594838306207,0.006409953178227843,-0.014186253668830476,0.02110888762026034,0.005961718186665937,0.0062735586277129635,-0.02282549233740533
городской округ Ревда,0.03996828202980318,-0.008362569254083376,-0.005113702095853864,0.0066254046236034645,-0.004692867873327816,-0.002876668862401498,-0.020082645117671893,-0.007519944199016705,0.0023189782277616934,0.0028968529528118083,0.01912956364098695,-0.022290684072611942
городской округ Рефтинский,0.0636142501813484,-0.002995714034992457,0.020786473917408975,0.03257459111800097,0.05388426476129854,-0.007245876588376443,-0.01879278116582456,-0.015232294101480357,-0.01947045090513796,-0.01808943992302687,-0.012443771829283117,-0.07658925142993513
городской округ Семеновский,-0.008752325359606343,-0.014069130252773366,-0.020547475974348795,-0.01833910204179593,-0.015142204240073268,-0.022877555129164732,-0.018881712435552343,0.0039450911609695705,0.022571760411025134,0.018684916471067556,0.04085247027518344,0.03255526711506907
городской округ Сокольский,-0.019117870831736224,-0.013742101358574899,-0.009125093608814683,-0.005806255648320867,0.002787279572806162,0.015769646979915175,0.005627051667051822,0.007463414223474647,0.023588057842999686,-0.000517378057760975,-0.007763744212441422,0.0008369934314015823
городской округ Соль-Илецкий,0.00026645350475741625,-0.010665021454161473,-0.02615382885191337,-0.04997370439065068,-0.0630309533212958,-0.07511760642867041,-0.028626223417414456,0.04041356685097919,0.046782987202125245,0.07401362581275721,0.053874380391796726,0.038216324101690395
городской округ Сорочинский,0.019032901356521335,0.006553318385516102,0.02096680652155146,0.02236519909384653,0.012720804316634464,-0.007226752215030491,-0.016863948852717237,-0.0032812674251344875,-0.012978627940411358,-0.01583032312947699,-0.015315465904662883,-0.010142644206636436
городской округ Среднеуральск,0.020554466762515298,-0.00399389382122837,-0.013013082796246453,-0.014298938428051975,-0.06850392702639675,-0.05875884167789627,-0.024066006846675356,-0.006237777119965947,0.05919968271208233,0.03822665025643394,0.061885357152852975,0.009006310832576615
городской округ Сухой Лог,0.008509711811506893,-0.025317586460405734,-0.013055731252937519,-0.010462776292761577,-0.002942518355214984,0.008528274908852168,0.0017857271883984554,-0.0005746690158995245,0.018327315870488727,0.010652783727716659,0.0005560999644300918,0.003993367905826337
городской округ Ясненский,-0.024208119469632212,-0.03943614134056375,-0.03747222203576478,0.012345135142212827,0.01280671368345643,0.013005827331028662,0.024308498461781736,0.022028175654491357,0.006569447962003738,-0.012484221394096422,0.020356251280838254,0.002180654724244155
городской округ город Агидель,0.05824624981905273,0.017461587311964642,0.04328536677593052,0.06197685434979718,0.03039723600949268,-0.01839926603697636,-0.01059472211484707,0.0011136587680116439,-0.07420306791784329,-0.02600186394548052,-0.05142934303988738,-0.03185268997921476
городской округ город Алатырь,0.04720262996400347,0.005564228832193697,0.008103374999377945,0.0026033473396038613,0.00645535635592908,-0.029377685549557796,-0.017460666099280854,-0.019454316722673483,-0.008546374584971409,-0.014903110487185916,0.015048550543815657,0.004764665408745761
городской округ город Арзамас,0.001935525490603652,-0.0418789043092323,-0.03452184657779493,-0.006117164753207698,0.003411354129061568,-0.0011140982912973977,0.0011731458740137741,0.006043295445604048,0.03505559285675036,0.02431502148936046,0.02021960969453615,-0.008521531048397687
городской округ город Бор,-0.01937210387276348,-0.04140178876738885,-0.03233717936999343,-0.0035484630582636317,0.0035695384698877577,-0.0045511576055323275,-0.00679679007727573,0.009992691984595979,0.02934341001346306,0.024105999997239523,0.03209571515486649,0.008900127131164622
городской округ город Бугуруслан,0.018818137149341243,-0.01782596051441789,-0.011319984619695068,0.012539240028194199,-0.0059566569442744575,-0.008009699597902053,0.0012332801140675018,0.007968244180484887,0.010283228813382722,-0.0006326394062103888,0.00035594722898360965,-0.007453136431954307
городской округ город Бузулук,0.000846475282460644,-0.03641773856952456,-0.005098345455404362,0.02176459514149899,0.014386840956909978,-0.005440434072578869,0.00020022430794461988,0.014275132023858012,0.012743686120213803,0.004027833965048586,-0.003724115185135087,-0.017564154515291752
городской округ город Волжск,0.07483285106551218,0.02456328534062372,0.02580590342856142,0.030605748163360147,0.009851480812509096,-0.024065826259076665,-0.036619884228622016,-0.042161321050335994,-0.014087236460319143,-0.026674631689460018,0.005560299817907033,-0.02761066894065975
городской округ город Воткинск,0.023492060194596844,-0.029795333594310837,-0.00868566269728766,0.017164452669003065,0.0005373361913445429,-0.008372537581477772,-0.010475181014055165,-0.010962907861088243,0.028582019901203723,0.018786292547484547,0.003117394745959916,-0.023387933501372964
городской округ город Выкса,-0.036162046691230944,-0.04253535376780468,-0.0358040122150322,0.012173136483796074,0.012084937029031056,0.00537357608200262,0.014349383576052855,0.006306620392528314,0.026654374351415287,0.01716485127571709,0.018746213312487676,0.0016483201710368427
городской округ город Вятские Поляны,0.03156957388839883,-0.004891032477615902,-0.0014450020617933334,0.006703415006137756,-0.006458954427716359,-0.024722374749119595,-0.00926934119446415,-0.007298626093709108,-0.0008046030515343125,0.006755435360175267,0.026371835574080436,-0.016510325772839528
городской округ город Глазов,-0.007929475166716927,-0.03119736457550378,-0.015826106479865976,-0.0058643815729642525,0.0068096248760211985,0.0033969899345827,0.0011459789381569455,0.015639195370511075,0.020854276991032296,0.019378450212116195,0.01573083251606684,-0.02213802104343631
городской округ город Дзержинск,-0.017448333189408208,-0.0410625247180125,-0.023436809692759603,-0.0060310273627507995,0.00443326239560312,-0.004164235884886703,-0.007867393202869204,-0.00032743889756390535,0.029539480397494933,0.027399802337048276,0.026753588151643967,0.012211629666460642
городской округ город Ижевск,0.003904878293825427,-0.026289680993022743,-0.008889622114556128,0.011328195632413022,0.0023002527194858112,-0.004930067837823885,-0.008184987467021867,0.002000202203910061,0.013052534493826571,0.013839100396024042,0.016408887496350322,-0.01453969282341063
городской округ город Йошкар-Ола,0.03237773035326108,-0.007966317685712945,-0.0005593295078076509,0.004493269222985281,-0.0043341001754112225,-0.028330923401508723,-0.02563372280336134,-0.011747911778340784,0.015186081475856806,0.008437856849672477,0.02776152738842227,-0.009684159938055253
городской округ город Казань,0.018264949887695947,-0.032236277945381836,-0.02292622823296621,0.005386328027962279,-0.001403843522993937,-0.01159320666354588,-0.011408905984866642,0.005471884163195378,0.022734096447186262,0.021064348563640308,0.026842109238175312,-0.020195253978100985
городской округ город Канаш,0.023239146722785695,-0.014577092427579815,-0.025638590663877973,-0.005358811708528443,-0.013964406066634464,-0.014770713253470272,0.0008678624511374005,0.0073104217208326844,0.02337178780516236,0.014239827853800414,0.01902203636521444,-0.013741468798842025
городской округ город Киров,0.011897507039100901,-0.03121228854055272,-0.011229805948787641,0.015462751586161496,0.008985829965701079,-0.007210402535742103,-0.007267511429470169,0.0028798068883415166,0.00825717520213507,0.013414684285331314,0.012078929172620776,-0.01605667568483952
городской округ город Кирово-Чепецк,0.038085274899628034,0.003191661098973418,0.004448643780038243,0.02550138395452055,0.020774840775790875,-0.012390232069434778,-0.020532676127586524,-0.019694288225322862,-0.015094783655255038,0.008499103914472561,0.009438256694497998,-0.04222718504032248
городской округ город Котельнич,0.03232931741301901,0.02962358907991219,0.04413143492573727,0.04632698882205096,0.01321645010139515,-0.013388498982465481,-0.029297166286108907,-0.020139468588998462,-0.0274035988847963,-0.018202602881827814,-0.027197425560214455,-0.0299990191577032
городской округ город Кулебаки,0.01757955771130962,-0.026729540270585727,-0.0013040279354347298,-0.001174922682721704,0.000570695965594972,0.01177606644180279,-0.007669659999865509,-0.01077949531964933,0.010509279672839251,0.002214074366734746,0.009184057676574736,-0.004176085626599118
городской округ город Кумертау,0.0279335189855987,-0.021297489248377946,-0.0005896066354448368,0.020863686801809674,-0.0020334507841889855,-0.016429474138351382,-0.006353722877893136,-0.0017789232898074566,-0.0014315497033683903,0.003574495036833538,0.017768279851248764,-0.020225763998058543
городской округ город Медногорск,0.033009285895403154,0.010085070790503255,0.002290534060113661,0.014691711693279224,-0.002853210876827385,0.01705367025418047,-0.008405567061577425,-0.002549999680807165,0.0023340163604398736,-0.012354046691922227,-0.009276645577492387,-0.04402481916529304
городской округ город Можга,0.009828509299343523,-0.014586503478988882,-0.003643892080229569,-0.0037039638024082876,-0.004565076951141684,-0.010292290012540587,0.0003250691928847998,0.01748638099407485,0.01492598825436319,0.006997567618099083,0.009862834463075423,-0.02263462349653186
городской округ город Набережные Челны,0.03605848854919175,-0.030786988331140255,-0.017784656051468145,0.002940465384457391,0.002947604988876757,-0.018108796542735738,-0.007981902918856589,0.0040625281682516974,0.02089180145524841,0.01568382646306914,0.01746409388447129,-0.025386465049365706
городской округ город Нефтекамск,0.031051197212527106,-0.02849096484565839,-0.011406822604755423,0.01890588347302225,0.0077994235428313925,-0.010384846068011582,-0.0037356728863095516,0.008366065625146999,0.016129270545065775,0.005819162122413766,0.0032800513217990275,-0.03733274743807137
городской округ город Нижний Новгород,0.0003815126362459592,-0.04242744723115358,-0.023383256548254263,-0.0011737882047625822,0.0022030809216258855,-0.004642165517094021,-0.009637915663422685,0.002771562109231954,0.029951782378958843,0.024985986357741113,0.029160762731240287,-0.008190113970356905
городской округ город Новотроицк,0.00018615326600854298,-0.035452761917735706,-0.030167680958736127,0.002112685057933699,0.009323751296937497,0.004717792960341298,-0.0049774266411933225,0.007587025922130918,0.026251981176729573,0.01652463041712114,0.02442696276525856,-0.02053311334479607
городской округ город Новочебоксарск,0.024593486258984755,-0.02796969745178823,-0.010705381721042635,0.006741220243596066,0.004088302412168091,-0.023234297866791563,-0.009745394647126449,-0.00398234044356123,0.01841156309281446,0.014381377849062434,0.018081105736083514,-0.010659943462399213
городской округ город Октябрьский,0.028790540386219903,-0.018609009322573884,-0.005435374538582232,0.007221600088624006,0.006598042260814196,-0.015754880392008168,-0.013068373509376566,0.008532347236487544,0.01115451764838599,0.004089772304124342,0.01267350581165791,-0.02619268797377304
городской округ город Первомайск,-0.00920958213506638,0.006985472078371754,0.019469070886888946,-0.0025773953960710927,0.003952035105673131,0.006818914787884892,-0.015190497258527638,-0.01006651059399668,0.01073917113293726,-0.010084020695944251,0.006484616737363344,-0.007321274649513288
городской округ город Салават,0.034434372931526624,-0.018390585425475732,0.0028452696638520767,0.023353261333322974,0.009100601990160405,-0.02514207909867761,-0.023401779250020148,-0.0062633315433424635,0.01259355018398078,0.000379525338336505,0.014395172292323101,-0.023903978415986512
городской округ город Сарапул,-0.008852515737499421,-0.03431571958135901,-0.012304050174849335,0.004999866673173894,0.0022845292268520194,0.012189777565180289,0.011686556314952143,0.014765997554427708,0.01736935180943662,0.014665796805383671,0.011618227260514041,-0.03410781771621262
городской округ город Саратов,0.005898914909357445,-0.02638214109388439,-0.010803164752066895,0.011933334149074727,-0.005997294683362047,-0.012616899938425817,-0.01038177065585757,-0.0001473832745631171,0.01909030955031453,0.011151334876771337,0.015360582131092508,0.0028941787815492896
городской округ город Сибай,0.043815864804862145,-0.016643046749829665,-0.004886752598843179,-0.002926304979048982,0.002784902358165895,-0.018533144531656623,-0.009877389071049437,0.012165116123411056,-0.0025796792384135455,-5.8598012814955244e-05,0.006604581662691298,-0.009865549767474007
городской округ город Слободской,0.04229580668235707,0.016973359685842713,0.03705523397988927,0.029992132533864943,0.0010343964688507429,-0.012968590738166148,-0.014758078228402145,-0.024359602701251946,-0.01357510750734708,-0.021246299396747426,-0.012897213240839993,-0.02754603753804999
городской округ город Стерлитамак,0.025848672340779436,-0.021314401548278676,-0.012817592673558633,0.00858468818342705,0.006481692870375565,-0.0160446769395495,-0.001562084587314677,0.012747295378788992,0.016932668917066192,0.009199820704362585,0.007732379665475412,-0.035788462311573746
городской округ город Уфа,0.018750631120755184,-0.0266595186139458,-0.007538377191670078,0.015027378694362811,0.0044036079480809535,-0.01466670412191318,-0.015230235950689492,0.00574594737679077,0.014788885098382559,0.009190204497821632,0.01600142759565674,-0.019813246453632104
городской округ город Чебоксары,0.013602575790294622,-0.03357830616020032,-0.016207604795655403,-0.002507779854605654,-0.008079581208578698,-0.024733505629132714,-0.009203466661316844,0.014047803947562712,0.0274349135892131,0.020779530439424602,0.023821329834747634,-0.005375909291753026
городской округ город Чкаловск,-0.014920816783913212,-0.006193240822869204,-0.00027739927201949916,-0.012762757486935382,0.0007205473749082331,-0.005457307467218351,0.020799552400162034,-0.0043157535251364745,0.02785213931782375,0.009050075194724417,0.010568575047305349,-0.025063613976831663
городской округ город Шахунья,-0.015329061414261342,-0.006477606757066641,0.00698107465277586,0.008215422102759707,0.004174832509425052,0.010338431891101047,0.01753343339131214,-0.0010062051785269537,0.01019462736759741,-0.015340617956571016,-0.014111460067654272,-0.005172870540890993
городской округ город Шиханы,-0.039191352718850006,-0.024757413660262274,-0.016704330284764365,0.018193942669332445,-0.01612281051999397,-0.0022923115518031674,-0.014515344989702314,-0.00975481253059515,-0.005827776840877254,-0.013214331556155721,0.023277741196600137,0.10090880078707165
городской округ город Шумерля,0.033668014891645816,-0.0018615805337944928,-0.0017442736906604257,-0.002393829210958226,-0.018032710846888216,-0.02178400647864262,-0.022085411836351536,-0.02546203642684792,0.00023492279680505102,0.018433110541554193,0.0227435286249158,0.018284272169222578
