mo,A1,A2,B1,B2,C1,C2,C3,C4,C5,D1,D2
Абазинский муниципальный район,-0.013749353592108049,0.00508270301982483,0.003138676101988816,0.03766411322386576,0.13892010631550528,-0.01934826592705506,-0.04060785580902065,0.02939165586562857,-0.009446083178371763,0.03532472506371165,0.0
Абанский муниципальный район,-0.07781319106559244,-0.09415332129506411,-0.0027233550382452796,-0.032680260458943344,0.06863192200459488,0.005992212890243391,0.013738978809182375,-0.0034189639098292568,0.023603447168745656,0.020914027260232414,0.0
Абатский муниципальный район,0.051638947737675224,0.04898241560773009,-0.00044275535499085607,-0.005313064259890273,0.06136654278543065,-0.00989999065365577,-0.000400906139952818,0.02268650379293978,0.006337416869135786,0.026437662317260507,0.0
Абзелиловский муниципальный район,-0.24070232027246763,-0.2567789573233273,-0.002679439508476613,-0.032153274101719344,0.10214817630767241,0.03225018302552855,0.02201433225731273,-0.030077274589544102,0.010398410116538742,0.023123765675263995,0.30434782608695654
Абыйский муниципальный район,0.6795954908476601,0.6940508330559735,0.0024092237013855705,0.028910684416626847,0.26272621285888575,-0.07739920579708405,-0.039328007587942096,0.14608023353985267,0.0004528997457022149,0.062266419185686574,0.0
Агинский муниципальный район,0.08629990991059515,0.07359129007794223,-0.0021181033054421534,-0.025417239665305846,0.108026112491245,-0.023790173758658485,-0.0335738176880977,0.03954909039125051,0.03002085741816094,0.03877337934614348,0.0
Агрызский муниципальный район,-0.11665336928132726,-0.1190026874117273,-0.00039155302173333637,-0.004698636260800064,0.0778608680396669,0.01771948911203414,-0.011903505396550568,-0.027368587101216382,-0.019736711505102,0.02494479203974243,0.0
Адамовский муниципальный район,-0.18644188459869038,-0.16373142419779718,0.003785076733482202,0.04542092080178639,0.08115156064897056,0.02959738647761912,0.02018998920268987,-0.02886238388961928,0.011389659388541428,0.03410476843013043,0.0
Азнакаевский муниципальный район,0.002235591587169313,-0.006619228704017506,-0.0014758033818644712,-0.017709640582373638,0.12238557353974971,0.024876866979993084,0.01123351417550979,-0.03436623820740135,-0.04453566705176668,0.012141534956913745,0.2608695652173913
Азовский немецкий национальный муниципальный район,-0.07746965105269377,-0.1018137701767207,-0.004057353187337824,-0.04868823824805387,0.06643244624137276,0.005544756824313735,-0.0004834882755536911,0.0113313208881644,0.0072882077809866466,0.027591148970031995,0.0
Акбулакский муниципальный район,-0.19592525878372702,-0.20775774504459812,-0.001972081043478521,-0.02366497252174223,0.060463112344410874,-0.0007405920441051136,0.002381689222245808,-0.012190540205751664,-0.021799324502714722,0.02309857881094025,0.0
Аксубаевский муниципальный район,-0.2618161060784321,-0.2512616624139832,0.0017590739440748186,0.02110888732889782,0.10214156260166371,0.006275078916420908,0.005299661290012633,-0.0007115235975348813,-0.05363251191411669,0.030257390836243136,0.0
Актанышский муниципальный район,-0.25069068404325573,-0.2628376068186998,-0.0020244871292406747,-0.024293845550888093,0.1159251318573516,-0.007027410191200623,0.01159259748635918,0.01783385369372298,-0.06383711202408884,0.018464271285019335,0.0
Алагирский муниципальный район,0.02958858335034768,0.040261904583831644,0.0017788868722473279,0.021346642466967936,0.10137958125743944,-0.005252857050535409,-0.03259323416295287,0.003837695756047228,0.025685743411639712,0.0785549323004873,0.0
Аларский муниципальный район,0.09176486326580857,0.0616794562295615,-0.0050142345060411805,-0.06017081407249414,0.09935581818407413,-0.010453171367081876,-0.0017441526110396216,0.030127183807217663,0.06945425859534785,0.01757551689482772,0.0
Алданский муниципальный район,0.6170339321482797,0.6356395313728943,0.0031009332041024105,0.03721119844922901,0.11885325559566545,-0.04878126278693681,-0.011442531647889047,0.07837743398335453,-9.106637466423095e-05,0.019187641298064814,0.0
Александро-Невский муниципальный район,-0.012495619251558324,-0.010114112063694503,0.0003969178646439706,0.004763014375727644,0.08130058422615137,0.03063049350773791,-0.005868608153003223,-0.05589303138613152,0.03282055777094057,0.028477958763034685,0.08695652173913043
Александрово-Гайский муниципальный район,-0.16815934577629288,-0.1603019332724278,0.001309568750644179,0.015714825007730138,0.08181644280892748,-0.012107660161214107,0.010329048278799631,0.017546186098190412,-0.030606251428683645,0.030371335156054537,0.0
Аликовский муниципальный округ,-0.40976323405876697,-0.4382248352999049,-0.004743600206856315,-0.056923202482275816,0.10458814099746634,-0.004313875524589657,0.011012689043969697,0.019873751125829706,0.001567479519391085,0.04182660963716999,0.0
Алькеевский муниципальный район,-0.19879196015978687,-0.21436621566227165,-0.002595709250414128,-0.031148511004969553,0.07784133806725392,0.010687012458321753,0.0012163323792448934,-0.010595304471478408,-0.021005308160525607,0.02893026151602713,0.0
Альменевский муниципальный округ,-0.24323546881063537,-0.21461556557009173,0.004769983873423945,0.057239806481087285,0.07589701619162571,-0.0012070128990193706,0.013998670493445036,-0.0005766695484905789,0.004725097511409954,0.028451804651856302,0.0
Альметьевский муниципальный район,0.2948440215455908,0.3055329491392171,0.0017814879322710373,0.021377855187252475,0.07100026875995857,-0.0008900509525177231,-0.00853010309918661,-0.00780647652957903,-0.03188500394690505,0.03162500214980587,0.0
Альшеевский муниципальный район,-0.12755828956086165,-0.15249751061189576,-0.004156536841839019,-0.04987844210206823,0.05659361847817164,0.013670152240564344,0.008927432390393269,-0.01518271000641766,-0.01339619510186614,0.014808750367587215,0.08695652173913043
Амгинский муниципальный район,0.29224907763535635,0.27084007303386254,-0.0035681674335823004,-0.04281800920298758,0.25596929270089336,-0.05933996080528127,-0.0357991733748082,0.11855203528145525,0.09149795726459499,0.026881010852257158,0.0
Амурский муниципальный район,0.34416894843674045,0.3471264853724911,0.0004929228226250992,0.005915073871501253,0.0682459313839181,0.018512338851424948,0.012941779309649336,-0.0249935789553624,-0.0008754670633636975,0.015191458683192587,0.0
Анабарский национальный (долгано-эвенкийский) муниципальный район,0.6670996123320597,0.66891911964867,0.000303251219435044,0.003639014633220583,0.22191679599759273,-0.059611044064902786,-0.03552429740346558,0.11253524016615382,0.07884292570756758,0.08215229742535125,0.0
Анадырский муниципальный район,1.0122267782016914,1.0293942353983523,0.002861242866110187,0.03433491439332226,0.31045504607950314,-0.12268805667278855,-0.036606963016291384,0.16890541046959254,-0.033163287464991864,0.03480980840389283,0.08695652173913043
Андроповский муниципальный округ,-0.015462767061568128,-0.02066764114712294,-0.0008674790142591355,-0.010409748171109623,0.042234929885157396,0.009649921942375746,-0.005750023771310887,-0.012582422985135731,0.022405832990986748,0.019300070720077413,0.0
Антроповский муниципальный район,-0.10639304569773363,-0.12470010235536384,-0.0030511761096050356,-0.03661411331526043,0.08655046259260389,0.0031865348084207682,-0.03388038439383251,-0.013177504370085663,0.03986619067205093,0.04354029863585883,0.0
Анучинский муниципальный округ,0.05462489474604452,0.04721952058508805,-0.0012342290268260777,-0.014810748321912945,0.1054767156667554,0.017625616349232865,-0.030748264202404764,-0.048689031883282156,0.036377673619498715,0.029625255145480905,0.0
Апанасенковский муниципальный округ,-0.06953910470823892,-0.06617225574713093,0.0005611414935179987,0.006733697922215971,0.06356386170088453,-0.00033256936759858656,-0.018015190005175145,0.0012410648887732933,0.01534339246072552,0.02256068663765277,0.0
Апастовский муниципальный район,-0.3260505889266054,-0.3427141269351213,-0.0027772563347526614,-0.03332707601703196,0.08154111692819555,0.018039888589706357,0.0004489137339791562,-0.0037234802641247034,-0.03650008344541404,0.040250336775530283,0.0
Аргаяшский муниципальный район,-0.09125746120336269,-0.09476675540417705,-0.0005848823668023925,-0.0070185884016287226,0.03430485721401689,0.00810886256448234,0.002924404978551419,-0.012424499634045535,-0.0028894406492000905,0.023430618367885486,0.0
Ардатовский муниципальный округ,-0.0825058170204882,-0.0798350182839993,0.00044513312274814954,0.005341597472977799,0.06031401103365294,-0.0050200565074898385,0.02559749044720127,0.013307192302941724,-0.024403892482559007,0.018265574358307182,0.0
Ардатовский муниципальный район,-0.31676548251100844,-0.32959657195160386,-0.0021385149067659013,-0.025662178881190822,0.07970892658375173,0.02245920596760085,-0.0007273455221687129,-0.03352862273976373,0.015837831853784776,0.026845980894336197,0.0
Ардонский муниципальный район,-0.012791797538079205,-0.0013586974120129252,0.0019055166876777146,0.022866200252132558,0.1524283999441972,-0.02552932401909253,-0.054320610296920625,0.03269163939723468,0.03897479550844388,0.08237457583181172,0.0
Арзгирский муниципальный округ,-0.12205827347918101,-0.11358395306058548,0.0014123867364325895,0.016948640837191054,0.08592746276071467,0.020115461579548757,-0.010476209615261443,-0.010450137403230277,0.038398308750248245,0.02875491041062704,0.0
Аркадакский муниципальный район,-0.10423740823108359,-0.10539949251939174,-0.00019368071471802394,-0.0023241685766162887,0.04882466003098358,0.004926888752516723,0.004163937852000797,-0.01126401458163187,0.02020233908659366,0.014082064600982231,0.2608695652173913
Армизонский муниципальный район,0.036264352508306986,0.033572813258367105,-0.0004485898749899813,-0.005383078499879772,0.09052575495206097,-0.0036664743229148354,-0.003926374898533284,0.004927420429490054,0.03608311383638865,0.041624249384746556,0.0
Аромашевский муниципальный район,-0.012084447464467388,-0.006669691849139643,0.0009024592692212912,0.01082951123065549,0.07964568042041756,-0.005364375389708805,0.00807216515829031,0.003255639605081315,-0.010402659992044976,0.024975391352562774,0.0
Арсеньевский муниципальный район,0.11681580746838804,0.11427790760925705,-0.00042298330985516636,-0.005075799718261997,0.07150221177743724,0.014112785120469581,-0.018475598795231012,-0.0062958853323924575,0.017422003008840628,0.036707986475275185,0.17391304347826086
Арский муниципальный район,-0.19041525684056584,-0.18283817993099896,0.001262846151594482,0.015154153819133764,0.09077437155776022,0.023738873425017765,0.0074401517419236535,-0.02115273766038169,-0.02095759239138125,0.02212492588943589,0.0
Архангельский муниципальный район,-0.0995064040606175,-0.09599150562575447,0.0005858164058105059,0.007029796869726083,0.11980526746188813,0.01671444582105206,0.04142814978217712,-0.012267602151682627,-0.013749605211726981,0.02006992837477104,0.0
Архаринский муниципальный округ,0.1626331916737592,0.14925037201952898,-0.0022304699423717008,-0.026765639308460393,0.06941480169534237,-0.019437274185637374,0.007584030692904302,0.02023513571602193,0.011742891885257584,0.02255035949694351,0.0
Асекеевский муниципальный район,-0.13674701279118948,-0.1386230871995234,-0.0003126790680556562,-0.003752148816667855,0.10986645772317102,0.03613130609319167,0.031154146686276904,-0.047538669399360724,0.003364727845908088,0.027524517815996886,0.0
Асиновский муниципальный район,0.05732800375874499,0.03875855998777992,-0.0030949072951608455,-0.03713888754193014,0.06515241982460643,-0.021479956170383622,0.010422061435420247,0.028500879460387665,-0.011282698977342034,0.014589167627009111,0.0
Аскинский муниципальный район,-0.1775060574409361,-0.1920254877237153,-0.002419905047129868,-0.029038860565558416,0.06352882568139023,-0.015809143982957095,0.0008273712760323056,0.019343876299329234,-0.01722295549715128,0.02495313100873362,0.0
Аткарский муниципальный район,-0.0821082087527681,-0.08900199814279446,-0.0011489648983377247,-0.013787578780052693,0.03483278129464929,0.004071092647684441,-0.0009142849020199989,-0.003933386618748111,0.009500435639684168,0.015535271552403421,0.0
Атнинский муниципальный район,-0.35485123951263214,-0.35401816367977385,0.00013884597214305124,0.0016661516657165976,0.185334371668567,0.03699493416524058,0.03580535497028032,-0.03308125491140679,-0.053909624542187826,0.06004242733258472,0.0
Атюрьевский муниципальный район,-0.24739861436438634,-0.23047404026477247,0.0028207623499356452,0.03384914819922772,0.09006452837717473,-0.00045905931872881076,0.01709831001799729,-0.008498670236375109,-0.04101147224671531,0.031509217557363155,0.08695652173913043
Атяшевский муниципальный район,-0.18007726985461203,-0.17848151306130866,0.0002659594655505637,0.0031915135866067423,0.05854861754478122,-0.002103490471645011,0.012276083637973976,-0.007477232284242409,-0.021803835168207143,0.0190460164241045,0.0
Аургазинский муниципальный район,-0.27555235991098276,-0.31840701426352513,-0.007142442392090404,-0.0857093087050848,0.1225631406295808,0.0012961488204120985,0.0279152127343991,0.014765803681691888,-0.06628270403632683,0.023210959395948857,0.08695652173913043
Ахтубинский муниципальный район,0.0534381140767474,0.04187273943944921,-0.0019275624395496999,-0.02313074927459639,0.0945375393073863,0.02418653534550705,-0.004209071001914745,-0.03187245567490896,0.060573076580900984,0.012847884650162867,0.0
Ашинский муниципальный район,0.13721151643477816,0.14754421895152037,0.0017221170861236976,0.02066540503348439,0.03356110876189815,0.0006998441402247931,0.005863035594699325,-0.0091260367700102,-0.01460948061863931,0.017764098651180452,0.0
Бабаевский муниципальный округ,0.1366900399130926,0.1199284188407715,-0.002793603512053517,-0.03352324214464216,0.07199607787801321,0.018913466545960496,0.023428324476698764,-0.02308121483995827,-0.0216007787103267,0.030631979172317688,0.0
Бабушкинский муниципальный округ,-0.03787374496779535,-0.0585090433619874,-0.0034392163990320107,-0.04127059678838411,0.06950793885994777,-0.004236673721635735,0.020938915280837626,0.0028009673660053247,-0.009221728058881055,0.019902629019327624,0.0
Бабынинский муниципальный район,0.06435164316958401,0.04288439188431129,-0.003577875214212123,-0.04293450257054543,0.12335905327012693,0.041808681346539076,0.030379632364382958,-0.05288052481639536,-0.009922492746819328,0.04175018229193388,0.0
Бавлинский муниципальный район,-0.07953985866875028,-0.1042906346102274,-0.004125129323579524,-0.04950155188295424,0.13319978976207228,0.011536820593497477,0.04073726931927682,-0.00988951626013674,-0.05737283082845743,0.014867838412942093,0.0
Баганский муниципальный район,-0.031064803342120584,-0.013775934388239394,0.0028814781589802008,0.03457773790776238,0.06668993642936916,-0.0069351829044936725,-0.010337181676959933,0.016727008879497615,0.03308656076441462,0.03158493783322358,0.0
Баевский муниципальный район,-0.15870618217590837,-0.1575855385876331,0.000186773931379214,0.0022412871765505513,0.0758291179085413,-0.02173604814784954,0.0011110729246031452,0.036671729981260386,0.008204192332496741,0.025147750382688877,0.0
Базарно-Карабулакский муниципальный район,-0.20766595968902277,-0.21634736292642534,-0.0014469005395670977,-0.017362806474805186,0.0514191558635286,0.008818826520486066,0.002297859579225271,-0.012596910314739133,0.0019402543944747662,0.026447677101107632,0.0
Базарносызганский муниципальный район,-0.11417397992647953,-0.10941895164359365,0.0007925047138143144,0.009510056565771752,0.061405929922269065,-1.7714570483146526e-06,-0.006099717974988785,0.00488573042122749,0.03107936914804521,0.027837364478204528,0.0
Бай-Тайгинский муниципальный район,-0.1833208292409935,-0.18351800817439953,-3.286315556766659e-05,-0.0003943578668120414,0.23516950942300718,-0.06977369215325539,-0.035045054663142984,0.11614772343854435,0.047161691363403965,0.08154584687484272,0.0
Байкаловский муниципальный район,0.08354602361271606,0.07079673908408483,-0.002124880754771874,-0.025498569057262443,0.058643571687334535,-0.0042421078865595265,0.018375179513788475,0.011531971647434434,-0.017439828845893943,0.015955870695020462,0.0
Баймакский муниципальный район,-0.10127838152990647,-0.11354936971205094,-0.00204516469702408,-0.02454197636428897,0.05406806562084934,-0.00811601648364376,-0.009642624094925029,0.020906786569307802,-0.0052997802928647746,0.02487767197559801,0.0
Бакалинский муниципальный район,-0.1513378196044901,-0.15781344830289035,-0.0010792714497333735,-0.012951257396800475,0.07766139874453787,0.012703614966997368,0.026915038514505135,-0.007563907306909096,-0.03702817555295891,0.016081819908926064,0.0
Бакчарский муниципальный район,0.030506817218381926,0.041447593125819505,0.001823462651239597,0.021881551814875166,0.07850439337490096,-0.017543218926078415,0.01396375019004938,0.04173862644651175,-0.014675854692910082,0.023788705494949082,0.0
Балаганский муниципальный район,0.038077135622251124,0.029166425867397223,-0.0014851182924756493,-0.0178214195097078,0.12161349271432326,-0.009007733729287573,-0.01956474240409871,0.015140662368226204,0.05973125012093915,0.032995122706075186,0.0
Балаковский муниципальный район,0.22978993911177756,0.24415464067999157,0.0023941169280356687,0.028729403136428022,0.03237030516496203,0.0016833668383970093,-0.004299279660410303,-0.011148087291276343,0.012447072103774381,0.025691179191035612,0.0
Балахнинский муниципальный округ,0.2956842046343368,0.3182734937939067,0.0037648815265949828,0.045178578319139774,0.06340416422785944,-0.010265260765908956,-0.016566039846205673,0.0004252630099295051,-0.00855823237978515,0.03062929200026276,0.0
Балахтинский муниципальный район,0.12802397640740137,0.17354114381777874,0.007586194568396228,0.09103433482075474,0.10909595977473313,0.0055346274881507744,0.0476037837316477,0.003930255746175267,-0.0353904251913543,0.0338721261883683,0.0
Балашовский муниципальный район,0.06451836012991115,0.0839545014317243,0.0032393568836355264,0.038872282603626296,0.031226703126119755,0.0011740037420078903,-0.00923555044266939,-0.0040085170912384106,0.014949597876077449,0.015022763827247014,0.0
Балейский муниципальный район,0.1665975612245104,0.16066965241519945,-0.0009879848015518229,-0.011855817618621867,0.08320558198570671,-0.01759413485088784,-0.009694066982144865,0.030880387854553767,0.025643430955350672,0.01936846689698439,0.0
Балтайский муниципальный район,-0.13505292713510042,-0.1396350289785618,-0.000763683640576895,-0.00916420368692276,0.09453057068302445,-0.006358955476451898,-0.014649148361731378,0.0015082986143977488,0.02213710358670208,0.027443985566494633,0.0
Балтасинский муниципальный район,-0.22586531634351661,-0.2337685041296155,-0.0013171979643498133,-0.015806375572197773,0.06884294079157148,0.005606888275066978,0.014389459991865566,0.006106125009307498,-0.030569258421690716,0.011816372657226666,0.17391304347826086
Балтачевский муниципальный район,-0.2089458571720552,-0.2149214487937301,-0.0009959319369458152,-0.011951183243349798,0.11227368088823082,-0.007225452556096402,0.04535545299410838,0.0006857255313871559,-0.04676201330617762,0.02701982787164368,0.0
Барабинский муниципальный район,0.10033072081763161,0.11606320302111683,0.002622080367247538,0.03146496440697044,0.07070257916034883,-0.024755869429713466,-0.021460047510402747,0.030962498072962214,-0.018912989399492486,0.023540986419818992,0.0
Барун-Хемчикский муниципальный район,-0.16206773594550813,-0.14886504477561488,0.002200448528315543,0.02640538233978651,0.1227922197535457,-0.006881691431802214,-0.008435068203230794,0.02021512632880653,0.050728084656941404,0.0780801349815698,0.0
Барышский муниципальный район,-0.16671552694499678,-0.17442702792294215,-0.0012852501629908933,-0.015423001955890747,0.029710824694994857,-0.0011377689707536376,-0.00766338084800027,-0.0011587402027852323,-0.005570401835048568,0.018985768975401114,0.0
Барятинский муниципальный район,0.08900267190183715,0.09304479680690998,0.0006736874841788049,0.00808424981014566,0.06577395094231406,0.021532666000499235,0.00560188413940913,-0.03029811305099359,0.022193004775985743,0.06820362138860432,0.17391304347826086
Батыревский муниципальный округ,-0.3544539827402123,-0.35436529147424894,1.478187766056478e-05,0.0001773825319267471,0.08640012522722318,0.021910563949896395,0.008502339930115715,-0.020090927624198285,-0.010111656734382881,0.022890468605200776,0.0
Башмаковский муниципальный район,-0.07879291091044749,-0.0925570346122105,-0.002294020616960502,-0.027528247403526034,0.06981038374449008,0.006555044955366002,-0.019785039586429985,-0.015832795246918486,-0.003347198543670278,0.02084778322372546,0.0
Баяндаевский муниципальный район,-0.04955024981564815,-0.08217744452178606,-0.005437865784356317,-0.06525438941227583,0.17380514755235488,-0.027519821569597147,-0.02594869476806895,0.05057074917959654,0.009917245443128732,0.02808596890756176,0.08695652173913043
Бежаницкий муниципальный район,0.014936464322980791,0.004683016652242096,-0.0017089079451231158,-0.02050689534147739,0.06052348192337902,-0.018707336887973595,-0.00575125361961254,0.016792403149350887,-0.022368737118875666,0.020085926913505064,0.0
Безенчукский муниципальный район,0.1012474294406495,0.10660850182302213,0.0008935120637287716,0.010722144764745275,0.031975510289019085,0.004089517515487237,0.00470775410786138,-0.011315484068903122,-0.005775234265928152,0.010258631757638713,0.0
Бейский муниципальный район,0.1832963206697468,0.18634430894897122,0.0005079980465373992,0.006095976558448808,0.06256718100888256,-0.002606203434214012,-0.007876305144638017,0.009722313808867455,0.03986694036358565,0.023702474968569063,0.0
Бековский муниципальный район,-0.07329875174053353,-0.05032836177417218,0.003828398327726894,0.04594077993272272,0.12459298539833225,0.04402001941652897,0.004260452305832022,-0.04260811498257701,-0.00316649883507256,0.017440388536473755,0.0
Белебеевский муниципальный район,0.19242508766140545,0.19820696364388177,0.0009636459970793806,0.011563751964952592,0.043372628406631426,-0.0012589120994103509,0.0004347307537480978,-0.0023093458483734535,-0.014493792268871177,0.03322796944112501,0.0
Белевский муниципальный район,0.12422579861172989,0.13079009125918764,0.0010940487745762933,0.013128585294915526,0.07698293982194729,0.01749583780053189,-0.0068451177574919185,-0.03060838789733857,0.01559759165668747,0.01457296625573761,0.0
Белинский муниципальный район,-0.1677838494751156,-0.18008900226106705,-0.0020508587976585764,-0.024610305571902913,0.11917328002018812,0.051208991265057624,-0.011499825161978602,-0.06709145520694419,0.05303075180972613,0.029694646773335713,0.0
Беловский муниципальный округ,0.08141941541086746,0.12180801996273027,0.006731434091977138,0.08077720910372561,0.08740521427185961,-0.01716543581364878,-0.009353824263749467,0.021068990390833,-0.04373961923785022,0.039662428171818497,0.0
Белогорский муниципальный округ,0.2914617511093284,0.29496676973589686,0.0005841697710947386,0.007010037253136907,0.09127798170595407,0.0010608436338093372,-0.004524488496002649,-0.007349599353596711,0.06491918398532441,0.051575050488879455,0.0
Белокатайский муниципальный район,-0.05129258259308078,-0.04979283681200478,0.0002499576301793324,0.0029994915621519938,0.059740114910353484,0.009525603184300341,0.010280524916585003,8.324154784784975e-05,-0.003252147529756229,0.022192084841717186,0.0
Беломорский муниципальный округ,0.3725325776613058,0.35903747803230707,-0.002249183271499802,-0.026990199257997578,0.06350216480134274,-0.014249707863537464,0.022533849735785406,0.017111405993871828,-0.022062535743315504,0.016143795699463448,0.0
Белорецкий муниципальный район,0.14546981541181014,0.1668924779837071,0.003570443761982826,0.04284532514379391,0.03338061361709725,0.00021767830228283484,-0.001057106256136298,-0.003930021888404881,-0.011196682691038675,0.03330897600807715,0.0
Белохолуницкий муниципальный район,-0.1721325378523791,-0.20049190120263338,-0.004726560558375711,-0.05671872670050856,0.047809657062036826,0.008695973466102193,0.016269922654210935,-0.01671613434220133,-0.0212659689429283,0.022322537480814718,0.0
Белоярский муниципальный район,0.4876038468289913,0.4729565246041803,-0.002441220370801835,-0.02929464444962197,0.15371433233279994,-0.0554104877459978,-0.0035140095491175425,0.09334242739369548,-0.07172534366870398,0.020103158520997838,0.0
Беляевский муниципальный район,-0.24560127644592358,-0.25550818739935305,-0.0016511518255715788,-0.019813821906858948,0.09887035170913211,0.022881827726379162,0.029232640780845517,-0.026990840181790682,-0.02559553981171412,0.0270618556788925,0.0
Бердюжский муниципальный район,0.04505548223003064,0.04069368913652571,-0.0007269655155841546,-0.008723586187009857,0.07286025844182384,0.0013022072222137015,-0.016769769387656473,0.006131479819009888,0.02057386445457609,0.017311592611873018,0.0
Бессоновский муниципальный район,0.01445981763728832,0.03576489091595647,0.003550845546444694,0.042610146557336304,0.08161364442935237,0.018486838691515923,-0.018296934251045244,-0.03098138143190025,-0.008957344354025565,0.026608863588023748,0.0
Бижбулякский муниципальный район,-0.13306589521344336,-0.14490462558275485,-0.001973121728218583,-0.02367746073862298,0.0588529573762864,-0.003208353662013699,0.02077544857718472,0.010372873591042522,-0.030012242794999533,0.018369083462329218,0.08695652173913043
Бийский муниципальный район,0.05957027830000642,0.1060372728321024,0.007744499088682669,0.09293398906419197,0.11435387697801241,-0.03121546898868738,-0.03984112445696052,0.02928518435286713,0.008370864930456537,0.04983303619107923,0.0
Бикинский муниципальный район,0.3928706702560747,0.40234107330509206,0.0015784005081695572,0.018940806098034724,0.06708113660830549,0.0013800795851458963,0.0069157685822437975,0.00018653737283476704,0.020325690317982724,0.029946291618807973,0.0
Билибинский муниципальный район,1.0836838000795186,1.0660666644268673,-0.0029361892754418985,-0.035234271305302656,0.2689157591067994,-0.10153622506817578,-0.05989746619848503,0.14657526420542344,-0.012794198659579117,0.04427260792885659,0.0
Бирилюсский муниципальный район,-0.04729586591922449,-0.03752186119215262,0.0016290007878453098,0.019548009454143738,0.13207382217421515,0.02879954404221792,0.041970464371855865,-0.02666843662117288,-0.010545454935943194,0.036666531868835804,0.0
Биробиджанский муниципальный район,0.2067054270906493,0.20464084791445578,-0.0003440965293655857,-0.00412915835238703,0.17322765432807824,0.03665605869904677,-0.032471526470383906,-0.06853088331018622,0.08404169663187037,0.03077941925715078,0.0
Бирский муниципальный район,0.13354356475213627,0.14511281525612127,0.0019282084173308297,0.023138501007969953,0.053661523305784525,-0.002411663470618438,-0.012155540548545615,-0.005128491733216999,-0.00862998706642763,0.029612532707066,0.0
Благоварский муниципальный район,-0.1234426222291783,-0.12595142808770174,-0.00041813430975390424,-0.005017611717046844,0.10332841400801387,0.011926095496929657,0.0332896114794442,-0.0032510762515779784,-0.025952038454222143,0.03405319762725385,0.0
Благовещенский муниципальный округ,0.5452228870052725,0.5779849628502814,0.005460345974168133,0.06552415169001764,0.06498786932307933,-0.011518266009279465,-0.01681880338651063,0.011428491543878254,1.5706813948851992e-05,0.01701874455958172,0.0
Богатовский муниципальный район,-0.029720727585110723,-0.02686926558198503,0.0004752436671876152,0.005702924006251386,0.05253604746418908,0.011539274239617165,0.009848578006395013,-0.02583435004458742,0.013395673458443511,0.02020084412832886,0.0
Богородицкий муниципальный район,0.199027699144392,0.21169472807117184,0.00211117148779664,0.02533405785355969,0.06250116306329433,0.0015266488615979555,-0.02221368578445976,-0.013269999088260844,0.011692161651386042,0.013644304661773968,0.0
Боградский муниципальный район,-0.11140246564562917,-0.13042250875128195,-0.0031700071842754654,-0.03804008621130558,0.10870164535016108,-0.004586609593039595,0.006560588017079167,0.015205953891595281,0.03950536939387261,0.03756488438176013,0.0
Богучанский муниципальный район,0.40376565215543964,0.4077673559472414,0.0006669506319669497,0.008003407583603442,0.07986992322173417,-0.03509882892783582,0.007976551913208133,0.044731654914194556,-0.03142627925988527,0.01812734193090171,0.0
Бокситогорский муниципальный район,0.31914878108424866,0.32097209859832593,0.000303886252346201,0.0036466350281544693,0.07031094983153807,-0.0054166472841520085,0.009406077268813783,0.004023378682571299,-0.032264754250106484,0.01721783573952019,0.17391304347826086
Болотнинский муниципальный район,0.08151666840909451,0.11533556577665587,0.005636482894593559,0.0676377947351227,0.06490994992089438,-0.010607916368974405,-0.025450179650849586,0.012218762133549034,0.018038302096362147,0.026573659970542642,0.0
Болховский муниципальный район,-0.06678542608558447,-0.09915002835326418,-0.005394100377946622,-0.06472920453535942,0.09190999782871442,0.03792981149066103,-0.0011999915364327208,-0.04706597264016552,0.0383858482635418,0.02405386107249864,0.0
Большеберезниковский муниципальный район,-0.2978752654175166,-0.3063212728059888,-0.0014076678980787048,-0.016892014776944464,0.09880673328031989,-0.008443691612797307,0.01582411198688549,0.0022683507844708443,-0.05819788677505345,0.03756692390579612,0.17391304347826086
Большеболдинский муниципальный округ,0.006914654385821395,0.0033332741518707167,-0.0005968967056584458,-0.007162760467901356,0.10481172931863424,-0.011235580982847378,-0.01727693192066742,0.0070840994874645635,0.0473357252046496,0.014342978192672554,0.08695652173913043
Большеглушицкий муниципальный район,-0.021673200473819525,-0.02828688671434228,-0.0011022810400871266,-0.013227372481045515,0.04440138618408249,0.006992157865526785,-0.0014850832462519497,-0.01987099106321368,0.01950456791315921,0.014346567005509101,0.0
Большемурашкинский муниципальный округ,-0.05341340479928314,-0.05375041039498477,-5.616759928360711e-05,-0.000674011191403275,0.04190140233861514,0.008751687713648194,0.011396270692131777,-0.010468216186000249,-0.002111482574788574,0.02702493152319236,0.0
Большемуртинский муниципальный район,0.008558469875470006,0.011103310255899057,0.00042414006340484137,0.005089680760858102,0.06855084488949754,0.0005293283221041277,0.019982860134075513,0.005119028628757049,-0.016346992468875176,0.03187080246931077,0.0
Большереченский муниципальный район,-0.14387207804115584,-0.11793148363828765,0.004323432400478034,0.05188118880573637,0.07206998161634481,-0.013479283486918814,0.0013368548422644897,-0.0003831322872505867,-0.0421071146768217,0.02339593105934005,0.0
Большесельский муниципальный район,-0.03722887456273716,-0.022751115316001158,0.0024129598744560003,0.028955518493472,0.12797694233377935,0.02830736215405773,0.02012199956644901,-0.05421428003396439,-0.004425018045378793,0.05117655240851499,0.0
Большеуковский муниципальный район,-0.1596681591057317,-0.1739771574137765,-0.0023848330513408012,-0.02861799661608962,0.12057303443200916,-0.021180011628508858,0.039841764071531435,0.008809061908007605,-0.02763459611417432,0.03328245255811514,0.17391304347826086
Большеулуйский муниципальный район,-0.038107813073031904,-0.09337193123963905,-0.009210686361101192,-0.11052823633321429,0.10175631112143102,0.0011815818520268862,0.012924248191002859,0.018130253346342294,0.00649296144842398,0.044178193376536945,0.0
Большечерниговский муниципальный район,-0.005630759181592874,0.0019219309033221184,0.0012587816808191652,0.015105380169829985,0.0649977751947981,0.0013402587713496842,0.0180296530483623,-0.01605651167253215,-0.010200713831360071,0.01223076020272686,0.0
Бондарский муниципальный округ,-0.28641942649293584,-0.28856918756451416,-0.00035829351192971583,-0.004299522143156616,0.10529239978366174,0.009299436419783338,0.01068923460460039,0.004707172403360211,-0.0587770109138297,0.037653208532032766,0.0
Борзинский муниципальный район,0.24837042874961793,0.26248520261746683,0.002352462311308145,0.028229547735697746,0.060261416115897755,-0.020593326535051075,0.002069772510421222,0.025465914599704254,0.0008742022742583844,0.01816721417380638,0.0
Борисоглебский муниципальный район,0.07713256104538886,0.08404954555730344,0.0011528307519857637,0.013833969023829162,0.07255378610028095,-0.002554808606266277,0.010728220613001065,-0.001283159930942248,-0.0478151942780352,0.04134974541084704,0.0
Боровичский муниципальный район,0.2526378192952243,0.25754870751758546,0.0008184813703935297,0.009821776444722374,0.057457727904082684,0.001635543011944735,-0.0037612633092324634,-0.014619329341486829,0.0020176087497421336,0.018115455813082205,0.0
Боровский муниципальный район,0.3428561543182002,0.3551233349622674,0.002044530107344534,0.024534361288134427,0.07587781553824816,0.017840562610493882,-0.025296745513441674,-0.031795843816142394,0.010864298638419735,0.027444827413483225,0.0
Борский муниципальный район,-0.012853422945200052,-0.015671224087454878,-0.0004696335237091368,-0.005635602284509655,0.08810421693199759,0.021860185888381553,-0.01750468601931566,-0.03610577356260169,0.05723365247122575,0.02225372497590601,0.0
Боханский муниципальный район,-0.036765798176852105,-0.05575078195867519,-0.0031641639636371803,-0.03796996756364616,0.09204176251731823,-0.022594489564495158,-0.0007200879530636332,0.035004516986982655,0.024453435742894408,0.02137814751271392,0.0
Братский муниципальный район,0.0429075214688015,0.03349394554181669,-0.0015689293211641373,-0.01882715185396962,0.11490414286419412,0.0053076486682687935,0.04490671683505748,0.005430582999015891,-0.05063880811688914,0.04342908537986993,0.0
Брединский муниципальный район,-0.10458640352237965,-0.07972042042683543,0.004144330515924039,0.04973196619108844,0.08939037401597494,0.0329039737624291,0.004964187664360872,-0.03874303247037303,0.018162874447265803,0.015237192850519785,0.0
Брейтовский муниципальный район,0.00145860715848678,0.014359398125561343,0.002150131827845762,0.025801581934149127,0.08539304581821341,0.02420626574689697,-0.023514784745667767,-0.03993276046184456,0.016992125857916887,0.0372490600875051,0.0
Бугульминский муниципальный район,0.20354228590279147,0.2104222767935222,0.0011466651484551226,0.013759981781461464,0.05068578924617417,-0.009155034253134894,-0.004789932737256944,-0.000718523192374837,-0.028533076948728538,0.029323085628637828,0.0
Бугурусланский муниципальный район,0.05298958939189465,0.049591218214329214,-0.0005663951962609066,-0.006796742355130873,0.07326870975482254,0.02021782535442378,-0.0058190036075864504,-0.02259099579159829,0.014030430731720882,0.028597898920839995,0.0
Будённовский муниципальный округ,0.16858429281365886,0.20188080700369002,0.005549419031671855,0.06659302838006227,0.05472088171025816,0.0029055528182636934,-0.02370422253071801,-0.005265035313768743,0.012419179948450002,0.026772488684725905,0.0
Буздякский муниципальный район,-0.10749881116226494,-0.12813290689840753,-0.00343901595602377,-0.04126819147228522,0.09005836150701563,0.00491046663688023,0.020923599606715363,0.0048981660928792345,-0.016745397355074437,0.015026719147909397,0.08695652173913043
Буинский муниципальный район,-0.14862405406484616,-0.14279498899226808,0.0009715108454296807,0.011658130145156154,0.06032211101081278,0.0026012651903492665,0.0028502542458207513,0.0010559907699106692,-0.022619575389724828,0.018517197610499452,0.0
Буйский муниципальный район,0.052053077205643485,0.052716361857782466,0.000110547442023161,0.0013265693042779543,0.11698834295279739,-0.008388677902905034,0.027169570935180777,0.004065123271046529,-0.054889768832679084,0.034473170122236746,0.0
Булунский муниципальный район,0.7534512674228875,0.7423744403245441,-0.0018461378497238944,-0.022153654196686762,0.37240694869868246,-0.1331831380370098,-0.050092017687983284,0.22553778970700566,0.04685017673206918,0.06367775882393656,0.0
Бураевский муниципальный район,-0.15725503060011845,-0.17926450600481894,-0.003668245900783419,-0.044018950809401027,0.07255155809260994,0.009383385929662683,0.023281467559688275,-0.00502798734580292,-0.020197533589863564,0.02878418285099448,0.0
Бурейский муниципальный округ,0.19891217577910672,0.16281840965504837,-0.00601562768734306,-0.07218753224811669,0.062275144603828034,-0.012898840042637288,-0.007279836602326427,0.013196370122583467,0.028344949429124456,0.026833369504090217,0.0
Бурзянский муниципальный район,-0.19323792098159162,-0.1968882186252411,-0.0006083829406082504,-0.0073005952872990205,0.0725419847657022,-0.012724103881997066,0.014009349985477981,0.025765961622643163,-0.005270611617501489,0.045785017575280466,0.0
Бурлинский муниципальный район,-0.15697805256370487,-0.15935135147041338,-0.0003955498177847533,-0.004746597813417057,0.09459670901415161,-0.019879627890315863,0.005250414977780121,0.053186946997153754,0.02918184490251092,0.03860796038574863,0.0
Бутурлинский муниципальный округ,0.010770703750677088,0.001754989729414902,-0.0015026190035436976,-0.01803142804252437,0.06476135559748594,-0.012905620911305796,-0.008307866389433994,0.009327476084177368,-0.003741771787836936,0.02465734136395557,0.17391304347826086
Быковский муниципальный район,-0.17761617737442603,-0.20164091827055497,-0.004004123482688156,-0.048049481792257875,0.11743461521675042,0.010505821812331163,-0.025031160969257088,-0.013622698069336782,0.05825380428160058,0.030268514809637607,0.0
Быстроистокский муниципальный район,-0.27290565172301723,-0.26381543298520455,0.0015150364563021102,0.018180437475625293,0.05106488114603741,-0.007128730873059358,0.010068888184329156,0.01925001834999246,-0.012701289498719775,0.03523110783351832,0.0
Вагайский муниципальный район,0.028136496298866238,-0.015000503586804973,-0.007189499980945204,-0.08627399977134242,0.05897624766256881,-0.010786214748710249,0.005311454934468732,0.012248619705973,0.016339920333045238,0.023910431845555708,0.17391304347826086
Вадинский муниципальный район,-0.1594245389888144,-0.1296354662236805,0.004964845460855654,0.05957814553026782,0.08879457530876783,0.017425691872520674,0.0038199488082645604,-0.03574486364697227,-0.02044292234166825,0.03297158653348157,0.08695652173913043
Вадский муниципальный округ,0.0044675674521412745,-0.026088545022496284,-0.005092685412439594,-0.06111222494927512,0.03566434806415637,0.012304474837573286,-0.0027447493460671262,-0.011328013927780184,0.020379143353417232,0.019085908555474485,0.0
Валдайский муниципальный район,0.22788174207015577,0.2268852069002083,-0.0001660891949912467,-0.001993070339894931,0.0473072165560934,-0.00016091517205959823,0.007995404037022293,-0.009957041851639575,0.006462244154488506,0.023315569614279056,0.0
Ванинский муниципальный район,0.5539235381389714,0.55202757879124,-0.0003159932246219111,-0.0037919186954629147,0.07321560965749113,-0.014509263518006604,0.01449780624868844,0.026798310734868498,-0.02038075683030599,0.012387582738503763,0.0
Варгашинский муниципальный округ,-0.18967388654846742,-0.23137841737905251,-0.006950755138430848,-0.08340906166117017,0.06116098209836576,-0.006299356877953911,0.0013731441977524958,0.007803121369722881,-0.023129691638612653,0.05761181045532469,0.0
Варнавинский муниципальный округ,0.044375336476917715,0.05233745343969979,0.0013270194937970124,0.015924233925564153,0.06310913290673562,-3.1358261436436004e-05,0.005886980169136788,0.00582022838106675,0.020944178847229586,0.01794555590908397,0.0
Варненский муниципальный район,-0.011123087777186624,0.006327074345958916,0.002908360353857591,0.03490032424629108,0.05887896021382785,0.017224447957308032,0.009050636169716254,-0.01242097231979869,0.003642758556348602,0.01771878511230567,0.0
Вачский муниципальный округ,-0.030114871130526133,-0.030780447029983726,-0.00011092931657626564,-0.0013311517989151866,0.05871087226963478,0.00758256751814757,0.01537256315191392,-0.011347379512896646,0.003934581558020858,0.027852865686468116,0.0
Велижский муниципальный район,-0.06965786655000368,-0.078926991306204,-0.0015448541260333836,-0.01853824951240061,0.08780033628785457,-0.020401263616590278,-0.003166873886464557,0.013013002708513114,-0.006943412782841884,0.026323786510398628,0.0
Великоустюгский муниципальный округ,0.1764021162929207,0.1860911409866429,0.0016148374489536924,0.019378049387444325,0.0433737276025444,-0.002115001560643981,0.003959467728105921,0.002446521944553229,-0.01464509131266423,0.01676038376707465,0.0
Вельский муниципальный район,0.26466104511813665,0.2662540581776301,0.0002655021765822376,0.0031860261189868844,0.04293260301628818,-0.014738173800358906,0.007895072861985573,0.016382635802344434,-0.02417167901932705,0.009190857823175715,0.34782608695652173
Венгеровский муниципальный район,-0.08366846175796216,-0.08364821789978578,3.3739763627319405e-06,4.0487716352751356e-05,0.06623033035905536,-0.016908193896342023,-0.023610158836422007,0.020513628262318763,-0.0013288479617892049,0.028737961155861837,0.0
Веневский муниципальный район,0.1508009728881088,0.13969437905065174,-0.0018510989729095095,-0.022213187674914092,0.046472578563084954,0.007544095513708132,-0.009189166532470741,-0.017788253268283576,-0.008427087097819516,0.013658159062053282,0.0
Верхнебуреинский муниципальный район,0.5092258278247066,0.5063638632131949,-0.00047699410191862556,-0.005723929223023412,0.12393065972475159,-0.02466626678291492,0.04586704506039134,0.04521140803783656,-0.07771490689366956,0.019180083304827504,0.08695652173913043
Верхневилюйский муниципальный район,0.2603802344514554,0.25329098821195606,-0.0011815410399165617,-0.014178492478998717,0.16236876764265584,-0.030678750975744046,0.001645352613134245,0.07652054825442353,0.06882097044843688,0.020559409440992223,0.0
Верхнекетский муниципальный район,0.14954471126478977,0.14557620774386004,-0.0006614172534882907,-0.007937007041859475,0.08314801289571538,-0.01741176168605023,-0.0006682535118133434,0.0292399086559709,0.024289310168605215,0.023411395940264146,0.08695652173913043
Верхнеколымский муниципальный район,0.8088333963036097,0.7911340098968674,-0.002949897734457033,-0.03539877281348428,0.34064414916785796,-0.08059303068507205,-0.03081446263408271,0.1430534777296032,0.04896597828202154,0.03894347204223277,0.0
Верхнетоемский муниципальный округ,0.014332985671570153,-0.003692932468044585,-0.0030043196899357913,-0.03605183627922948,0.07350173380814798,-0.010467388590609073,0.013919224462686688,0.02484673761667079,-0.04073830473632931,0.01829903357122019,0.0
Верхнеуральский муниципальный район,-0.04791687347181391,-0.04535512667268978,0.00042695779985402036,0.005123493598248263,0.13466109458211845,0.035919064548090754,0.024907457871823996,-0.027715438472011234,0.023639614908290363,0.020445199866020874,0.0
Верхнеуслонский муниципальный район,0.12381876346347553,0.09370279162781658,-0.005019328639276496,-0.0602319436713179,0.1356046607353561,0.03080638080263429,0.006526615117027675,-0.045129030626204755,-0.06618062062260094,0.04034903544697088,0.0
Верховажский муниципальный округ,0.05036739503503503,0.05358676044204902,0.0005365609011689974,0.006438730814027978,0.06676340611140578,-0.01668259404475913,0.022616955194684433,0.017852040416939226,-0.03651663602432565,0.021578784433183295,0.0
Верховский муниципальный район,-0.01727816956293878,-0.03037365741647739,-0.0021825813089231014,-0.026190975707077218,0.06353576800766628,0.008404873343417016,-0.001181698025021854,-0.0055338368619798125,-0.027576179079217784,0.023596257475326905,0.08695652173913043
Верхошижемский муниципальный район,-0.1834366656434768,-0.20230379102020354,-0.003144520896121124,-0.03773425075345349,0.07214662239051758,0.00655966391977245,0.005927911867543966,-0.014179680908784777,-0.02941643563093868,0.04330755166753794,0.0
Верхоянский муниципальный район,0.5554582154440567,0.5535515026765229,-0.0003177854612556291,-0.003813425535067546,0.3915596715308003,-0.13503664957388797,-0.05680256588117076,0.23733605333009583,0.02608536346890945,0.033181750288639664,0.0
Ветлужский муниципальный округ,0.009889739029079378,0.02490444832234588,0.002502451548877751,0.030029418586533,0.04591478049993362,-0.009706337972786971,-0.006284051986808614,0.010580115356462312,-0.007309693588102191,0.013397872155289599,0.0
Вешкаймский муниципальный район,-0.19166236168635367,-0.1969478960685159,-0.0008809223970270323,-0.010571068764324417,0.045465937770251194,0.004857042449040033,0.012627084262135928,-0.008109104947603137,-0.002721810318900432,0.022244783750254175,0.0
Викуловский муниципальный район,0.04818057734915452,0.06137866437360081,0.0021996811707410474,0.02639617404889257,0.07652463718507763,-0.0036786828007068922,0.011906966046265935,0.019689583567859152,-0.0022808020555990195,0.024970200659170567,0.0
Вилюйский муниципальный район,0.31135076314023086,0.2774470773444073,-0.005650614299303929,-0.06780737159164711,0.20148277177820403,-0.037794763664381587,-0.03164017454335022,0.08562069801586261,0.1058198605813083,0.026809157282843662,0.043478260869565216
Виноградовский муниципальный округ,0.11544775499763056,0.11390236962835158,-0.0002575642282131653,-0.003090770738557976,0.0830176610462321,-0.023381028452032177,0.012514646907847086,0.04194978030347025,-0.02910374401065919,0.02056453327028124,0.0
Вичугский муниципальный район,-0.07936465002681119,-0.04284374779394984,0.006086817038810225,0.07304180446572268,0.052131671069429224,-0.003431775668970299,0.010753694994752193,-0.012057409148504849,-0.007479048629919421,0.03417030930354968,0.0
Вожегодский муниципальный округ,0.0595022823488236,0.037187099398827694,-0.003719197158332653,-0.04463036589999181,0.10020164343669133,0.0310102615585802,0.0219806580576448,-0.0435423590017869,-0.021514661612767473,0.02300111991889579,0.08695652173913043
Вознесенский муниципальный округ,-0.0697166744421734,-0.05090489148144769,0.0031352971601209547,0.03762356592145144,0.030201537792883704,0.0008997157331131876,-0.0019294723521975062,-0.002241396950482046,-0.011651708217595397,0.012950759930012176,0.0
Вологодский муниципальный округ,0.2851925254578033,0.2875107436466629,0.00038636969814326793,0.004636436377719229,0.06687694926207402,0.008613258306511043,-0.008918897684135337,-0.017595762877098513,-0.0074563535046705195,0.018469629879703704,0.0
Володарский муниципальный округ,0.08596784337746148,0.06976034911716367,-0.0027012490433829706,-0.03241498852059562,0.0863241829271929,0.016446211570220144,0.014633250249820819,-0.01364505897304966,0.002040084805516207,0.030714903564681248,0.0
Волосовский муниципальный район,0.31868169612325076,0.3309601689352215,0.0020464121353284633,0.024556945623941544,0.05174739975662686,-0.018217989677096584,-0.0039542134979050625,0.02052570243268976,-0.02837445516833011,0.027866484179970973,0.0
Волховский муниципальный район,0.4041037147168065,0.423783968596704,0.0032800423133162427,0.03936050775979494,0.06564238909875288,-0.01713848739143568,-0.0036766860767657858,0.013421029475887747,-0.015422026204055186,0.02739295896275365,0.0
Волчихинский муниципальный район,-0.15434695740435544,-0.159821710821201,-0.0009124589028075907,-0.010949506833691114,0.08495162900371014,-0.032079172725108525,-0.026546897471082083,0.044430455292148854,0.00637681971599105,0.013881859030287508,0.08695652173913043
Вольский муниципальный район,0.08364994925785123,0.10246042977698651,0.0031350800865225493,0.03762096103827058,0.060469502822504906,6.44430760149787e-05,-0.006193706158479637,0.00393952110909047,0.041004455470877624,0.0220359193380871,0.0
Воскресенский муниципальный округ,-0.03626299727884167,-0.04138275664663368,-0.0008532932279653331,-0.010239518735584005,0.05401769335209701,-0.012180231668938644,0.0029357920711482605,0.00208797493479312,-0.00902923660947775,0.020181716861253363,0.0
Воскресенский муниципальный район,-0.214605266899171,-0.24551599269180904,-0.005151787632106343,-0.06182145158527611,0.12885411895876286,0.015435034607420186,-0.022594310644725273,-0.01831096009674893,0.07226479554718723,0.06020346481056475,0.0
Вохомский муниципальный район,-0.16577501680840587,-0.14906783284425199,0.002784530660692313,0.03341436792830773,0.060152249572344045,-0.018816683893432423,0.006573110922867657,0.030694941267782747,-0.007045800021206267,0.017822627215673043,0.0
Всеволожский муниципальный район,0.6688860239510879,0.6788990254554764,0.0016688335840647503,0.020026003008777032,0.07967701774991078,-0.013067525530840361,-0.01750383055255663,0.0007012403805998419,-0.011968079227468634,0.04113599146739003,0.0
Вурнарский муниципальный округ,-0.17227637746489374,-0.18079674556291345,-0.0014200613496699493,-0.017040736196039408,0.04664431034422789,0.010318261088345805,0.00752582232804518,-0.020036797202503353,-0.01151455150275838,0.03165232912732941,0.0
Выборгский муниципальный район,0.5298033946676822,0.5411972422155453,0.0018989745913105198,0.022787695095726274,0.07677312800375079,-0.018420002418101353,-0.018125517597597427,0.010148677189886888,-0.007378945032552842,0.027484137913537036,0.0
Высокогорский муниципальный район,0.1346916453530357,0.18527488692986557,0.008430540262804976,0.10116648315365968,0.08196433012396326,0.016949491773817098,-0.015812377304908705,-0.021236496946212484,-0.031690341516730475,0.04042818499158671,0.0
Вытегорский муниципальный район,0.2452579351722235,0.2536637528546848,0.001400969613743547,0.016811635364922584,0.06644547138978074,-0.02483815952647519,0.007226635317832471,0.02706685549845582,-0.027774484365123486,0.013525804183850793,0.0
Вязниковский муниципальный район,0.12657365255959627,0.13779076515344268,0.001869518765641071,0.022434225187692853,0.02383606926861958,-0.004139464995313407,-0.005544392947277617,0.0009803662379381565,0.002254422176062661,0.017490436131022025,0.0
Вятскополянский муниципальный район,-0.08424306809715643,-0.0883987429134631,-0.0006926124693844461,-0.008311349632613338,0.11815390039068335,0.008206987239579062,0.041760174568773,-0.014915244190054988,-0.06181514023643932,0.02273781774820351,0.0
Гаврилов-Ямский муниципальный район,0.043718964458548136,0.03678717168312525,-0.0011552987959038163,-0.01386358555084577,0.08790783886128709,0.021027603025797374,0.005584167334768905,-0.0393430038656208,-0.011633404373586894,0.019006206360401786,0.0
Гаврилово-Посадский муниципальный район,-0.10033644871509521,-0.09426817856914867,0.001011378357657757,0.012136540291893075,0.06199921999737511,0.01799356060111163,-0.0011977694084012408,-0.025544320925849077,0.028589454355619236,0.025153871183179743,0.043478260869565216
Гавриловский муниципальный округ,-0.10384467546936427,-0.08927019997399481,0.0024290792492282468,0.029148950990738925,0.1725503750723535,0.02081137414763247,-0.015909138433714047,-0.02408043233860681,-0.017502788763100595,0.04193596216721861,0.0
Гагаринский муниципальный район,0.2807495627079046,0.30557695469363494,0.0041378986642884,0.0496547839714608,0.02414772602518047,0.0002607135156804193,-0.0007850169820564795,-0.0053924829470988495,0.007713275124770753,0.012685704980512667,0.0
Гагинский муниципальный округ,-0.11314142168570873,-0.10615687270152623,0.0011640914973637527,0.013969097968365022,0.061236778722461346,-0.007385834733076021,0.018583256963054375,0.010907075637215883,-0.0019380115077362974,0.02234836913258026,0.0
Галичский муниципальный район,-0.03119589804470328,-0.011036717212520308,0.003359863472030495,0.04031836166436594,0.10233643261221198,0.0218073171604726,-0.004945749295055071,-0.044582401608028115,0.018348508039303164,0.036048620022730606,0.0
Гатчинский муниципальный район,0.5419866450460081,0.5528712755275934,0.0018141050802642212,0.021769260963170705,0.06711694347993287,-0.009303243152586375,-0.014818345283820065,-0.00304026696149463,-0.004277977653954424,0.034108020957124875,0.0
Гафурийский муниципальный район,-0.1252180298204252,-0.15499835800372752,-0.004963388030550383,-0.059560656366604604,0.05452206049900771,-0.0015912062755326552,-0.0009448401516252664,0.008341971116279141,-0.02929845870778156,0.01968206586179667,0.17391304347826086
Гдовский муниципальный район,-0.03361343090243444,-0.04023458698777486,-0.0011035260142234027,-0.013242312170680837,0.05431062291857611,0.011868720010241455,-0.00914077820321547,-0.017529881422006052,-0.00758473069744534,0.04974682525006851,0.0
Гиагинский муниципальный район,-0.08129753329621048,-0.08275992995168124,-0.0002437327759117941,-0.0029247933109415314,0.03518728249111022,0.008191855982598169,-0.010117273847028742,-0.009613896452985639,0.015425487907031882,0.020989023128989922,0.0
Глазуновский муниципальный район,-0.1494101438345853,-0.18309683771261756,-0.0056144489796720425,-0.0673733877560645,0.06179735990668288,0.004311893971959795,-0.006739401288242916,0.00568615819548338,0.0013010239320423098,0.027528187453043453,0.0
Глинковский муниципальный район,-0.07336827095250438,-0.0885540090884005,-0.0025309563559826856,-0.030371476271792226,0.03875701971001379,-0.008447264754076426,-0.005964414394981611,0.007445282873677566,0.0006665262853574865,0.046962072105603214,0.0
Горномарийский муниципальный район,-0.2568942064222967,-0.24556778346529073,0.001887737159500996,0.022652845914011916,0.09800118032861863,0.02081529682010504,0.00279086825898438,-0.018197359992785014,-0.012388570135272541,0.023829526712609607,0.17391304347826086
Горный муниципальный район,0.16781424135454412,0.12833832920923868,-0.006579318690884241,-0.07895182429061087,0.11685682941125597,-0.013337077527167715,-0.010017862957696204,0.04564912525278538,0.052483002612048746,0.029348371062217646,0.0
Городецкий муниципальный округ,0.24638649813309374,0.27605729571495957,0.004945132930310969,0.05934159516373164,0.06483203883914829,-0.01255858220888516,-0.019825184316407937,0.004357160895263928,0.0009813243307759643,0.022964282802151327,0.0
Городовиковский муниципальный район,-0.19195209520116122,-0.18969439546761194,0.0003762832889248816,0.0045153994670985576,0.08538314393436437,-0.008271648420137773,-0.01610720375825766,0.017809407154207518,-0.022030265576801798,0.04093346521477721,0.0
Гороховецкий муниципальный район,0.1303716501885431,0.13916576628301222,0.001465686015744852,0.017588232188938235,0.06850187990445109,0.016453181288994406,0.01759547012288358,-0.030839837850573017,-0.014730202941655592,0.01237240821560747,0.0
Горьковский муниципальный район,-0.2227826472869933,-0.21364971402652522,0.0015221555434113499,0.018265866520936164,0.07170978813615787,0.007163773279953983,0.011103605657111758,0.0014658335378958992,-0.007235747167090103,0.03923463610584109,0.0
Грачёвский муниципальный округ,-0.1168066378081473,-0.11034798141413171,0.0010764427323359323,0.012917312788031174,0.08802141227991636,0.032736632030023916,-0.015974244110026625,-0.03516331228379132,0.04160029000612904,0.022142085663385682,0.0
Грязинский муниципальный район,0.13025972079115303,0.1375275188938397,0.0012112996837811097,0.014535596205373333,0.07614632804369525,0.0175612195734215,-0.01690046943322383,-0.02718037271660606,-0.0011661241940212758,0.01870736982008083,0.0
Грязовецкий муниципальный округ,0.06465841585189147,0.043452813400963596,-0.003534267075154649,-0.04241120490185576,0.06890349042072044,0.016147963504111858,0.015477419577957738,-0.01638415959340079,-0.03167996535685939,0.02523292220133113,0.0
Гурьевский муниципальный округ,0.1414840561736971,0.1627989802711185,0.0035524873495702304,0.04262984819484276,0.11484229684574558,-0.04342682601322244,-0.009224636083232114,0.04409232016656476,-0.03342240328329214,0.018200804456216246,0.0
Гусь-Хрустальный муниципальный район,-0.04908198883434597,-0.05266912026983409,-0.0005978552392480218,-0.00717426287097626,0.06728971508247214,-0.00959341771206831,0.014737246430205908,0.014437166753858092,-0.026877840885131316,0.027873181766414457,0.0
Давлекановский муниципальный район,0.0016523668835598155,-0.0038696462207880402,-0.0009203355173913103,-0.011044026208695712,0.060829485055938166,0.013025195404716994,0.010442605569118146,-0.020899783101394214,-0.02028647800168866,0.02101304026669628,0.0
Далматовский муниципальный округ,-0.05569504738725728,-0.07289210995368152,-0.0028661770944040416,-0.03439412513284849,0.03810792373731867,0.005889493512099275,-0.0025439635668045137,-0.008252676251197475,0.013484700834368684,0.012834737228501487,0.0
Дальнеконстантиновский муниципальный округ,0.04589271355561123,0.04643023549160633,8.95869893325164e-05,0.0010750438719902,0.07395973543584722,0.01852515546158682,-0.019561173034632874,-0.02545370224540515,0.04316396487204545,0.02886171954248357,0.0
Дальнереченский муниципальный район,0.02527686488234145,0.05924998575987613,0.005662186812922447,0.06794624175506936,0.14020676333096002,0.02396139033706597,-0.021087597853551635,-0.007121878511776598,0.013029375750803478,0.06935618964471377,0.0
Данковский муниципальный район,0.13442534197625014,0.1394964566466316,0.0008451857783969087,0.01014222934076292,0.06086441645832325,0.019589060901295453,0.006647837635072202,-0.03093782385070199,-0.008199922404261498,0.008877232360703095,0.0
Даровской муниципальный район,-0.18284460288597892,-0.18562299981891117,-0.0004630661554887072,-0.0055567938658644955,0.09723919838983777,-0.029617399455169786,0.028473414148244267,0.03151601828269627,-0.035741750374299275,0.03164516598623907,0.08695652173913043
Дедовичский муниципальный район,0.04192485497917967,0.02817991815722524,-0.0022908228036590747,-0.02748987364390887,0.07067456485749399,0.004467241581707301,0.02473347693437611,-0.009396718708228839,-0.020964908397869086,0.022271203085883914,0.0
Демидовский муниципальный район,-0.14401979819120614,-0.13503503012776394,0.0014974613439070375,0.017969536126884417,0.05841495465605914,0.010930241758265288,0.004721566599102673,-0.019417088887144066,0.012655857710047564,0.02540071833166382,0.0
Дергачевский муниципальный район,-0.21126760127347222,-0.21650539139293676,-0.0008729650199107542,-0.010475580238929064,0.06579468737012552,0.015581823789750983,-0.003823815003172612,-0.010819931897601906,-0.0012993337553213573,0.021134845564843102,0.0
Дзун-Хемчикский муниципальный район,-0.15990399351560466,-0.17035574927731956,-0.0017419592936191487,-0.020903511523429803,0.24971276508919465,-0.04241966578197473,-0.0388559102718499,0.07841952078690924,0.04014457683712511,0.043322629104687614,0.0
Дивеевский муниципальный округ,0.10355459057158511,0.10625494800610576,0.00045005957242010887,0.005400714869041294,0.08696984499837865,0.01025143532480384,-0.03659116453554907,-0.024598714447869943,0.011571781690773754,0.01582518678697003,0.13043478260869565
Дигорский муниципальный район,-0.025022689003011706,-0.005602913056559504,0.003236629324408704,0.03883955189290441,0.1381389335673406,-0.005221205786562792,-0.048445525864646434,0.012338013577806171,0.02935312060016007,0.07387591741624785,0.0
Дновский муниципальный район,0.09726539516478742,0.09900010476287768,0.00028911826634837575,0.0034694191961805267,0.08940484961515426,-0.014489396073744264,0.010418980416495461,0.0049966244520658915,-0.058470767448673265,0.015614439365882672,0.0
Добринский муниципальный район,-0.006524393810056243,-0.006537964792323899,-2.2618303779430264e-06,-2.7141964535311775e-05,0.0898314529817244,0.030360935201260077,-0.012266611300150679,-0.0337640905349874,0.013778947075918407,0.013992488262119468,0.0
Добровский муниципальный район,-0.0888072671359182,-0.09836540108235085,-0.0015930223244054389,-0.019116267892865284,0.07058380451063073,0.022328268811541832,-0.011106373700277174,-0.0307850617597026,-0.023521124041188526,0.027785631686806433,0.0
Доволенский муниципальный район,-0.1686839172487038,-0.1680694621743878,0.00010240917905266583,0.0012289101486319491,0.07837287830816289,-0.0156758833856128,-0.026740369549447186,0.026425867588979413,0.016427417918812325,0.022469085643742528,0.0
Долгоруковский муниципальный район,-0.06900167221592612,-0.07286377266056758,-0.0006436834074402437,-0.007724200889282902,0.10285938062401026,0.04018846044055971,0.010059547110316886,-0.04154361883671551,0.009576722389657169,0.021278635706130075,0.0
Должанский муниципальный район,-0.1309952961714179,-0.14115271508127916,-0.001692903151643548,-0.02031483781972258,0.08674312764289459,0.016760534159118066,0.004653510283076473,-0.03528032603039554,0.006913412038796984,0.033303232534381576,0.0
Домбаровский муниципальный район,-0.1376291022708979,-0.15938398906186121,-0.0036258144651605518,-0.04350977358192661,0.061121960889758686,0.010085617356915908,-8.89180334591325e-05,-0.005308924137299012,-0.008465607355604239,0.07485756840664526,0.0
Дорогобужский муниципальный район,0.20448720435799972,0.21861050963912212,0.0023538842135204,0.02824661056224483,0.11101534007968245,0.027805940174797254,0.0180429896247034,-0.0414612763354406,-0.016748155614657506,0.024539447519738397,0.0
Дрожжановский муниципальный район,-0.3352527494788798,-0.34052526756097096,-0.0008787530136818592,-0.010545036164182342,0.13983870605412294,0.03461968853431155,0.020045169078075086,-0.050112531327913296,-0.018094804291279486,0.03053556551543081,0.0
Дуванский муниципальный район,0.00034537750342263546,-0.0075916762041451,-0.0013228422845946227,-0.01587410741513547,0.05369278889774848,0.0009854076655943713,-0.01182041774197487,0.006867944123214353,0.028401513113275132,0.014997468606061224,0.0
Дульдургинский муниципальный район,0.03078308531647611,0.02080894427624343,-0.0016623568400387797,-0.019948282080465358,0.115331810742831,-0.040923306419732526,-0.009076819750394427,0.07119922969481346,0.01923339445224908,0.030712581462589768,0.17391304347826086
Думиничский муниципальный район,-0.015045341633098822,-0.03015267042045903,-0.002517888131226702,-0.030214657574720416,0.05774631904751376,0.010368094762045747,-0.009602051488303244,-0.013955822381323337,0.006520567251429039,0.02942354759393282,0.0
Духовницкий муниципальный район,-0.1516687797626525,-0.16121732975804148,-0.0015914249992314959,-0.01909709999077795,0.06007032146402841,0.0066693566350676265,-0.0014556163127037655,-0.01587980129291372,0.02778838718407308,0.027692178472796692,0.0
Духовщинский муниципальный район,-0.0019051082526841956,0.013161979384799979,0.002511181272914029,0.03013417527496835,0.10821455599156331,0.04239292569032824,0.0153370902364522,-0.06601271950276735,0.021636684289486993,0.027722934230839404,0.0
Дюртюлинский муниципальный район,0.08951564795333433,0.0972457095942955,0.0012883436068268604,0.01546012328192233,0.04574393830658181,-0.001124555480368333,0.0028954976026275233,-0.0014330725438588775,-0.019407288208564164,0.03995933080723727,0.0
Егорьевский муниципальный район,-0.3052829209530719,-0.2890368226722737,0.002707683046799709,0.032492196561596444,0.08571501714395167,-0.015836294707793155,-0.009041005954038901,0.0221395349897011,0.0032148973765307245,0.036093264146202765,0.0
Екатериновский муниципальный район,-0.09794242601887038,-0.10646910652978514,-0.0014211134184857939,-0.017053361021829527,0.07950538027159768,0.027370914288765723,-0.02322250366214062,-0.029074792206610967,0.029847432636837253,0.030362577908930852,0.0
Елабужский муниципальный район,0.25421823156128737,0.2906395567460606,0.00607022086412887,0.07284265036954644,0.05672597334270828,0.0021042066522710123,-0.017563492876094468,-0.009027405855013685,-0.021019934236733887,0.029492714192228296,0.0
Еланский муниципальный район,-0.02652084274670134,-0.018017673690213194,0.0014171948427480242,0.017006338112976287,0.05687242003776278,0.0037501206817491277,0.0009729663646305909,0.0006997593728108497,0.0019735901236106693,0.01036673955773417,0.0
Елизовский муниципальный район,0.8465729486981196,0.841803102566192,-0.0007949743553212227,-0.009539692263854574,0.06208631651020463,-0.019098286002434527,-0.011242523163440718,0.021997135332289794,-0.0015101799771427317,0.026523415994210143,0.0
Елховский муниципальный район,-0.07981457241023437,-0.09772879088930801,-0.0029857030798456073,-0.03582843695814727,0.06674827159745152,0.011409825633488338,0.0026146763083452593,-0.029998149843409008,0.008526605882408249,0.04741520201830962,0.0
Ельниковский муниципальный район,-0.17959624298631316,-0.18006532843687495,-7.818090842696546e-05,-0.0009381709011235806,0.07223888250516278,0.02115653482515397,0.003649756754569162,-0.021836205902124813,0.008245092778111618,0.03600985786061109,0.0
Ельнинский муниципальный район,0.023143485986655426,0.03621129601883233,0.0021779683386961516,0.02613562006435381,0.07265094171157149,0.006433743195483857,0.002310863797247931,-0.008860723945506924,0.04182635179338154,0.022834835769010232,0.17391304347826086
Ельцовский муниципальный район,-0.21201995040772137,-0.16933332057885928,0.0071144383048103565,0.0853732596577242,0.08511732700282927,-0.005358694029698245,0.00469334283702692,0.006908140492441206,-0.023163505320891502,0.03555610152763102,0.2608695652173913
Еманжелинский муниципальный район,0.05182044072690006,0.06417848093954041,0.0020596733687733917,0.02471608042528069,0.04427007199744218,0.004183976120158367,-0.0031589967910286274,-0.018780203261136004,-0.011304542064224224,0.014781050054448823,0.0
Емельяновский муниципальный район,0.410408919722615,0.4222269347828173,0.0019696691767003833,0.023636030120404605,0.07823232927427418,-0.010218012342152825,-0.03482289092071458,0.011313066789812384,-0.0016003110633676584,0.04078107207319735,0.0
Енисейский муниципальный район,0.2378286445000095,0.2205014918840075,-0.0028878587693336693,-0.034654305232004,0.05567873242884379,0.010402378842508914,-0.002543528811667389,0.0034107260116381104,0.003410206400973021,0.033363253878843084,0.0
Енотаевский муниципальный район,-0.1235139762187744,-0.13064270691564936,-0.0011881217828124924,-0.014257461393749912,0.05880972986901933,-0.003628422916990664,0.0014618378327912749,0.00012231974101455591,0.0007489892945408798,0.028103103042728714,0.08695652173913043
Ермаковский муниципальный район,0.087263942843534,0.09726971926633225,0.0016676294037997082,0.020011552845596487,0.07202132520525875,-0.019581246359721652,-0.004195281290499261,0.02793490822881409,0.012113795927877946,0.021096587147145008,0.0
Ермекеевский муниципальный район,-0.20194470437402515,-0.2037442492106769,-0.0002999241394419599,-0.003599089673303505,0.11857409756106632,0.023664172651878552,0.035880040245043994,-0.02100428786439016,-0.03487471146201775,0.04391663983377691,0.08695652173913043
Ермишинский муниципальный район,-0.16159315208898076,-0.15140080314441162,0.0016987248240948587,0.020384697889138288,0.0700008350505425,-0.005384884797453188,0.004045979687598301,-0.0004781796827512395,-0.02080284921875169,0.031019834708222425,0.0
Ершичский муниципальный район,-0.1461863869137144,-0.13059500068570098,0.0025985643713355698,0.031182772456026814,0.10036031396150956,0.012780699329912968,-0.0011229456724853534,0.01891786304626389,0.053774784537071414,0.0389414908473066,0.0
Ершовский муниципальный район,-0.1359547070652507,-0.14192522229266627,-0.0009950858712359286,-0.011941030454831155,0.04840207486724171,0.021549898303599716,-0.0020397167750186773,-0.018047419755138183,0.012604888635452161,0.010630955409733411,0.0
Еткульский муниципальный район,0.032154860862847245,0.04779662254211706,0.002606960279878303,0.03128352335853964,0.07867717621089448,0.014180129173097987,0.012912488132491054,-0.012794454465215554,0.016857479382324025,0.01619038455068293,0.08695652173913043
Жердевский муниципальный округ,-0.019385192716559512,-0.016943456790443474,0.0004069559876860054,0.004883471852232073,0.07561341634513577,0.019086498977445538,0.0040090742620018886,-0.021830569764742853,-0.03234979779998629,0.004327007005353089,0.08695652173913043
Жигаловский муниципальный район,0.18796507266553375,0.22333061929973028,0.005894257772366087,0.07073109326839304,0.08806532014101823,-0.025667106699669193,-0.00647540568962734,0.04314786116391226,-0.020891783790927244,0.03062312169208074,0.0
Жиздринский муниципальный район,0.08109670873926438,0.08645691779906602,0.0008933681766336069,0.0107204181196033,0.03937238456918922,0.005651194848266859,0.004568177639432535,-0.0046366551758937995,0.015604154451153093,0.039078124493588245,0.0
Жирновский муниципальный район,0.02533510858295081,0.012145153082556407,-0.0021983259167324015,-0.02637991100078881,0.05135927000898099,-0.004290108317400039,0.014025195649478643,-0.0008868073872080998,-0.031049057782590643,0.015088063580141491,0.0
Жуковский муниципальный район,0.1874231302343611,0.1857397433001434,-0.00028056448903629065,-0.003366773868435461,0.08204436804981496,0.027552114683878123,-0.013929796123661577,-0.04031797319717003,-0.0021699694059495594,0.03167203751043076,0.0
Забайкальский муниципальный район,0.3629091246275944,0.3588345715969341,-0.0006790921717767166,-0.008149106061320577,0.056552244391509715,-0.011669848436770148,0.002828596862453764,0.031397427078620935,0.01727140226670225,0.017599155988770435,0.34782608695652173
Завитинский муниципальный округ,0.10408953347709009,0.09181968585801596,-0.002044974603179023,-0.02453969523814825,0.07555816786048097,-0.012992056998331187,0.006941565625127742,0.02245044075795158,-0.002848335769692713,0.019948095722178913,0.0
Заволжский муниципальный район,-0.02303072342375752,0.0002072312362417783,0.0038729924433332182,0.0464759093199986,0.060788667515035213,0.004883864155481924,-0.006617315313318201,-0.015669242834942722,0.03521586693450554,0.022640034408103346,0.0
Завьяловский муниципальный район,-0.1303263417158158,-0.13153601001063006,-0.00020161138246903865,-0.002419336589628488,0.09118524491538318,-0.03315809249165705,-0.01645075902208729,0.05078498607651304,0.017113883651003723,0.020734880425266437,0.17391304347826086
Задонский муниципальный район,0.0048224112717809575,0.005284090050096187,7.694646305253768e-05,0.0009233575566304589,0.09061979643162635,0.025784436387254826,0.005884619527574535,-0.033382738644379656,-0.0025953068680051056,0.014744485750910072,0.0
Заинский муниципальный район,0.06860359172765935,0.08823236949750395,0.003271462961640765,0.03925755553968916,0.07512158837829735,-0.0029378004859963863,-0.01756462153628248,0.0013931233950192788,-0.04170153576895743,0.017832689816714008,0.0
Заларинский муниципальный район,0.07102644852450261,0.0786197659931962,0.0012655529114489316,0.015186634937387181,0.06991533672304301,-0.027043088760237328,0.006722979408375088,0.03929976719206966,0.013775901296391037,0.013066312424485589,0.0
Залегощенский муниципальный район,-0.1381533045613911,-0.15530029499620243,-0.0028578317391352187,-0.03429398086962262,0.0742577940308787,0.019129292655710405,0.0055773337847352805,-0.019844306928581745,0.01584232028538527,0.034936866552054524,0.0
Залесовский муниципальный округ,-0.2324427571710661,-0.2765592042033764,-0.007352741172051707,-0.0882328940646205,0.10300303866854729,0.012506567165641191,-0.016328121724838288,-0.02342491863756103,0.06974705198622216,0.055214162603803574,0.0
Заокский муниципальный район,0.3447126324461862,0.3644392537627426,0.003287770219426065,0.03945324263311282,0.08017160457291145,-0.005361931181061217,-0.03303493550576671,-0.0024489057963405876,0.012906768105869222,0.022035325473719124,0.08695652173913043
Захаровский муниципальный район,-0.1246528174750187,-0.12730033089395607,-0.00044125223648956106,-0.005295026837874713,0.1332148234350516,0.034263559675449994,0.03183693639059443,-0.03350255100165987,-0.009661857001116124,0.04548055474302182,0.0
Звениговский муниципальный район,-0.0018774183077792106,0.0038173383176502242,0.0009491261042382383,0.01138951325085887,0.08475209038881193,0.009942635884067467,0.01003539001940302,-0.012704205815571313,-0.035667904050233235,0.019464006644607672,0.0
Звериноголовский муниципальный округ,-0.264970994805452,-0.2973160004107383,-0.005390834267547716,-0.0646900112105726,0.07944199246315359,0.007901758972223075,-0.00817618087643491,-0.0012510503166323372,0.0484627098618108,0.05168439317866752,0.0
Здвинский муниципальный район,-0.11846967111355917,-0.13524573829873443,-0.002796011197529207,-0.033552134370350505,0.06224518636204672,-0.008928488162693616,-0.024929088823760423,0.022422541292763665,0.021135623815962054,0.03366970671513608,0.0
Зеленодольский муниципальный район,0.2701049207614934,0.2920429717831799,0.003656341836947752,0.043876102043373034,0.05900433962697453,-0.004030853023431624,-0.01629997846303148,-0.00257030216983491,-0.010574722203721132,0.035746311582319445,0.0
Зеленчукский муниципальный район,-0.0596495713419695,-0.052643537010734466,0.001167672388539173,0.014012068662470067,0.0679843258274919,0.021728918782935067,-0.011127295917915616,-0.026117879119060952,0.0139903191575887,0.015660642941449615,0.08695652173913043
Земетчинский муниципальный район,-0.14759628475178496,-0.1369432055018899,0.001775513208315842,0.02130615849979008,0.10900080890492189,0.025656296347272293,-0.027642524857195705,-0.024781320943025976,0.020102184861409782,0.0150114017824542,0.0
Зианчуринский муниципальный район,-0.10138959890875825,-0.11531004457869098,-0.002320074278322124,-0.027840891339865486,0.06160001308982692,-0.02297043469627405,0.009241167792629063,0.02489808842455847,-0.019637144046064724,0.019978932520219577,0.0
Зилаирский муниципальный район,-0.11220927256268998,-0.08850177023290613,0.003951250388297309,0.04741500465956768,0.03947324948564185,0.0001450336643306459,0.001658526457236643,0.0031975066124733872,-0.010868224175343257,0.014238982860990086,0.0
Зиминский муниципальный район,0.10626259824537554,0.11167692362129007,0.0009023875626524225,0.010828650751829075,0.0486746578517434,0.0003702103939852205,0.007690710167025578,-0.0012640802315293017,0.00030198406091117794,0.0482201987251376,0.0
Змеиногорский муниципальный район,-0.01876404042457902,-0.017186389422364872,0.0002629418337023587,0.003155302004428299,0.06448502727318664,-0.026104250554008657,0.004062278799593753,0.037287191917674434,-0.017603297959325144,0.016549422375625077,0.08695652173913043
Знаменский муниципальный округ,-0.0987868729578522,-0.09754953313955046,0.00020622330305028754,0.002474679636603453,0.11987848870394638,0.04739395687870644,0.00876678286765393,-0.04223330020494325,0.06059113291024154,0.02802153699098894,0.0
Зональный муниципальный район,-0.24961805305998408,-0.20710460615159057,0.007085574484732252,0.085026893816787,0.11317678262228412,0.019279196927815313,0.03185176336459355,-0.006377241866192601,-0.035277079604544424,0.06826479852082541,0.0
Зубово-Полянский муниципальный район,-0.06045281538342406,-0.04887749889095631,0.0019292194154112918,0.02315063298493551,0.08175540960092408,0.017110769628913815,0.015007040327453498,-0.011704107908291954,0.012688084809875839,0.01679646822582863,0.0
Зуевский муниципальный район,-0.11398476009061824,-0.13360511313399037,-0.003270058840562024,-0.03924070608674427,0.05548581654600731,0.006937489407295013,0.016861893790786082,-0.007031304209671423,-0.026497441609451514,0.019987320489061926,0.0
Зырянский муниципальный район,-0.10321349615296456,-0.11291294323295469,-0.0016165745133316853,-0.019398894159980234,0.07674700349860093,-0.0027676239293832044,0.012962299724279425,-0.0016927141183966808,0.008070352241778926,0.019398774328129937,0.08695652173913043
Ибресинский муниципальный округ,-0.23470312406291347,-0.28431548142621094,-0.008268726227216245,-0.09922471472659493,0.06658250297576795,0.009103531013091736,-0.01566857390511052,-0.010371746226292965,-0.0008160069339722565,0.04414885671941235,0.0
Ивановский муниципальный округ,0.2245735707103432,0.2217757802864734,-0.00046629840397829816,-0.005595580847739552,0.09654974265755917,-0.013624245298395852,-0.003974925619499142,0.02950288703890713,0.05741179000107029,0.04911975522789501,0.0
Ивановский муниципальный район,0.3741986867302078,0.4002918166480631,0.004348854986309226,0.052186259835710715,0.1265821239244461,-0.010134298687186275,-0.03482767169920498,0.0034279173253395434,0.019036305234181525,0.05469057609705128,0.0
Ивантеевский муниципальный район,-0.08989445224840494,-0.09149986317838603,-0.00026756848833018015,-0.0032108218599621687,0.051831959045829296,-0.002917844928985315,0.002306728321602459,-0.0032688984284381046,-0.005562667737750561,0.020449415254916906,0.08695652173913043
Иглинский муниципальный район,0.15168664466168966,0.16251159748257082,0.0018041588034801964,0.021649905641762352,0.07739166567355946,-0.0021577647030375444,-0.034682380638507856,0.0035973826143556728,0.005826773202756156,0.02940922485813886,0.0
Идринский муниципальный район,-0.09784217688426404,-0.10119755101465729,-0.000559229021732209,-0.00671074826078651,0.04157313553307859,0.0055936943224411855,0.0020279863410941038,-0.003916931228884978,0.019802231804402996,0.015990735526543558,0.0
Ижморский муниципальный округ,-0.009824075478010489,0.010556242266184826,0.003396719624032556,0.04076063548839063,0.08167564240672126,-0.026098213340114185,0.005481692995646249,0.025042726214946923,-0.006248121995769622,0.015552354684196254,0.0
Измалковский муниципальный район,-0.07068288154909068,-0.09258148479572299,-0.003649767207772055,-0.04379720649326465,0.057273662031834746,0.012117746940170857,-0.000192007574975782,-0.007334252827772527,-0.00149771051690945,0.018284891771154506,0.08695652173913043
Износковский муниципальный район,0.027127684443499334,0.04996777325885852,0.0038066814692265315,0.045680177630718376,0.13238345857116393,0.044928212451129275,0.019541714455455387,-0.07484210252419411,0.012772926326132965,0.043440389304526796,0.0
Икрянинский муниципальный район,-0.18872226721210406,-0.18894106711401384,-3.646665031829656e-05,-0.0004375998038195957,0.0731333288750946,-0.006713839617053118,-0.003676018497799185,-0.004125940832184604,0.007410442855254833,0.036406922541264514,0.0
Иланский муниципальный район,0.04021909691430318,0.029154487189211615,-0.0018441016208485955,-0.02212921945018313,0.030149623461202472,0.005907159603514386,0.00017998818031368164,-0.010811519647121777,-0.013448655233531526,0.014603871802111038,0.0
Илекский муниципальный район,-0.16529194476457154,-0.1835318635106439,-0.0030399864576787284,-0.03647983749214475,0.06356963845488767,0.01997384608861154,0.008784977932856328,-0.020706958113216878,0.012636922634635494,0.02665296500820266,0.0
Илишевский муниципальный район,-0.18049950519107213,-0.18367438326534202,-0.0005291463457116469,-0.006349756148539794,0.07956607853953582,0.0008792219790798288,0.01963716024306637,-0.003404541098274728,-0.03260930321880056,0.016898969721369287,0.0
Иловлинский муниципальный район,-0.05043553199097365,-0.06113667688956973,-0.0017835241497660146,-0.021402289797192164,0.07711647128974464,0.01600672226242497,6.498919208608383e-05,-0.03533963505873833,-0.008103456486029057,0.01580616556234836,0.0
Ильинский муниципальный район,-0.1410973706014084,-0.13702052842754142,0.0006794736956444975,0.008153684347733966,0.10562675631661037,0.0029412751872185776,0.023828255566227547,-0.0004364885888682658,-0.0646991579431119,0.04501385613628518,0.043478260869565216
Инжавинский муниципальный округ,-0.10196250754004661,-0.10011264370059554,0.0003083106399085115,0.0036997276789021427,0.05731039858959913,0.020926892584703878,0.0012766833799983757,-0.02744569125489383,-0.018495687052126744,0.014750416240621752,0.0
Инзенский муниципальный район,-0.08702631512802454,-0.07273697916112083,0.0023815559944839505,0.028578671933807403,0.043642880526473186,-0.003969310888928471,0.00850076811213811,0.0011923893257225317,-0.007706586930015629,0.01928825065602836,0.0
Инсарский муниципальный район,-0.12480009448477765,-0.10841747809115043,0.002730436065604539,0.03276523278725444,0.02351828385991646,0.0005068104716509892,-0.00012061319496389296,-0.006181232487534102,-0.0022442136187766446,0.02080583335946228,0.0
Ирафский муниципальный район,-0.16230548667342956,-0.13833045399653443,0.0039958387794825235,0.04795006535379024,0.10634554790400452,-0.013879528170279418,-0.019670674691388033,0.005962211274184571,-0.028582251797424157,0.07307810002272942,0.0
Ирбейский муниципальный район,0.04264013442282614,0.04373753721075498,0.00018290046465480462,0.00219480557585768,0.1119832953332923,0.008061516087488577,0.03535502603956443,-0.00022044163963713632,-0.02069045030198654,0.020429700383836,0.043478260869565216
Иркутский муниципальный район,0.4926168043508714,0.5067527733515619,0.0023559948334484016,0.028271938001380875,0.06970186458879034,-0.009291727994394323,-0.021822346573657433,0.002141066653293302,-0.0020017129216294144,0.04658390950123799,0.0
Исаклинский муниципальный район,-0.10191406706608423,-0.11674680009606735,-0.002472122171663852,-0.029665466059966228,0.07696489391678499,-0.01924208125609546,0.008295891198087369,0.011663104790962268,-0.037398297497450585,0.030748646988159233,0.0
Исетский муниципальный район,0.05728503240876052,0.02470560498665275,-0.005429904570351298,-0.06515885484421553,0.047721219861885295,0.005140915164858034,-0.004976139798127223,0.0004914829215464666,0.025084349874176022,0.022598793375965594,0.0
Исилькульский муниципальный район,-0.045913762333887144,-0.0530489096954471,-0.0011891912269266596,-0.014270294723119914,0.03576801956788722,-0.0048926197498726474,-0.00024104988327251138,0.018889758936703995,0.0037934111684407995,0.01435626011811068,0.08695652173913043
Искитимский муниципальный район,0.09748830412752311,0.10798736758752299,0.001749843909999981,0.020998126919999766,0.06614115431005171,-0.012634995074056674,0.0063473716333313866,0.006531900566811324,-0.04844723704446649,0.017166443418588632,0.0
Иссинский муниципальный район,-0.1785468966344228,-0.16740315176834727,0.0018572908110125906,0.022287489732151073,0.10894362396733426,0.036757259342751,0.019239720897833542,-0.039614337382653964,-0.0008464788502544202,0.02695600439272749,0.34782608695652173
Ичалковский муниципальный район,-0.14398346692951822,-0.12170234653471527,0.0037135200658004915,0.04456224078960588,0.07954590180438177,0.012380043226253074,0.018369644744345888,-0.02271124934826524,-0.01972056888495274,0.026382900247225612,0.0
Ишимбайский муниципальный район,0.2537989186504414,0.2637700345304442,0.001661852646667134,0.01994223176000561,0.060852555363634445,0.004867969928433136,0.004646226763964111,-0.015212289216064639,-0.029180689858627748,0.032712891872600125,0.0
Ишимский муниципальный район,0.11276966374699882,0.12355225582698459,0.0017970986799976303,0.02156518415997155,0.0917446317712664,-0.001536073829179685,-0.02733589536207494,0.002376134042161594,0.032530452119230564,0.035176530274836026,0.0
Каа-Хемский муниципальный район,-0.069129641883856,-0.03283011996379933,0.006049920320009446,0.07259904384011333,0.116603785127618,-0.018688350888601293,-0.010815889850660926,0.04185759100790749,0.014428156687919913,0.043452256889880844,0.08695652173913043
Кавалеровский муниципальный округ,0.271217764075449,0.2625125874288088,-0.0014508627744400442,-0.017410353293280483,0.05823371402300214,0.015010843772681717,0.0029087633956621788,-0.023428948003987655,0.006759093252881879,0.016072329572776402,0.043478260869565216
Кадомский муниципальный район,-0.10211406646272447,-0.08736723969705433,0.002457804460945026,0.029493653531340296,0.06071534222126001,0.010828385455916408,-0.011928047773177408,-0.016609604677587014,0.013138888428855786,0.04296353837816306,0.0
Кадошкинский муниципальный район,-0.1390525122044474,-0.1279701987955626,0.0018470522348141357,0.022164626817769612,0.10983965585732886,0.009823380774556774,0.007487249698477771,-0.04233605604659867,0.010120294922335443,0.03683128672753945,0.0
Кадуйский муниципальный округ,0.09876498725081569,0.07835380475798488,-0.0034018637488051388,-0.04082236498566161,0.1049386086728115,0.021081293886707576,0.028631371280240875,-0.02584550570193894,-0.023450163361095573,0.027294803759322642,0.0
Кадыйский муниципальный район,-0.1341939613668884,-0.11619955598046709,0.0029990675644035523,0.035988810772842626,0.10156859598821873,-0.025318126387065643,0.019613775167167558,0.0338417608657231,-0.05527306105276922,0.022580229924334984,0.0
Казанский муниципальный район,0.03646155879235032,0.023671934307976244,-0.0021316040807290134,-0.025579248968748153,0.08195871891206774,-0.027192488089887244,-0.008524256032388582,0.03722014526299824,-0.021251588629733115,0.020044619395094405,0.08695652173913043
Казачинский муниципальный район,-0.0075427704936258015,-0.0009361167204628984,0.0011011089621938176,0.013213307546325806,0.07850484862138989,-0.025013692730561435,0.012805427085137495,0.03893684228681212,-0.028366877068282323,0.02752578635544663,0.0
Казачинско-Ленский муниципальный район,0.42925991427993165,0.4482910144712016,0.003171850031878326,0.038062200382539935,0.06960508207258198,-0.02858649136431213,0.006007586575828425,0.034800345356556045,-0.013476353574313725,0.026281086168286352,0.0
Кайбицкий муниципальный район,-0.3060777634874096,-0.3258518682872378,-0.003295684133304695,-0.03954820959965636,0.08914806563966632,0.024445802508301452,-0.021247984381285077,-0.02636147977513295,0.029693387488362935,0.050067249522195136,0.0
Каларский муниципальный округ,0.43458817340542105,0.4408989978689384,0.0010518040772528885,0.012621648927034693,0.10888977442400466,-0.03735841620323281,-0.02981430502050756,0.05676913145374145,-0.005244259193067476,0.030959890379217377,0.0
Калачевский муниципальный район,0.06982514854504947,0.0841958350620368,0.0023951144194978877,0.028741373033974654,0.07589218017285893,0.025587137986013413,-0.020849149642382013,-0.04001665246242123,0.03771847819753117,0.009440719147597924,0.0
Калачинский муниципальный район,-0.04611015385737457,-0.055439793809413405,-0.001554939992006473,-0.018659279904077675,0.06231818621443096,0.007954002959925162,-0.00941756716694108,-0.0015977177978636404,0.0022958601703092323,0.016179807130716897,0.0
Калевальский муниципальный район,0.41571777714325986,0.41338113035433555,-0.0003894411314873848,-0.004673293577848625,0.10369213906546523,-0.03658960825212287,-0.011522422114330064,0.0472793713236476,-0.01953357101669464,0.030639657781185967,0.0
Калманский муниципальный район,-0.23150903313717816,-0.2391925127190538,-0.0012805799303126054,-0.015366959163751304,0.077720952499166,0.012207712882929905,-0.0033226633562445183,-0.007337044951987019,0.026856890099498654,0.04141311214291319,0.0
Калтасинский муниципальный район,-0.15887447634029672,-0.17904825505437527,-0.003362296452346427,-0.0403475574281571,0.12098780804641948,0.03502649263921953,0.031864838604191356,-0.05222978410122284,-0.03547967505464236,0.026811486866827376,0.0
Камешкирский муниципальный район,-0.21946969540751038,-0.2496711726669781,-0.005033579543244623,-0.06040295451893544,0.09234502948458957,0.018966237342492316,0.0036957274654968873,-0.023591296325433782,0.020643185641003068,0.025056833050248944,0.0
Камешковский муниципальный район,0.09156896582007638,0.08645519437150935,-0.0008522952414278394,-0.010227542897134049,0.06386143885851231,0.01277792904439911,0.027111086346999158,-0.02449380582059124,-0.005272385528294574,0.01743577620258933,0.0
Камско-Устьинский муниципальный район,-0.10440341036666963,-0.10725583656174272,-0.0004754043658455148,-0.005704852390146176,0.12614797086818696,-0.00659551266570451,0.02207818280591777,0.027163843945764193,-0.06730779301397244,0.02225734526268374,0.17391304347826086
Камызякский муниципальный район,-0.24106793264259507,-0.24241194354211895,-0.00022400181658731414,-0.002688021799047776,0.09637821410550969,0.02977434363566299,0.001090270279844103,-0.03984964695350747,0.03227796508718594,0.02833442899214934,0.0
Камышлинский муниципальный район,-0.12636326614681467,-0.11182253055528586,0.0024234559319214672,0.029081471183057594,0.06300258396636448,0.0027762161161021485,0.002941952920306072,-0.017405833601770983,-0.03304398697948353,0.03695132154461437,0.0
Камышловский муниципальный район,0.32408808225643315,0.3331316983648939,0.001507269351410124,0.018087232216921507,0.08563962547928836,0.0002121792232780452,-0.006168376036110775,0.005453241501334583,0.05341070472145183,0.03091504781581242,0.0
Кандалакшский муниципальный район,0.6081690362989675,0.6132230941932555,0.0008423429823813315,0.010108115788575992,0.05617735822811551,-0.018597522195060258,-0.00962547752767805,0.020249438048102298,-0.023832197238728745,0.02208968042062947,0.08695652173913043
Карагинский муниципальный район,0.7854032974354445,0.7636247420556058,-0.003629759229973145,-0.04355711075967772,0.3747006247926662,-0.07910694797003295,-0.13887562158546962,0.09994542209519665,0.03292923373687574,0.04474150776617798,0.0
Караидельский муниципальный район,-0.1288192533576631,-0.1539835103515886,-0.004194042832320917,-0.05032851398785102,0.06984720967786254,-0.006829782776416967,0.01728173536802751,0.012104391764196157,-0.016811393581100904,0.02450730471653316,0.0
Карасукский муниципальный район,0.05265629655713866,0.06037675538080108,0.0012867431372770705,0.01544091764732484,0.05865231768729179,-0.02064812122324644,-0.00865336869229754,0.028528168750033486,-0.003663513498619653,0.01788987089747931,0.0
Каратузский муниципальный район,0.04454608446873235,0.05902621908600677,0.002413355769545736,0.028960269234548825,0.05846134466734576,-0.010774513530900982,-0.013436283444663683,0.004097184751077156,0.003889826043393228,0.03276108609867787,0.0
Каргапольский муниципальный округ,-0.13050453186726715,-0.14360741393433432,-0.0021838136778445307,-0.026205764134134373,0.03707916543153472,-0.0074253920656210375,0.0048303377566831064,0.015092717147219532,-0.008240226862924907,0.019975500399466533,0.08695652173913043
Каргасокский муниципальный район,0.15253726983815694,0.15102037997069484,-0.0002528149779103478,-0.0030337797349241726,0.07321152073988,-0.02248759730870667,-0.0022434105346724096,0.04156673018838981,-0.024105452593030968,0.022345508059438603,0.0
Каргатский муниципальный район,-0.05285655042540408,-0.052382078443488446,7.907866365260736e-05,0.0009489439638312724,0.07410073914539284,-0.015409694693577398,-0.0109112593221347,0.014962066060774513,-0.0065622150960194655,0.026641151850490152,0.0
Кардымовский муниципальный район,-0.04340176705201593,-0.049938922222662274,-0.0010895258617743923,-0.013074310341292694,0.08874743995805083,0.029251168250331975,0.006962094869862634,-0.036493011538264515,0.01466142372096908,0.04586664457990882,0.0
Кармаскалинский муниципальный район,-0.08987582215568952,-0.09061841862423818,-0.00012376607809144123,-0.0014851929370972943,0.09345911743784663,0.029571699165043493,0.007767457421590848,-0.03362523928675826,-0.004048254948403737,0.01705928669154361,0.0
Карсунский муниципальный район,-0.26120604978651313,-0.26214307693692707,-0.00015617119173565852,-0.0018740543008279136,0.05936506812290307,0.017417461210080695,0.012282752871154278,-0.025965344438550395,-0.01876840083581513,0.018886575397924207,0.0
Карталинский муниципальный район,-0.05446146993530262,-0.049346698926842215,0.0008524618347434003,0.010229542016920798,0.03343049750556214,0.00905978941974963,0.009540654898636777,-0.014678539474666177,-0.0027045893189941335,0.01444047543133315,0.0
Карымский муниципальный район,0.10288325047925799,0.08864660111754603,-0.0023727748936186598,-0.028473298723423895,0.07703256043718218,-0.017535910273720222,0.014612719911874864,0.038093269709682624,0.007330600794013993,0.012867020167275256,0.0
Касимовский муниципальный район,-0.023187521649670934,-0.038544210078022,-0.002559448071391844,-0.03071337685670213,0.06319251822968772,0.008950983530591879,-0.0020382241627848914,-0.016657111312616022,-0.007266814261383918,0.033085013288489666,0.0
Каслинский муниципальный район,0.08746158940442017,0.0846008419946614,-0.0004767912349597944,-0.005721494819517521,0.05395210692475004,0.014652855414614996,0.001136196872297659,-0.020502466996643744,0.011509104614409713,0.01792966213520421,0.0
Катав-Ивановский муниципальный район,0.028873658933296076,0.038135765383081686,0.0015436844082976015,0.018524212899571218,0.03023091817870143,0.003535218354854193,-0.0008004702132265952,-0.004326029169237728,0.018349971226252496,0.01960179510620064,0.0
Катайский муниципальный округ,-0.07059843809119311,-0.0770938726693049,-0.0010825724296852975,-0.01299086915622357,0.046705478789559676,0.0018591146989126541,0.012986136293984716,-0.004886337241667571,-0.01906925374966842,0.022281811858163757,0.0
Катангский муниципальный район,0.510877822666165,0.5037820313804642,-0.0011826318809501362,-0.014191582571401629,0.2554598091036801,-0.08220981225897422,-0.011716978668520981,0.13375029309665168,-0.02555761287028885,0.04191416117973648,0.08695652173913043
Качугский муниципальный район,0.053830100283470905,0.04895414135206814,-0.0008126598219004604,-0.009751917862805529,0.08745905655420241,-0.023080364910703956,-0.0018489980997918793,0.031240098828323182,0.017629222425950483,0.03102271555724542,0.0
Кваркенский муниципальный район,-0.1428028349796989,-0.1380608008619831,0.0007903390196192987,0.009484068235431575,0.08398808707737399,0.020662234681717066,0.018499121546789503,-0.01748537508247019,-0.011656353217256983,0.03316384271529479,0.0
Кежемский муниципальный район,0.48045147102330893,0.48594971884860483,0.0009163746375493174,0.010996495650591834,0.0876464573554663,-0.03205767386812414,0.007548099323847352,0.04004236347560383,-0.019567367269269286,0.014250451877074155,0.0
Кемеровский муниципальный округ,0.3687796586839958,0.39950443005156266,0.005120795227927805,0.061449542735133665,0.06740619688285766,-0.013361525160888505,-0.003375538350792172,0.009186637413475815,-0.04325501512190224,0.04371699664377185,0.0
Кемский муниципальный район,0.30555566709240556,0.2681063894490852,-0.006241546273886727,-0.07489855528664065,0.05367876747592884,0.011210776740961869,0.012737478470388534,-0.0074338206338410056,-0.0032075816200876333,0.026779287767243126,0.0
Кетовский муниципальный округ,0.05833735341050154,0.08740144086769257,0.004844014576198504,0.05812817491438205,0.10548917166628888,-0.001992355474143121,0.025589844861885314,-0.005325357214717602,-0.031880336733354275,0.04219401610035364,0.0
Кигинский муниципальный район,-0.09965192457519871,-0.10379682549497386,-0.000690816819962525,-0.008289801839550304,0.08107566252892784,0.0017184634596785903,0.02000558305907592,0.01049354425492843,0.0028826845105506885,0.028323342737361094,0.08695652173913043
Кизильский муниципальный район,-0.18016601523258843,-0.1982352991041969,-0.0030115473119347457,-0.036138567743216964,0.08426329326498824,0.01897455012599676,-0.002954573973410535,-0.025853416773798574,0.04796352115038732,0.031255572845359424,0.0
Киквидзенский муниципальный район,-0.07393656414712842,-0.07355899283021132,6.292855281951813e-05,0.0007551426338342123,0.06269737769417172,-0.0017020029892848704,-0.003673682106066338,0.014000458954735447,0.02751352361659337,0.01710423176380909,0.0
Килемарский муниципальный район,-0.1439097517326974,-0.14814766526350484,-0.0007063189218012366,-0.008475827061614835,0.06101358607489012,-0.005506206391472497,0.01005383896376479,0.0023307557765466723,-0.013805439469828392,0.03647992136325483,0.0
Кильмезский муниципальный район,-0.18692694564829745,-0.20311245240090958,-0.0026975844587686895,-0.032371013505224276,0.09876149424877637,-0.039476591359431365,0.008851308141115385,0.04461328135158726,-0.044719981621360816,0.021567124467902734,0.0
Кимовский муниципальный район,0.07759319709580519,0.08753503234937199,0.0016569725422611343,0.019883670507133615,0.0639510865481711,0.018728513516642568,-0.011282300111774182,-0.02383503443794299,0.005092698347317459,0.009472538071967457,0.0
Кингисеппский муниципальный район,0.5409066170737372,0.5517760628476708,0.0018115742956555801,0.021738891547866974,0.06147412812468146,-0.01581115382576888,-0.011813949581461737,0.007562647730672038,-0.017365543212813094,0.040595519469390544,0.0
Кинель-Черкасский муниципальный район,0.028329099331861302,0.004015723719581772,-0.004052229268713257,-0.04862675122455906,0.02794326215283667,-0.0011990579498800014,-0.006160578211023983,-0.00022111513363021169,0.010227345752906342,0.02674435120926072,0.0
Кинельский муниципальный район,-0.03994837731622488,-0.03778000049209451,0.0003613961373550609,0.004336753648260731,0.09199850093681264,0.021607097731685527,0.010595970505437324,-0.019940011840104004,-0.0407468892362715,0.029557087265874166,0.0
Кинешемский муниципальный район,-0.026171609666554147,-0.026703252656254655,-8.860716495008412e-05,-0.0010632859794010112,0.07097110809980339,0.006051004994716462,-0.0057382726237356395,-0.012093877768631705,0.05053803586369706,0.02084192022623392,0.0
Киреевский муниципальный район,0.1422767505506813,0.14239093009953852,1.9029924809533455e-05,0.00022835909771442195,0.05488596915811354,0.007317785591723425,-0.0002542843073843051,-0.018840831352639913,-0.008403898678078888,0.010352740470690049,0.13043478260869565
Киренский муниципальный район,0.32227191702532915,0.3529912935082809,0.005119896080491966,0.061438752965903586,0.11824781735051978,-0.034507427305215034,-0.016295426651923916,0.060174391965767446,0.016221144487219404,0.03349589894825385,0.0
Киржачский муниципальный район,0.35687741374320286,0.3780598431706695,0.0035304049045777747,0.04236485885493332,0.0708822429335089,-0.015114191939628055,-0.02260441229234235,0.003531118078160281,0.0063010603414715115,0.023195640791320766,0.0
Киришский муниципальный район,0.43250302238172517,0.4352932055387601,0.000465030526172484,0.0055803663140698845,0.05625005632305969,-0.01535038048331486,-0.0021008443714762236,0.0027878380354960687,-0.026588370489664934,0.028667860773282334,0.0
Кирово-Чепецкий муниципальный район,0.06158817298043928,0.06992706430374307,0.001389815220550631,0.016677782646607575,0.0964335848270533,0.02028351694689766,0.006917797040124754,-0.03073065375619723,-0.049595553341064816,0.024909036295481538,0.0
Кичменгско-Городецкий муниципальный округ,-0.014661920792835867,-0.018003350185577194,-0.0005569048987902218,-0.006682858785482655,0.05231012064588243,-0.010843998039888303,0.02096694278069407,0.01326785779600399,-0.010321918629607782,0.02076597912910147,0.0
Клепиковский муниципальный район,-0.016162376736082635,-0.022006935326067307,-0.0009740930983307785,-0.011689117179969344,0.05178969267169068,0.01568539313897993,-0.01395526358194537,-0.023757020402089123,0.003636040218191215,0.02604595267646522,0.0
Клетский муниципальный район,-0.08317575974055151,-0.08635770432746111,-0.0005303240978182678,-0.006363889173819211,0.09886741256465911,0.01965072641779829,-0.006561123595954274,-0.03198557878908136,0.04917349551173656,0.015774110090450058,0.08695652173913043
Ключевский муниципальный район,-0.09392983686511232,-0.08966273467716146,0.0007111836979918116,0.008534204375901725,0.08329172559698171,-0.028580238199158132,-0.003926112542922196,0.04519966518304529,0.014607655014306114,0.0182876525852756,0.0
Клявлинский муниципальный район,-0.04481047266425634,-0.04135546131217035,0.0005758352253476657,0.006910022704171996,0.0867292695397285,-0.016154577527472947,0.03234234875209764,0.025106842135961156,-0.04870361950816081,0.02287473465656331,0.0
Княгининский муниципальный округ,0.05862403590493467,0.045179193604343006,-0.0022408070500986106,-0.026889684601183312,0.05795490145784753,-0.007781765256876142,-0.01180464388368565,0.012355083859115538,0.017551011593537894,0.026471909002443894,0.0
Кобяйский муниципальный район,0.3744346078298266,0.3490722331618108,-0.004227062444669307,-0.05072474933603166,0.24434637049999144,-0.044395702775789234,0.01159172924924232,0.11662368158882325,0.07128918422932348,0.06444932864796653,0.0
Ковдорский муниципальный округ,0.6949975101783233,0.6995858021268372,0.0007647153247523017,0.00917658389702769,0.09821274276846673,-0.03626986843102061,0.020235426943941842,0.03564382608008003,-0.045451362302978235,0.020100372982309652,0.0
Ковернинский муниципальный округ,-0.020056598862268443,-0.004500366885502445,0.0025927053294610004,0.031112463953531993,0.07535155612746851,-0.013659506086400411,0.011858775116574122,0.004037092906299238,-0.0461551739165226,0.03155491825961121,0.0
Ковылкинский муниципальный район,-0.05802556320083493,-0.05173830664700674,0.0010478760923046978,0.012574513107656374,0.03646074095915379,0.0011968191507126334,0.008775971165482224,-0.012236070692906111,-0.018877188109316167,0.010818935531877166,0.08695652173913043
Кожевниковский муниципальный район,-0.05625518936001902,-0.06535656887677099,-0.0015168965861253288,-0.018202759033503952,0.07925881153088263,-0.012332080444023223,-0.004261657715421565,0.022360420373999698,-0.008115436836248375,0.015694473258750154,0.17391304347826086
Козельский муниципальный район,0.1242092249285122,0.12105128411756061,-0.0005263234684919328,-0.0063158816219031815,0.0870183833572925,0.04141219252631485,-0.0086792354968304,-0.05594894278098576,0.036605501986112426,0.022854605175114576,0.0
Козловский муниципальный округ,-0.20046143539992664,-0.21387725697969998,-0.00223597026329556,-0.026831643159546708,0.10476950610665578,0.030680559279441563,0.009825956861187386,-0.037411108642149526,0.0017724314289205077,0.024351823477302015,0.0
Козульский муниципальный район,0.015011233597927184,0.011430298642640668,-0.000596822492547753,-0.0071618699105730306,0.10098744732829576,-0.016776547908782313,0.017235759923782,0.03168027616312126,-0.00033392641961873387,0.023566174300320552,0.0
Кологривский муниципальный округ,-0.13419141322158587,-0.11313980190170743,0.003508601886646407,0.042103222639756854,0.1152696576657862,-0.04074430992032088,0.0061300910717734716,0.04268878124280295,-0.028297019654167636,0.016086038117915678,0.0
Колосовский муниципальный район,-0.13397946064995833,-0.1361844081361442,-0.0003674912476976493,-0.004409894972371801,0.04086767970257743,-0.002603444593731123,-0.011820460693169561,0.009785973131237118,0.009080799906356709,0.03295037309867697,0.08695652173913043
Колпашевский муниципальный район,0.19915330036939105,0.20542567320298652,0.0010453954722659088,0.012544745667190918,0.0521199081643494,-0.007458021408431097,0.014492126365250374,0.0198339874717094,-0.01833208405972261,0.0067818315901061,0.34782608695652173
Колпнянский муниципальный район,-0.10707769042616189,-0.09072805464816429,0.0027249392963329356,0.0326992715559952,0.14926663133871104,0.043505507065787104,-0.021531094912903274,-0.03885392953343809,0.001948860319888071,0.03290360449584326,0.08695652173913043
Колыванский муниципальный район,0.04535382985123815,0.059417368187106266,0.0023439230559780203,0.028127076671736233,0.08702905353574886,0.004424992438696794,-0.03264706861220042,-0.0005390422719772337,0.029239007393803477,0.016244990611449777,0.0
Колышлейский муниципальный район,-0.15885737687351065,-0.1567700161756919,0.0003478934496364591,0.004174721395637497,0.07240652772150896,0.01530324970154168,0.0050910145444347035,-0.008852399481536245,-0.006618169718658581,0.02280660558494661,0.0
Кольский муниципальный район,0.4122139723068803,0.3724213481844633,-0.006632104020402841,-0.07958524824483397,0.06027256663685879,-0.019994520712692504,0.0051426386043497705,0.02633439201908438,-0.030566533048227016,0.02229262270014699,0.043478260869565216
Кольчугинский муниципальный район,0.2916688962981174,0.31668636727097105,0.004169578495475611,0.050034941945707345,0.04288830709676111,0.007640125647597876,-0.0034538793458255973,-0.01950934825727757,0.010590970873175436,0.02843353415881689,0.0
Комсомольский муниципальный округ,-0.37368693631459987,-0.3802058572327369,-0.0010864868196895033,-0.013037841836274064,0.0951695497483285,0.019800424111895972,0.01207710652888509,-0.007583012187849099,-0.004052549514026416,0.025107029499319398,0.08695652173913043
Кондинский муниципальный район,0.40506705728918463,0.39408073364880297,-0.0018310539400636203,-0.021972647280763386,0.07185661586594133,-0.002597280602238626,0.010351229261296162,0.021810101963660594,0.025305159976814547,0.013277932535614625,0.0
Кондопожский муниципальный район,0.25496911164755787,0.23261170237751974,-0.00372623487833969,-0.04471481854007623,0.09116824564401625,-0.020228814119324916,0.019637031730693293,0.015187328245883995,-0.05342646241455366,0.022103613203664645,0.08695652173913043
Коношский муниципальный район,0.1997751885271947,0.18363629086918287,-0.002689816276335308,-0.03227779531602367,0.0778122280095522,-0.026674077488765175,0.017554200703648472,0.031234758384252527,-0.01723432019158711,0.019557156670641652,0.0
Кораблинский муниципальный район,-0.07444813959186895,-0.07000839998246233,0.0007399566015677698,0.008879479218813232,0.07728387662937024,0.031927377503725,-0.008271235170037713,-0.051194305807249346,0.014391510606501713,0.032036224158489994,0.0
Коркинский муниципальный округ,0.14491682970833075,0.18154969935301443,0.006105478274113949,0.07326573928936735,0.08490847901795448,0.021431892586679123,-0.028903186198757085,-0.03559439712666342,0.018005697116000925,0.016526429141657674,0.0
Кормиловский муниципальный район,-0.08615241711488479,-0.09798013097808618,-0.001971285643866899,-0.023655427726402795,0.061965207790435475,0.008756424106994839,-0.01462465633795449,-0.003014234004008196,-0.001246324787760907,0.03313879221153235,0.0
Косихинский муниципальный район,-0.21293352137798824,-0.2139508710282585,-0.00016955827504504186,-0.0020346993005405287,0.0751860184392969,-0.02307684200345128,-0.01045625977540729,0.03236811921682262,-0.016545285904995835,0.03138961281082177,0.0
Костромской муниципальный район,0.23467747779427098,0.26831549531456167,0.00560633625338178,0.06727603504058137,0.055285504068816396,0.0027436325688397862,-0.0005558215596059001,-0.011397681509491954,-0.02180939753893177,0.022717108681817085,0.0
Котельниковский муниципальный район,0.08476233398537247,0.08526910735925863,8.446222898102673e-05,0.0010135467477723203,0.07212286617952987,0.017502334074292462,-0.007341137011401199,-0.02936420177108246,0.023342845591385553,0.019660798955679706,0.0
Котельничский муниципальный район,-0.1674815672011821,-0.2080005824993972,-0.0067531692163691846,-0.08103803059643022,0.08732387597680366,0.007707123364015794,-0.0008470620839861652,-0.02710458123729665,-0.006463546206329562,0.02850882441263727,0.08695652173913043
Котласский муниципальный округ,0.07209876316551944,0.015599913789451728,-0.009416474896011289,-0.11299769875213543,0.07620589004014801,0.009721292652870528,0.019677369282901182,0.00154751034124907,0.01372917719043791,0.04989997648653418,0.0
Котовский муниципальный район,0.009060487402005268,-0.013594586973683912,-0.003775845729281531,-0.045310148751378364,0.037586790401500085,0.0016443493992247195,-0.006557117591021703,-0.0046181331088759915,0.016585610069162888,0.020853386772048576,0.0
Коченевский муниципальный район,0.07699244321543919,0.08164441854530329,0.0007753292216440158,0.009303950659728185,0.04257722068493994,0.0046934698687663935,-0.009395067882229737,0.0012916469088047765,0.007986671313287022,0.018415191776253573,0.08695652173913043
Кочковский муниципальный район,-0.09804075919711093,-0.11482713919984129,-0.0027977300004550583,-0.03357276000546072,0.10458918686573355,-0.022388271181801984,-0.0366174537880261,0.042700066369002435,0.022813284527543623,0.0333222977233226,0.13043478260869565
Кочубеевский муниципальный округ,0.020993071621713637,0.05170677218352079,0.005118950093634525,0.0614274011236143,0.07105868840912119,0.02083649440801336,-0.0007086507049481203,-0.01856634020448647,0.018410354264248217,0.019619153325279495,0.0
Кош-Агачский муниципальный район,0.08418488703788903,0.10732904079279211,0.0038573589591505177,0.04628830750980617,0.14690742154668626,-0.07547626775932037,-0.03398757279086448,0.09526688497214195,-0.05482121402999683,0.015717016382727735,0.043478260869565216
Кошехабльский муниципальный район,-0.03262518476436312,-0.009812599881355263,0.0038020974805013123,0.045625169766015716,0.08334617276126453,0.012361994520901882,-0.028579084213316404,-0.021581939235714578,0.047906651389211526,0.04276460248452484,0.0
Кошкинский муниципальный район,-0.04247622632789357,-0.05081911062429567,-0.0013904807160670179,-0.0166857685928042,0.05603245764375142,0.014643938427234424,0.002912044057014923,-0.024449678426722143,0.027608854989443904,0.04090640822141886,0.0
Крапивинский муниципальный округ,0.0836802188719367,0.08715899046711817,0.000579795265863579,0.00695754319036294,0.11375626584462409,-0.04101003075955804,-0.011626062992208804,0.04629340817307669,-0.00923528831023364,0.037236741532484574,0.0
Красноармейский муниципальный округ,-0.015845854901505547,-0.0031692610275192066,0.00211276564566439,0.025353187747972683,0.04954192398653326,0.014243346176885753,0.0023364221979353082,-0.020949265431731687,0.004396095928021618,0.018120571259686455,0.08695652173913043
Краснобаковский муниципальный округ,-0.001350044662211225,-0.0010376048511238818,5.207330184789043e-05,0.0006248796221746863,0.026113872495232643,-0.0008235950653002178,0.0038951307432088162,0.003743034246778191,0.006120216802595205,0.02377760456883902,0.08695652173913043
Красноборский муниципальный округ,-0.01077957617489722,-0.03894549267345537,-0.004694319416426359,-0.056331832997116305,0.06955964781315263,-0.00660079989100662,0.024432568726445184,0.01569075014915819,-0.013593870568458784,0.026359817956595352,0.0
Красногвардейский муниципальный округ,-0.034241704653727036,-0.01632287513641432,0.002986471586218789,0.035837659034625435,0.08861315471387884,0.005040018793541521,-0.01901176514269977,-0.00552024491813995,0.009674324559505544,0.012937599562947003,0.0
Краснозерский муниципальный район,-0.05289018753162381,-0.04499940604075814,0.001315130248477615,0.01578156298173135,0.05343741257721441,-0.01055480686574756,-0.011609590079715413,0.027897191221936728,0.0056011603852969515,0.012401095138635777,0.0
Краснозоренский муниципальный район,-0.08147345492027536,-0.07545205254136104,0.0010035670631523877,0.012042804757828632,0.07230405552327727,0.007027917095503757,-0.011037414655585533,-0.010894869676711551,-0.01640065247572411,0.044715329452248626,0.08695652173913043
Краснокамский муниципальный район,-0.10181486822486267,-0.09118321970708514,0.0017719414196295906,0.021263297035555073,0.125521671907732,0.0035288681968600488,0.004974638873467645,-0.017193535677445238,-0.08517724780721239,0.037650240955698314,0.0
Краснокутский муниципальный район,-0.07660644304828342,-0.05660874813147684,0.0033329491528010986,0.03999538983361317,0.050922723834987166,0.004216336483413238,0.01675304328967308,0.0004938234417178268,-0.006135592445568307,0.02962886883658744,0.0
Краснооктябрьский муниципальный округ,-0.1541166335858981,-0.13243529025643067,0.0036135572215779082,0.04336268665893487,0.08648389242214827,0.025799886972101747,0.005343498770786011,-0.044359349780705014,0.02214865178112536,0.038515766344913674,0.0
Краснопартизанский муниципальный район,-0.16455936345545555,-0.16866450985193726,-0.0006841910660802824,-0.008210292792963406,0.09506089209128629,0.015829833036029355,0.007010424530956291,-0.015574776484427344,0.05979918392237496,0.025893086117257085,0.0
Красносельский муниципальный район,0.06069094120109001,0.07251555184714364,0.0019707684410089367,0.023649221292107264,0.08791011639247814,0.01944270103425421,0.026046737232490614,-0.026255448221227176,-0.019506903075096536,0.021507776436552557,0.0
Краснослободский муниципальный район,-0.17964616558625943,-0.1683065706597803,0.0018899324877465196,0.02267918985295821,0.07108558446106056,-0.001858807403060281,0.019747067251656727,-0.0033175947683177424,-0.013381806507195539,0.029020695384049694,0.0
Краснотуранский муниципальный район,0.04923740132583957,0.05449718338731705,0.00087663034357958,0.01051956412295496,0.02904402438036986,-0.005503663435578935,0.003408208214320121,0.0062555046753632665,-0.003700321737702371,0.018037044951798722,0.0
Красночетайский муниципальный округ,-0.3360470323701772,-0.3433750245739822,-0.0012213320339675062,-0.014655984407610104,0.09268757059723987,-0.001135764753907058,0.009233583671089392,-0.0026692574422114,-0.04455149796195958,0.031751690197440056,0.0
Красночикойский муниципальный район,0.08821441770533212,0.08214154403885976,-0.0010121456110787268,-0.012145747332944712,0.1169405283868613,-0.023526704289691783,-0.014436335992355965,0.05532052419669649,0.07025980697903221,0.012904179411002952,0.0
Кривошеинский муниципальный район,0.023341527938518663,0.009082832141322328,-0.0023764492995327225,-0.028517391594392667,0.0651720966276079,-0.004090394719517748,-0.003199292411453377,0.015483860245405916,0.0006615452426634409,0.02676381464457004,0.0
Кромской муниципальный район,0.13139505846291857,0.09813846464076992,-0.005542765637024779,-0.06651318764429733,0.10855070523765992,0.024248951341481813,-0.01272543651357957,-0.044531417826232475,0.06527626645086626,0.06920332315120595,0.0
Крутинский муниципальный район,-0.12018309938881984,-0.14052876475097564,-0.0033909442270259695,-0.0406913307243116,0.06381396220491664,0.013556501877601029,0.02141557449599569,-0.009528523602962862,-0.003277960810691191,0.03095414191108592,0.0
Крутихинский муниципальный район,-0.16403358308375351,-0.1852737918573991,-0.0035400347956075916,-0.042480417547291115,0.10940146798651357,-0.02752538127325441,-0.013227925644188232,0.047319814430039006,0.005042520222388439,0.022091840048517768,0.0
Кстовский муниципальный округ,0.43250839738290076,0.4491745958514466,0.0027776997447576356,0.033332396937091634,0.06950466271590483,-0.008454256017973536,-0.01909941991152333,-0.002699228849639416,-0.002905760039447876,0.03664163842650407,0.0
Кугарчинский муниципальный район,-0.12209413610763553,-0.1356045681634511,-0.002251738675969259,-0.02702086411163111,0.059451297363988895,-0.012092921409499061,0.014292074043295884,0.01580222115734391,-0.028129498938831463,0.013807635205472185,0.0
Куженерский муниципальный район,-0.2787994772031635,-0.2901116976939864,-0.0018853700818038193,-0.022624440981645844,0.09848699798884669,0.015260725685249804,0.030863573245397985,-0.016115510107284618,-0.01598507909131406,0.03649766748420238,0.0
Кузоватовский муниципальный район,-0.15957916254583263,-0.16130404824194913,-0.0002874809493527506,-0.003449771392233014,0.04865175545985881,-0.0042560014811630145,0.0011724513588822968,-0.0038483454978813065,-0.035161118970454375,0.01778041602741027,0.0
Куйтунский муниципальный район,0.10713287913529997,0.09271636732301447,-0.002402751968714251,-0.028833023624571002,0.11109492437754069,-0.023074323925237263,-0.003696121418655349,0.036880801504709106,0.030817730355123692,0.023271027329166163,0.0
Кукморский муниципальный район,-0.17082682752978026,-0.18653114748287067,-0.002617386658848402,-0.03140863990618081,0.12301029351704783,0.005407107205839032,0.01883362598686733,-0.00830584840642182,-0.05146358328010471,0.017417724012606113,0.0
Кулундинский муниципальный район,0.018473087189682474,0.022764188408765484,0.0007151835365138363,0.008582202438166023,0.07716144206949961,-0.026868315530617862,-0.006189926194899957,0.03688874324471474,-0.015957196621203897,0.020446576877928634,0.0
Куменский муниципальный район,-0.07023946752346122,-0.09871288403640459,-0.004745569418823894,-0.05694683302588673,0.12377635984331795,0.020355097853005676,0.029084328139116294,-0.03127255329143431,-0.06558256069974427,0.046902102290408546,0.0
Кумылженский муниципальный район,-0.15274985523392082,-0.15170925790930165,0.00017343288743653144,0.002081194649238357,0.060467981245311594,-0.007720184820716158,-0.004650295394488859,0.008621647716039347,0.02055813402463209,0.021446502427913638,0.17391304347826086
Кунашакский муниципальный район,-0.11903740508739302,-0.11968971502510595,-0.00010871832295215273,-0.0013046198754258498,0.0897950306656104,0.023928007185988413,-0.005433112111674414,-0.031298595765955714,0.006330484366108356,0.024940819902607804,0.0
Купинский муниципальный район,-0.0043477625770907595,0.013321539251210268,0.002944883638050173,0.035338603656602054,0.06645966382377173,-0.021173597573643597,-0.005242527967575434,0.03130451932599141,-0.010655398458573129,0.011430359273594471,0.0
Курагинский муниципальный район,0.13571380431420935,0.14657125833474774,0.0018095756700897312,0.021714908041076786,0.028828403861991342,-0.009038644734066617,-0.000144072493448443,0.01326376103844166,-0.006175134039925041,0.015026274178706162,0.0
Куркинский муниципальный район,0.07623798759433191,0.0937538895818301,0.002919316997916366,0.03503180397499639,0.07146713582720685,0.0120412725316335,0.00724905074859248,-0.035597214697698214,-0.006526407260794088,0.018851456546138956,0.0
Курманаевский муниципальный район,-0.1661994366118372,-0.1737597577790028,-0.0012600535278609367,-0.015120642334331228,0.10626082275088153,0.0274224303267944,-0.012317858132106736,-0.02727828421503896,-0.0024879334307894158,0.04814159278669158,0.0
Курский муниципальный округ,-0.13068769449812945,-0.1143508099012102,0.002722814099486544,0.0326737691938385,0.0718063892919023,0.017489371938082005,-0.010151564857832552,-0.022848282482636255,0.001418885232071801,0.0202801056795743,0.0
Куртамышский муниципальный округ,-0.17101282201679405,-0.17972699128389028,-0.0014523615445160365,-0.017428338534192456,0.04075436599888671,-0.0013052019789367734,0.007780579489054207,0.0037346714969725306,0.009953886417633836,0.01705388147488567,0.0
Курьинский муниципальный район,-0.13164887768814415,-0.13739677820850696,-0.0009579834200604678,-0.011495801040725636,0.10699578837049939,-0.04363415651117509,-0.016625950677744635,0.05460234532472988,-0.005608096800929463,0.02271085298955959,0.0
Кусинский муниципальный район,-0.06224866483860736,-0.05744323722147667,0.0008009046028551153,0.009610855234261381,0.06970398054376725,0.02109887697818154,0.009611114416179341,-0.03170766347205001,0.030020647996742495,0.016433426826503773,0.0
Кушнаренковский муниципальный район,-0.14662338151931645,-0.18390907912067375,-0.006214282933559549,-0.07457139520271457,0.0892658521731848,0.003652122751838672,0.03093129114771149,-0.006089647324899437,-0.015734195909834152,0.02466981985932627,0.08695652173913043
Кызылский муниципальный район,0.19732964019786445,0.2376579433217906,0.0067213838539877,0.08065660624785236,0.1479113356107344,-0.03703162819591592,-0.035957417448157114,0.05454900185612285,0.037775905691688885,0.038646490610126864,0.0
Кыринский муниципальный район,0.2062351261971347,0.1997072799008642,-0.00108797438271175,-0.013055692592540987,0.17515525843145063,-0.009749014260390671,-0.032279142350584586,0.02706019186753679,0.09850318599802863,0.05741400008696508,0.0
Кытмановский муниципальный район,-0.21228797957981227,-0.24591749772698415,-0.005604919691195314,-0.06725903629434378,0.1131897720978091,-0.02803826924571342,-0.014209484421996443,0.04204342484170625,0.034272601858589304,0.030937417326249297,0.0
Кыштовский муниципальный район,0.012612967367461758,0.01181217920464365,-0.00013346469380301636,-0.0016015763256362152,0.09464624260044657,-0.01937795249624405,-0.02746387462779356,0.01623396885107421,-0.0067988277583777516,0.028700001188747045,0.0
Лаганский муниципальный район,-0.13040158517115405,-0.1263329919916131,0.0006780988632568231,0.008137186359081857,0.05856827324436577,-0.021509924115962968,0.008099822195820894,0.03486859558674388,-0.0037561802693776326,0.03756666312412596,0.0
Лазовский муниципальный округ,0.22279586854557198,0.22875490377539695,0.0009931725383041576,0.011918070459649913,0.12694727440801157,0.00847866174365037,0.017144048575404292,-0.006051440392742094,0.014042119493502852,0.023417996446039275,0.08695652173913043
Лаишевский муниципальный район,0.33198268882250054,0.36468512316433516,0.005450405723639112,0.0654048686836693,0.08438640481980605,-0.011976959062152244,-0.024822647919118347,0.0026679674490297277,-0.010910396998956365,0.058262304003331135,0.0
Лахденпохский муниципальный район,0.34818545944107027,0.3509309144352275,0.00045757583235953817,0.005490909988314474,0.05517080641400428,-0.02372940923837527,0.0007789571513769538,0.028400506164642243,-0.027582075231362274,0.026453765948027626,0.0
Лебедянский муниципальный район,0.10037831362743514,0.10816174006730488,0.0012972377399782886,0.015566852879739468,0.08488245876868744,0.018506096744775852,0.005962190921474665,-0.029667016346781285,-0.023213242321495887,0.011352868909995071,0.0
Лебяжьевский муниципальный округ,-0.21633149739761434,-0.22688162168745288,-0.0017583540483064267,-0.02110024857967711,0.09578271519598106,0.006159498852856192,0.017773675227373574,-0.008970089228725518,0.008783360710243632,0.028391029390686162,0.0
Лев-Толстовский муниципальный район,0.1290393875382759,0.1407038811502582,0.001944082268663716,0.023328987223964592,0.07718311238357126,0.011062041471722435,0.004298627498483023,-0.022201290146896393,-0.03373380337783684,0.016757280057524002,0.0
Левокумский муниципальный округ,-0.1534773251990512,-0.16078484268732054,-0.0012179195813782275,-0.014615034976538746,0.06012020642585844,0.011896065033543582,-0.019577889675264838,-0.013662895779804039,0.027753241165461868,0.024764817160848027,0.08695652173913043
Лежневский муниципальный район,-0.10420967746734962,-0.12844809075923372,-0.0040397355486473515,-0.04847682658376821,0.09950194851656594,0.004038758311499974,-0.017736107279308445,-0.015566387393471187,0.010872455360503672,0.03734719052004585,0.0
Лениногорский муниципальный район,0.18360402756197539,0.19914853506487606,0.0025907512504834435,0.03108901500580134,0.09558016280396418,-0.0030017393159616082,-0.0010725132623025419,-0.0009023188204491544,-0.044932359201546215,0.029071877754235195,0.0
Лиманский муниципальный район,-0.15535609206174175,-0.14992703033303986,0.0009048436214503216,0.010858123457403815,0.07494688962324209,3.187793639225558e-05,-0.008541074180781531,-0.005034374910266414,0.028668057836349528,0.018476508147594356,0.0
Ловозерский муниципальный район,0.5595697710463087,0.5488733546479114,-0.001782736066399553,-0.021392832796794565,0.11968179796949543,-0.037713172715153,0.0207635438412435,0.05914442242787113,-0.04955011082127319,0.0208425235309617,0.08695652173913043
Лодейнопольский муниципальный район,0.38337177160672514,0.41153442596552986,0.004693775726467451,0.056325308717609435,0.06744014706357786,-0.028530317208232625,0.012961962228398198,0.02897424577093171,-0.032520393371099965,0.01225446855753506,0.17391304347826086
Локтевский муниципальный район,-0.13932363149197,-0.1459977698268514,-0.0011123563891468984,-0.013348276669762793,0.09940085189042691,-0.030977697227216928,-0.0011554174246806105,0.03987826948130359,-0.009561480374009945,0.0210810500108838,0.0
Ломоносовский муниципальный район,0.5829861966822577,0.6000912212042538,0.0028508374203326777,0.03421004904399213,0.07314103779625097,-0.00907528562816191,-0.018921107471688323,-0.003345943808235428,-0.007216531440250487,0.0408346076851484,0.0
Лопатинский муниципальный район,-0.3041671176609893,-0.3131116784273423,-0.0014907601277254965,-0.017889121532705943,0.14874409367910624,0.05749768316660535,-0.004503488008552976,-0.06068117428601887,0.013709571785701063,0.05767170348080475,0.34782608695652173
Лоухский муниципальный район,0.423984373238931,0.42313690791257813,-0.00014124422105881923,-0.0016949306527057988,0.07006095333324837,-0.026984382861438217,0.002054697143706496,0.025132398690194586,-0.03285475662233921,0.015345745201065497,0.0
Лужский муниципальный район,0.44372356284173403,0.47014194802605463,0.004403064197386756,0.05283677036864113,0.055580747550499986,-0.008439557265944517,-0.007003222623229653,-0.0014645013930347473,0.003952365776741483,0.029636425149739548,0.0
Лукояновский муниципальный округ,-0.02763672328018263,-0.02866537153585706,-0.0001714413759457381,-0.002057296511348857,0.04298360399454293,-0.0019654347476028115,0.0038384267901091645,-0.004332022329995449,0.011299473495157517,0.023896215413792797,0.0
Лунинский муниципальный район,-0.20734024888476607,-0.20834603569501745,-0.0001676311350418996,-0.002011573620502786,0.09817450983580964,0.037157102874774806,0.01623048267367888,-0.04898640882886691,-0.02469239296517902,0.04372256952657955,0.0
Лухский муниципальный район,-0.20375224187108,-0.20302605204457494,0.00012103163775083939,0.0014523796530100757,0.15863084140678693,0.04435031673550785,0.028132813488554155,-0.03086701005698494,0.05558231305946941,0.04359458057642512,0.2608695652173913
Лысковский муниципальный округ,0.1592410094898482,0.17050577791619803,0.0018774614043916378,0.02252953685269965,0.050297682297779055,-0.012904375270617045,-0.008755679600426348,0.006905446110519197,-0.0008703624985279702,0.019186184295882838,0.0
Лысогорский муниципальный район,-0.14264536900998018,-0.13935733980142162,0.0005480048680930946,0.006576058417117133,0.09072883062477968,0.030847705404534916,0.018867269901896827,-0.03960925503216147,0.038597011597741024,0.044184367517805946,0.0
Любимский муниципальный район,-0.06034766919066,-0.06298149665699067,-0.0004389712443884453,-0.0052676549326613475,0.060940005322160685,0.017049736169206454,-0.010552547399810926,-0.02963437387311409,0.006245438135265742,0.015088858993298065,0.0
Любинский муниципальный район,-0.09441059988843296,-0.10291576231750292,-0.001417527071511659,-0.017010324858139914,0.05254250093108284,0.015204132046603274,-0.0024259194099108677,-0.009410044660590474,0.030805380230024555,0.024444908195189286,0.0
Любытинский муниципальный район,0.11700227747164,0.11696951820529966,-5.459877723393672e-06,-6.5518532680701e-05,0.05085349105449568,-0.009470763380310311,0.0070620724029549775,0.0016731976958550827,-0.01792546948740946,0.020560634562649085,0.0
Людиновский муниципальный район,0.147188345191576,0.16365931503736744,0.0027451616409652395,0.03294193969158288,0.057546634690460174,0.01196211880085788,-0.0012807015720848456,-0.020772057159045336,-0.007076636753277583,0.016381086175668615,0.0
Лямбирский муниципальный район,0.07693597600841207,0.13202716464070155,0.00918186477204825,0.11018237726457898,0.07160351414653846,0.011755958342295503,0.015244687357601722,-0.02093958741184745,-0.01612903995030049,0.028152351676526337,0.0
Магдагачинский муниципальный район,0.2271956503177861,0.21331112441378286,-0.0023140876506672105,-0.027769051808006484,0.07491082312781264,-0.01802984483291526,-0.0022223180104087815,0.030367044170037754,-0.033229662353208664,0.014491494898879062,0.2608695652173913
Мазановский муниципальный район,0.1427114296132753,0.15141745491231187,0.0014510042165060992,0.017412050598073197,0.07076193711431515,-0.023699344316216234,-0.009941269535482704,0.036251624411319044,0.00129261314011056,0.02188816508041836,0.08695652173913043
Майкопский муниципальный район,0.07544470710795825,0.10297944266088684,0.004589122592154765,0.05506947110585717,0.058088622828899115,0.001561992235293323,-0.02340886688745968,-0.0028719335412071057,0.013130520043749132,0.037323174189659816,0.0
Майминский муниципальный район,0.3284548846669222,0.358263804589441,0.0049681533204198,0.05961783984503762,0.10651893045653985,-0.04111211523313513,-0.02770288987860131,0.05045088539796031,0.009863528037679994,0.03055930074909024,0.0
Майнский муниципальный район,-0.1781902525320437,-0.19575560791014177,-0.002927559229683006,-0.03513071075619608,0.05759816294611774,-0.010880802629569312,0.0057732628720294655,0.009028642539155854,-0.034256984228910325,0.020221663888534563,0.08695652173913043
Майский муниципальный район,-0.1770467497627269,-0.1786705461915051,-0.00027063273812969764,-0.0032475928575563806,0.08052702725138339,0.012572634629762486,-0.020674374015773614,-0.02355997725950984,0.01984646029287334,0.03245404484818042,0.0
Макарьевский муниципальный район,-0.19016231876533007,-0.18025851714544597,0.0016506336033140204,0.019807603239768195,0.07190307977163356,-0.013574628349458006,0.006678089815575845,0.010346691731775947,-0.049114009190074456,0.019281222686168976,0.0
Малмыжский муниципальный район,-0.16416408445568353,-0.1746190527308801,-0.0017424947125327637,-0.020909936550393155,0.05873165888599964,-0.000192387239746136,0.019814815003163615,-0.0022735587004175887,-0.02957274486651863,0.02018884286669913,0.17391304347826086
Малоархангельский муниципальный район,-0.061227058143566104,-0.07609904217641628,-0.002478664005475029,-0.029743968065700344,0.08517689104849473,0.022230702424232994,0.003071212180800335,-0.02601153338568343,0.00383841271419599,0.022981400860868976,0.17391304347826086
Маловишерский муниципальный район,0.1320616746672203,0.1452160746106408,0.0021923999905700824,0.026308799886840983,0.0571056898856645,-0.008907302758486432,0.015133504957606559,0.004662518991249426,-0.028283049582744843,0.022187990079481308,0.0
Малодербетовский муниципальный район,-0.21498779898593745,-0.22235708044311617,-0.0012282135761964511,-0.014738562914357415,0.10857899720324961,0.0048358223648332895,-0.020694261907585967,0.008365409650896181,0.02808055760813677,0.04961281294899936,0.08695652173913043
Малокарачаевский муниципальный район,-0.3186650820428845,-0.31528726262025925,0.0005629699037708797,0.0067556388452505445,0.16164628753730706,0.0059957836886545355,-0.014269634135400278,0.008177048534948286,-0.08732351798129627,0.04514894747097937,0.13043478260869565
Малосердобинский муниципальный район,-0.21008919988010924,-0.20759083758972707,0.0004163937150636973,0.004996724580764352,0.10706786478087234,0.019838299748271192,0.002088006373450761,-0.0455448833834167,-0.007250112181999613,0.0335045509731257,0.2608695652173913
Малоярославецкий муниципальный район,0.3012857789348944,0.31539939456449,0.0023522692715992706,0.02822723125919128,0.09914321241156998,0.021805847936262397,-0.03408880541793936,-0.03336708227605047,0.01773109944852968,0.023868571562994222,0.0
Мамадышский муниципальный район,-0.1618435241884096,-0.1614094443030821,7.234664755458575e-05,0.0008681597706550193,0.10965764388555836,0.002351268517373717,0.011858317157433327,0.002400797262917698,-0.06437024260813039,0.02154464572438923,0.08695652173913043
Мамонтовский муниципальный район,-0.18536695553437768,-0.19615248860988746,-0.0017975888459182954,-0.021571066151019558,0.0767923157590288,-0.016621973999348984,-0.005881452873967394,0.023199108565864088,0.014458575562586125,0.011574275604508305,0.0
Манский муниципальный район,-0.09821103190144036,-0.0907637649010935,0.0012412111667244757,0.014894534000693701,0.12023201372779083,0.021796934216862345,0.040842285037323005,-0.011921623163924061,-0.019735982304269158,0.022969255408032116,0.0
Мантуровский муниципальный округ,0.034239509776199904,0.03141293049815719,-0.00047109654634045313,-0.005653158556085429,0.07020079077723657,-0.013254924322748742,0.007193942296175174,0.002993385896964648,0.008950800583183923,0.018216265132115654,0.0
Мари-Турекский муниципальный район,-0.26807981301949296,-0.26535923872419415,0.00045342904921646287,0.005441148590597559,0.05266419142337174,0.0050963182515404905,0.0028422300548660785,0.004428014490802078,-0.024647159447856434,0.010975461497829714,0.0
Мариинский муниципальный округ,0.10404735878028053,0.12146906670929451,0.0029036179881689983,0.03484341585802797,0.08744022761676701,-0.0278115224564333,-0.011083853924185188,0.03485915284626124,0.004927795346904073,0.024345667939564764,0.0
Мариинско-Посадский муниципальный округ,-0.3160382152903316,-0.34787426827735324,-0.0053060088311702724,-0.06367210597404327,0.09228025659249203,0.022075438469491906,0.0217669562410575,-0.031027131393694396,-0.0425300992764462,0.0290635450645528,0.0
Марксовский муниципальный район,-0.0020054000789183992,0.011080384371079314,0.0021809640749996207,0.026171568899995428,0.0598729423591297,0.018420775750576997,-0.020764960249460587,-0.02343243378293894,0.023646931929788655,0.012201729159236467,0.0
Марьяновский муниципальный район,-0.07407095793423639,-0.08828995177079824,-0.002369832306093643,-0.028437987673123704,0.06037135184342998,0.018703720501943744,-0.0033914368920477337,-0.015177688287218901,0.013980524647539586,0.029500149478480186,0.0
Маслянинский муниципальный район,0.019480542741365275,0.01761962583080523,-0.0003101528184266734,-0.003721833821120087,0.06607875123064938,-0.01642342232781705,-0.023226479755461844,0.014235025085308222,0.008297175871413758,0.022636133276597383,0.0
Матвеевский муниципальный район,-0.21141142151910133,-0.22256485147073532,-0.001858904991938995,-0.022306859903267934,0.07545956632236095,0.01343962790031428,0.009556624979267207,-0.016904000891790637,0.012757350673035774,0.026079403145661137,0.08695652173913043
Мегино-Кангаласский муниципальный район,0.32408265991158364,0.3065295912892981,-0.0029255114370475965,-0.03510613724457112,0.17017528534813148,-0.03714326672256095,-0.03265724425409423,0.06551309899411029,0.07908572594451888,0.021414359981042682,0.0
Медведевский муниципальный район,0.2119312221505417,0.24441322353759945,0.0054136668978429624,0.06496400277411556,0.05064635749898811,0.0036115239029634615,-0.013849023044285692,-0.01822959356526713,-0.01397159009257233,0.030738788841167066,0.0
Медвежьегорский муниципальный район,0.28527550165610477,0.2765069078927939,-0.0014614322938851431,-0.0175371875266217,0.03332041521727698,0.0019205773491645143,0.009403128467751943,-0.004524882096956399,-0.015361721938382122,0.015043310714926223,0.0
Медынский муниципальный район,0.07977073786738383,0.07253597335594304,-0.0012057940852401318,-0.014469529022881567,0.0621716744779577,0.029118000171188832,-0.004414971256102181,-0.04011212577524806,0.023837500186494442,0.029889169888573583,0.0
Междуреченский муниципальный округ,-0.042742731021489545,-0.07430303888751928,-0.005260051311004959,-0.06312061573205947,0.1411089790076389,-0.004977350508110068,0.016191566528053706,0.016819895679948717,-0.08533602285706818,0.05409924689218476,0.0
Межевской муниципальный округ,-0.14352407617186605,-0.12334346784806198,0.0033634347206340175,0.04036121664760817,0.087783755247522,-0.036752224065939414,0.007653249393521751,0.03269777431159186,-0.04865641710623104,0.024501104207755735,0.08695652173913043
Мезенский муниципальный округ,0.06724013461457856,0.04585053978081902,-0.003564932472293258,-0.04277918966751907,0.1667865862254609,-0.017250474686822184,0.015066918880923735,0.06320088043869604,-0.08353622964579507,0.028183789695578942,0.0
Меленковский муниципальный район,-0.04992728581960818,-0.05060023351242086,-0.00011215794880211282,-0.0013458953856253508,0.07892193554019068,0.015459972709817946,0.014987261971925648,-0.02681110404069419,-0.01576458817187311,0.01860166097253886,0.0
Мелеузовский муниципальный район,0.20250570911436028,0.215423279638051,0.002152928420615121,0.025835141047381455,0.058914862642133956,-0.006669907949262701,-0.009527038477082136,0.0026277761111980695,-0.011617523346020536,0.03137094082462448,0.0
Менделеевский муниципальный район,-0.022076058466160713,-0.0372390870431194,-0.0025271714294931177,-0.03032605715391738,0.13892553135117763,0.017262585441384773,0.03932402537947682,-0.02311889301563794,-0.06287801495896367,0.018804203959766185,0.0
Мензелинский муниципальный район,-0.07070144758703371,-0.08676655877171946,-0.0026775185307809585,-0.0321302223693715,0.09344595798652966,0.013248555423357154,0.00745207012127045,-0.01994314389380835,-0.03406671884226663,0.025098970371118873,0.0
Мечетлинский муниципальный район,-0.048857381712024806,-0.052148784135249336,-0.0005485670705374207,-0.006582804846449057,0.05672527149591117,-0.02021124373223149,-0.004007136429034117,0.026314046411984964,-0.00042615859870151485,0.015313897591824206,0.0
Мещовский муниципальный район,0.019493834153041734,-0.015915124696987377,-0.005901493141671522,-0.07081791770005823,0.07311308479728713,0.00511317821220638,0.0065501945659375005,-0.00810247312588796,0.042003380122323825,0.035288280664237844,0.0
Милославский муниципальный район,-0.03800005806898291,-0.051213488728281874,-0.002202238443216494,-0.02642686131859791,0.08433508984839894,0.006932841746736711,0.01987360688929765,-0.004039713045542183,0.002150221511242556,0.031797296333180264,0.0
Мирнинский муниципальный район,0.6215173285807482,0.6264350955749571,0.000819627832368153,0.009835533988417891,0.14179683823040745,-0.0596243944604028,-0.01726444978467799,0.09108867829696773,-0.04737438146373856,0.018840743852977702,0.08695652173913043
Мишкинский муниципальный округ,-0.15123128573179093,-0.15571627456508944,-0.0007474981388830837,-0.008969977666597018,0.07015854881530849,-0.007971871340231088,0.0035469593940021236,0.021091016802611155,0.03127861562462357,0.017214872983043052,0.08695652173913043
Миякинский муниципальный район,-0.18474133084399602,-0.18294602203971286,0.0002992181340471951,0.0035906176085663453,0.14054186290822213,0.02093884694177281,0.034761107529107105,-0.01857803264928098,-0.025319487463081915,0.016097013106997866,0.043478260869565216
Могойтуйский муниципальный район,0.05994720669458838,0.05176600965854098,-0.0013635328393412308,-0.016362394072094794,0.13316191568011224,-0.02800919014914887,-0.03177158037465052,0.04880133950332025,0.04214904183560163,0.024914765943771428,0.0
Моздокский муниципальный район,0.08061528508752762,0.09908619688246094,0.003078485299155554,0.03694182358986664,0.07836811292956504,-0.005307887418631453,-0.04232656472422361,0.005318079006229477,0.028024167934867256,0.04544058502739289,0.0
Мокроусовский муниципальный округ,-0.21820701761391895,-0.22243345163776818,-0.0007044056706415366,-0.00845286804769844,0.06760295562491349,0.00999177703566397,0.012863982847919024,-0.003712430514414363,0.011026280248108635,0.030781173416956065,0.0
Мокшанский муниципальный район,-0.1590253751167138,-0.16805488857940043,-0.0015049189104477704,-0.01805902692537324,0.06738680584572032,0.025138769010743467,0.0024461037240442744,-0.0172486226463169,0.0021726344627489777,0.02525100129324365,0.0
Молчановский муниципальный район,0.07414047278619806,0.07517538332413369,0.00017248508965593572,0.002069821075871244,0.12308137867303906,-0.01857234877513541,0.01859593137107015,0.03990461001490132,0.00952337344390665,0.04132677078891406,0.0
Монастырщинский муниципальный район,-0.20189924807167317,-0.21250209278737234,-0.0017671407859498598,-0.021205689431398334,0.07826100520021907,0.014432327455081408,0.019454978472909827,-0.030977824317329823,-0.01237564774006578,0.03120659669167524,0.0
Моргаушский муниципальный округ,-0.3098951110182205,-0.31347362047605004,-0.0005964182429715919,-0.007157018915659119,0.0834891416948208,0.011120422315344259,0.02073651524918208,-0.007249021535417937,-0.025249201611862455,0.03784831504839844,0.0
Мордовский муниципальный округ,-0.12722986789843213,-0.14097792661597155,-0.0022913431195899074,-0.027496117435078887,0.12078324205968288,0.03532586965628316,-0.008204955544780223,-0.052979616296948494,0.041608497311774406,0.03401168025484067,0.0
Моркинский муниципальный район,-0.28630844497090124,-0.30048703483352607,-0.0023630983104374723,-0.028357179725249686,0.06307704618095063,-0.0009624537332937338,0.009424757157688703,-0.0033599381519944477,-0.03168785175287554,0.026099069876341405,0.0
Мосальский муниципальный район,0.022639190537985243,0.01101360110081151,-0.0019375982395289564,-0.023251178874347467,0.06026610390343698,0.008244903717391679,-0.007180320420967783,-0.015283165410647066,-0.008284551667746361,0.029970937053582624,0.0
Москаленский муниципальный район,-0.08286541247136621,-0.08635872437925007,-0.0005822186513139759,-0.006986623815767719,0.06061433486154538,0.0031649912214766042,-0.007726661683952996,0.010338968812677806,0.03157695474201755,0.021215754726181306,0.0
Мотыгинский муниципальный район,0.35627805111581595,0.3896819523698478,0.0055673168756719725,0.06680780250806369,0.13208631684203068,-0.0327751411798587,0.018282930260651697,0.059580525023852055,-0.0744761240754299,0.024722011140467202,0.08695652173913043
Мошковский муниципальный район,0.07358969554490165,0.07460592723275387,0.00016937194797537073,0.0020324633757044333,0.056148847977574017,-0.006624834442118489,-0.022215874823809406,0.009275675159017154,-0.0029067727902104337,0.01789140748956335,0.0
Муезерский муниципальный район,0.3086411365865193,0.31155279286995663,0.0004852760472395529,0.005823312566874665,0.10562763038190144,-0.0427471087865685,0.020243700192274373,0.06007251261341849,-0.01901820570566632,0.02825934705384198,0.2608695652173913
Муромцевский муниципальный район,-0.12733587354066947,-0.13397189736030635,-0.0011060039699394774,-0.013272047639273735,0.06335178954084456,-0.00788424797976642,0.013592346303735884,0.0038040483205319287,-0.023053920440561718,0.027917760498957656,0.0
Муслюмовский муниципальный район,-0.2635419520856166,-0.2792582270389555,-0.002619379158889818,-0.0314325499066778,0.1352420092827899,0.026924307637848026,0.02024641331447273,-0.01557237303600905,-0.020563957130026345,0.025122386598838854,0.043478260869565216
Мучкапский муниципальный округ,-0.11697422766926409,-0.1035296748996597,0.0022407587949340663,0.026889105539208796,0.1006673065080704,0.03397629721040492,0.0005512700545935994,-0.03835861575213493,-0.007440264604108612,0.02640998639364478,0.0
Мышкинский муниципальный район,0.09293222875875869,0.0897482759074794,-0.0005306588085465508,-0.006367905702558592,0.07375460608703721,0.007020636120307154,-0.0019288757406927368,-0.02006129745998756,-0.019616428141242603,0.03639738337229283,0.0
Нагайбакский муниципальный район,-0.22006802763330371,-0.20708534256108146,0.0021637808453703763,0.025965370144444517,0.1497975741573493,0.04826313746293358,0.030376618681404503,-0.05225454904941553,-0.002006839309790358,0.03348716698860486,0.08695652173913043
Нагорский муниципальный район,-0.26819081838897874,-0.27981344619432164,-0.001937104634223817,-0.023245255610685838,0.08440373598572477,-0.015768579853352827,0.01847704192341432,0.02017051267610126,-0.03338034131998241,0.01294052547613314,0.0
Надеждинский муниципальный район,0.3704117351851764,0.3973532946368124,0.004490259908606,0.05388311890327202,0.0648076504315049,0.029685613202272386,-0.01703496399702726,-0.03972513822238535,0.02357867248252936,0.03180053193132268,0.0
Называевский муниципальный район,-0.14955877330437825,-0.16170325157440235,-0.0020240797116706853,-0.02428895654004822,0.05333700620313261,-0.004798682837229294,-0.012435739562433892,0.011685386920459416,0.0046712014189215795,0.0230042309448059,0.0
Намский муниципальный район,0.3178538652504265,0.28226575076395183,-0.005931352414412455,-0.0711762289729494,0.260642204938959,-0.038684617896186796,-0.03323162126354019,0.08018525535805747,0.14011485443959554,0.05534869392503068,0.0
Нанайский муниципальный район,0.09495337795494956,0.07872791976625655,-0.0027042430314488343,-0.03245091637738599,0.08310726779194358,-0.002061495857941999,-0.01814618801175702,0.011433472467650455,0.03408915059506171,0.03941248876267947,0.0
Наримановский муниципальный район,0.1415384177946458,0.1814033753834529,0.006644159598134516,0.07972991517761423,0.08314483737828393,-0.014429275408508128,-0.02644757642533008,0.013443647563241106,-0.0012488801693197014,0.028294837311683932,0.0
Наровчатский муниципальный район,-0.15861523970534827,-0.1596962986206676,-0.00018017648588655434,-0.002162117830638651,0.06839044584311602,0.0030136764872239854,-0.0005910686663988182,0.011020474057594267,-0.00502379046210058,0.042994927610670836,0.0
Неверкинский муниципальный район,-0.3219854311005929,-0.32861410687101067,-0.0011047792950696284,-0.013257351540835552,0.17988072171805375,0.055860415449834694,0.00972186970770375,-0.06932471699577972,0.014062030039721733,0.044451213681056374,0.0
Нейский муниципальный округ,-0.0317152736845799,-0.023357668957964723,0.0013929341211025297,0.01671520945323035,0.045762321310864454,0.005254063591727018,0.011106721750903792,-0.007115305004005664,0.004605341390993436,0.017022608579281274,0.08695652173913043
Некоузский муниципальный район,-0.0040102169949852344,-0.014593963924290096,-0.0017639578215508107,-0.02116749385860972,0.0805930847594486,0.014429110229005403,-0.007433569796567276,-0.015603480461751347,-0.0006694260997098247,0.03524908622349731,0.0
Некрасовский муниципальный район,0.032630330485225935,0.01944811063936373,-0.002197036640977036,-0.026364439691724417,0.1033574140956794,0.036211938266121575,0.01011066080625082,-0.04373118666968562,0.012587455727036859,0.02937126761702473,0.0
Немецкий национальный муниципальный район,-0.09839050271944501,-0.09329041679783574,0.0008500143202682123,0.01020017184321853,0.1108172692151663,-0.017540132879924113,0.007404043217131543,0.02836687808240038,0.03839329998093202,0.02307903586365275,0.0
Нерчинский муниципальный район,0.18238519196153904,0.18671255031615797,0.0007212263924364861,0.008654716709237823,0.0921145039278292,-0.025874874737118875,-0.010165222509869015,0.04242845856169857,0.044696736304114026,0.027185557588155777,0.0
Нерюнгринский муниципальный район,0.6597598426026462,0.6726190558317199,0.002143202204845622,0.02571842645814752,0.10589206314177345,-0.054759172390784185,-0.010763064640539222,0.0700672543083624,-0.04627214426118084,0.02903776114608269,0.0
Нефтегорский муниципальный район,0.1305982829415527,0.14815549477100717,0.002926201971575746,0.03511442365890893,0.04409637934857821,-0.004274128143019567,-0.0014225095178411417,-0.006383238135112095,-0.016840653055563547,0.021806078362571542,0.0
Нефтеюганский муниципальный район,0.4614599222841846,0.4680974566637704,0.0011062557299309711,0.01327506875917169,0.08057704040526874,-0.03235865239743768,0.009525446068818466,0.05482063983891277,-0.03416383052615018,0.02575135664074944,0.0
Нехаевский муниципальный район,-0.06622885832278014,-0.06483053289130118,0.00023305423857982623,0.0027966508629579203,0.08797600369314618,-0.007342405175566662,0.01582471254892535,0.016800254274371394,-0.014679995225599991,0.03128491435860957,0.0
Нижневартовский муниципальный район,0.28451320467047986,0.2685728159549671,-0.0026567314525854585,-0.031880777431025464,0.10062677514380601,-0.0270767680418115,0.014820990102217609,0.04303340867674391,-0.06276325750340173,0.01616265286487759,0.0
Нижнеилимский муниципальный район,0.31201014609385164,0.312069187989023,9.840315861892765e-06,0.00011808379034272676,0.09779712011250219,-0.04297758911983127,0.0087172292379398,0.04594441417826285,-0.056377433475551214,0.014399656550602397,0.0
Нижнеингашский муниципальный район,0.06995138897911413,0.0766937679483221,0.0011237298282013274,0.013484757938415933,0.06277853679872909,-0.014347381301767562,0.0040719682912228865,0.021211042621170587,0.025645986272231313,0.02232309187062951,0.0
Нижнекамский муниципальный район,0.23157462134852932,0.24400120274423612,0.002071096899284467,0.024853162791413624,0.06913128988365533,4.5058331171598264e-05,-0.012022664463847837,-0.010344102325063467,-0.030752710840438187,0.032212457792339735,0.0
Нижнеколымский муниципальный район,0.856517828543884,0.8574484902147724,0.00015511027848137617,0.0018613233417765034,0.30321036013375546,-0.0754255527418577,-0.015106744300535272,0.1321311755287553,0.08033097037003181,0.05053015888300229,0.0
Нижнеломовский муниципальный район,-0.04222823200205431,-0.053449822362297894,-0.0018702650600405978,-0.02244318072048716,0.0739115942519967,0.028849594726044196,0.0015265377574415746,-0.041428507460061305,0.017769733700719832,0.015960827251720947,0.0
Нижнеомский муниципальный район,-0.21456632345595805,-0.23598805956972738,-0.003570289352294889,-0.04284347222753867,0.0960508621723217,0.006218413650182362,0.006945505030156997,0.007629200136647682,0.0024608153730000613,0.027271047083480285,0.0
Нижнесергинский муниципальный район,0.10994033336152202,0.10650708578472375,-0.0005722079294663788,-0.006866495153596534,0.0521967765043736,0.0025967380442555787,0.017661995621995524,-0.008534081363869378,-0.02720988804679453,0.015228077030682397,0.0
Нижнетавдинский муниципальный район,0.045981693195427255,0.024073786394341806,-0.003651317800180911,-0.043815813602170905,0.0505032238185961,0.007519940097264206,0.0019249124990715412,-0.0038864430584009384,0.01098006313895193,0.03279707501184412,0.0
Нижнеудинский муниципальный район,0.12847058228368283,0.13419192254072362,0.0009535567095067955,0.011442680514081557,0.09049484396227248,-0.015412212172296231,-0.006285394994777888,0.01953599092126,0.030676281052356265,0.02492937306753244,0.0
Никифоровский муниципальный округ,-0.15686016096409747,-0.1704991879697181,-0.0022731711676034433,-0.02727805401124132,0.07740638987713615,0.02319675648315493,0.01144539387959636,-0.03376693728084999,0.01447080311299204,0.025746921392867092,0.0
Новгородский муниципальный район,0.39633243565807225,0.42048192003677104,0.00402491406311646,0.04829896875739751,0.09041617792256257,-0.015464354598990884,-0.01825924390530226,0.002973500677957923,-0.0056983335270164946,0.03547706498227923,0.0
Новичихинский муниципальный район,-0.14430926689718304,-0.14055378597644408,0.0006259134867898288,0.0075109618414779256,0.1550877039115282,-0.046932445360234255,-0.016012355927701397,0.06432801574690966,0.021084096676935418,0.027949746483933117,0.08695652173913043
Новоаннинский муниципальный район,0.020772534087999395,0.024179291017545346,0.0005677928215909925,0.006813513859091902,0.05649247950229591,-0.0036905744678755433,-0.0024948249786193744,-0.005515207991255675,0.002369649112578264,0.014169274229955339,0.0
Новобурасский муниципальный район,-0.18853036140516247,-0.1956465211027886,-0.0011860266162710214,-0.014232319395252269,0.07001663883738508,0.013660779243847407,-0.008937066045225114,-0.018428778458701802,0.04396958324373566,0.040006538546197526,0.0
Нововаршавский муниципальный район,-0.13011310060326328,-0.1163775036073238,0.002289266165989912,0.027471193991878955,0.1491441619051469,0.010064436977691545,0.037173591933633246,0.017097744613367098,-0.025768018298320386,0.03989591386676095,0.0
Новодеревеньковский муниципальный район,-0.05708429617894528,-0.08885138431489577,-0.005294514689325083,-0.06353417627190099,0.08736855544144098,0.014713670706589807,-0.003582202010229554,-0.011829974574638906,0.042371246052473124,0.021851481910481016,0.0
Новодугинский муниципальный район,0.010731354079738983,0.00793418210747543,-0.00046619532871059214,-0.005594343944527107,0.06159389050812481,-0.003943898836008503,-0.011461892007432247,0.006912337944629355,0.0250106599676575,0.026637012193365485,0.08695652173913043
Новониколаевский муниципальный район,0.005353659805897193,0.0008230778897370487,-0.0007550969860266898,-0.009061163832320288,0.08250118421473224,0.009398821498801705,-0.027209308640795245,-0.009370718743344239,0.0318066525466967,0.018420541121729986,0.0
Новоорский муниципальный район,-0.16255314976845248,-0.15516240723719785,0.001231790421875773,0.014781485062509278,0.06748921747234447,0.007983492187311512,0.009194285663571368,-0.011131725971719795,-0.03895948520229088,0.029660140531080126,0.08695652173913043
Новоселицкий муниципальный округ,-0.11092541090037811,-0.10924255363921764,0.00028047621019341236,0.0033657145223209284,0.12422415798157803,0.034347812265933045,-0.018788885752665636,-0.02006077695972961,0.07576571045773829,0.0320161708762875,0.0
Новоселовский муниципальный район,0.07351701344919832,0.08435736132083171,0.0018067246452722332,0.02168069574326677,0.1061631496902504,-0.009073595806670713,-0.018028235880940338,0.0017565283007703824,0.02090573619647091,0.02325433759869496,0.0
Новосергиевский муниципальный район,-0.08658739698088118,-0.0963253969024948,-0.0016229999869356035,-0.019475999843227232,0.07918976221230699,0.011298811408824086,0.01629600062050747,-0.000940618052402757,-0.021993994658550797,0.01315307125196243,0.0
Новосибирский муниципальный район,0.4940002681719828,0.515270053194531,0.003544964170424701,0.04253957004509642,0.0900667947011307,-0.011794873841488952,-0.032309835150386164,0.0034596014125399576,-0.007364185688433139,0.0649477994189275,0.0
Новосильский муниципальный район,-0.10268014525054754,-0.09989462661732047,0.00046425310553784574,0.0055710372664541374,0.07755649659648606,0.0056923374783498385,0.0025413557846504006,-0.013681802201408338,-0.048886287049658195,0.030725137572354334,0.08695652173913043
Новосокольнический муниципальный район,-0.023914935236496238,-0.029679024681195838,-0.0009606815741166027,-0.011528178889399202,0.12476981535354068,0.012077789162513156,0.04627362654945248,-0.017999644659313245,-0.036125634274270006,0.03633260526265153,0.0
Новоспасский муниципальный район,-0.07569840033861934,-0.08096998138219276,-0.0008785968405955719,-0.01054316208714686,0.02845110847679303,0.002468094885017664,-0.0007796002090180753,-0.0005055980642088812,-0.01301506670945023,0.02083165316589362,0.0
Новоторъяльский муниципальный район,-0.2343743165992258,-0.22869006064598052,0.0009473759922075464,0.011368511906490575,0.11973320075302112,0.02328209303348117,0.04129803366937868,-0.023049437888203496,-0.006823097161549475,0.02894385537241522,0.0
Новоузенский муниципальный район,-0.1406668887005845,-0.13657154743965597,0.0006825568768214198,0.008190682521857026,0.03836989745824067,0.0012645300331794826,0.00741017451890634,0.006113076496304324,-0.00794902191873462,0.021170529010087258,0.08695652173913043
Новошешминский муниципальный район,-0.15031048331792443,-0.15071864519066983,-6.802697879090015e-05,-0.0008163237454907879,0.1332904969269036,0.00723118962739331,0.023637473342273035,0.0005601175909342327,-0.023826644690608197,0.026064336508178215,0.0
Нолинский муниципальный район,-0.14354781166346697,-0.15499267899928112,-0.0019074778893023584,-0.022889734671628286,0.06127060030309462,-0.002695153714695253,0.016333267073448468,-0.0018171492189348062,-0.03477980156395919,0.01492588131895099,0.0
Нукутский муниципальный район,0.058205240980664895,0.04084563284973486,-0.002893268021821672,-0.034719216261860066,0.08565631972400162,-0.022903254444284045,-0.009945722961065532,0.0391297089939713,0.045698567165827576,0.029172549976923052,0.0
Нуримановский муниципальный район,-0.09199995000719856,-0.10540878849789485,-0.0022348064151160502,-0.02681767698139259,0.08147653882195119,0.0038325482372905816,0.022285937575997596,0.010998126441276143,-0.0009229018213932072,0.02249397292460053,0.17391304347826086
Нурлатский муниципальный район,-0.020552965630519743,-0.0084649783734528,0.0020146645428444914,0.02417597451413389,0.072384248836513,0.00016150553438659906,-0.004431646170298098,0.00046113714820978085,-0.03998622972347107,0.009345034708723473,0.0
Нюксенский муниципальный округ,0.04707930810416502,0.01602180689887926,-0.005176250200880962,-0.06211500241057152,0.07849080182953566,-0.016123523976048826,0.009247775584652753,0.02597331081943553,-0.0042080871538671535,0.02190001174109961,0.0
Нюрбинский муниципальный район,0.3234729284655428,0.3283515161682781,0.0008130979504558821,0.009757175405470608,0.1871047221046035,-0.04680282952457985,-0.010774716442522545,0.11004136809650193,0.05785462443455759,0.03156496736081224,0.0
Нязепетровский муниципальный район,-0.0858290168605933,-0.08181885234214518,0.0006683607530746869,0.008020329036896237,0.041043697092737315,-0.002236880927550558,-0.0007990818858254478,-0.010367479838779567,0.004157199088361709,0.01704420797732604,0.08695652173913043
Няндомский муниципальный округ,0.24881977907661282,0.23719813683883473,-0.001936940372963021,-0.023243284475556198,0.06285677541739759,-0.02507469477612011,0.012357490509606025,0.032493130281990426,-0.013654969948607855,0.01345818967667594,0.08695652173913043
Облученский муниципальный район,0.4541467283557219,0.4620481638882028,0.0013169059220801496,0.01580287106496181,0.05752748048608981,-0.016279356768279726,0.003370835538950394,0.015285732145143744,-0.0030783069756796996,0.029425598470213653,0.0
Одесский муниципальный район,-0.14381634070129135,-0.1837471756664956,-0.006655139160867375,-0.07986166993040851,0.10355590356563288,-0.015559492600320713,-0.01603576326592987,0.04367778207336707,0.012978847028788825,0.03188339393480228,0.08695652173913043
Одоевский муниципальный район,0.10697573191016378,0.1193631550203748,0.002064570518368502,0.02477484622042203,0.06074439338085902,0.00990369361628244,0.005106317183051693,-0.021933574075841504,-0.021229667093497787,0.03289430226766593,0.0
Озинский муниципальный район,-0.09550075397824294,-0.10399009947024702,-0.0014148909153340148,-0.01697869098400817,0.0569245446173523,0.02076798393286702,0.0005345422021258017,-0.01553556862543822,0.03391442923397914,0.029707138927945687,0.0
Оймяконский муниципальный район,0.7519463290644705,0.7640221107496147,0.002012630280857382,0.024151563370288603,0.2344043627006649,-0.04983410159035923,-0.08512396530007987,0.10936902703409071,0.05925547281078954,0.04408200999859404,0.0
Оконешниковский муниципальный район,-0.13667704747163514,-0.17571077581607378,-0.006505621390739773,-0.07806745668887727,0.12930065319193268,0.018345275637232723,-0.03765846873304993,-0.014244134878339426,0.09460063428390794,0.025776243307316454,0.17391304347826086
Октябрьский муниципальный округ,0.0714452728500891,0.04477919678273068,-0.004444346011226408,-0.053332152134716836,0.158073909737709,0.0495470106014914,0.027965344303028043,-0.05934044530755081,0.010245625259975709,0.043162368055542306,0.0
Окуловский муниципальный район,0.15840728217384537,0.15148907668495562,-0.0011530342481482917,-0.01383641097777947,0.057761362346643925,0.004852442737804085,0.007061971211722017,-0.0053296418499098035,0.008223208431102767,0.013300546838634698,0.17391304347826086
Олекминский муниципальный район,0.5739468632948677,0.575461404851417,0.00025242359275820693,0.0030290831130985,0.19342409969236668,-0.06523758728383826,-0.014054059994083868,0.11070561266798412,0.03205733609546228,0.03272535575183275,0.0
Оловяннинский муниципальный район,0.1665107568625029,0.16275761740033756,-0.0006255232436942252,-0.007506278924330682,0.0747167585773075,-0.009132780336991166,0.006719260652968975,0.017575416969332458,0.03339167430072536,0.026657331203926504,0.0
Олонецкий муниципальный район,0.20225032459178505,0.1959558706623552,-0.001049075654904976,-0.012588907858859688,0.05046065025777703,-0.011235747633411088,0.014502057729765153,0.016325322886691467,-0.02783846883250371,0.017190152116354444,0.0
Ольгинский муниципальный округ,0.20120813645577265,0.21577536088826443,0.0024278707387486286,0.029134448864983547,0.07022679540001127,0.005957661042137342,-0.017528222857777456,-0.0071018733361524295,0.042361410669924375,0.02651785821467625,0.0
Ольховский муниципальный район,-0.07223361412604919,-0.07857377095369482,-0.0010566928046076042,-0.012680313655291245,0.07025621918000172,0.017848086671078466,0.0006556229388787586,-0.030212381672376665,0.030112194418756767,0.029604540036000274,0.0
Ольхонский муниципальный район,0.037407588555347836,0.01744949409664409,-0.003326349076450624,-0.03991618891740748,0.1702820541517001,-0.05405082224127085,-0.0002609984230305661,0.07640498823296767,-0.06528084586587513,0.04095787090398692,0.0
Олюторский муниципальный район,0.8278533269218071,0.8364957734067696,0.001440407747493729,0.017284892969924748,0.2616014537519659,-0.08699697547716306,-0.08205751501523537,0.1360122397680185,0.022754988646363477,0.051091155887604794,0.0
Омский муниципальный район,0.09341862445645115,0.09159159760823332,-0.0003045044747029712,-0.0036540536964356405,0.07014572248108325,-0.002704587777329238,-0.019563765419627795,-0.0008259289882186101,-0.010480266942858009,0.05253276806902977,0.0
Омутинский муниципальный район,0.062101949599461616,0.047387034734760324,-0.00245248581078355,-0.029429829729402595,0.0510844880466295,-0.007779706133517842,-0.012817744958766662,0.01300152886071835,0.012909486358597538,0.01940502590461797,0.0
Омутнинский муниципальный район,0.020730512108622607,0.0020621815774973427,-0.003111388421854213,-0.03733666106225053,0.06226271833063423,-0.004733229241828358,0.02004269328947663,0.015493396776255044,-0.027784680169371315,0.01955818417399611,0.0
Онгудайский муниципальный район,0.000864283489884062,0.01661378403321449,0.002624916757221743,0.03149900108666085,0.20060208539358804,-0.05941183450916949,-0.05782144591193533,0.06880270652702317,0.026135661948972863,0.04055623735789746,0.13043478260869565
Онежский муниципальный район,0.2340061126321451,0.2248491000454759,-0.0015261687644448686,-0.018314025173338393,0.041627676368440995,-0.006199944125160857,0.01403749716309557,0.013289592914478184,-0.010669533548749624,0.011516998259441642,0.0
Орджоникидзевский муниципальный район,-0.05044811266108266,-0.04982048168988825,0.00010460516186573541,0.0012552619423888227,0.066805518783383,-0.007430259591893772,-0.004277913308230859,0.024219903797856823,0.03491716044179484,0.03057970082874713,0.08695652173913043
Ордынский муниципальный район,0.08154605410567695,0.08558626581132171,0.0006733686176074613,0.008080423411289525,0.08108716728664431,-0.0037682359805712605,-0.029359592380497585,0.004131776396613083,0.020372935003061067,0.012900703432907537,0.08695652173913043
Оричевский муниципальный район,-0.09389152855820078,-0.1189248140633256,-0.0041722142508541366,-0.05006657101024962,0.09147502658800577,0.031226151681649363,0.016851707718914803,-0.02992881974101686,-0.022487430765672216,0.025072121634533272,0.0
Оршанский муниципальный район,-0.22636396307668324,-0.23687540348744549,-0.0017519067351270427,-0.02102288082152448,0.15742833062889017,0.04553990454651373,0.05909444350370786,-0.05616728671384674,-0.05465512668590406,0.02615355337564929,0.0
Осинский муниципальный район,-0.01821877802728496,-0.037726824288993065,-0.0032513410436180177,-0.0390160925234162,0.11688025578839487,-0.022931898592812295,-0.00952668273952334,0.04329359637694626,0.025688942492239266,0.021976819689780186,0.08695652173913043
Островский муниципальный округ,-0.12660449377694585,-0.13187363125680504,-0.0008781895799765278,-0.010538274959718338,0.04926674558663653,0.005319378908317818,0.007031741275736175,-0.011782007510975571,-0.00027135450968043557,0.026591069922718136,0.08695652173913043
Охотский муниципальный округ,0.600087966009578,0.6132771121831886,0.002198191028935098,0.026378292347221183,0.14711187677376453,-0.009472832609306675,-0.06389707166538564,0.046634619994387144,0.023728534269925855,0.03358908311813985,0.0
Павинский муниципальный округ,-0.15703694133150084,-0.12813549120478873,0.004816908354452023,0.05780290025342424,0.13262012917635524,-0.03344362375256468,-0.021382630523675592,0.032999341290340746,0.040658612674511575,0.030895649632315492,0.0
Павловский муниципальный округ,0.26142745165184594,0.2870664078977481,0.004273159374317037,0.05127791249180443,0.04316842172149483,-0.0008229535905509506,-0.01585530137369423,-0.007839780634905312,0.011087953174041106,0.015589607674869251,0.0
Павлоградский муниципальный район,-0.10501445374036626,-0.12786704752839753,-0.0038087656313385457,-0.04570518757606257,0.06957990549483853,-0.005710451536730996,-0.011303908864924137,0.007099800112666267,0.017207209712418434,0.024622898697905626,0.17391304347826086
Палехский муниципальный район,-0.0703955111724035,-0.06633315204513135,0.0006770598545453594,0.008124718254544305,0.08479364776457253,-0.00043657177962792024,0.005335208241315987,-0.023030751907103696,0.02020996651720863,0.019994435739648736,0.0
Палласовский муниципальный район,-0.09534117629250456,-0.0996090297154395,-0.0007113089038224884,-0.00853570684586987,0.05250884254284824,0.006216594186355799,0.004953564397960847,-0.012598549894551225,0.005113472391886607,0.02108266664357969,0.0
Панкрушихинский муниципальный район,-0.14203154049801867,-0.13704143378787106,0.0008316844516912657,0.009980213420295167,0.11600826791621344,-0.03918137898298704,-0.0028066583268436026,0.05926813243103676,0.014454361712337585,0.03516223782339777,0.0
Парабельский муниципальный район,0.20979680996660935,0.20575384813167238,-0.0006738269724894998,-0.008085923669873965,0.07359125154142727,-0.02176290769053348,0.02118041669672312,0.03484310830635782,-0.04233249563484193,0.02570626736181479,0.0
Параньгинский муниципальный район,-0.31959284234138813,-0.31531838411899643,0.000712409703731951,0.008548916444783394,0.10564883622875221,0.011639461953415456,0.03365317774912835,-0.018185991483495742,-0.04930620637010398,0.027073854581568094,0.0
Парфеньевский муниципальный округ,-0.08838856275668235,-0.07520050718033255,0.0021980092627249667,0.026376111152699593,0.10734549217772646,-0.01795844160244559,0.022551878708926797,0.027653416583452543,-0.015638235794176086,0.03968785019988849,0.2608695652173913
Парфинский муниципальный район,-0.01576142934891685,-0.00771079706403525,0.0013417720474802675,0.016101264569763202,0.07771145188741824,-0.013269778251734999,0.009893146585559016,0.006706219590476459,-0.04650183353841028,0.0513403544326163,0.0
Пачелмский муниципальный район,-0.18935698208633847,-0.2072665913614539,-0.0029849348791859036,-0.03581921855023085,0.11299296994235217,0.029962584886780927,0.014505414208281792,-0.03483526190373441,0.02882409826604964,0.03835959207948859,0.0
Первомайский муниципальный округ,-0.10909172702872631,-0.12520081155329343,-0.0026848474207611887,-0.03221816904913425,0.08735946462354446,0.021919647584565063,0.02152615660364929,-0.019918784033859122,-0.02715956758116955,0.06606679695745582,0.0
Переволоцкий муниципальный район,-0.17129695834380954,-0.18338018031238987,-0.0020138703280967196,-0.024166443937160647,0.049867842604701576,0.01676422005072536,0.0010943988801930841,-0.01224806447205363,0.018574537444381332,0.02896096381863828,0.0
Перелюбский муниципальный район,-0.17017059913595625,-0.17996440147708345,-0.001632300390187864,-0.019587604682254362,0.0473354911162498,0.008504609440812327,0.004153190854367692,-0.005122411781928501,0.0257553145342362,0.03372075391757011,0.0
Перемышльский муниципальный район,-0.04171491687326534,-0.07432294953613387,-0.00543467211047809,-0.06521606532573705,0.16223888220199434,0.06490348876114244,0.0037786270073874202,-0.06926080728164413,0.0204813991115472,0.04195630924761642,0.0
Пестравский муниципальный район,-0.001717873325576491,0.01494316653129705,0.002776839976145591,0.03332207971374709,0.039193261083427064,0.008715028147507005,-0.006644276341382903,-0.013034185492004401,-0.005815339253913596,0.023938082690007193,0.0
Пестречинский муниципальный район,0.18115789008835192,0.1708246606947085,-0.0017222048989405717,-0.020666458787286828,0.06238581041559689,-0.00401854244979417,-0.016339562469874384,-0.004328009187394616,-0.03587763793786339,0.04458084145761996,0.0
Пестяковский муниципальный район,-0.1887584454639657,-0.21042229774349627,-0.0036106420465884283,-0.04332770455906113,0.11036872903674749,0.004744029201843249,0.01374638516315917,-0.015913237560496295,0.0015068066731321675,0.03908982744056323,0.0
Петровск-Забайкальский муниципальный район,0.0365003348547186,0.04201432572115301,0.0009189984777390701,0.011027981732868822,0.08672950741705665,-0.020847688026750535,-0.013731010861823285,0.03206172258285825,0.046310439334223866,0.021454161444525218,0.0
Петровский муниципальный округ,-0.08077174381545789,-0.07023508355751806,0.0017561100429899724,0.02107332051587966,0.0732088330660469,0.027915879630628193,-0.010601945048792348,-0.03358868369400614,0.03595963191869296,0.021600164601823988,0.0
Петровский муниципальный район,-0.13246428545785793,-0.1325650191862202,-1.6788954727045393e-05,-0.0002014674567245578,0.03990954082458356,0.00864633608661015,0.0018892749305217467,-0.020360331867217814,0.012038254927743738,0.013948011082243127,0.0
Петуховский муниципальный округ,-0.19126772804307746,-0.2041625386868482,-0.0021491351072951245,-0.025789621287541475,0.07828006776310603,0.022381395541124748,0.013928251674492376,-0.02220494754158334,0.03137484757671789,0.03168462351191386,0.0
Петушинский муниципальный район,0.3701639914831738,0.3908263634002334,0.0034437286528432734,0.04132474383411925,0.05305326114629055,-0.003161859981427514,-0.016781985773199327,-0.004903593177974057,0.009554206118520411,0.021969563237155185,0.0
Печенгский муниципальный округ,0.7517216124055013,0.7373708161111553,-0.0023917993823910034,-0.02870159258869191,0.0866185076778728,-0.028232061791708025,-0.0021765624253345327,0.03290329371340246,-0.01660700701927415,0.02012807857348573,0.0
Пий-Хемский муниципальный район,-0.05169244579583624,-0.02679397945111628,0.004149744390786663,0.04979693268943993,0.16361416505752008,-0.03805097855317287,-0.022756051073374882,0.06760576363855374,0.08707374740903498,0.05782953582296265,0.08695652173913043
Пильнинский муниципальный округ,-0.025621763226226262,-0.029365799158607004,-0.0006240059887301239,-0.007488071864761488,0.03391247352520294,-0.005885878947035456,-0.005109715370961504,0.007174146242294629,0.011933974134879921,0.01356145656272364,0.0
Пировский муниципальный округ,0.009744497280703182,0.0039032664937079056,-0.0009735384644992135,-0.011682461573990555,0.11454915777223348,-0.008825010208982987,0.01940663154933263,0.0050333520825076436,0.019728641218168683,0.02449047414742389,0.0
Пителинский муниципальный район,-0.08198433392437592,-0.08313946216332664,-0.00019252137315845473,-0.00231025647790147,0.1408519123353869,0.014683159553399012,-0.018162593376020657,-0.02945801522573464,0.06042903632977853,0.04104700092784391,0.0
Питерский муниципальный район,-0.1568292438860092,-0.14508952082436824,0.0019566205102734932,0.0234794461232819,0.06442344434639473,0.01633261658494998,-0.00971486308811204,-0.015703683879084065,0.02484744029423944,0.02214364859449129,0.0
Питкярантский муниципальный округ,0.3279203712020767,0.3172550265934338,-0.0017775574347738171,-0.02133068921728576,0.06300413085212828,-0.022860684679349687,-0.003934854108967622,0.024306601697537997,-0.03768083538114376,0.020802910293643683,0.0
Пичаевский муниципальный округ,-0.1765172465555708,-0.16698989357203686,0.0015878921639223256,0.019054705967067893,0.10978052769539653,0.015026211079288867,0.025520522341679112,0.0005113605439337881,-0.02622564520216016,0.04465296862275155,0.08695652173913043
Плавский муниципальный район,0.19184220750521508,0.1902600337351538,-0.0002636956283435467,-0.003164347540122551,0.06858089016234943,0.017397482399116183,-0.013279336366453122,-0.03376211089116916,0.018299990047592567,0.021153241017971863,0.0
Пластовский муниципальный район,0.1063962408572221,0.10186219473342477,-0.000755674353966224,-0.009068092247594675,0.033264433471793274,0.006551287947854889,-0.005967495955135201,-0.0130894553394384,-0.002531237559783817,0.01891515443607658,0.0
Плесецкий муниципальный округ,0.2655724463375077,0.26003694802025584,-0.0009225830528753071,-0.011070996634503652,0.0604678563292447,-0.012667989982998822,0.017518163479221947,0.01404879828896229,-0.020628596919054776,0.012980081958418837,0.08695652173913043
Плюсский муниципальный район,-0.009638020733304367,-0.03133113698212572,-0.0036155193748035577,-0.043386232497642695,0.08028251647729687,-0.015482331437343632,0.006906110592630939,0.00989923362623184,-0.04844337892050073,0.038676926918425635,0.0
Пограничный муниципальный округ,0.1456966758341586,0.12680996972220834,-0.0031477843519917164,-0.03777341222390055,0.08152572119215928,0.016786907060492764,0.021303387361675016,-0.006448063595233787,-0.004595597969892638,0.016319781891103044,0.17391304347826086
Поддорский муниципальный район,-0.010176880454314308,-0.024148624083665766,-0.002328623938225243,-0.02794348725870292,0.11505915369782668,-0.017310125721035255,-0.022688094100764916,0.036960531257491866,0.014181302178349765,0.04638173210056033,0.17391304347826086
Подосиновский муниципальный район,-0.1298102918854933,-0.138121582710551,-0.0013852151375096159,-0.016622581650115393,0.09370227823315397,-0.02869533162143119,0.015392827599964742,0.0342871811256202,-0.05601697217397597,0.011502540606586113,0.0
Подпорожский муниципальный район,0.2826106551865837,0.2976295784548024,0.0025031538780364545,0.030037846536437485,0.06827898805735891,-0.02508176025370848,0.004111203303062392,0.02972569297890811,-0.020781886006632496,0.01678264260539591,0.2608695652173913
Пожарский муниципальный округ,0.3157834904071671,0.32765716326050737,0.001978945475556707,0.023747345706680505,0.06128985902462035,0.022186287285459433,0.005988313945600775,-0.031164553753301294,0.007164979620339341,0.017082203120513288,0.0
Покровский муниципальный район,-0.09722028898889283,-0.12145918483671325,-0.004039815974636736,-0.04847779169564085,0.05287054997996291,0.0016657039815961366,-0.0050855358909119635,-0.008346682509871728,0.01462638752101426,0.02876186049457391,0.0
Половинский муниципальный округ,-0.2841671417200558,-0.3011018871270621,-0.0028224575678343754,-0.03386949081401255,0.09488577534824834,0.022832469323826814,-0.012966083964715273,-0.02863963749128404,0.006488451840026367,0.04080788880669217,0.08695652173913043
Полтавский муниципальный район,-0.08199533592835546,-0.08789855432285358,-0.0009838697324163503,-0.011806436788996214,0.07243769455549992,-0.0005955766520083823,-0.01994580968934514,0.005461239143711849,0.022799707906350174,0.026412292636617554,0.0
Поназыревский муниципальный округ,-0.10299706451479078,-0.08468211133834276,0.00305249219607467,0.036629906352896015,0.09498811946526114,-0.014161046754830823,0.03053790742362069,0.021892188295788227,0.015638738428585916,0.018592852022677585,0.0
Порецкий муниципальный округ,-0.21347972283836483,-0.2159018161469448,-0.0004036822180966616,-0.004844186617159944,0.0876960895230788,0.01205642586917905,0.021925143723495067,-0.018111311890221943,-0.01555318381614958,0.027273062195676063,0.08695652173913043
Порховский муниципальный район,0.03837507753484223,0.027234793909246473,-0.0018567139375992925,-0.022280567251191503,0.045343953429375305,-0.006922686412999431,0.004348158231516921,-0.0009351712427817902,-0.026059412437700866,0.019488550442809314,0.0
Поспелихинский муниципальный район,-0.0854420283488951,-0.08940911652420021,-0.0006611813625508502,-0.007934176350610223,0.08729738103727722,-0.02860723836788447,-0.016947785624437453,0.03837810047201498,0.009041726617597258,0.017433273104289004,0.08695652173913043
Похвистневский муниципальный район,-0.12429301880321919,-0.09324141300024147,0.005175267633829624,0.062103211605955444,0.06736704957728303,-0.009459276474673074,0.025165484666094716,0.015056033971305836,-0.02525531941189765,0.03336442623878641,0.08695652173913043
Починковский муниципальный округ,0.07106236653863192,0.0722331325985796,0.00019512767665794448,0.0023415321198953323,0.09700027541659681,-0.03619078638490608,0.004660745747412752,0.03258425518581747,-0.030976747671915363,0.029065226127384717,0.0
Починковский муниципальный район,0.023327191027208743,0.028155030432041112,0.0008046399008053951,0.009655678809664744,0.03615236875187356,0.010902168380106908,0.009914608145262602,-0.014718277734941745,0.009268611746939843,0.026950699544805053,0.0
Пошехонский муниципальный район,-0.07412032112594631,-0.07900752293540192,-0.0008145336349092671,-0.009774403618911206,0.0770012807807346,0.02279435871365417,-0.0007955607937194297,-0.03443900824576383,0.026319426779070086,0.021684176796698713,0.0
Правобережный муниципальный район,0.02599644150945779,0.04600361080287696,0.0033345282155698643,0.04001433858683834,0.1347060654595818,-0.010386097862110765,-0.04765267802522377,0.006612418424550007,-0.008239719553857529,0.06530737524949094,0.0
Предгорный муниципальный округ,0.17299515414010544,0.20098466379480154,0.004664918275782688,0.05597901930939223,0.07912263729688415,0.003947633297305723,-0.031582059809217536,-0.010751056053553172,0.001173400488919757,0.047087064476124464,0.0
Приаргунский муниципальный округ,0.17036006292667083,0.18395663624916989,0.00226609555374984,0.027193146644998095,0.07527855393791352,-0.02237479638221124,-0.00212406893196698,0.04318811477917787,0.011274452001889377,0.027035160666159436,0.0
Приморский муниципальный округ,0.4384506290879368,0.45080831351698203,0.002059614071507541,0.024715368858090486,0.06681840386504818,-0.014864039253631622,-0.026058125240499677,0.014031229129113167,-0.03154463213403472,0.07005195859757897,0.0
Приозерский муниципальный район,0.42362113311766064,0.45378964072281436,0.005028084600858954,0.06033701521030747,0.0702653922315002,-0.01252122306644773,-0.019138653836619446,0.007683443050164083,-0.019730828840170397,0.011586266198897391,0.0
Прионежский муниципальный район,0.47023695584426844,0.4927962126268037,0.0037598761304225357,0.04511851356507046,0.2248908235626457,-0.06993705667783073,0.06844501136425452,0.0953501033525084,-0.1043633590985156,0.05168689075332583,0.08695652173913043
Притобольный муниципальный округ,-0.28653740239202996,-0.30411084866341564,-0.002928907711897614,-0.03514689254277137,0.06908343441541476,-0.004141406671615283,0.019405298397022184,-0.004220432099592646,0.0014360700019872517,0.030935920410248126,0.0
Прокопьевский муниципальный округ,0.16369944745573695,0.1607607029232061,-0.0004897907554218072,-0.005877489065061692,0.05675730283015964,-0.009484251323278597,-0.013202612042507198,0.005982682195167379,-0.0005052958104489582,0.026049001615112543,0.0
Промышленновский муниципальный округ,0.09396689235871396,0.10951446936448613,0.0025912628342953633,0.031095154011544352,0.09746856759317934,-0.03744450945725878,-0.02376627693085924,0.04624621600990761,0.0022873863001273732,0.021744320879898187,0.0
Пронский муниципальный район,-0.002474601619848471,-0.003572616500627864,-0.00018300248012989904,-0.0021960297615587856,0.05629083718784538,0.012528198013677397,0.007632169196075696,-0.021021981840729554,-0.01643246021702429,0.019865381503434545,0.0
Пряжинский муниципальный район,0.14184754207086905,0.11475031926333094,-0.004516203801256357,-0.05419444561507625,0.09279621147258763,-0.035655675507891976,0.025584565257888034,0.04784724165240531,-0.03886234177620825,0.043837413226680194,0.0
Псковский муниципальный район,0.5246611090423591,0.5484292958710046,0.003961364471440934,0.04753637365729121,0.07393431322253347,0.0015853136572261377,-0.030699036182945623,-0.005561404903965953,0.024399293289731394,0.020092376968269873,0.0
Пугачевский муниципальный район,-0.022288760802291252,-0.011602366958184026,0.0017810656406845398,0.02137278768821445,0.04699909108659033,0.0006342426621526516,-0.022294674318239616,0.0042308573217052226,0.017870812081958353,0.019578107140548216,0.0
Пудожский муниципальный район,0.21556786499868266,0.21238030840532351,-0.0005312594322265285,-0.0063751131867183135,0.06457880835137468,-0.019675179159124714,0.018998744767335776,0.022700461612434848,-0.004518971689428577,0.015310166161300792,0.0
Пустошкинский муниципальный район,-0.004456302651444514,-0.024657084164734517,-0.0033667969188816687,-0.04040156302658001,0.07678103477796488,0.0043861693796421065,-0.0023442540069171826,-0.006657109587384838,0.003736673257958586,0.027105375763944017,0.0
Путятинский муниципальный округ,-0.07553501954463633,-0.06718729554938611,0.0013912873325417046,0.01669544799050045,0.11943317104012002,0.012996711237352599,0.03532841524573331,-0.02778310150103066,-0.06163796480984847,0.080921469139256,0.0
Пучежский муниципальный район,-0.15485561855150612,-0.1474118512755561,0.0012406278793250082,0.014887534551900098,0.08453350276841422,0.0160742720984922,0.012350575645852013,-0.01898244053424751,-0.010560220816340608,0.02186720990773411,0.0
Пушкиногорский муниципальный район,0.0749506225180591,0.058910469390312116,-0.0026733588546244977,-0.03208030625549396,0.05466881857310055,-0.012881667341550955,-0.007475883927587738,0.0033786815623361812,-0.003610302544996285,0.022803389942125704,0.08695652173913043
Пыщугский муниципальный округ,-0.15421287966406538,-0.13174342863788654,0.0037449085043631436,0.0449389020523577,0.1210140034954248,-0.03227848745644105,-0.004343572798843184,0.017723351776186655,-0.0013492483200647082,0.020015520533597203,0.0
Радищевский муниципальный район,-0.15514709336782917,-0.16402462257235464,-0.0014795882007542472,-0.017755058409050967,0.08062266585289157,0.010515842285460996,-0.01154181960794447,-0.01634563704087012,0.04880928304996099,0.03847383836564546,0.0
Ребрихинский муниципальный район,-0.24418148241000312,-0.24983081657097786,-0.0009415556934957894,-0.011298668321949515,0.0986223898438812,-0.04417505848629601,0.013406672074991188,0.055591371052722764,-0.01971781335668636,0.04030545998417364,0.0
Ржаксинский муниципальный округ,-0.11812713268686419,-0.10974881835013583,0.0013963857227880581,0.016756628673456692,0.06283045551538197,0.02249689733358015,0.0018486349037035376,-0.021578189053974798,0.009301815458396404,0.0334401761742441,0.0
Ровенский муниципальный район,-0.19557724834217058,-0.20324722763565836,-0.0012783298822479632,-0.015339958586975566,0.07553648294996367,-0.0006620631394317532,-0.008527620478147126,0.005852123076735221,-0.022266902518593527,0.029923646401968106,0.0
Родинский муниципальный район,-0.1769649938756026,-0.1852534649460423,-0.00138141184507328,-0.016576942140879385,0.0996899707873844,-0.028096976926541284,-0.01909565890169121,0.04096514448070761,0.01649272564320603,0.019574595150019285,0.0
Родниковский муниципальный район,-0.02939263145447546,-0.029440151851320834,-7.920066140896786e-06,-9.504079369075195e-05,0.055345986240567815,0.0087708463636957,0.0057120091300236365,-0.019288944582215885,0.026765087747312462,0.013894063530928683,0.0
Ромненский муниципальный округ,0.03545200167714794,0.023327121463400918,-0.002020813368957839,-0.02424976042749405,0.08145191810670754,-0.020066350324979706,0.0016000986408124193,0.04224068907462124,0.041441662156569734,0.04808541270752063,0.0
Ромодановский муниципальный район,-0.197942756304022,-0.19678498061745162,0.00019296261442839675,0.0023155513731407673,0.12599738006828998,0.0014163271914560266,0.014513644274145416,0.008085827714756508,-0.07506232654786615,0.02649949092359497,0.0
Рославльский муниципальный район,0.12538842192175678,0.12166776086047208,-0.0006201101768807835,-0.00744132212256939,0.0392779846738319,0.004396162771919445,-0.0050291556160432455,-0.012134154678447827,0.02216271937249887,0.017161748668021726,0.0
Ростовский муниципальный район,0.1931172682294129,0.20063044873061653,0.0012521967502006064,0.015026361002407285,0.06159835833380496,0.0021664174485159487,-0.01677516210703678,-0.010391352276872927,0.0035740018497729675,0.032502783180340805,0.0
Ртищевский муниципальный район,-0.07643857916332968,-0.07728771543814705,-0.00014152271246956326,-0.0016982725496347644,0.058707472551724385,0.01584611208876556,-0.013602093112335057,-0.02293748007371095,0.01362224033788291,0.014398767486743423,0.0
Рузаевский муниципальный район,0.08089449418840822,0.08876091380478564,0.0013110699360629034,0.015732839232754852,0.0504821937148488,0.013495191398329298,0.003897602995834891,-0.02773786776172653,0.01857324266778572,0.02312144862401942,0.0
Русско-Полянский муниципальный район,-0.1015057713716024,-0.10327255553170882,-0.00029446402668440206,-0.0035335683202128245,0.058969794666165976,0.012319920847042344,-0.007737654500313608,-0.006063736716181166,0.014612968526417303,0.018247061145505946,0.0
Рыбно-Слободский муниципальный район,-0.2683679180146213,-0.27373742785330285,-0.0008949183064469216,-0.010739019677363052,0.08263989525583182,0.023017897974121786,0.017165657079458267,-0.033979913955188595,-0.004958220008312215,0.03898294655448215,0.0
Рыбновский муниципальный район,0.11893092612142146,0.14019076596641597,0.003543306640832418,0.04251967968998901,0.09641501602585095,0.02265373348967784,-0.029020919059869102,-0.04277378350687179,0.008555526301019259,0.01708350188848783,0.0
Ряжский муниципальный округ,0.09766584152388653,0.10133309512016171,0.0006112089327125285,0.007334507192550355,0.057466184282077344,0.012091667918869734,-0.009006239802606435,-0.019846074651092827,0.009018246107781791,0.012607642890223281,0.0
Рязанский муниципальный район,0.308680264947738,0.3166216345774715,0.0013235616049555889,0.015882739259467076,0.06658982120531333,0.00762877391773316,-0.027236641948125695,-0.019112529687106024,0.009801410050652007,0.02133112895397689,0.0
Сабинский муниципальный район,-0.19791378040610516,-0.206666626866284,-0.001458807743363142,-0.017505692920357713,0.11979490741180793,0.018198275501004977,0.015908476074025516,-0.01861970070386346,-0.04428721610612063,0.02482120231020296,0.0
Савинский муниципальный район,-0.1163749884430274,-0.11515367101844982,0.0002035529040962636,0.002442634849155153,0.10080411246801957,0.026214404817197584,0.007114322052424545,-0.045504353987581,0.029624581270794835,0.024116117343908974,0.0
Сакмарский муниципальный район,-0.2505588456885303,-0.27684072966850987,-0.004380313996663263,-0.05256376795995917,0.08622877457909871,0.03371906199501562,-0.0012232179867658166,-0.032883556493690284,0.014429074183231892,0.03318475061421037,0.0
Салаватский муниципальный район,-0.08210108565830161,-0.07274827186584935,0.0015588022987420452,0.018705627584904534,0.04715877286662923,-0.011213410668629898,0.01236743907382758,0.013998289561787216,-0.025036561965591893,0.018524590684111903,0.0
Самойловский муниципальный район,-0.166816946665155,-0.1635211135195472,0.0005493055242679692,0.006591666291215621,0.10230579665110545,0.029634551532346738,-0.01774004057208244,-0.028304728873275627,0.06401603641177822,0.025488431214147726,0.0
Сампурский муниципальный округ,-0.1177764923942645,-0.1279661326023255,-0.0016982733680101696,-0.020379280416122025,0.07945086296119397,0.01099561357141638,0.009362630267101555,0.0015063710908617175,0.026050750070907493,0.02251684074053151,0.0
Сапожковский муниципальный район,0.0026958605982988124,-0.005703822867314153,-0.001399947244268827,-0.01679936693122593,0.1047792075793792,0.02397231991553524,-0.020897948921942706,-0.033963313242274244,0.01761200455193227,0.030167273812331058,0.0
Сараевский муниципальный район,-0.08583479989067715,-0.08207082794885083,0.0006273286569710545,0.0075279438836526325,0.08825716871817507,0.017327644098437456,-0.028864672182311195,-0.02888090104594341,0.02117146405768887,0.017802451065657827,0.0
Саракташский муниципальный район,-0.1246342934778885,-0.143165002425761,-0.003088451491312082,-0.037061417895744984,0.07519682149064542,0.014989712249284715,0.02495139659546593,-0.018641630521697414,-0.02356090298915055,0.01319362587494982,0.08695652173913043
Саргатский муниципальный район,-0.11565281619141181,-0.14040782469189375,-0.004125834750080326,-0.04951001700096391,0.07323944641441876,-0.0022326287423473407,-0.01360992700134118,0.02155557534987403,0.03454717394067232,0.028558158036187328,0.0
Сармановский муниципальный район,-0.22932769004369588,-0.25423588418721427,-0.0041513656905864,-0.04981638828703675,0.14640985596028105,0.03674775830233713,0.014262080083882519,-0.03352483313713158,-0.011382401149419397,0.028929359643941603,0.0
Сарпинский муниципальный район,-0.1097339731102156,-0.09403319494547994,0.002616796360789278,0.031401556329471315,0.1385248498467997,-0.010333729639709825,-0.0005112567020308375,0.02982040567177324,-0.01924026551409813,0.05944374630212394,0.0
Саткинский муниципальный район,0.19383268200889536,0.22336282382130568,0.004921690302068385,0.05906028362482063,0.04562334898994412,-0.0053621885590837345,-0.0027427177883414034,0.0026716402328067056,-0.02944348295277167,0.022330311454305397,0.0
Сафакулевский муниципальный округ,-0.26350872130970865,-0.2516543754884741,0.0019757243035390996,0.023708691642469137,0.08167473950535467,0.0016712934426753245,-0.005323365459292158,0.0027489375192647136,0.02380151165217225,0.03907619458937047,0.0
Сафоновский муниципальный район,0.14008680701947687,0.14604486201021105,0.0009930091651223607,0.01191610998146834,0.041265348787566145,-0.009191133694399925,0.0020232540703375252,0.004019258521446875,-0.027997799992565537,0.016926473371204457,0.0
Саянский муниципальный район,-0.019942711113301186,-0.02017206240525467,-3.8225215325580846e-05,-0.0004587025839069743,0.09377867585144326,-0.026360635283131817,0.020099898140532018,0.03249417423516306,-0.021430241571837032,0.031109145950964333,0.0
Свердловский муниципальный район,-0.1530574828091101,-0.17865153558222394,-0.004265675462185641,-0.05118810554622769,0.099411328934894,0.021276026511509383,0.015235621101490564,-0.03659447017175774,-0.03419020685991749,0.02966197322859084,0.0
Светлинский муниципальный район,-0.01727574684790123,-0.011250930466373266,0.0010041360635879946,0.012049632763055929,0.05265285010396897,-0.017402103209697664,0.005216878967406226,0.02644492510110917,-0.02847497287880164,0.028337709466442304,0.0
Светлоярский муниципальный район,-0.034720309090372936,-0.03491362807897502,-3.22198314336797e-05,-0.0003866379772041739,0.14145215439613812,0.05708446414467387,-0.02683340943240234,-0.0787396980264913,0.06137237155005179,0.034964524698679965,0.0
Свободненский муниципальный район,0.21196284967986698,0.18385802660354664,-0.004684137179386726,-0.05620964615264068,0.0572249437294347,-0.018577534641579244,-0.0009276804133121781,0.02752499585434792,-0.031844594302018386,0.01723490427598281,0.0
Себежский муниципальный район,0.10895687848670683,0.11003248911508257,0.0001792684380626194,0.002151221256751453,0.04248507010693188,-0.007214581031919646,0.005353282658167807,0.00986044726515729,-0.00784823712768224,0.011046834255722743,0.0
Северо-Енисейский муниципальный район,0.5241488605672232,0.5527007072283405,0.004758641110186212,0.05710369332223456,0.12728755292304567,-0.030066535954229777,0.001151616033396274,0.041050494470995826,-0.07893574162481087,0.02016643117882564,0.0
Сегежский муниципальный округ,0.3639175953258105,0.3643195491729321,6.699230785359911e-05,0.0008039076942432111,0.10923590457524737,-0.0035096935095309334,0.03684172036872539,-0.0023112077521485743,-0.055387733974099095,0.018260292978232527,0.0
Седельниковский муниципальный район,-0.16207466018557656,-0.16626105773719133,-0.0006977329252691262,-0.008372795103229524,0.09569879739332644,-0.025294447807514837,0.01201218051933991,0.04265835699487402,-0.010027229025008702,0.028897307613450066,0.0
Селемджинский муниципальный район,0.34665624315839977,0.32259074211241884,-0.004010916840996824,-0.04813100209196186,0.09560119364484437,-0.01158406284222019,-0.008430204836812304,0.027708832245938335,0.03607756114750747,0.04167315245252399,0.0
Селивановский муниципальный район,-0.03934651213253263,-0.060110588053122825,-0.003460679320098367,-0.04152815184118038,0.07714950782238292,0.025614651511838005,0.000248455425139659,-0.030436726248603142,-0.0020056479874766865,0.020669368785897556,0.0
Сенгилеевский муниципальный район,-0.18220384440484252,-0.18620888298418356,-0.0006675064298901677,-0.008010077158682035,0.0809020762554018,0.01137261901366143,0.012225724559197154,-0.01522659867186217,-0.038878914471744755,0.04222592826438399,0.08695652173913043
Серафимовичский муниципальный район,-0.0418737322565359,-0.048006168829684746,-0.0010220727621914742,-0.012264873146297687,0.056934786843556344,-0.0055378075659207925,0.013071053931616016,0.0027787005651265387,-0.006712314400209737,0.01589863019077642,0.0
Сергачский муниципальный округ,0.06404173559918735,0.060443947190026805,-0.0005996314015267576,-0.007195576818321096,0.04593192672726904,-0.0031438846678157467,-0.017758890885684726,0.000574369526660358,0.01435256332159338,0.013232337570505268,0.0
Сергиевский муниципальный район,0.025267925928866397,-0.002377053002525257,-0.004607496488565278,-0.05528995786278331,0.050866749915264894,0.012827458741816915,-0.010591132410737576,-0.022815906277575224,0.024131264925185907,0.03849282378155279,0.0
Сердобский муниципальный район,-0.04328751399746674,-0.04754913821695409,-0.0007102707032478928,-0.00852324843897471,0.06824524175117277,0.02646256845976428,-0.007196880026849484,-0.037561322667773775,0.010458293506515639,0.02204167387140866,0.0
Сернурский муниципальный район,-0.15567800529806494,-0.1366572547945887,0.0031701250839127042,0.03804150100695244,0.1002858080883978,0.02138501900807059,0.03534601426335485,-0.02566291227586511,-0.043127253721121014,0.0234051757474285,0.0
Серышевский муниципальный округ,0.18300522590590793,0.14232501596620425,-0.006780034989950615,-0.08136041987940734,0.10892252111011864,-0.008408180715783647,-0.0073273640036304434,0.028353903482057297,0.07166683145687106,0.019244906159643495,0.0
Сеченовский муниципальный округ,-0.040338241237130035,-0.04301886878450123,-0.00044677125789519836,-0.00536125509474239,0.045088650733971655,-0.00032394604245445865,-0.004497219979363443,0.0027636092044184034,0.018123850688000098,0.011625891263027661,0.08695652173913043
Сковородинский муниципальный округ,0.2510352296432412,0.24388923241364013,-0.0011909995382668479,-0.01429199445920215,0.06068238818020297,-0.017058817678005822,-0.000910623252379139,0.02013104506138177,0.002070573799623006,0.033413812181608604,0.0
Сладковский муниципальный район,-0.04304996535974944,-0.07057653584948935,-0.004587761748289984,-0.05505314097947981,0.06532731196427909,-0.00025331086914138416,-0.0011975382463407253,0.016412911202104172,0.00015242260514569325,0.023863423210710458,0.2608695652173913
Сланцевский муниципальный район,0.3848727129690012,0.39940329622230647,0.0024217638755508783,0.029061166506610576,0.03997700249742778,-0.00926415839993118,0.0020637719268242973,0.00250596114814976,-0.013231723201171237,0.017018615399502907,0.0
Слободо-Туринский муниципальный район,0.07505777707254808,0.061570950180203234,-0.0022478044820574772,-0.026973653784689706,0.06422150958191641,0.0076026039410167535,0.022591751954791676,-0.0027366783280040976,-4.023485971782828e-05,0.03259252159088773,0.0
Слободской муниципальный район,-0.05137141971609468,-0.06490576652914726,-0.002255724468842097,-0.027068693626105162,0.10450309163103763,0.014111542752777963,0.03473312524814512,-0.02525306487486708,-0.05594233264317514,0.02536033313549039,0.0
Слюдянский муниципальный район,0.15341606152209578,0.15420944008691975,0.0001322297608039951,0.0015867571296479532,0.036148115742307,-0.007402170032937212,-0.006852209491538313,0.016259285159389108,-0.004343069875207089,0.014600704828471082,0.0
Смидовичский муниципальный район,0.3197048175620844,0.3504459293579229,0.0051235186326397475,0.06148222359167699,0.059639550065108154,0.005824446276118067,-0.00498985376269685,-0.005641744509186681,0.01948008355158369,0.05093609500068591,0.0
Собинский муниципальный район,0.10751577049237644,0.1119879273562218,0.0007453594773075586,0.008944313727690703,0.07245881210195929,0.03191706017995228,-0.013047598267024695,-0.043753665921643994,0.00819655615126965,0.03345619120719047,0.0
Соболевский муниципальный район,0.7335209320299826,0.73623452465846,0.00045226543807955617,0.005427185256954736,0.3246124897506732,0.03475988120238045,-0.09877334473035727,-0.0917989249741656,0.054164844641548165,0.08512619410294862,0.0
Советско-Гаванский муниципальный район,0.48026385961170487,0.481194843178365,0.00015516392777667484,0.0018619671333201342,0.05423798352604005,-0.017231941437942093,0.007493736615916667,0.0295483077380951,-0.0055098926795841205,0.01844963333922713,0.0
Сокольский муниципальный округ,0.15699157035079292,0.15704436969467053,8.799890646269074e-06,0.00010559868775524468,0.08384811398938083,0.023239396455475375,-0.006736155208993491,-0.029396616803116764,0.010364320993754533,0.03386846696746717,0.0
Солигаличский муниципальный округ,-0.09904862722540135,-0.12706940236124634,-0.0046701291893075,-0.05604155027169,0.07298893076393304,-0.01132806993725768,-0.014003052725747854,0.0064847706862849646,0.02302179586783552,0.01867713948722623,0.0
Солнечный муниципальный район,0.25939964010106964,0.23536762128806718,-0.00400533646883375,-0.04806403762600494,0.08731694374948118,0.017217332072472374,0.024224887752244066,-0.01665821760050342,-0.01675488035787994,0.03828591654778905,0.0
Солонешенский муниципальный район,-0.10427557414438098,-0.12097033033774658,-0.002782459365560933,-0.033389512386731234,0.15852011070882505,-0.03919187968175847,-0.06364681392812724,0.05294923820902663,0.042946080225028,0.030464578512824154,0.08695652173913043
Солтонский муниципальный район,-0.3436996631036415,-0.3330459673537107,0.001775615958321791,0.021307391499861456,0.05864017443260001,-0.0015209660260766613,0.00799175103843127,0.005808395904960562,0.01847555122220781,0.04299007740567272,0.08695652173913043
Сорокинский муниципальный район,0.10939146000514872,0.09695345220965097,-0.002073001299249625,-0.024876015590995504,0.08015168711018848,-0.016683306727538164,-0.0129616450639835,0.02168755188704884,-0.013343615761017884,0.050772129113094464,0.0
Сортавальский муниципальный район,0.4654138833129153,0.48083702720885596,0.00257052398265678,0.030846287791881366,0.09645570030384581,-0.01890045616349942,-0.03232992703125945,0.015832318966047254,-0.0006005973116541101,0.02378774741170813,0.0
Сосновоборский муниципальный район,-0.07274744297971643,-0.07553421898363233,-0.0004644626673193151,-0.005573552007831791,0.07086944773926507,0.018162661895594057,-0.010209705679905536,-0.027563968823064687,0.01988762702759022,0.047864905712945306,0.0
Сосновский муниципальный район,0.37846778625147454,0.4220767590965724,0.007268162140849642,0.08721794569019566,0.05734784990637217,0.004907324183101157,-0.012468058135981657,-0.020422400372701054,-0.005000022156182261,0.05773822350065242,0.0
Спас-Деменский муниципальный район,0.035554532334733935,0.0399379027196356,0.0007305617308169439,0.008766740769803327,0.08657828425595224,-0.004927977291447911,0.01797014150828833,0.008376360480635565,-0.03764145940518099,0.04549880307142321,0.0
Спасский муниципальный округ,-0.1454710654408974,-0.14735607942082588,-0.00031416899665474217,-0.0037700279598569253,0.0772522539773565,0.008347387455308138,0.0032051602019798186,-0.014904120866155526,0.004917863963108889,0.02365303009397516,0.08695652173913043
Среднеахтубинский муниципальный район,0.12739586711480655,0.155176381197924,0.00463008568051958,0.05556102816623495,0.08031160654183656,0.01567026225471546,-0.027935619973181516,-0.031214672109542676,0.03222492647608724,0.025585858394917116,0.0
Среднеколымский муниципальный район,0.5319625632701747,0.5228444170943257,-0.0015196910293081573,-0.01823629235169788,0.3450476155994203,-0.10086532789959163,-0.022366461870717756,0.2049847814310744,0.06108250480866012,0.03259614817201707,0.0
Сретенский муниципальный район,0.1306464170366315,0.11990249521115641,-0.0017906536375791818,-0.021487843650950172,0.09815182247038146,-0.0333634953127567,-0.001851001105424006,0.05973945261446138,0.030292402129257136,0.020513408508810196,0.0
Ставропольский муниципальный район,0.2903895298752766,0.3340052437215693,0.00726928564104878,0.0872314276925854,0.09047673209861352,0.015499017970605865,-0.024984147658079575,-0.03836188742944318,-0.005207176091708059,0.0439383602608189,0.0
Становлянский муниципальный район,-0.11995936744670328,-0.13940899321167302,-0.003241604294161622,-0.038899251529939484,0.10458219357527451,0.011556496432326101,-0.02441822665923763,-0.01655180793454278,0.00043939637117507147,0.07210649630435705,0.0
Старожиловский муниципальный район,-0.032328570683090994,-0.030188517119891827,0.00035667559386652695,0.004280107126398332,0.11921698611485171,0.010828685408861002,0.013508754606029474,-0.019569851791965805,-0.07523250550751748,0.028636933196211484,0.0
Старокулаткинский муниципальный район,-0.3748288703944809,-0.38477423224914303,-0.0016575603091103608,-0.01989072370932436,0.11420890183947995,0.012950263499112527,-0.014316423467168863,0.0021477700101060907,0.008728984928760113,0.046354603872462805,0.0
Старомайнский муниципальный район,-0.2634032239814026,-0.2822131310191575,-0.0031349845062924836,-0.037619814075509815,0.11088544837950363,0.038238463823232614,-0.0011207498643510969,-0.061935121235831274,0.0035718210527341185,0.0409702354725674,0.0
Старополтавский муниципальный район,-0.12392846376809685,-0.1155742148058656,0.001392374827038543,0.016708497924462495,0.043947452860352385,0.0016882436059005692,-0.0031645745374926683,-0.0035086013983712866,0.011217535797764508,0.017778686790703335,0.0
Старорусский муниципальный район,0.12052500945104298,0.11861646439884484,-0.00031809084203302445,-0.0038170901043962737,0.04754621717685996,0.018259937855209372,0.00040245819805194395,-0.024296542596728407,0.008062455061633465,0.02142828498754704,0.0
Старошайговский муниципальный район,-0.29869020630523563,-0.30478392922420133,-0.001015620486494284,-0.01218744583793141,0.1481059230172236,0.028047438716915063,0.047267372533738514,-0.044752537524339185,-0.024881094524877762,0.08912557740783109,0.0
Староюрьевский муниципальный округ,-0.1559905517220268,-0.1563654131910499,-6.247691150384884e-05,-0.0007497229380462045,0.09962188773499028,0.021731787615041402,0.004606173407577557,-0.017235181855571227,0.014710738448995762,0.01752984673847947,0.0
Степновский муниципальный округ,-0.1349539960442375,-0.10499947027670571,0.004992420961255296,0.05990905153506354,0.12056632952625712,0.019342258370872566,-0.018190588265403228,-0.020220121270162338,0.01746513083021841,0.04766739544799381,0.0
Стерлибашевский муниципальный район,-0.303580228856637,-0.3348149512711062,-0.005205787069078201,-0.06246944482893838,0.14425587528449108,0.029143542148303177,0.034456153720105485,-0.02009507951819292,-0.030670569125157095,0.02922365738599083,0.0
Стерлитамакский муниципальный район,0.2626175511125166,0.27513909162328537,0.0020869234184614557,0.02504308102153748,0.0725117226111657,-0.0018059520089282685,-0.0030046159841557,-0.00770255612485459,-0.03130859299904064,0.025200906570956923,0.08695652173913043
Суворовский муниципальный район,0.09973049364526343,0.10773125465869053,0.0013334601689045154,0.016001522026854193,0.06985300800636632,0.018169731309947593,0.006355952138902698,-0.03975587382228101,-0.009538038402626597,0.0124843384622766,0.08695652173913043
Судиславский муниципальный район,-0.07270312631351754,-0.07826660912812337,-0.0009272471357676394,-0.011126965629211671,0.07362699931402736,0.008677649567753647,-0.007852911659195869,-0.016248705599581637,-0.02821489025683668,0.02130256275177706,0.17391304347826086
Судогодский муниципальный район,0.04709656212335626,0.026323145716653062,-0.0034622360677838662,-0.0415468328134064,0.035014125533712664,0.004817025711403272,-0.0016109731095287259,-0.007561906800381762,0.016162730733606512,0.02844624456004339,0.0
Суздальский муниципальный район,0.24941511973550914,0.28121927639007954,0.005300692775761729,0.06360831330914074,0.07164470420299414,0.011762397251292488,-0.020465679041400092,-0.022048331140988565,-0.012729341559509715,0.013458108876261655,0.0
Сузунский муниципальный район,0.04633702624346392,0.05861459251588874,0.0020462610454041385,0.024555132544849645,0.05933914713102161,-0.01649208426026066,-0.019939146111275414,0.026666573675308843,0.01841505828328989,0.018282785944037254,0.0
Сунский муниципальный район,-0.23932945761073388,-0.2795437530383009,-0.0067023825712611736,-0.0804285908551341,0.17674168079769864,0.04294450267562586,0.005028642729597636,-0.07005721149333399,-0.01028242388444914,0.05084206363002931,0.0
Сунтарский муниципальный район,0.3207213044243939,0.31706162528496923,-0.0006099465232374401,-0.007319358278849257,0.21209970662776817,-0.04023756668116022,-0.01455386483226582,0.11225459732392877,0.10456672301235431,0.030198126057747857,0.0
Суоярвский муниципальный округ,0.22526698839906545,0.20620073046467535,-0.0031777096557316837,-0.03813251586878019,0.0870432335253413,-0.013643950371884825,0.021930334145172967,0.013637262626711739,-0.04672566665969192,0.01986548288147985,0.0
Сургутский муниципальный район,0.44041328512256656,0.44006404080593864,-5.820738610465442e-05,-0.0006984886332557968,0.15738135222440308,-0.016386931399958875,0.01257320753164071,0.02885852427220653,-0.08542621426419161,0.03356569172399806,0.0
Суровикинский муниципальный район,-0.03940440532535194,-0.03498791440308106,0.0007360818203784818,0.008832981844541768,0.06699831938990342,-0.000819807501114288,-0.014655327328798016,-0.011080851820497452,0.008260482732570275,0.013602536226230623,0.0
Сурский муниципальный район,-0.2140096708482626,-0.2077945133964243,0.0010358595753063868,0.012430314903676631,0.08524661322580798,0.022125254749517615,0.01409842218266533,-0.029848299592494527,-0.025014910393575944,0.0246098621053279,0.0
Сусанинский муниципальный район,-0.1106985185727744,-0.12482838750661578,-0.0023549781556402305,-0.028259737867682766,0.040571109689743014,0.008167137745972584,0.007998586206238358,-0.010416268038072576,0.0035067635927291283,0.039670203016268356,0.0
Сухиничский муниципальный район,0.06947076807005859,0.0628136300209207,-0.0011095230081896502,-0.013314276098275771,0.08197538782304362,0.018722770047997994,0.0198946208854609,-0.02246674633830828,-0.013830874343381155,0.021291691679542285,0.0
Сухобузимский муниципальный район,0.006765773640879861,0.023569455347522677,0.0028006136177738026,0.03360736341328563,0.060367937392439217,-0.002703776625074792,0.015107763404752995,0.016737428879264313,-0.011674432876791714,0.033313144630147104,0.0
Сызранский муниципальный район,0.09915025987622357,0.13154499026651592,0.0053991217317153955,0.06478946078058472,0.09121240634817841,-0.006904966925364433,-0.03192683921030294,-0.0075643216968914,0.0015268205684008593,0.04679449564827125,0.0
Сычевский муниципальный район,0.08492364678399363,0.08694791583087236,0.0003373781744797863,0.004048538093757455,0.07040183226815236,0.018193113310655498,0.004487984841534775,-0.01744301462492648,0.016888535128028175,0.014357323947730349,0.0
Сямженский муниципальный округ,-0.03092890747582655,-0.06614669626898717,-0.00586963146552677,-0.07043557758632124,0.10577727210076583,-0.003052568839925793,0.03740784624751119,0.008129361267906483,-0.06174543773788659,0.07451128320521953,0.0
Таборинский муниципальный район,0.03315025620282578,0.056526665423112465,0.0038960682033811144,0.046752818440573364,0.10818440520975858,0.008449096298595582,0.025282674479710936,0.009531079026820323,0.05493855169999076,0.03452689077682153,0.0
Табунский муниципальный район,-0.07156788849383637,-0.06836008921728842,0.0005346332127579928,0.0064155985530958875,0.09688200968151472,0.0009132069593064141,-0.029431344046605086,0.009188914913015147,0.06150807326022363,0.0381996558993614,0.08695652173913043
Таврический муниципальный район,-0.0871492173970172,-0.09778004223243746,-0.0017718041392367086,-0.021261649670840505,0.03679535074558868,0.005278344358345775,-0.002462808961424458,0.002989331271354201,0.011048360259297833,0.028805818315406875,0.0
Таймырский Долгано-Ненецкий муниципальный район,0.7264979690222523,0.6866883654091759,-0.006634933935512748,-0.07961920722615294,0.22159126264455056,-0.0855858382963686,0.00800382539270061,0.13945498355498856,-0.038895452639118616,0.015163160458784249,0.17391304347826086
Тайшетский муниципальный район,0.2136464686332594,0.21057822158588899,-0.000511374507895069,-0.006136494094740819,0.09903765045794233,-0.03366355845596244,-0.01579241457693942,0.04910220766927789,0.01347379480133764,0.017782906772244728,0.08695652173913043
Тальменский муниципальный район,-0.06780778485515777,-0.06908992556313676,-0.0002136901179964946,-0.002564281415957955,0.05546124298525087,0.0026636260531973503,-0.026484604913769978,-0.005268565880127621,0.027942946675998163,0.019141314580412058,0.0
Тамалинский муниципальный район,-0.1506071769978893,-0.14587083119063937,0.0007893909678749918,0.009472691614499892,0.10334327199897765,0.03299528384822923,0.0010350975657851533,-0.03175210726695819,0.01063175026636777,0.018150585310965712,0.0
Тандинский муниципальный район,0.07006828288803058,0.11427795393994063,0.00736827850865168,0.08841934210382012,0.11477285212808813,-0.004013999441827566,-0.03434147863374658,0.0204842006447474,0.05829361007383299,0.04086903897779689,0.08695652173913043
Тарногский муниципальный округ,0.04193482433287935,0.03627408240289635,-0.0009434569883305016,-0.011321483859966008,0.06468628929182138,-0.017825305479872964,0.01290872143338731,0.01848973604209588,-0.038218865044503565,0.01434613749854856,0.0
Тарский муниципальный район,0.05603750303873545,0.05558589296711173,-7.526834527061937e-05,-0.0009032201432474333,0.050925182076843996,-0.014222772160450316,-0.010442920331843374,0.0210062859343398,-0.0035250479867205246,0.014838741797919934,0.08695652173913043
Тарусский муниципальный район,0.1671652764734799,0.14629565308487344,-0.003478270564767746,-0.041739246777212934,0.059997630054360956,0.011046183758804909,-0.0027949505602164063,-0.018342194391311406,-0.010535506587718912,0.03352518164554536,0.0
Тасеевский муниципальный район,0.021275816772431178,0.02450027700310997,0.0005374100384464653,0.006448920461357588,0.06293028009431959,-0.00850366381932461,0.013652552353028431,0.013843294458046787,-0.004677816177101422,0.028785181530713733,0.0
Татарский муниципальный район,0.06435867989833717,0.06635963526593851,0.0003334925612668877,0.004001910735202656,0.06147970678112678,-0.02058133442330048,-0.0005192862625849903,0.029572134853189526,-0.01565299701710214,0.01767967191820929,0.0
Татищевский муниципальный район,-0.08488302477411265,-0.08751140921135263,-0.0004380640728733274,-0.0052567688744799375,0.06988008578946062,0.01749294456422594,-0.006174387895482422,-0.014475391560288896,0.02634851687827766,0.018641831427477558,0.0
Таттинский муниципальный район,0.18548326917697877,0.16008937461693437,-0.004232315760007404,-0.05078778912008882,0.21341492252553732,-0.05804110405120938,-0.0007006640981773772,0.11160427755461205,0.05117840658851252,0.029538957321514552,0.0
Татышлинский муниципальный район,-0.16108899932671092,-0.14156941133483528,0.0032532646653126067,0.03903917598375125,0.11846630541867012,0.005744313125882772,0.024475528698493405,0.0018784537559723329,-0.01958269995449491,0.02236598332314143,0.08695652173913043
Тахтамукайский муниципальный район,0.4699980136861959,0.4935747996168514,0.003929464321775913,0.04715357186131097,0.0997325460832365,-0.014672636037413686,-0.0317289301944168,0.004356269159564786,0.0018013403304650705,0.050150200666360105,0.0
Ташлинский муниципальный район,-0.18152931340546866,-0.18746271922472632,-0.0009889009698762724,-0.011866811638515292,0.051404305620074,0.012005126892007612,0.00450406325018144,-0.01902373714613485,0.01049168760190362,0.02059529021064311,0.08695652173913043
Таштагольский муниципальный район,0.35546639672764097,0.3744578948991634,0.0031652496952537437,0.03798299634304492,0.06549665307880898,-0.023509234136820212,0.0006750059204479039,0.024100056478025614,-0.03264303598011538,0.020888051667376346,0.0
Таштыпский муниципальный район,0.034648352132953995,0.050665821742848095,0.0026695782683156854,0.03203493921978821,0.07987662811397818,-0.025844962287673596,-0.016325131065200164,0.037336400616331006,0.010916492162826988,0.02449081254543016,0.0
Тевризский муниципальный район,-0.06111249279902261,-0.05121439224025304,0.0016496834264615962,0.01979620111753914,0.060802186702957166,0.0003933685980344979,0.007169536823677027,0.007617108423957516,0.009812107134427688,0.019825021597823938,0.0
Тегульдетский муниципальный район,0.050096048558026185,0.05310701027259516,0.0005018269524281602,0.00602192342913795,0.08899023294115058,0.013168540722823857,0.029239055675417326,-0.001944893143297228,0.011234354793580176,0.03137261947568016,0.0
Тейковский муниципальный район,-0.044579279074466495,-0.04231714680151718,0.00037702204549155315,0.0045242645458986415,0.11615812672810326,0.017983554439500234,0.0025583928638086423,-0.04154395308506107,0.01973859458802986,0.06028750304967306,0.043478260869565216
Темкинский муниципальный район,0.07557500905194581,0.09308324968139307,0.0029180401049078795,0.035016481258894526,0.12815984432976296,0.01816523142082492,-0.04765611752909877,-0.022902169745729783,0.06703306905539667,0.036229170441582914,0.0
Темниковский муниципальный район,-0.15358665183235556,-0.1580439066458097,-0.0007428758022423516,-0.008914509626908243,0.04298107009754917,0.013954409429759913,-0.000389078393518467,-0.01375630760626499,0.007292210946521556,0.016063611907750425,0.0
Теньгушевский муниципальный район,-0.22435976470663252,-0.24171605746320987,-0.0028927154594295583,-0.0347125855131547,0.1376734484546559,0.03357363614144586,-0.010182204719867157,-0.04661019251575435,0.07008689089555228,0.038600687216806984,0.0
Тепло-Огаревский муниципальный район,0.058978236997683155,0.060152516528083254,0.00019571325506667983,0.002348559060800189,0.08936837985743964,0.011979506244147156,0.028445604941213724,-0.020362966336251433,-0.020084577884890462,0.02125795576130325,0.0
Тербунский муниципальный район,0.04175921064300914,0.04898564043138354,0.001204404964729066,0.0144528595767488,0.08950764227725871,0.026443107390934282,0.011133854895043309,-0.034353893670369076,-0.007717237784264055,0.013584386282379068,0.0
Тереньгульский муниципальный район,-0.22348445244664691,-0.22390220875088218,-6.962605070587875e-05,-0.000835512608470553,0.10224823589228514,2.439161658604009e-05,0.016768111541272543,0.020481392749818306,-0.04015347022381977,0.029901558473923173,0.08695652173913043
Тернейский муниципальный округ,0.33651830389167164,0.3583324892654405,0.003635697562294808,0.043628370747537705,0.051441286325822635,-0.01253350537357194,-0.0018526376395522665,0.016319530888456724,-0.02200452003267834,0.027943552828316294,0.0
Тетюшский муниципальный район,-0.17500576046819685,-0.17571136426557832,-0.00011760063289690951,-0.0014112075947629126,0.06014555723969635,0.0044632859139751785,0.009483867041804034,-0.008211396419278273,-0.01781504033751848,0.021036987849766764,0.0
Теучежский муниципальный район,0.24113838103296303,0.2734115324428104,0.005378858568307899,0.0645463028196948,0.1145024509469028,-0.006558406738030216,-0.03436859923381172,0.004502362136313873,0.03813041170948164,0.04500555953077307,0.0
Тигильский муниципальный район,0.773878471141817,0.79207567022428,0.003032866513743815,0.03639439816492581,0.24734327927215732,-0.06545282159039682,-0.05609245285462525,0.10961984764726293,-0.022723676980428945,0.05079270558248541,0.0
Тисульский муниципальный округ,0.09664950487475747,0.10709319993961482,0.001740615844142892,0.020887390129714706,0.05965317611493135,-0.01607128477493643,0.001684926490450185,0.013446402801415434,0.003596042728431192,0.021907387208776427,0.0
Тихвинский муниципальный район,0.3879931461947152,0.4109349091998243,0.0038236271675181847,0.045883526010218244,0.06228224167062531,-0.009145640867270708,-0.011305381717201144,-0.0027517603385743723,-0.006526466775472157,0.03231699842922718,0.0
Тогульский муниципальный район,-0.1856095680496439,-0.18763998640644738,-0.00033840305946724507,-0.004060836713606945,0.045517799833893355,-0.0074504228171069645,0.0007914183721857115,0.02658041989386084,0.00973889854670382,0.017150222259346058,0.0
Тогучинский муниципальный район,0.011962713875165898,0.01823258588987331,0.001044978669117903,0.012539744029414823,0.04201210484142258,-0.011379792042958893,-0.007014601107705313,0.011037031250783534,-0.001579985378561707,0.01219221948715107,0.0
Тоджинский муниципальный район,0.18992663255955225,0.2060061188255844,0.0026799143776720246,0.03215897253206427,0.21887705512319586,-0.023747937166832007,-0.03667874571195252,0.017655980037463954,0.0939885749097215,0.0507763991218531,0.0
Токарёвский муниципальный округ,-0.1017778944217939,-0.09269273471740942,0.0015141932840640785,0.018170319408768936,0.08462927072475618,0.026249969676650185,0.011463127037505795,-0.0313404564490897,-0.005529439147452617,0.029744521369744155,0.0
Томпонский муниципальный район,0.521115374860216,0.5377641984128315,0.002774803925435914,0.03329764710523101,0.23602589436167376,-0.044482838817666,-5.058016414382846e-05,0.11172268601601903,0.0595503596708183,0.024176431633236826,0.43478260869565216
Томский муниципальный район,0.48034453177691344,0.49500821817508367,0.0024439477330283734,0.029327372796340494,0.07706670995973407,-0.015460614600971045,-0.02225064997554945,0.009171069258939247,-0.0018708113718380742,0.05266884157674204,0.0
Тонкинский муниципальный округ,0.025759906718639813,0.022184161748885305,-0.0005959574949590857,-0.007151489939509019,0.08860002985000545,-0.027738805478758108,0.0020512716481220408,0.0288270911286041,-0.02106509916769816,0.03856988685971778,0.0
Тоншаевский муниципальный округ,0.03706820053309364,0.05701031025922335,0.0033236849543549535,0.03988421945225943,0.11077110459036632,-0.03458394313229044,0.006446151219924376,0.028324714763879197,-0.03882242926170099,0.0255414129104254,0.08695652173913043
Топкинский муниципальный округ,0.17392810428389027,0.20633207804467815,0.00540066229346465,0.06480794752157577,0.120468067914412,-0.05177131419531786,-0.011082237624118455,0.05758723851396311,-0.050873668534008036,0.016753334574567548,0.0
Топчихинский муниципальный район,-0.13637338256792875,-0.1309969761125133,0.0008960677425692425,0.010752812910830892,0.07316909855297407,0.0005786437858671157,-0.011989762134983132,0.020179259126136637,0.03546179907642687,0.02052122806595225,0.0
Торбеевский муниципальный район,-0.0045204132657723495,-0.006973402495415855,-0.0004088315382739175,-0.004905978459287012,0.02879097580546959,-0.0015431527163371648,-0.0048075048483236585,0.0009597876150195181,0.013964841166858795,0.017195829335774425,0.0
Тосненский муниципальный район,0.5260174363308491,0.5392827492947935,0.00221088549399074,0.026530625927888945,0.07511767229776996,-0.012531547239883041,-0.015153030860448587,0.002239139795883771,-0.006517215292504621,0.035413861851806526,0.0
Тотемский муниципальный округ,0.10047296229391045,0.09280694599157154,-0.0012776693837231526,-0.015332032604677822,0.07290047170199154,-0.010100211971236242,0.007082409708949383,0.011117608530681396,-0.03727194016462367,0.027036674506030978,0.0
Тоцкий муниципальный район,0.1851073150554845,0.21613905837338399,0.005171957219649914,0.06206348663579897,0.06675543237980056,0.00865934909482887,-0.018670345223139817,-0.02302358559531966,0.017445085632048853,0.02000069458996928,0.0
Третьяковский муниципальный район,-0.1151275063466725,-0.11594451098240983,-0.00013616743928955574,-0.0016340092714746863,0.0957325152834802,-0.03221607985810315,-0.0028742763431058188,0.041934432123714144,-0.001639000322333033,0.03128477872699522,0.0
Троснянский муниципальный район,-0.11493484339755211,-0.1243113211018659,-0.0015627462840522976,-0.018752955408627574,0.13559600147977502,0.026734944169816827,0.011679316170367167,-0.022576794853983687,0.019431942793833056,0.058396402724003024,0.17391304347826086
Труновский муниципальный округ,-0.0485281574449136,-0.055457308959750616,-0.0011548585858061678,-0.01385830302967402,0.0779209717273509,0.0018146559517139033,-0.01977761573689272,0.004308794905168877,0.023480091488533403,0.022506014443059455,0.08695652173913043
Тужинский муниципальный район,-0.17800201813600655,-0.1729096736719562,0.0008487240773417254,0.010184688928100686,0.09523151162984234,-0.025736962563707267,0.01400619265489947,0.018934715176247827,-0.06060502869477788,0.014938177480617845,0.08695652173913043
Туймазинский муниципальный район,0.17719687560423739,0.189371176445804,0.0020290501402611015,0.024348601683133204,0.05686811285605847,-0.009348471929213963,-0.0061136235278771035,0.006193531043796379,-0.0285813749684122,0.027436199434292395,0.0
Туркменский муниципальный округ,-0.17458176932036804,-0.18353763596119657,-0.0014926444401380907,-0.01791173328165711,0.08608366807145446,-0.004051991156371755,-0.012839335652341542,-0.005054681890588876,0.01839146520090946,0.028783301245488103,0.0
Турковский муниципальный район,-0.09646410965305119,-0.0877210901000578,0.0014571699254989003,0.017486039105986784,0.10173797300555139,0.022027877824677623,-0.008395819478272762,-0.014617304528236192,0.06493104274912395,0.030349533844833406,0.0
Турочакский муниципальный район,0.0956856494234326,0.11394090237240029,0.0030425421581612815,0.036510505897935364,0.15383710220255076,-0.05556638290324169,-0.021765514673565765,0.07789587196954133,0.01511305098564648,0.020768484930159082,0.0
Туруханский муниципальный район,0.6148635346500219,0.6135973613231198,-0.00021102888781700358,-0.002532346653804011,0.2729094035941666,-0.10522103274878772,-0.0017372777554870485,0.16341408722641096,-0.0576200777197976,0.034664158306595166,0.0
Тутаевский муниципальный район,0.21096367291305862,0.24491015323383078,0.005657746720128692,0.0678929606415443,0.06409933605037421,0.014031257329279578,-0.015859321867621966,-0.02501900079461592,0.002406165627150937,0.021527690404518702,0.0
Тындинский муниципальный округ,0.47923486894825834,0.4801926707848092,0.00015963363942514286,0.001915603673101766,0.10810577968068526,0.001588453415647063,-0.0008412425855394417,0.014136634366605014,0.03517618196908712,0.042817512735986815,0.0
Тюкалинский муниципальный район,-0.1536432610831584,-0.1680774701340789,-0.0024057015084867467,-0.02886841810184097,0.05023553123844867,-0.004562884673301752,0.009140648325225894,0.015880063846360155,-0.011548246451083724,0.04013822564451792,0.0
Тюльганский муниципальный район,-0.18547560227614598,-0.20636932232260521,-0.0034822866744098763,-0.041787440092918494,0.05457494184047611,0.008813489070545737,0.016611467619918788,-0.012561854055113616,-0.0021242092323143945,0.02627789177865048,0.08695652173913043
Тюлячинский муниципальный район,-0.33649444127559036,-0.36408426993052706,-0.004598304775822777,-0.05517965730987336,0.16602863327924935,-0.011435069929992416,0.03765486995149983,-0.01441251804547254,-0.07610010041805572,0.06822185336340512,0.0
Тюменский муниципальный район,0.4523292178353125,0.49194689985721185,0.006602947003649891,0.07923536404379868,0.08915276982857503,-0.009053008824080642,-0.026026120908138294,0.001046461535760374,-0.013793461935055693,0.05746644427194558,0.0
Тюменцевский муниципальный район,-0.1505561926575263,-0.15012777130014276,7.140355956392313e-05,0.0008568427147670477,0.11827869563087283,-0.036665495328845776,-0.020205293777819388,0.04756586626641345,0.0227409432159727,0.035632815768274616,0.0
Тюхтетский муниципальный округ,-0.0018198638317252769,0.002504574961894749,0.0007207397989366713,0.008648877587240053,0.10312184577802569,-0.01985491967453224,0.012151031812327913,0.028531449494274844,0.026025819873599546,0.028113145087214828,0.08695652173913043
Тяжинский муниципальный округ,0.01297677405953257,0.017343117156825755,0.0007277238495488653,0.008732686194586373,0.07752691089134153,-0.025149582101990968,-0.0011075180721166705,0.02995270266482571,0.002783520987127433,0.026282839209826905,0.0
Убинский муниципальный район,-0.07697983433172399,-0.08416009430411142,-0.0011967099953979058,-0.014360519944774866,0.04918887444850348,-0.0027169788800246127,0.0017299904962069395,-0.003086334585972363,0.011673443125351042,0.035549366578123485,0.0
Уватский муниципальный район,0.31148511242472887,0.27336212774849367,-0.00635383077937254,-0.07624596935247041,0.08050085595881327,-0.01961372570024707,0.020615049837692676,0.03146901683689348,-0.03088873539528709,0.01600410589618466,0.0
Увельский муниципальный район,-0.06456674445619785,-0.0846922057013521,-0.0033542435408590414,-0.04025092249030848,0.07646349544608907,0.021098519837467994,0.01844269714339082,-0.02878259228737986,-0.00529888344601449,0.033331653310974006,0.0
Угличский муниципальный район,0.23893231377659263,0.2598312772470197,0.003483160578404513,0.04179792694085416,0.06070614388412944,-0.004140852244803516,-0.02312811466166971,-0.0006495590028280794,-0.00022075378661218573,0.01917967394322284,0.0
Угловский муниципальный район,-0.24258013734836337,-0.23886167053426557,0.0006197444690162984,0.007436933628195567,0.06695001291613199,-0.011803198306157198,0.013818281583932931,0.012340409483798106,-0.033525982640320265,0.02878876236864626,0.0
Угранский муниципальный район,0.025687525025359276,0.03652934268016953,0.0018069696091350446,0.021683635309620513,0.06692597100508167,-0.003960085262514757,-0.016158103730366448,-0.0007249947369458682,0.025563517515238783,0.02104814721996305,0.0
Ужурский муниципальный район,0.21270609474921817,0.22844013361706553,0.002622339811307895,0.031468077735694745,0.06591743391534094,-0.016992729918461645,-0.02647833093520322,0.031994304013024645,0.02463113204488993,0.016977974253843484,0.0
Узловский муниципальный район,0.27123289813989393,0.2963856024286673,0.004192117381462228,0.05030540857754673,0.06318593154745954,0.001315968375187642,-0.01800338947421891,-0.016099467866623807,-0.005590541766328186,0.03834572047318772,0.0
Уйский муниципальный район,-0.1380658803806516,-0.14466132712641158,-0.0010992411242933316,-0.013190893491519992,0.11072019313894987,0.023696044134681255,0.007123953182059193,-0.027104502946627647,0.07225332453702252,0.026310369688675395,0.0
Улаганский муниципальный район,0.17692896068593603,0.1817312670547143,0.0008003843947963774,0.009604612737556492,0.2656651927851442,-0.08842488288948136,-0.05406261125159385,0.08152085258190817,-0.03318030857423214,0.043688785643857954,0.0
Улуг-Хемский муниципальный район,-0.03476757715973111,-0.025692581829233802,0.0015124992217495556,0.018149990660994614,0.20219543176609495,-0.04537838299906746,-0.05716442761829965,0.0632555915590854,0.0495273722562274,0.03634896641976452,0.0
Ульчский муниципальный район,0.22822365483299825,0.25609241064532834,0.004644792635388344,0.05573751162466012,0.1711808088897538,-0.03729061472946989,-0.048384005965897176,0.06857996084417026,-0.0040587971399375245,0.023304001513726056,0.0
Умётский муниципальный округ,-0.13820172984544196,-0.11807837178645479,0.0033538930098311963,0.040246716117974334,0.08267851139948723,0.02276528488875673,0.016920862809677764,-0.021600256775011865,0.0017350378162343943,0.02831887582256736,0.17391304347826086
Упоровский муниципальный район,0.07643098594458086,0.07266459542069963,-0.0006277317539802078,-0.007532781047762486,0.06079443959941616,-0.009572528415962692,-0.005302025133655412,0.011436328522566834,-0.019108962474305675,0.017154462541771883,0.0
Уренский муниципальный округ,0.0690022240640155,0.08652481578971856,0.0029204319542838458,0.035045183451406135,0.04890122582958063,-0.016451775928522115,0.004779870979993385,0.02289624032046478,-0.009253662089875672,0.009800089802892655,0.17391304347826086
Уржумский муниципальный район,-0.11440576619206826,-0.12680881466234384,-0.00206717474504593,-0.024806096940551175,0.06452886768869007,-0.025728202198744766,0.008860537903832146,0.020518789580525734,-0.03674145098645709,0.027317947120262615,0.0
Урицкий муниципальный район,-0.14896860381507082,-0.1942172259147618,-0.007541437016615164,-0.09049724419938195,0.07947367335134836,0.017190401950063272,0.00835721450444522,-0.03779566794528666,0.036888714707102595,0.04672281332897071,0.0
Урмарский муниципальный округ,-0.3779792572858936,-0.398409120888543,-0.0034049772671082357,-0.040859727205298846,0.102739628081231,0.029132812657056615,0.005069962122187318,-0.04763610997250382,-0.00045495552304587045,0.03221001442638344,0.0
Урупский муниципальный район,-0.06111458116783752,-0.05259516079508556,0.00141990339545866,0.01703884074550392,0.05869436261690209,-0.0029607786098836044,-0.006523373026984292,0.013750698828345882,0.006217255237046864,0.04115061403157535,0.08695652173913043
Усвятский муниципальный район,-0.08923937917649612,-0.07989934307703923,0.0015566726832428155,0.018680072198913766,0.09763130572029714,-0.01352130225389413,0.013509174785837966,0.0024354570716168793,-0.061737954632512484,0.05232941363162563,0.0
Усманский муниципальный район,0.007568306230023136,0.01535602075859721,0.0012979524214290126,0.015575429057148149,0.056030363879087094,0.017494003377910437,-0.005020632120358913,-0.023577531000456793,-0.006206859155717347,0.012376805086891735,0.0
Усольский муниципальный район,0.08066861592413255,0.0923618232901493,0.0019488678943361238,0.02338641473203351,0.10289487173717077,0.034284124190528294,0.024894290788716418,-0.03887458585945609,0.01478619379199658,0.03239562199711069,0.0
Усть-Абаканский муниципальный район,0.17337095426415453,0.19204075638472862,0.0031116336867623457,0.03733960424114816,0.04802505066732499,0.011507993885465266,-0.01282877869082025,-0.018030527473554128,0.024468039188903425,0.03600162744559675,0.0
Усть-Алданский муниципальный район,0.1543012013782389,0.12766912656991503,-0.004438679134720652,-0.05326414961664779,0.2098399416106932,-0.04339259037782792,0.0019512579135471328,0.1224549497121572,0.07900518273250193,0.022982764509740038,0.0
Усть-Большерецкий муниципальный район,0.6942624958525064,0.697329702057881,0.0005112010342290903,0.006134412410749117,0.28232148294565207,0.024979203432254588,-0.10813876854033624,-0.044761962381078005,0.0555680366635416,0.03157694981895084,0.08695652173913043
Усть-Джегутинский муниципальный район,-0.19345602538568962,-0.16118348519668801,0.005378756698166939,0.06454508037800322,0.09759328927301357,-0.00809924948442961,-0.0243531496191696,-0.0004652905607432776,-0.038992977935222856,0.054404028078719226,0.0
Усть-Илимский муниципальный район,0.02072247391164317,0.04115147880701908,0.0034048341492293193,0.040858009790751826,0.16709151462748145,0.05171302581709031,0.01833106654230952,-0.05063998150064314,-0.018141470179512974,0.05860452470400655,0.0
Усть-Ишимский муниципальный район,-0.08737521819055531,-0.05614930785112978,0.005204318389904258,0.06245182067885106,0.12274640523404899,-0.003677555586676526,-0.013547719510046916,0.0343564303041909,0.0206860446101286,0.03562387891118609,0.0
Усть-Калманский муниципальный район,-0.19377334578551153,-0.19926608090480538,-0.0009154558532156404,-0.010985470238587721,0.08190042332701201,-0.026105456105074594,-0.016855640557327443,0.03605410906260119,0.010883166131979958,0.024997299045103366,0.08695652173913043
Усть-Камчатский муниципальный район,0.7450532689069164,0.7542340653283653,0.0015301327369081437,0.018361592842897807,0.12138677866958503,-0.037542844122842894,-0.02830830922336816,0.06777067253251719,0.015388974651192953,0.04691105739824556,0.0
Усть-Канский муниципальный район,-0.05555086844730006,-0.053807911779791606,0.00029049277791808053,0.0034859133350169103,0.2059910478676347,-0.05421897858545634,-0.059838450485399416,0.06744504027051076,0.0274310140246192,0.03746901297317279,0.0
Усть-Коксинский муниципальный район,0.0875051389148472,0.10399729897536132,0.002748693343419024,0.032984320121028254,0.17031170311859437,-0.04508006358414994,-0.038920769964631376,0.050521068541872216,0.030714575948594575,0.03072321107928815,0.0
Усть-Кубинский муниципальный округ,-0.007136560407453807,-0.026864116642881797,-0.003287926039238001,-0.03945511247085598,0.06456998021584769,0.014717392431766594,0.0005708589257242049,-0.016219741317298343,-0.02075731087664923,0.034936365283258025,0.0
Усть-Кутский муниципальный район,0.528541931832797,0.5284610509853902,-1.3480141234457055e-05,-0.00016176169481344851,0.10854009967975253,-0.039725092414065064,-0.023284276465524743,0.04507193746978006,-0.015039392240525355,0.03536694165180764,0.0
Усть-Майский муниципальный район,0.5296052881068367,0.530438601916524,0.00013888563494788374,0.0016666276193747127,0.3283774484918816,0.0176308439596495,-0.029805430436746383,0.06417337359701529,0.1853508600728907,0.05425795456176272,0.043478260869565216
Усть-Пристанский муниципальный район,-0.23721425173463118,-0.24405974925187093,-0.001140916252873291,-0.013690995034479533,0.10760933818306616,-0.043657455604332165,-0.009263187455278937,0.049464130004588235,-0.006884067090740452,0.024049851870932795,0.13043478260869565
Усть-Таркский муниципальный район,0.005558272340362362,0.00022167689968899396,-0.0008894325734455617,-0.010673190881346736,0.07858731370000342,-0.00541211985315059,-0.01731185760912378,0.021139061592223056,0.01347431505405651,0.038787176684013505,0.0
Усть-Удинский муниципальный район,0.04289380824448356,0.04730344773131634,0.0007349399144721309,0.00881927897366556,0.0785364866296846,-0.012786015142417938,-0.004945163215657735,0.03362649951761104,0.02110058259022335,0.039453411343238855,0.0
Усть-Янский муниципальный район,0.7484201501054994,0.7492938538099495,0.00014561728407500138,0.0017474074089000406,0.36958844629302956,-0.09472491238212656,-0.07851007241238483,0.16380472698857687,0.08652798926071739,0.03996248594120573,0.08695652173913043
Устьянский муниципальный округ,0.18883246985591393,0.180449165767814,-0.0013972173480166557,-0.01676660817619983,0.0878353882850505,-0.026852684742000033,0.010790642747196976,0.029324061095463507,-0.008437743779574167,0.017056504063636267,0.0
Устюженский муниципальный округ,0.04812438728161853,0.053293710154168096,0.0008615538120915942,0.010338645745099129,0.07193639212101965,0.009031520719758386,0.017692981455318658,-0.016418710160083158,0.002332820039326472,0.024723452929644587,0.0
Уфимский муниципальный район,0.30990629984189527,0.3344102741093103,0.004083995711235841,0.04900794853483011,0.07160297822453596,0.006382015732979036,-0.03069642226895482,-0.019177282351638736,-0.0020322279409937666,0.04189652974040785,0.0
Ухоловский муниципальный район,-0.10981692167795683,-0.10811765355240303,0.00028321135425896966,0.0033985362511076054,0.10880522024821489,0.011188852389165227,-0.0347441115575802,-0.032047810760649685,-0.018744692331685124,0.029129601169006997,0.08695652173913043
Учалинский муниципальный район,0.20414132197633159,0.2196655896562795,0.0025873779466579878,0.031048535359895862,0.08098479003874547,0.004598116920560794,-0.007216889977816899,-0.004587498917682597,-0.015894654270168784,0.035737560079251496,0.0
Уярский муниципальный район,0.023515345661156168,0.026629497603959162,0.0005190253238004989,0.006228303885605986,0.059478577539339154,-0.01410888686616248,-0.002620288988278023,0.02372148011765362,-0.03406536383614305,0.02399843289342651,0.0
Ферзиковский муниципальный район,0.18027768188401558,0.2202712563438484,0.006665595743305472,0.07998714891966567,0.13092707112847224,0.032585483146134506,0.004592754440074535,-0.03104187835141161,0.007301965874021231,0.034978679185255414,0.043478260869565216
Фурмановский муниципальный район,-0.03670891141215712,-0.041403041036168986,-0.0007823549373353126,-0.009388259248023742,0.05782948110639511,0.01911028037444202,0.012403895307287423,-0.03291271371479511,0.003018463205910222,0.019290485550483162,0.0
Хабаровский муниципальный район,0.5045078829892343,0.5123656362034218,0.0013096255356978956,0.015715506428374788,0.10156452953127033,0.013123961348503656,-0.021102787319671246,-0.02557421777854579,0.06065846065513472,0.04602895340261493,0.0
Хабарский муниципальный район,-0.14704419894321794,-0.14647244950311475,9.529157335053412e-05,0.0011434988802063728,0.05520312249600502,-0.015105243466334755,-0.018936050272925165,0.01907631496533399,0.017976047614303492,0.026077334325402407,0.0
Хабезский муниципальный район,-0.21286024925978939,-0.1879621026001456,0.004149691109940634,0.04979629331928755,0.11854694405961463,-0.01780646894850071,-0.033379728029306596,0.019190388054756386,0.005177934815397772,0.05761899456023428,0.0
Хайбуллинский муниципальный район,0.0038145508239954364,0.0180617041459931,0.002374525553666278,0.028494306643995326,0.062234928482315446,-0.00653428212176556,0.0023833819531971683,0.017211638523337097,-0.013428370577180312,0.018435301883422066,0.0
Хангаласский муниципальный район,0.33095974626148056,0.2870091829276493,-0.007325093888971875,-0.08790112666766244,0.15138833969292909,-0.0428550256183981,-0.013231146590559562,0.0709791575036134,0.046504412265468115,0.027370347338664086,0.0
Ханкайский муниципальный округ,0.15874920092193956,0.16620969078551115,0.001243414977261928,0.01492097972714316,0.06799290258398596,0.008581507304601206,0.017948885188436438,7.646470200357935e-05,0.008444636750348952,0.017405090588966037,0.0
Ханты-Мансийский муниципальный район,0.32698292676828905,0.3359293918782201,0.0014910775183218407,0.01789293021986212,0.1353201009052763,0.011496790297141037,0.01738382787511622,0.01398941668270989,-0.007922809447851925,0.029910574691642718,0.0
Харабалинский муниципальный район,-0.1941918531117041,-0.20196764383088647,-0.0012959651198637255,-0.015551581438364733,0.08651619392456683,0.02248794660786653,-0.01035598437768578,-0.03078630088073717,0.046247930041384,0.016067371122993283,0.17391304347826086
Харовский муниципальный округ,0.058424982614550945,0.043525355497070706,-0.0024832711862467108,-0.029799254234960475,0.1138665073834335,0.0275110051706398,0.03920734694637179,-0.03737542515065221,0.012306880705490512,0.026015462369904974,0.0
Хасанский муниципальный округ,0.31368028863176517,0.32357846892324105,0.0016496967152459729,0.019796360582951717,0.09400912426613532,0.02975036072537761,0.004275856109747358,-0.04315753113316001,0.00916095591998375,0.011160670954659564,0.0
Хвалынский муниципальный район,-0.07473922517243621,-0.07420491640012017,8.905146205267582e-05,0.0010686175446320927,0.04626408530734233,0.002348060985351217,-0.009706189828816362,-0.00011619993321271707,-0.003937774784340622,0.015887087945368288,0.13043478260869565
Хвастовичский муниципальный район,-0.0913844784869448,-0.10786514398546565,-0.002746777583086809,-0.03296133099704172,0.052839160662830384,0.00637632778432703,-0.00028875329601151374,-0.01441478106113673,0.0006318047225489509,0.03759360280662348,0.0
Хворостянский муниципальный район,-0.016889814832261596,-0.009812285041809421,0.0011795882984086954,0.01415505958090435,0.07948498675365376,0.02072294044984757,0.008431543473513022,-0.02755953251039976,-0.0028922702116806554,0.01717526520343959,0.21739130434782608
Хилокский муниципальный район,0.0694734653963746,0.06439872533610573,-0.0008457900100448111,-0.010149480120537735,0.07466405727349221,-0.02749859609773881,-0.0053758206670907445,0.04788126989814879,0.01938532407160208,0.021442031373037546,0.0
Хиславичский муниципальный район,-0.1315324121989027,-0.14781072023856248,-0.002713051339943297,-0.03255661607931959,0.08713381599586333,-0.006476789917873518,-0.005215243543751719,-0.02092316701065691,0.012341842124705203,0.026951080585994897,0.08695652173913043
Хлевенский муниципальный район,-0.028580234165379876,-0.03021119721944654,-0.00027182717567777835,-0.003261926108133325,0.07750378140323588,0.024183814150691128,0.005497110917915894,-0.020801186164214586,-0.014068150733795567,0.023073802699183528,0.08695652173913043
Холм-Жирковский муниципальный район,0.007978214335276604,0.03747882767226374,0.004916768889497856,0.05900122667397426,0.05348334127826612,0.016238808261885194,0.004085420245644876,-0.026380095183732036,0.0051778864879962775,0.030125371510220853,0.0
Холмогорский муниципальный округ,0.0004004101960645527,-0.03573271599543052,-0.006022187698582514,-0.07226625238299016,0.07313243277246606,0.007066895994390209,0.0223732587510483,0.0027125819337670645,-0.02921860360903775,0.04238389517051051,0.0
Холмский муниципальный район,0.045858753207291825,0.022385123205699593,-0.003912271666932041,-0.046947260003184464,0.079502919107584,0.005782018454561115,0.011076427775178943,-0.025871758691055305,0.01881069779732884,0.03895923912667347,0.0
Хорольский муниципальный округ,0.13004288110596765,0.11161414888546044,-0.0030714553700845414,-0.036857464441014454,0.08311753013344345,0.03418540880099279,-0.002479218014675293,-0.03925942040190958,0.04720620777780102,0.022344506577594236,0.0
Хотынецкий муниципальный район,-0.129948728170739,-0.12308080876103948,0.0011446532349499176,0.01373583881939903,0.14184880342968328,0.010991791895814677,0.04604382976271324,-0.008777965109016482,-0.05594628141702186,0.0441555760212808,0.0
Целинный муниципальный округ,-0.295086645694026,-0.3026800969985266,-0.0012655752174167687,-0.01518690260900124,0.06703125190968115,0.003409274721867744,0.012656382405497307,-0.00945692817610337,0.013584238042013084,0.03322944045042407,0.0
Цивильский муниципальный округ,-0.15519912625389357,-0.13932285740772224,0.002646044807695224,0.03175253769234265,0.07295273332801686,0.01047223608881536,0.0031724963180054556,-0.014517839703517615,-0.037193770578675456,0.031824334011988385,0.0
Чагодощенский муниципальный округ,0.21211076285425268,0.20641933039090446,-0.0009485720772247021,-0.011382864926696415,0.04654021910297901,-0.0029483308534463343,0.007937598788461155,-0.0034914473866289575,-0.016526003834611187,0.02316526444800119,0.0
Чаинский муниципальный район,0.04605026938999431,0.039028724906591115,-0.001170257413900533,-0.014043088966806394,0.0791552990598067,-0.02466962563589998,0.007102862195333366,0.030142649635211946,-0.017297935180521244,0.02501853840073295,0.0
Чамзинский муниципальный район,-0.012952135320390893,-0.006512090910589278,0.0010733407349669362,0.01288008881960323,0.06213546300441783,-0.010819183501582997,0.011469351984204632,0.004835710724395417,-0.0405718188143043,0.013427355961023447,0.0
Чановский муниципальный район,0.04486734081357987,0.06179425194483956,0.0028211518552099524,0.033853822262519394,0.09661850120170223,-0.037861023445361706,-0.01549164618520181,0.05571956050101353,-0.02296037979534463,0.011448364832960934,0.0
Чаплыгинский муниципальный район,0.0456752067977774,0.04006605057078646,-0.0009348593711651586,-0.011218312453981897,0.04882157583093433,0.015367935553973582,-0.0029898649218408854,-0.022398411093574336,0.027578376198863983,0.020656653490530887,0.0
Частоозерский муниципальный округ,-0.1935470765665285,-0.19872036917734093,-0.0008622154351354019,-0.01034658522162483,0.0830723930772676,0.006544939611130856,0.02488340200814461,-0.0006680945846568219,0.005010111867567599,0.03943020030874937,0.0
Чебаркульский муниципальный район,-0.016994857607385134,0.02662601723007126,0.0072701458062427345,0.08724174967491279,0.09739121407494261,0.027499154967988347,-0.00369747182242145,-0.03260133683850491,0.0004647545045905824,0.059128827951437014,0.0
Чебоксарский муниципальный округ,0.0032005863314616225,0.046657853253212554,0.007242877820291824,0.08691453384350185,0.056960103470220264,0.0013613880530285946,-0.011808362273508913,-0.012229902864187486,-0.03142376751648911,0.030252226591136692,0.0
Чебулинский муниципальный округ,0.05131134773998047,0.07370860925278218,0.0037328769188002876,0.04479452302560342,0.1377514683626434,-0.04566821096035979,-0.008490928046926728,0.061085234795552654,0.0005158663305932371,0.03792887274951018,0.0
Чеди-Хольский муниципальный район,-0.05325117056035037,0.022015315181803146,0.012544414290358921,0.15053297148430703,0.12783768058653835,-0.013307389324933321,0.002756943550448872,0.046691381329099585,0.007985890145755969,0.08504758023050962,0.0
Чекмагушевский муниципальный район,-0.15868540232254977,-0.18291047403410468,-0.004037511951925826,-0.04845014342310986,0.08781110913313908,0.021830206152078816,0.032531677481676055,-0.026672058224458676,-0.023891792500507623,0.024384023667003443,0.21739130434782608
Челно-Вершинский муниципальный район,-0.126869010856118,-0.11940885696321384,0.0012433589821506904,0.014920307785808292,0.07914242526512993,0.006689726800297002,0.02137110909764989,-0.008717152870241779,-0.001150046394977287,0.036136698969550234,0.0
Чемальский муниципальный район,0.21419010630199456,0.21636067930056813,0.0003617621664289263,0.004341145997147115,0.22448309466404642,-0.07626401882899579,-0.046099656337838926,0.09905842592153016,-0.011824800224042462,0.016033839749765178,0.0
Чердаклинский муниципальный район,-0.150084121426901,-0.14239437116224693,0.0012816250441090174,0.01537950052930818,0.04649467337909911,0.015103385085426574,-0.006679103167080059,-0.019720553506699545,0.016740594024514988,0.025451939731997063,0.0
Черемховский муниципальный район,0.04092975306024652,0.05238619282374716,0.0019094066272501064,0.022912879527001273,0.07249564171702491,0.006011167495576055,5.471586943418237e-05,7.294026632112817e-05,0.02745600265075527,0.021152108430225046,0.0
Черемшанский муниципальный район,-0.24824475157825873,-0.26495248431310303,-0.002784622122474049,-0.03341546546968862,0.13525656973657074,0.01847564619696391,0.01597731739809507,-0.008616583001731515,-0.05870013140004297,0.02760999895021184,0.0
Черепановский муниципальный район,0.04575033506396986,0.06514055926219282,0.0032317040330371613,0.038780448396445934,0.033084404534876766,-0.00438035495515955,0.0005093019996944368,0.006742460276683179,-0.019328656506870524,0.022142652622496532,0.0
Череповецкий муниципальный район,0.2499373490618292,0.25878336580367306,0.0014743361236406378,0.01769203348368764,0.06281220789396671,-0.0032616650299672903,-0.00955686151035307,-0.012674721774250284,-0.0237144100612511,0.03797365726747581,0.0
Черлакский муниципальный район,-0.06783563131437369,-0.07754228124302316,-0.0016177749881082476,-0.019413299857298966,0.0496709697148134,-0.00924895518561366,0.00339491673170999,0.006296481165994257,-0.01752987378689885,0.02192140529799246,0.0
Черноярский муниципальный район,-0.14627278315672765,-0.18649118698592795,-0.006703067304866718,-0.08043680765840062,0.13109564837801857,0.03623614388807167,-0.004938410844826881,-0.05363989072238936,0.056855113583854984,0.036408485459147266,0.0
Чернский муниципальный район,0.1556854292767674,0.16631596471892784,0.001771755907026741,0.021261070884320905,0.06875332772448221,0.005501756540489591,-0.008923265988520963,-0.009042625719139594,0.037778313774787485,0.020804402620528645,0.0
Чернышевский муниципальный район,0.20478887935266007,0.20425880534572105,-8.83456678231708e-05,-0.00106014801387803,0.0707653049999403,-0.02106182016905883,0.011470852303376688,0.03490601208430634,0.0007626530214927887,0.015415875515911876,0.08695652173913043
Чернышковский муниципальный район,-0.06948674204548366,-0.07290372878241769,-0.000569497789489003,-0.006833973473868049,0.1040524166053983,-0.0264218399620378,-0.009507144286589806,0.025292252885267277,0.004660219169611292,0.03299538836037076,0.0
Чесменский муниципальный район,-0.06790290149552052,-0.05072291351269816,0.002863331330470393,0.0343599759656447,0.0764914584699336,0.01678441723913717,0.015758847422935617,-0.028588724394031737,-0.00044438353875755985,0.021440842225840934,0.08695652173913043
Чистоозерный муниципальный район,-0.05076445798695136,-0.04287191304013745,0.0013154241578023195,0.015785089893627813,0.08603226917361723,-0.014272089971272594,-0.004113251826186369,0.031858138212361664,0.015063217722561289,0.025292771362026633,0.0
Чистопольский муниципальный район,0.0860844211822122,0.10545338280202927,0.0032281602699695154,0.038737923239634174,0.04548470935037546,0.0013408041645726235,-0.016763456494167904,-0.011168214266859232,-0.017870144952176314,0.025035366392535643,0.0
Читинский муниципальный район,0.1201588071285385,0.12448578158093133,0.0007211624087321365,0.008653948904785658,0.05635918254144362,0.01237301259224071,-0.0015917526337371351,-0.0029830429304970657,0.02453611799160721,0.02994057439280119,0.0
Чишминский муниципальный район,0.10426803406600842,0.11689156330319772,0.0021039215395315504,0.02524705847437862,0.04241236705364815,0.014966451673435239,-0.0076088575686738495,-0.023342754432215354,0.01431040827361708,0.02132555156965275,0.0
Чойский муниципальный район,-0.0685687244764434,-0.07276486964088062,-0.0006993575274062019,-0.008392290328874452,0.1444572942281483,-0.023832741493045866,-0.015699580496400807,0.021036627758387584,0.03965100433915575,0.030067552639210647,0.13043478260869565
Чугуевский муниципальный округ,0.2092655358257296,0.20981232973125166,9.113231758701046e-05,0.0010935878110441462,0.0778473370037297,-0.003579106658262405,0.000527969070042416,0.001597304621081785,0.03900657767707528,0.022474151958829756,0.0
Чудовский муниципальный район,0.2064178588766211,0.21359237299287517,0.0011957523527090148,0.014349028232508202,0.05770600082225244,-0.007213835096374064,0.019933110075517325,0.004236305927563487,-0.03385461040167499,0.021330577293873356,0.0
Чулымский муниципальный район,-0.02931389498125392,-0.0367137345739077,-0.0012333065987756298,-0.014799679185307557,0.07555679824494833,0.010040618153099992,-0.019010127861784094,-0.004914999356775502,0.013735728381230973,0.02019636922258959,0.0
Чунский муниципальный район,0.05771145889527999,0.06097283794185445,0.0005435631744290768,0.006522758093148913,0.1289099995622165,-0.0357827336829747,-0.0035482291274193606,0.04431623745680856,0.034435660192634984,0.02250872007841305,0.0
Чурапчинский муниципальный район,0.23620354748885353,0.2068018135911478,-0.004900288982950958,-0.05880346779541146,0.22443680725340143,-0.02921326158710294,-0.01267626560425817,0.096236364838071,0.1394228356218744,0.02965764019416927,0.0
Чухломский муниципальный район,-0.06987135240364599,-0.05560880839077346,0.002377090668812089,0.02852508802574505,0.06401162025885124,-0.005913310489831132,-0.0017734355354264624,0.017921236479602923,0.023252858290601666,0.019734192716080096,0.08695652173913043
Чучковский муниципальный район,-0.08076289452975116,-0.07523555958380168,0.0009212224909915795,0.01105466989189896,0.1006047517347928,0.0062387504442823144,0.009944526934567278,0.012418562911435994,-0.0073296759525685665,0.03715688313298527,0.043478260869565216
Шабалинский муниципальный район,-0.14185389406167861,-0.15360324527747027,-0.001958225202631941,-0.02349870243158329,0.05794139088295991,-0.017815899358710467,0.01434834404548017,0.018043859316852054,-0.015283435763146256,0.019832499167303785,0.0
Шаблыкинский муниципальный район,-0.13630619087890014,-0.18432536860301432,-0.00800319628735237,-0.0960383554482284,0.0833861013879489,-0.0021783313120436977,-0.0028539407010446096,0.01433323649738292,-0.0024814144549485037,0.042718253471804614,0.0
Шарангский муниципальный округ,0.003230551769234221,0.009776743168464849,0.0010910318998717727,0.013092382798461255,0.1086180605633624,-0.030185329541877796,-0.009856241515184626,0.045292142434845556,0.03469080347931282,0.022650985261995295,0.17391304347826086
Шаранский муниципальный район,-0.25847644034795136,-0.29068454861126325,-0.0053680180438853125,-0.06441621652662377,0.15040936239243752,0.011200486550992126,0.021642731198199445,-0.01609207741953194,-0.0573103792013154,0.036998587075951,0.0
Шарлыкский муниципальный район,-0.19884583922818622,-0.21996503956496039,-0.003519866722795697,-0.04223840067354834,0.0845795416032233,0.009575638259746253,0.020425809123427126,-0.01945755347873364,-0.03741140746650462,0.03430817239731341,0.2608695652173913
Шарьинский муниципальный район,-0.07529346474846044,-0.05346767555445853,0.0036376315323336525,0.04365157838800382,0.057582140040934225,-0.003299385478619094,0.001661096612590795,0.0027913204899400407,0.0201165491176859,0.04335113416637112,0.0
Шатковский муниципальный округ,-0.06931445539450265,-0.08076549796395242,-0.001908507094908294,-0.022902085138899537,0.055535587918969356,0.006515474152888881,0.0038496513861198756,-0.01484741588436286,0.026945483419799146,0.022373096214996262,0.0
Шатровский муниципальный округ,-0.20279793710960692,-0.20455922389067563,-0.0002935477968447845,-0.0035225735621374397,0.04581189492714778,0.001967360685770888,-0.0018573919047052932,-0.0023191772207942947,0.015794404279398464,0.026885006064716947,0.0
Шацкий муниципальный район,-0.05782643378309286,-0.06284201300808778,-0.0008359298708324864,-0.010031158449989844,0.05105350886067724,0.0046985657930119365,-0.012480564764193267,-0.0029614935248127553,-0.010455619349089361,0.026133236517998468,0.0
Шебалинский муниципальный район,-0.03824367378575255,-0.030639967596051736,0.0012672843649501398,0.015207412379401633,0.13870391028867696,-0.042417377275374604,-0.02750814195701032,0.061003045332969,0.038166157168274095,0.035724286605758195,0.0
Шегарский муниципальный район,-0.014944931213855797,-0.05163917337780122,-0.006115707027324238,-0.07338848432789084,0.05434381567103458,-0.01694973896948514,-0.009336759871733418,0.027397418246090058,0.022322872308626965,0.0111479681869002,0.0
Шекснинский муниципальный район,0.17585750065382166,0.1684819206698953,-0.001229263330654395,-0.0147511599678527,0.04168609532277813,0.009905262852028644,0.01053593412819324,-0.014347502873197205,-0.009661848609737417,0.0374018563974193,0.0
Шелаболихинский муниципальный район,-0.17930441091173313,-0.19177165236493318,-0.0020778735755333398,-0.024934482906400064,0.1283180467857787,-0.03196157340098847,0.0192266891575009,0.04292510968238037,0.0036481211489651846,0.014837159380057688,0.08695652173913043
Шелеховский муниципальный район,0.3723007446239342,0.37718543630573925,0.0008141152803008403,0.009769383363610107,0.08754882356756258,-0.017297494397429135,-0.019051463700757755,0.015848315286964787,-6.864907937352387e-05,0.03836571429482595,0.0
Шелопугинский муниципальный район,-0.04070263222434304,-0.03188086791448826,0.001470294051642464,0.017643528619709564,0.11687863738775622,-0.036077194257099245,0.02179718187720656,0.0449951529123697,0.017432685298278114,0.0381436008067545,0.08695652173913043
Шемуршинский муниципальный округ,-0.3754616716582688,-0.40405398348839344,-0.004765385305020774,-0.05718462366024927,0.09863387440934196,0.0025309019329325796,0.018438355063933806,-0.013091920991409493,0.0025525692654463084,0.04178160169567165,0.08695652173913043
Шенкурский муниципальный округ,0.09170395128456144,0.07169059649460803,-0.0033355591316589013,-0.040026709579906804,0.08326824396498693,-0.026691357566571528,0.0013766174920007961,0.04268882834955689,-0.033970599558040424,0.017648434855004676,0.0
Шенталинский муниципальный район,-0.09449451508113264,-0.0966717956807129,-0.0003628800999300425,-0.004354561199160519,0.059926202220369526,0.003519341146340447,-0.002339506927120944,-0.012408855820979595,0.004335785532988794,0.02164848259279779,0.0
Шербакульский муниципальный район,-0.12434629543454741,-0.12957559934557258,-0.0008715506518375255,-0.010458607822050325,0.09299169528563178,0.003631079299842796,-0.02689634365935769,-0.008200049873643114,0.044763368800223836,0.02911285776738876,0.0
Шигонский муниципальный район,-0.0528376286319332,-0.039276277715793416,0.002260225152689965,0.027122701832279567,0.08392896341976103,0.023309909368918982,-0.011476124042892475,-0.03794895570199872,0.006275438758799859,0.015754775306208835,0.08695652173913043
Шилкинский муниципальный район,0.18233180352132297,0.1772806663226462,-0.000841856199779466,-0.010102274397353561,0.05258019340630003,-0.016893450826351068,0.007419662108109734,0.02704038203515022,0.002472183641947047,0.011279905943955492,0.08695652173913043
Шиловский муниципальный район,-0.0035046549773590416,-0.0216469970321449,-0.003023723675797644,-0.03628468410957172,0.10053937897979778,0.02829260167987096,-0.011956454431768685,-0.04257620539106382,0.027994647321650447,0.025310889539025248,0.0
Шимановский муниципальный округ,0.29678750288280226,0.24086859035782737,-0.009319818754162488,-0.11183782504994981,0.10284418612212293,0.004578161170089794,0.005333928270494775,0.008522446265725545,0.02578340407012393,0.06563859378057624,0.08695652173913043
Шимский муниципальный район,0.005510085443712749,0.0005056525660133518,-0.0008340721462832334,-0.010008865755398796,0.08242021389834053,0.015107634445358885,-0.007479863898840422,-0.020606214454254555,0.015468362696835207,0.01755105498785972,0.08695652173913043
Шипуновский муниципальный район,-0.08823164366709069,-0.10072446693930148,-0.002082137212035131,-0.02498564654442159,0.11560659566521514,-0.02904187285155299,-0.022493198798339793,0.03624660485875427,0.03814957451453481,0.010862357471063207,0.0
Ширинский муниципальный район,0.04310840306662104,0.052395890086478346,0.0015479145033095514,0.018574974039714604,0.08974012595722858,-0.027692848621749123,-0.010303814911532958,0.046519698306604976,-0.014415610251645384,0.015220477196871559,0.0
Шовгеновский муниципальный район,-0.160928244524524,-0.13995152661905083,0.003496119650912198,0.04195343581094635,0.12894188435843632,-0.02553738231067954,0.006212587316139014,0.037412697553679854,-0.017542648071530664,0.05146065298776145,0.08695652173913043
Шпаковский муниципальный округ,0.33050614453043115,0.3642100900836566,0.005617324258870906,0.06740789110645092,0.06686273840863832,0.000684991737976965,-0.027211021794643277,-0.00775791871023109,0.015344173370000887,0.041192391485662956,0.0
Шуйский муниципальный район,0.08468257322164918,0.10293791802229284,0.003042557466773943,0.036510689601287304,0.09409072062986572,-0.009640562579147463,-0.030509138130909573,-0.005858673828621331,0.008630913217175629,0.03000998325859484,0.08695652173913043
Шумячский муниципальный район,-0.17275960102618537,-0.17128836277725604,0.0002452063748215545,0.0029424764978586517,0.06226034037254559,0.019003389493028773,0.011267479252426889,-0.014778280920114252,0.019168166928257215,0.030423134458722984,0.0
Шушенский муниципальный район,0.19603669943206614,0.19485298068304044,-0.00019728645817095343,-0.0023674374980514243,0.04828257076110699,-0.006517516330556474,-0.0077144361878260185,-0.0008900122243848332,0.015413609841479338,0.017356488283987656,0.0
Щекинский муниципальный район,0.3365751706293434,0.36118037024500965,0.004100866602611046,0.04921039923133256,0.06511974926743391,-0.0016375092563273887,-0.02357498680537564,-0.013352046019957285,0.006680576944876115,0.030275218415517568,0.0
Щучанский муниципальный округ,-0.03694118327350108,-0.02732997135026623,0.001601868653872475,0.0192224238464697,0.06495073794255413,0.009504086334728414,0.008135668153939263,-0.0017033827651440165,0.03721745627200508,0.023152206373290525,0.08695652173913043
Эвенкийский муниципальный район,0.5234747370082656,0.5191265742392072,-0.0007246937948430926,-0.008696325538117092,0.29411093366057117,-0.10358763296484982,-0.00497855717877429,0.17430231491571613,-0.025737984427494087,0.039042872054800205,0.043478260869565216
Энгельсский муниципальный район,0.2568639705185381,0.2713221486027823,0.0024096963473740278,0.02891635616848835,0.049621088848510055,0.0009363072314018974,-0.013640217368976939,-0.012166501144481515,0.008127426698372214,0.030479755392875466,0.0
Эхирит-Булагатский муниципальный район,0.017007990560557424,-0.0032037591208979124,-0.0033686249469092244,-0.040423499362910675,0.07391552877687205,-0.01765236903861591,0.009624820584018676,0.03466273725151057,0.008138637188117824,0.02565655994738604,0.0
Южский муниципальный район,-0.05457305113208544,-0.06319782401822849,-0.001437462147690508,-0.0172495457722861,0.039502128494188354,0.0008859204584470721,0.0009630173981102471,-0.00499114942529227,0.02093169169377406,0.016153804079575812,0.0
Юргамышский муниципальный округ,-0.08814367347506498,-0.1024479729991999,-0.0023840499206891543,-0.028608599048269845,0.053514747041188124,-0.007033543875295011,0.0007685834117629952,0.014173639737381881,0.01877736045374402,0.028061461309934893,0.0
Юргинский муниципальный район,0.0810481719705501,0.06148490270437653,-0.003260544877695597,-0.039126538532347155,0.10755388700098348,-0.009342994519912926,-0.02569996297769285,0.015155515896960162,0.018340807015022827,0.019360484623845656,0.0
Юринский муниципальный район,-0.22852910052718864,-0.23284546247526983,-0.000719393658013532,-0.008632723896162394,0.059592020849596264,-0.010290036547852415,0.010513100430283204,-0.0049327551395836455,-0.02967622985222401,0.05218083011097708,0.08695652173913043
Юрьев-Польский муниципальный район,0.11689106021742164,0.12351291132241116,0.0011036418508315851,0.013243702209979022,0.05857367346341165,0.023433531674460308,-0.006250994147850096,-0.0361326794280616,0.018032565802809316,0.00840084659594419,0.0
Юрьевецкий муниципальный район,-0.11449828983817818,-0.09916844853324329,0.002554973550822485,0.030659682609869805,0.06265479797804865,-0.015137287375940273,0.008829865147662961,0.013279691773920712,-0.02307016377647269,0.021092359406933246,0.0
Юрьянский муниципальный район,-0.11524155227195572,-0.14514978139406987,-0.004984704853685695,-0.059816458244228286,0.13722089117485758,0.03930009025852091,0.03276289553642299,-0.04548155949498934,-0.0005754252153271286,0.044215267009328214,0.0
Юстинский муниципальный район,-0.0892771893639049,-0.09694245743780334,-0.0012775446789830712,-0.015330536147796892,0.17391693176658735,-0.031570298564076824,-0.03910242130433632,0.046620291012044894,-0.047948198085709944,0.04225690251484743,0.0
Ютазинский муниципальный район,-0.14667846459621595,-0.18567912905165493,-0.006500110742573164,-0.07800132891087792,0.08401073078482027,0.01665938087076742,0.029904248055581166,-0.032889873809056835,-0.04188292521987428,0.021649435156616447,0.0
Юхновский муниципальный район,0.04065904693580954,0.013576848307032355,-0.004513699771462866,-0.05416439725755436,0.04444499681717935,0.013632354607772637,0.006960055795486222,-0.020459408953986055,0.020674997914852677,0.042165101257522326,0.0
Ядринский муниципальный округ,-0.21086754399890015,-0.2289686189625598,-0.0030168458272766085,-0.036202149927319294,0.043224752294808516,0.0009006573112523808,0.00933278654802057,-0.0014302977237199087,-0.007881395660486228,0.014095057497801568,0.0
Яйский муниципальный округ,0.08663372046715272,0.10084255234394446,0.002368138646131957,0.028417663753583493,0.11296556101023478,-0.038791561975394545,0.0022470620749458076,0.04829582767041765,-0.016471360792276513,0.02479382162873104,0.0
Яльчикский муниципальный округ,-0.48421969064316367,-0.5277478412436332,-0.007254691766744915,-0.08705630120093903,0.09370415553445831,-0.018878049335795156,0.0006089291789346742,0.011271813576229575,-0.0014005193924800062,0.04613670514449308,0.0
Янаульский муниципальный район,-0.025537636761476728,-0.021538998199676307,0.0006664397603000691,0.00799727712360084,0.09383342020626212,0.012934488869756603,0.0009826978274823418,-0.013693174415781663,-0.02975922509687119,0.022605068621432547,0.0
Янтиковский муниципальный округ,-0.41513498011150135,-0.43722536799132133,-0.0036817313133033318,-0.04418077575963997,0.11510661844156828,-0.0016292190632782575,0.008929444372924231,-0.009054204240854163,-0.07470318814799119,0.06392383123134761,0.0
Яранский муниципальный район,-0.08944275763398202,-0.10426724331440873,-0.0024707476134044545,-0.029648971360853427,0.07777292849540074,-0.0069455254558295956,0.02335827877434793,0.006114832011371701,-0.031112689826966296,0.019361594874457395,0.0
Ярковский муниципальный район,0.027222090678643934,0.021902839195637885,-0.0008865419138343435,-0.010638502966012098,0.0818619509396421,0.00017185781523862292,0.02762434737458139,0.003759113348144913,-0.021089280974329695,0.029609608548619822,0.0
Ярославский муниципальный район,0.4526215736357731,0.4570190657435996,0.0007329153513044083,0.008794984215652946,0.05047439063872298,-0.002322455759673719,-0.0032898991424215934,-0.005180861927682221,-0.024754075849668725,0.04417655639116959,0.0
Ярцевский муниципальный район,0.1360356423214549,0.15897341419462027,0.003822961978860894,0.04587554374633074,0.030942399830214434,-0.006556081258997063,-0.0019139584737777934,0.0022516084429917912,-0.009982279221088564,0.013792313715614447,0.0
Ясногорский муниципальный район,0.22705500495089437,0.24005326606260136,0.002166376851951163,0.025996522223413976,0.06538536513695793,0.022247192781573083,0.0037424638047981185,-0.03692827882219686,0.009046904098548105,0.022244514565074244,0.0
Яшалтинский муниципальный район,-0.21959248316696836,-0.21257545677995834,0.0011695043978350102,0.01403405277402007,0.2046967400001738,0.010235061618302283,-0.02954859631926548,0.01838832973046394,-0.013753432367174807,0.05416993436557656,0.0
Яшкинский муниципальный округ,0.1304085987065299,0.15141202219850788,0.003500570581996329,0.042006846983955924,0.11564688646279594,-0.038978229056200575,-0.01736050998725879,0.03575755941697839,-0.019445145981287344,0.025119287010785956,0.0
Яшкульский муниципальный район,-0.14003512313672997,-0.13532939270894806,0.0007842884046303199,0.009411460855563844,0.15343633768874038,0.0003812014298579293,0.017442209766324143,-0.004983281700313922,-0.0734380781777215,0.09294733659189869,0.0
городской округ Абдулинский,-0.10563566563085569,-0.11098428836939671,-0.0008914371230901701,-0.010697245477082026,0.06785754494578845,0.012073193213123012,0.019127780904632147,-0.014089517495914052,-0.01042790304443822,0.017095502676305722,0.0
городской округ Богданович,0.25458285731888447,0.2715033771716975,0.0028200866421354974,0.033841039705625985,0.03839037230521213,-0.003636115692591018,-0.004296131369065641,-0.002349639461238541,-0.022444300976811403,0.02024633473548876,0.0
городской округ Верхний Тагил,0.1499775392537046,0.15435931178337073,0.000730295421611019,0.008763545059332264,0.09711314399568169,0.019297350776640756,0.02435267064570189,-0.03171805754722247,-0.023260325285185866,0.019620310384144034,0.2608695652173913
городской округ Верхняя Пышма,0.5085753598011058,0.5273858075499193,0.0031350746248022454,0.037620895497627004,0.05139941190405381,0.00038103381400836556,-0.008157991728570537,-0.010310932554066201,-0.013523990803841321,0.034270910143940396,0.0
городской округ Верхняя Тура,0.15770426085105696,0.1556248017055196,-0.0003465765242562318,-0.004158918291074769,0.06444979511120472,-0.013079753481478731,0.010421914848852857,0.004990292043901989,-0.035340080666856316,0.03616297373743016,0.0
городской округ Верхотурский,0.1377174387011204,0.1302053594772324,-0.0012520132039813361,-0.015024158447776012,0.03609809789706232,0.0012685631874588279,0.013103519161407694,-0.00024836109904404456,0.007787015760594627,0.02602556505410254,0.0
городской округ Воротынский,-0.1174761284456735,-0.1501461835457333,-0.005445009183343304,-0.06534011020011965,0.07637328472562264,-0.012877346813467364,-0.004586456172065821,0.011781656345080728,0.01130278377242348,0.017766939412184587,0.0
городской округ Гайский,0.03537792621729655,0.016368591970454965,-0.0031682223744736,-0.03801866849368318,0.06675176761516259,0.0014560063426132062,-0.007913633579309718,-0.0005766223145449366,-0.03342254321985956,0.044875223375070265,0.0
городской округ Дегтярск,0.12186206924232845,0.0788306513456732,-0.007171902982775882,-0.08606283579331049,0.06637679146548994,0.006200708355605941,0.02022694902058928,-0.017728173780856147,-0.031223998047862505,0.023952982452949932,0.0
городской округ Жигулевск,0.27172541552303753,0.30386033903191123,0.005355820584812282,0.0642698470177474,0.05544369604469989,-0.005651806427585512,-0.005373364331014409,-0.010194797462444085,-0.010815159982463811,0.03415703847376455,0.0
городской округ Заречный,0.3355712771585086,0.3361255633408808,9.238103039536229e-05,0.0011085723647443757,0.05528978489533049,0.00841855280910159,0.01536770089797166,-0.01329606808156995,-0.023227553307511348,0.013132132778772615,0.0
городской округ Карпинск,0.21174400100375168,0.17995899995445605,-0.005297500174882609,-0.06357000209859127,0.05551816057724525,-0.0105760426383218,0.0141609315837509,0.0004058708699060894,-0.020770113642269928,0.03135997037506827,0.0
городской округ Краснотурьинск,0.4045132523749308,0.4099556412359391,0.0009070648101680461,0.010884777722016606,0.05044211183919575,-0.002021343214594857,0.003652213912522119,3.669952654939532e-05,-0.015097206989292102,0.02214451748837585,0.0
городской округ Красноуральск,0.1410064200127942,0.134608274366951,-0.0010663576076405388,-0.012796291291686432,0.10108544692777302,0.02233944300808271,0.01803285750369156,-0.031751889191850756,-0.020546580540880825,0.01932555684340122,0.08695652173913043
городской округ Красноуфимск,0.1907560188084405,0.21243889196202806,0.0036138121922645932,0.04336574630717512,0.024676034272669095,-0.006082789678503892,0.0015692475580595753,0.00662067297700605,-0.011710035938512461,0.021456455160933946,0.0
городской округ Кувандыкский,-0.059739030024341444,-0.045969491302306466,0.0022949231203391635,0.027539077444069953,0.046672034749228694,-0.0014265267151530423,0.0008959701038796583,0.006868270939781782,-0.020903897746549584,0.019680623553690105,0.08695652173913043
городской округ Навашинский,0.06510084531944622,0.03797808311067552,-0.004520460368128455,-0.054245524417541414,0.06389118728782327,0.012911260438173474,0.008251692434557738,-0.025947632092579907,-0.02361354019235385,0.02748566362575896,0.0
городской округ Нижняя Салда,0.2231035948907676,0.22440344755341254,0.00021664211044082154,0.002599705325289895,0.11270045570497682,0.01170599156068928,0.029020256339625308,-0.005783780076545397,-0.041453169306824314,0.01711514674346076,0.0
городской округ Новокуйбышевск,0.34558351458289427,0.36204229998212983,0.0027431308998725986,0.032917570798471164,0.08903007808534036,-0.015821155161557875,-0.016273715476725292,0.004345174543072958,-0.016551269692028994,0.03655525319883176,0.0
городской округ Октябрьск,-0.029473306640823777,-0.04137314910482267,-0.0019833070773331496,-0.023799684927997777,0.05714060664112901,0.013659519178923923,0.010124250937909281,-0.031604939117038766,-0.01110781807134131,0.012795221306369653,0.08695652173913043
городской округ Отрадный,0.28063714789766725,0.29686161881995154,0.0027040784870473807,0.03244894184456859,0.07250234515193603,-0.011049410870541041,-0.01295380689743109,0.0024878348903509886,-0.01223454526643512,0.030732242237332206,0.0
городской округ Пелым,0.13581755255688877,0.15140321040878288,0.0025976096419823478,0.03117131570378821,0.14465625147678268,-0.012655871950061766,0.05257002269157932,0.020148737852017266,-0.08582560321616665,0.040544607212855924,0.08695652173913043
городской округ Первоуральск,0.33656009084981126,0.3573009685452579,0.0034568129492411003,0.041481755390893195,0.04746308402768011,0.002146566748663468,-0.004513474689590874,-0.016764222186788164,-0.013280960321561553,0.03398679150761137,0.0
городской округ Перевозский,0.007130928164764683,-0.0025534464898392764,-0.0016140624424339938,-0.019368749309207917,0.043934379957665665,-0.009342711949369989,0.0005416188905520725,-0.0027185515585653394,-0.02282549233740533,0.01669141365218798,0.0
городской округ Ревда,0.3583301615009709,0.3770097621682725,0.003113266777883594,0.03735920133460313,0.062258966102415124,0.008450506279628657,-0.002342245683567975,-0.013546336968484488,-0.022290684072611942,0.03545942059411411,0.0
городской округ Рефтинский,0.24045801298571626,0.23984209862949823,-0.00010265239270300982,-0.0012318287124360634,0.14020350161128353,0.003319256743206646,0.030626548790034114,-0.018342645269191715,-0.07658925142993513,0.023749399374701177,0.0
городской округ Семеновский,0.08446644393205556,0.08362848958817493,-0.00013965905731343962,-0.0016759086877612777,0.06373002540434818,0.008162094172360324,-0.026597117508370897,-0.01680630062388778,0.03255526711506907,0.021069930973915345,0.0
городской округ Сокольский,0.00027107480698880987,-0.0055143732621874735,-0.000964241344862714,-0.011570896138352568,0.04270592867473591,-0.01294559710510755,-0.004603045694748108,0.012826716831307396,0.0008369934314015823,0.02218698650866615,0.0
городской округ Соль-Илецкий,-0.019115247352440523,-0.01951475106781257,-6.658395256200423e-05,-0.0007990074307440883,0.1491312322414276,0.017465273940005573,-0.06176695233809071,-0.0281467835533803,0.038216324101690395,0.049345381557842787,0.0
городской округ Сорочинский,0.03656447460918407,0.04918467692664056,0.002103367052909415,0.025240404634912988,0.039229147946563764,0.007473866156311725,0.016374748658336664,-0.012165319330169875,-0.010142644206636436,0.01841017704363713,0.0
городской округ Среднеуральск,0.2799821471510276,0.2590717220133129,-0.003485070856285791,-0.04182085027542944,0.13038928417924972,0.022389722741646967,-0.043457457529765604,-0.03958338917535004,0.009006310832576615,0.020603405243129376,0.0
городской округ Сухой Лог,0.2507789123716843,0.25547004778715693,0.0007818559025787652,0.009382270830945227,0.043644902330894464,-0.005428928252981,-0.010237995606871327,0.004328592480600489,0.003993367905826337,0.02256064523167561,0.0
городской округ Ясненский,0.028121375218304268,-0.007960612945734654,-0.00601366469400649,-0.07216397632807785,0.06374463980234549,-0.021561203092235238,-0.007528252007857152,0.02637444508768967,0.002180654724244155,0.025582456586413872,0.0
городской округ город Агидель,-0.11014916099902543,-0.14389956007280644,-0.005625066512296837,-0.067500798147562,0.13617992226764047,0.014863102378758757,0.04591520996593152,-0.01239125750391635,-0.03185268997921476,0.02456678806798391,0.0
городской округ город Алатырь,-0.12333704295238168,-0.11626323888237373,0.0011789673450013237,0.014147608140015885,0.07658031551356126,0.021419934540078393,0.0033202894609008255,-0.0294634081651165,0.004764665408745761,0.013827036268831328,0.0
городской округ город Арзамас,0.27282463686636776,0.29247744538405424,0.0032754680862810844,0.03930561703537302,0.07693449716598266,-0.012256513275890005,-0.020916962689171287,0.0027121524570313,-0.008521531048397687,0.025687473689421758,0.0
городской округ город Бор,0.3716504889949783,0.38862564795384813,0.00282919315981163,0.033950317917739614,0.07349750392225535,-0.010335381965789738,-0.023033116134724838,-0.000602335865872034,0.008900127131164622,0.028170010616056222,0.0
городской округ город Бугуруслан,0.1830107057184999,0.20674455430614933,0.003955641431274901,0.04746769717529883,0.03664409766375913,-0.0019861477150527203,-0.004029885285086736,0.0005296998651779271,-0.007453136431954307,0.02624837244374758,0.0
городской округ город Бузулук,0.2736406163294973,0.2969489803525806,0.003884727337180543,0.04661672804616653,0.05818233371102355,-0.011955167750118682,-0.0002191530654428349,0.004015521004099449,-0.017564154515291752,0.03506189253119426,0.0
городской округ город Волжск,0.064719399855291,0.06854847701519606,0.0006381795266508428,0.007658154319810133,0.11699417211584817,0.03066149918644863,0.0217799747871918,-0.04570979179468208,-0.02761066894065975,0.02014645160586549,0.0
городской округ город Воткинск,0.25565429952527485,0.2705729615352335,0.0024864436683264463,0.029837324019917382,0.05837735349551456,-0.0021149407046084996,-0.00633991848452704,-0.013249167314053857,-0.023387933501372964,0.020419813998890948,0.0
городской округ город Выкса,0.35828155489358937,0.3736507805292124,0.0025615376059371737,0.03073845127124608,0.06918972811921997,-0.02065575700951754,-0.014568242974272845,0.011568702244703907,0.0016483201710368427,0.01902152903730481,0.0
городской округ город Вятские Поляны,0.025085685371185756,0.02806849372241575,0.0004971347252049987,0.005965616702459986,0.05629194863751842,0.011021831807123059,-0.005323524668906972,-0.018351263127685712,-0.016510325772839528,0.014082227724862317,0.043478260869565216
городской округ город Глазов,0.1529625750788759,0.1728382951790063,0.0033126200166884055,0.039751440200260856,0.05205164156653608,-0.01427177682538346,-0.012564290437357734,0.008969850774778097,-0.02213802104343631,0.02159739842807241,0.0
городской округ город Дзержинск,0.44160171717458824,0.45985683362133073,0.0030425194077904187,0.03651023289348506,0.07060200511550743,-0.007667437620511392,-0.021199181254597792,-0.005492919104586585,0.012211629666460642,0.02938653230700356,0.0
городской округ город Ижевск,0.3463877416505004,0.36694983070248544,0.0034270148419975016,0.04112417810397003,0.04269856848937306,-0.004108138671984989,-0.007178655839240219,-0.0049399347115269745,-0.01453969282341063,0.024999857978033262,0.0
городской округ город Йошкар-Ола,0.20720381722852924,0.22647422546381213,0.0032117347058804803,0.038540816470565765,0.060708653754769804,0.014268348142572336,-0.008801454506277303,-0.02920558132587149,-0.009684159938055253,0.013134984979289563,0.0
городской округ город Казань,0.44007041039422173,0.4524013403464462,0.0020551549920374045,0.024661859904448875,0.05907838718355715,-0.003189857983656519,-0.015705965282669074,-0.007791212660096509,-0.020195253978100985,0.03388488998045208,0.0
городской округ город Канаш,-0.06236039151057349,-0.04767673626761715,0.002447275873826058,0.02936731048591268,0.04901037846904033,-0.0006174125301252765,-0.01701139146559702,-0.0029299684806667497,-0.013741468798842025,0.017684414983505602,0.0
городской округ город Киров,0.40163420242011894,0.4162989814196291,0.0024441298332516927,0.029329557999020334,0.046675040126714216,-0.004369606748171785,-0.005021627841408959,-0.005154714256387002,-0.01605667568483952,0.027664194660296005,0.0
городской округ город Кирово-Чепецк,0.2575459925545711,0.26237780663644283,0.0008053023469786174,0.009663628163743443,0.08031245993995051,0.009450271160744723,0.011684434271693273,-0.023385420632152962,-0.04222718504032248,0.02053059582168552,0.0
городской округ город Котельнич,-0.03460666207538695,-0.0416915676490263,-0.0011808175956065615,-0.014169811147278702,0.07632600797975417,0.01764966707383779,0.03244449669246555,-0.027922281714476818,-0.0299990191577032,0.014131269424531427,0.0
городской округ город Кулебаки,0.15713878001391715,0.16965193914979082,0.002085526522645608,0.02502631827174732,0.04430909798189535,-0.000663144715459192,-0.003512993005983604,-0.0029658172789831325,-0.004176085626599118,0.009974778169319189,0.0
городской округ город Кумертау,0.1412808008400174,0.15222504175647064,0.0018240401527422016,0.021888481832906443,0.04923100823397665,0.004069636881828771,-0.0011652673280465296,-0.010916497913800876,-0.020225763998058543,0.029111548508621337,0.0
городской округ город Медногорск,-0.024689356021168136,-0.015280465748007158,0.0015681483788601628,0.018817780546321956,0.07703410506069619,-0.0006286394997994497,0.011571289864037056,0.002710268227464835,-0.04402481916529304,0.01816249004008515,0.0
городской округ город Можга,0.020418206017564316,0.04901879213753313,0.004766764353328139,0.05720117223993763,0.04012100449060671,-0.005172041903193586,-0.00819062213971691,0.0033418489664084716,-0.02263462349653186,0.018078871743665428,0.0
городской округ город Набережные Челны,0.31892599284158357,0.3447768665172508,0.004308478945944535,0.05170174735133445,0.066845476880332,-0.0007538008737757613,-0.012099287993589697,-0.009790298352595836,-0.025386465049365706,0.03395609001021986,0.0
городской округ город Нефтекамск,0.2574104178035819,0.27218605000423796,0.0024626053667760033,0.02955126440131206,0.06838394465059848,-0.006082925741252328,-0.001966818039318729,-0.0025575348129662813,-0.03733274743807137,0.02875461807120816,0.0
городской округ город Нижний Новгород,0.47056383647270467,0.47976805532862965,0.0015340364759874987,0.018408437711850006,0.07237922961011242,-0.007564225677606348,-0.019420140150521206,-0.005114897365015446,-0.008190113970356905,0.028698813308744506,0.0
городской округ город Новотроицк,0.18059754960840935,0.208806883127478,0.004701555586511444,0.056418667038137325,0.061704743094465275,-0.01243935356633619,-0.01420783526984914,0.003256618773901731,-0.02053311334479607,0.03890927730690363,0.0
городской округ город Новочебоксарск,0.20817902158170595,0.2241473637116503,0.0026613903549907265,0.031936684259888715,0.05256318371077298,0.0028154766621269344,-0.010542525058305986,-0.016427570203324107,-0.010659943462399213,0.032280270669923006,0.0
городской округ город Октябрьский,0.26509025299937566,0.27121550915201187,0.001020876025439368,0.012250512305272446,0.05498322835999295,0.0006761981297655703,-0.004141453426484186,-0.009018180739954307,-0.02619268797377304,0.03014355673458,0.0
городской округ город Первомайск,0.001435684327509179,-0.01261896635022571,-0.0023424417796224827,-0.02810930135546978,0.03465956814541658,0.0023556404547223544,0.004744957713994763,-0.008194708028728634,-0.007321274649513288,0.014069585438560574,0.21739130434782608
городской округ город Салават,0.24679556147092555,0.2587614266788294,0.0019943108679839733,0.02393173041580769,0.05957645203020423,0.007696502296024374,0.0005439279591883854,-0.02435875106312899,-0.023903978415986512,0.03273890705181591,0.0
городской округ город Сарапул,0.23702266069905753,0.2671037835562893,0.005013520476205293,0.06016224571446349,0.05168507139079563,-0.018884971929422276,-0.007473188433818338,0.017174369526471174,-0.03410781771621262,0.030467282947747417,0.0
городской округ город Саратов,0.32179996092801305,0.3353966760858971,0.002266119192980683,0.027193430315768225,0.04547245064419892,0.0004543180498642599,-0.010745981840466785,-0.010287135052820667,0.0028941787815492896,0.02524410145264933,0.0
городской округ город Сибай,0.1827783536031058,0.19718223039119934,0.0024006461313489254,0.028807753576187107,0.06234900933651877,0.0061678855364774065,-0.004485251539250126,-0.0072201855463533355,-0.009865549767474007,0.02582060942074272,0.0
городской округ город Слободской,0.005491701283753647,0.0067604223958731184,0.00021145351868657759,0.002537442224238943,0.06984184422040707,0.016429034498234518,0.022517654396421935,-0.02314945407458677,-0.02754603753804999,0.012328995975520582,0.08695652173913043
городской округ город Стерлитамак,0.26003611873318483,0.27973084144847354,0.0032824537858814457,0.039389445430577354,0.06163713465235318,-0.005572657500592653,-0.0057702828569841606,-0.0021597627324778605,-0.035788462311573746,0.02405362593351378,0.0
городской округ город Уфа,0.39626980445666454,0.4048291474942583,0.0014265571729322954,0.01711868607518759,0.045410149734700984,-0.0006508079033608113,-0.006195378402737075,-0.010733774531471955,-0.019813246453632104,0.033151427821359956,0.0
городской округ город Чебоксары,0.25490218330147124,0.2703910266889755,0.0025814738979173814,0.0309776867750086,0.06101321974941342,-0.0012576687119236396,-0.020366948748402544,-0.008839630374616377,-0.005375909291753026,0.030478735985999667,0.0
городской округ город Чкаловск,0.07110992368882973,0.06926591227488377,-0.0003073352356576612,-0.0036880228278919347,0.052915753294655414,-0.010577772641604467,-0.007639660038787745,0.004900662847914315,-0.025063613976831663,0.024010460290696346,0.0
городской округ город Шахунья,0.025585895416829468,0.03217066425544601,0.001097461473102758,0.013169537677233093,0.032874051347883154,-0.010297328694122336,0.006938227685234416,0.011940293379504993,-0.005172870540890993,0.013064303678316826,0.08695652173913043
городской округ город Шиханы,0.12909482131703678,0.14417829419479014,0.0025139121462922263,0.030166945755506713,0.14010015350592164,0.010994690448391036,-0.011872472134416879,-0.011805541809822503,0.10090880078707165,0.04369716377718913,0.0
городской округ город Шумерля,-0.09437009659839513,-0.1080172031150523,-0.0022745177527761936,-0.027294213033314325,0.059130051318493734,0.021715114959901652,-0.01101469080342073,-0.030813979885263146,0.018284272169222578,0.018622487196193575,0.0
