mo,2023-01,2023-02,2023-03,2023-04,2023-05,2023-06,2023-07,2023-08,2023-09,2023-10,2023-11,2023-12,2024-01,2024-02,2024-03,2024-04,2024-05,2024-06,2024-07,2024-08,2024-09,2024-10,2024-11,2024-12
Абазинский муниципальный район,-0.05451489894982764,-0.07800964293173784,-0.12417984080073907,-0.08907245601510105,-0.09827895140792542,-0.021383357226302024,-0.06350732903144873,0.015381056746397448,0.07469948397655912,0.05326290203284145,-0.03340336539978139,0.028029476558574018,0.04129850791746392,-0.032565002678158095,-0.055043327514898266,-0.025284285211240487,-0.04290715341182327,0.04964441519019758,0.027914648875707826,0.05113292359409449,0.06158167356267974,0.025604924810851415,-0.0004899759193204289,-0.03989491297765646
Абанский муниципальный район,-0.09454193731981952,-0.03414364898975464,-0.03621921014952356,-0.057569107844713585,-0.058843450088646776,-0.060223190542567195,-0.0387834072471307,-0.07405844145706197,-0.10415048153615203,-0.035420420032076905,-0.07835972340391884,-0.06536371142208353,-0.10294183412879931,-0.050044311570703215,-0.03489413744288683,-0.06661284572074422,-0.09160824920383881,-0.0887335945746166,-0.10648796654006176,-0.12214794874108392,-0.12741066429878067,-0.1346568851462564,-0.13128873638068939,-0.07301268179230824
Абатский муниципальный район,0.03238452729801189,0.03754988806606541,0.04336203424121443,0.06981946024923857,0.07662205441467052,0.06719764013070062,0.06710680769835697,0.06520808351881335,-0.019015007960465624,0.09514525569074372,0.045685387170408376,0.07047962789368611,0.06309576072468381,0.05298958969915013,0.046797380668865074,0.0059709201026159064,0.051197552208677166,0.06339830222497156,0.057411249930320096,0.09027260392614522,0.05267464975533187,0.060361960965002126,0.0030162246719616093,0.040602792415036504
Абзелиловский муниципальный район,-0.12548474375123675,-0.17839413979178786,-0.17305509522390672,-0.20833880467521837,-0.25832744675559915,-0.21901019361857088,-0.2907448619823274,-0.2574504074873776,-0.2576811985413219,-0.26552468584161204,-0.25254321933848445,-0.2089534016518524,-0.2081957409812638,-0.20210485972464198,-0.21810168912506178,-0.25179653897080456,-0.22149032324454154,-0.2562792224699706,-0.27938524946723753,-0.28473004078770003,-0.28914727417910946,-0.3170341693218752,-0.2719541263544727,-0.2811282532532484
Абыйский муниципальный район,0.4706593213721124,0.5936632841194953,0.5937454755377338,0.5536651668612897,0.5929868621875425,0.7205422383475444,0.821510482987394,0.8597306012065964,0.7213440804501001,0.6803919362249058,0.6389908950258718,0.7344514393515738,0.6496705555312676,0.6659121427180565,0.6772663584650349,0.704198870569785,0.5364680543793288,0.7445794620587094,0.843033754102791,0.752765128416419,0.7474954025572327,0.7464728672042948,0.60860059811837,0.6521468025503925
Агинский муниципальный район,0.06673240792553337,0.13315436882120224,0.08119119935416386,0.06064529978804423,0.08711683612228427,0.1217734105023709,0.16799459731184996,0.1406694106610562,0.08743040067059837,0.06182575574132798,0.06724731593085131,0.11232135408969413,0.04212880907141958,0.014703818646703226,0.014180541840003613,0.03883782500385813,0.05044586582430277,0.027141498695209876,0.12648454242127016,0.10535259671611463,0.13238419277015723,0.12318911062808979,0.11122563511022321,0.09702104420795443
Агрызский муниципальный район,-0.04526640693205408,-0.08401373516173116,-0.10033279207061518,-0.09706434136051101,-0.12848185771576048,-0.1438033296895327,-0.14928962601653595,-0.12095589570368759,-0.1373069926481083,-0.09560619458812702,-0.12585417980013247,-0.14367326212433085,-0.09989854954375055,-0.1238574615369199,-0.1400588270604768,-0.12705153161692273,-0.15619238973878424,-0.13640305030336997,-0.15629570279940275,-0.1175059121961084,-0.07849007101738614,-0.08007653133725157,-0.07878823910276012,-0.1334139826875944
Адамовский муниципальный район,-0.214541234235627,-0.17379561736214555,-0.20005854708053228,-0.18873994118838056,-0.24387388683600975,-0.26452570607607484,-0.2321381023917084,-0.2411620568168864,-0.2034192385728293,-0.19318809872400955,-0.21445734885047152,-0.13992836186032775,-0.11961789855649485,-0.14623652855447133,-0.14888509436565478,-0.1642247302533022,-0.15799449918102937,-0.12726119559105342,-0.18811969585528487,-0.18397004816397455,-0.225924954372978,-0.1871387256124919,-0.14686347537516475,-0.16854024449166616
Азнакаевский муниципальный район,0.08763396365856835,0.04045016348548458,0.03956049594077271,0.030514446254302996,0.010459130790136939,-0.03329712435215093,-0.015314520991038805,0.010295453450240188,-0.01765907554933044,0.008697980167548636,-0.00512439395840758,-0.023131576355853056,0.08877086969224557,0.03669151236423396,0.025130967763274725,0.004586488442312131,-0.0071014125245518755,-0.04609766367319246,-0.03436150097919999,-0.026886576010541674,-0.006350324815898034,-0.010978133802856505,-0.025132559130184973,-0.07770241177385095
Азовский немецкий национальный муниципальный район,-0.01543627926414537,0.015355105589298645,0.011997337011619535,-0.06541940583046468,-0.09046891919841471,-0.055106257717945084,-0.07014528871000358,-0.030020227787817433,-0.1098025392748383,-0.07893740569034335,-0.1004112215530295,-0.04911128071791815,-0.11990490025177358,-0.05335597018512139,-0.10833102298968278,-0.1116077596279137,-0.1047409570041804,-0.08352025983054823,-0.10715438147464695,-0.08005260636047495,-0.11631997760462376,-0.07831921606206294,-0.12257569984340755,-0.13588249088621218
Акбулакский муниципальный район,-0.20773314300097034,-0.19351707625678571,-0.14839814345161173,-0.17920283745263532,-0.1799295600873858,-0.22413423653858366,-0.19761725797526175,-0.17409497845905442,-0.1808335859240806,-0.163125657455085,-0.15907270608286161,-0.20145408758995487,-0.20700500352349138,-0.1961536199346785,-0.15599292594871272,-0.15482569989254813,-0.21677443338625757,-0.21301554381143362,-0.24187372825806897,-0.18558948171627776,-0.20234675644170963,-0.2140225984168591,-0.24980517874394792,-0.2556879704611923
Аксубаевский муниципальный район,-0.23732913278156254,-0.21461516104917777,-0.27285359098085493,-0.3253258311547871,-0.28911092247080816,-0.32409682726439115,-0.2932888400242142,-0.23166564125167532,-0.26260589910230614,-0.2823497421631931,-0.24396663311496347,-0.2912383755566381,-0.20863479138503038,-0.2666210671537854,-0.24909281732193378,-0.25315372275177594,-0.21677443338625757,-0.2334061626376407,-0.2515311958213875,-0.23483260382796622,-0.26764473924187726,-0.2727229504615778,-0.24041641793492907,-0.3203090470436365
Актанышский муниципальный район,-0.1625158117028036,-0.20595234455185185,-0.2581238597979407,-0.2419247549784007,-0.22224345029617076,-0.20190047342475204,-0.268438648810875,-0.23975813731165374,-0.23784604632291817,-0.2590091963159207,-0.25703949501085965,-0.3077729166895935,-0.22164248884004856,-0.2501561470925573,-0.24999863861738625,-0.26319966878001466,-0.2748334576331448,-0.19328036786599334,-0.24396082718565282,-0.2826267694265763,-0.2680950629196257,-0.27715778447804773,-0.28554803511860705,-0.34355203386674305
Алагирский муниципальный район,-0.07253136910047608,-0.1403627753999821,-0.07748404178676616,0.0013048280482230723,-0.0017051133159551313,-0.008683684226856059,0.12022036813949555,0.011432877081137605,0.12441745564676765,0.06061338945825767,0.11089787211417779,0.09886333874434072,0.13675970285468075,0.058335121245118415,0.06477980476764778,0.04252271103448635,-0.014718172474021074,0.0024090985702684975,0.014153143144405078,0.06060598891258984,0.02121846892470991,0.03266150505564802,0.03316241259609143,0.03125307037435476
Аларский муниципальный район,0.1232157409023582,0.13155197788480244,0.09702288443400775,0.12838963719430296,0.14214633840121316,0.16721012567997917,0.17735139072273043,0.11353235196451905,0.09184820526820836,0.0744011722990141,0.06746451364678485,0.1480689052267472,0.06194770989301546,0.05992463935446324,0.07399824482602035,0.053896288878059195,0.0634608927525715,0.05928425678144933,0.0994900883107821,0.05425058974974739,0.04017757023245139,0.01422579351286224,0.0402846415342033,0.11921275892911254
Алданский муниципальный район,0.5044449991515698,0.513954991512767,0.540884860582624,0.5824885577531305,0.5832821161549688,0.6533621387591602,0.6604863149175575,0.6776426346963476,0.6528509916023388,0.6006090763303771,0.5872237486713932,0.6239095649517488,0.6025463343797242,0.5819765041670255,0.6045607234991905,0.6101725645719664,0.6171996117012366,0.6870989197004054,0.6924082667296059,0.6932065706240049,0.6488823314081298,0.6276719977134366,0.6178641201393962,0.6440864318406092
Александро-Невский муниципальный район,-0.006540663023979931,-0.0021775718789793785,-0.00993256821259969,-0.02966275983698452,-0.04332179021342242,-0.0035322902234149467,-0.031679945652255626,-0.053663578258930755,-0.009362761284195997,0.013748853564413466,-0.006386223778831024,0.003985781526115062,-0.006949440334171442,0.006813253100235173,-0.0014125469735493112,0.021280949979347596,0.011299555253934557,-0.07988260166257533,-0.08944622779515754,-0.06709695956067563,-0.01470582840742729,0.0253675266930955,0.032332782918876646,0.041030192023733036
Александрово-Гайский муниципальный район,-0.17021513927413245,-0.18837106202846243,-0.1892685682795623,-0.16476947423051946,-0.20357383245361405,-0.12984652360690774,-0.16152186340450037,-0.18443951881777743,-0.155055054596005,-0.2182267869433243,-0.14904470649973156,-0.1978685692273583,-0.18134433812460493,-0.16594842352466443,-0.1388655949307367,-0.1189910105465799,-0.17168897289733032,-0.15991792918061165,-0.20067956806488496,-0.0896641278892858,-0.10587740057629524,-0.20371941634554247,-0.2016690482630885,-0.18525736892550881
Аликовский муниципальный округ,-0.2972861796127244,-0.32146771095311877,-0.3669558606216299,-0.4144948564497284,-0.3009446063782235,-0.3768254074075834,-0.34610049905855966,-0.3563070601858467,-0.46768887039986673,-0.479172901828365,-0.430757896121154,-0.41761774479474845,-0.42171310733314726,-0.4136568112391572,-0.46552163873457886,-0.4645107506915185,-0.40615215725920173,-0.44628965771937423,-0.3521904273288925,-0.5056652732066809,-0.4419954464956195,-0.44725914321595006,-0.44279024381531507,-0.450953366559423
Алькеевский муниципальный район,-0.1697753717156072,-0.17203257036103814,-0.16437462556751115,-0.22700526419583333,-0.16891878588801568,-0.18548551931787038,-0.19159433019626526,-0.17185313155134097,-0.19200290356131333,-0.15239390167140776,-0.18797852914507196,-0.21519752271635006,-0.1119567782430817,-0.1797634169225848,-0.16569629583962353,-0.22598381739984852,-0.202147161377086,-0.23062208164774667,-0.26221654719807574,-0.20644614892031754,-0.22695106630920314,-0.25454927683678363,-0.2531121815740782,-0.25294981567883035
Альменевский муниципальный округ,-0.3376920400128931,-0.25934825165732,-0.290783981699283,-0.250726327971341,-0.26693563966718337,-0.2871187057576048,-0.2652922796635142,-0.24520933922811494,-0.2991041562161598,-0.2783690715670346,-0.26925098758670885,-0.21243368358699044,-0.21695032374158707,-0.22432925010324922,-0.22546076047894914,-0.20764909740672088,-0.19919640628532775,-0.23780427595436748,-0.24963322402897958,-0.1626400495791671,-0.1755064892605187,-0.20232714323515566,-0.26177253036328096,-0.2121172364037971
Альметьевский муниципальный район,0.273711507178664,0.2153617198497617,0.23123606005069597,0.2878829260803748,0.29897178307046524,0.274114135084389,0.2803925715374387,0.30771734785252214,0.3216982568744662,0.33044604110817133,0.3148524568370199,0.27347632189960613,0.374610698283643,0.31147274759503674,0.31180038190066917,0.30888044604792775,0.2891794523172848,0.2838215580084533,0.285113496598397,0.30812033960605234,0.31014344487442713,0.30318750783958315,0.3080272360463834,0.2720380805527469
Альшеевский муниципальный район,-0.057654266927904985,-0.07172265967884073,-0.07802555360249386,-0.08819449283315528,-0.0880208072785571,-0.12775872547476297,-0.11051178724938282,-0.11505586823769498,-0.12712091172364204,-0.10097830420555809,-0.1310849528288518,-0.13530049207708572,-0.08056054550000269,-0.1145125588638507,-0.10569731464046228,-0.1512869170783393,-0.1383476914843058,-0.16520869232787838,-0.17843229993487064,-0.14917416969497665,-0.18333835122197684,-0.2003911303193977,-0.17069007376808898,-0.19233038250859913
Амгинский муниципальный район,0.2005984165812862,0.28787979860170765,0.2964678315098723,0.26687758756568414,0.24147144931502318,0.41627446607637886,0.3415627173431819,0.4678107658180526,0.3272587773503819,0.33215977884593606,0.22428596806758705,0.36124942976710983,0.1749276188202682,0.19832696221358148,0.22719561209571815,0.2572154735293566,0.22090995646631306,0.35963853801385426,0.32128812411133545,0.36969951091513664,0.26819052414472466,0.24864561052678802,0.2370481473058863,0.3669947982633879
Амурский муниципальный район,0.3987465945848445,0.3692561361683957,0.36307182044261843,0.3640249566386924,0.34420952728414456,0.3226734517275869,0.31652265067376995,0.31747483585326997,0.3330006234224925,0.3211061376073836,0.31386842187527364,0.3305817817334056,0.3665960322100599,0.35013613374603914,0.347859685009146,0.3586551843212398,0.3483360762188852,0.34106375738142525,0.31824318722479994,0.3380434709283353,0.3437112496271961,0.335277084387144,0.35616863135339827,0.3614273320622239
Анабарский национальный (долгано-эвенкийский) муниципальный район,0.5461921536733971,0.6715087779003017,0.5388408743647126,0.4418399263176269,0.5715876742914983,0.7648059956536777,0.8576888983524213,0.7849934607925313,0.7659229704517649,0.739985032394717,0.5790282569782335,0.7209672390145112,0.5858497663914921,0.6598285273515305,0.6840763980254998,0.6898309883925062,0.64059119331246,0.7410005272496925,0.695871778706115,0.6655553476439184,0.7270587801281891,0.6299876902635102,0.5331248378405977,0.774253600478529
Анадырский муниципальный район,0.8252265734465141,0.853977667445541,0.858793615476122,0.9989437070215139,1.0143936664764137,1.0601248556822647,1.1771497616225286,1.1497898249684688,1.082290603401372,0.9860191230108786,0.9458391581048549,0.9881632954038881,0.9323942045163633,0.882858982081137,0.9702491311554642,0.9477341455189556,0.9925917212308608,1.0898114270611003,1.2092094087242575,1.155933466863024,1.1379069784459155,1.0729593157368544,0.9596446858495717,1.001437357596723
Андроповский муниципальный округ,-0.0062206118130561094,-0.02594166205310877,-0.017829715957745407,0.005109207667997495,9.734728652155411e-05,-0.02985735426645242,-0.02895755591116078,-0.01459406476321945,0.011520582355027287,-0.024598335957600526,0.017777017837914855,-0.009599570137277524,-0.013844245111341635,0.0,-0.010852884418143915,-0.018602217798955323,-0.04909615503580689,-0.025589339291473223,-0.04249365101457592,-0.010507977598415152,-0.04505286238618389,-0.0218291943736304,-0.024086599576213175,0.013943432839264247
Антроповский муниципальный район,-0.14999860774652518,-0.0982559816944466,-0.1363722666046776,-0.10718678596746045,-0.06713795072708528,-0.09053485396143834,-0.05863131277079958,-0.0634659049240387,-0.04709543221125756,-0.04921511601063955,-0.08907068317749811,-0.10006697268537401,-0.1129824778030617,-0.07995535600515957,-0.12686952873967705,-0.09844443570395889,-0.21651596198467793,-0.17973302897134324,-0.1584453367876062,-0.15600013476537633,-0.10870584993193333,-0.09558621432663017,-0.09661322867329503,-0.06654967457164673
Анучинский муниципальный округ,0.029146532024235228,0.0646528363355916,0.031119401241401334,0.0736989668560657,0.09511545679718658,0.04597317330621209,-0.0027839661633421997,0.025475324784013154,0.1238512905291902,0.11784668330303383,0.06876671020201108,0.07150081766841332,0.08988855247985938,0.06519062604990111,-0.0028687266321654192,0.036685408797309194,0.0,8.175946370414522e-05,0.004938675005382365,0.031261071525049644,0.08431993353905654,0.07364690545762187,0.08656224156775139,0.09692779976758636
Апанасенковский муниципальный округ,-0.09518298166124595,-0.11764091603467719,-0.09026281894769106,-0.10138999140615645,-0.08050117853925265,-0.06877553530324398,-0.10797928983673444,-0.026896999808920796,-0.04611390042640018,-0.04511162228776833,-0.03826768014206294,-0.056748529638008804,-0.04446102110141226,-0.0786232394700086,-0.0631473137298002,-0.061845792260784904,-0.09024063411102645,-0.1045386830156918,-0.06627016943302877,-0.03550573437177995,-0.05998427051613753,-0.0768717521604163,-0.0671081203671644,-0.045470338428319934
Апастовский муниципальный район,-0.24943082527757987,-0.21663914284962438,-0.26682857797453785,-0.3423651243081114,-0.33010624974705394,-0.3191664421685445,-0.3349628582817523,-0.2495091544229986,-0.37205675036633146,-0.3643834566391,-0.2622202294899747,-0.40497579949146356,-0.28649460517964087,-0.34281838714661106,-0.3264672374536417,-0.3399873272304941,-0.3554744850053666,-0.36363140200119837,-0.34101018664797245,-0.37311092022998515,-0.3713870153033234,-0.32430530153010473,-0.33720729055826304,-0.3506753649348546
Аргаяшский муниципальный район,-0.054346996332951036,-0.06441988075620131,-0.05707268455155656,-0.09237170018231922,-0.07021399392312944,-0.0888441471604331,-0.10262535169377962,-0.09033682557594247,-0.13809920636088613,-0.0843762836700428,-0.11907912171658452,-0.09119181210675364,-0.10378883720041365,-0.0966829825666764,-0.10403748669703106,-0.08917996328847622,-0.08851100236439535,-0.11315372820783587,-0.12188390258428328,-0.08836570745151384,-0.08461058443554492,-0.0750325503808007,-0.06841862203995497,-0.10353569763319825
Ардатовский муниципальный округ,-0.06317198826319448,-0.054921737826669315,-0.06954282358339015,-0.04435817801997821,-0.08187378988346872,-0.07573298808283369,-0.0805370688762519,-0.11557202392170574,-0.0940240883835628,-0.10850550645636758,-0.12148977166294195,-0.11238942412336073,-0.10480618878310288,-0.0628232678690317,-0.07140668572650455,-0.07462393203712026,-0.07815055952149841,-0.03346322994756612,-0.047128605133448076,-0.0813832214296415,-0.09166512152253503,-0.11775766865935289,-0.09827820824568612,-0.09653353053250413
Ардатовский муниципальный район,-0.28192141386594116,-0.23298018485422034,-0.2610170215597609,-0.33174281627688096,-0.27696607035275633,-0.3342335233317968,-0.37264838150653645,-0.3371163590267354,-0.2841873724660644,-0.3294698865874466,-0.2818597970606387,-0.32306988995617836,-0.3391951582528048,-0.29645599938765876,-0.32906007691148353,-0.322950139196049,-0.34996613453598435,-0.3292379302496684,-0.337590804970505,-0.3470602430300431,-0.3316093916446068,-0.3770355179590954,-0.29268839194865315,-0.302309075332694
Ардонский муниципальный район,-0.13708888701809485,-0.16939381432202083,-0.18372534725811462,-0.08781062619467761,-0.09720547162044291,0.022731507398889406,-0.00529617962695994,0.04126711666948957,0.017110311833814507,0.11729493573476368,0.06820263321224296,0.12321504922136484,0.03004614734242317,-0.03063636177175333,0.006785577776010854,0.0059709201026159064,-0.06123617657680036,0.027499515287136234,0.02472572185190991,-0.03484953945835123,0.08388445381167386,0.01801995506269982,-0.03662621265553945,-0.04988836971618049
Арзгирский муниципальный округ,-0.143553506714154,-0.1344640571448963,-0.15252753679362208,-0.11617106786029474,-0.1639171945019271,-0.16061990100795143,-0.14708644932804482,-0.10990891158734861,-0.10782342922807509,-0.13645445271621526,-0.14088008038525324,-0.05298453950553572,-0.03640159253541597,-0.08406152844533388,-0.13254142559197035,-0.11141916044776146,-0.17659373637761178,-0.1765575701365325,-0.10108422393161298,-0.07988104298883414,-0.12150950352242695,-0.14136644344546845,-0.10279207345248587,-0.0987991358515714
Аркадакский муниципальный район,-0.1240436482694598,-0.11358974370250152,-0.09781833261153672,-0.10400553590067219,-0.09062878704133936,-0.08921374509489155,-0.13492240689805612,-0.11464313542473725,-0.11377254890021504,-0.09382188553430204,-0.08542011886376777,-0.075023999071826,-0.13366234266726984,-0.08609611714312138,-0.10068015836584188,-0.07548770587301767,-0.10238643963103833,-0.09779886331519272,-0.13099073216760893,-0.10912467424751249,-0.10401212993002673,-0.1381458287454258,-0.0912322910675929,-0.09517662707905217
Армизонский муниципальный район,0.008024115270048426,-0.038860880728497804,0.010916693923881837,0.03731058891713879,0.024664118908843236,0.027864916368812942,0.08066269037663787,0.07062279378311409,0.028436552873783327,0.06746411139559427,0.10426331063078642,0.04610168937881909,0.02066293340661396,0.0065416123886770094,0.08949234770619796,0.05313672938602565,0.06969192778944944,0.041637654583997374,0.01564791173363389,0.0019777705113810384,-0.03952736597129203,0.053306446440016586,-0.0033529635599780505,0.09365875468568241
Аромашевский муниципальный район,-0.029421004983490207,-0.050128314382900996,-0.025883200818862306,-0.018653285531620156,0.015360394746227968,-0.015871803487774727,-0.0034346749941107646,-0.019037581043452434,-0.03410390182885692,0.008413996825996861,-0.04339837871559382,0.006167317256895899,-0.025895086978877657,0.0006378713538683911,-0.006539373950374738,0.03163139355602418,-0.018188047316334277,0.00952078149484592,0.0157658246747161,-0.042091475400498624,-0.058522148351247694,0.060056232373176144,-0.005197793436487075,-0.04121448020848639
Арсеньевский муниципальный район,0.10701283086327429,0.11802469564196194,0.1363739510201416,0.09291966575693245,0.08461527134058322,0.10821110760237396,0.09937936141104942,0.11758882020951233,0.12127773564209932,0.1353020696107876,0.12657799531339897,0.1849609835181134,0.1552848624649794,0.19319307673620933,0.06337798996700705,0.07360174982694367,0.09131376897530963,0.06948060393586886,0.15019584658185714,0.12643867114433505,0.11391908396623585,0.11301843111354515,0.14264898557085637,0.07886182102793704
Арский муниципальный район,-0.11419194008544586,-0.15774952811928245,-0.16453568642201866,-0.21915913286684052,-0.202440822999991,-0.24452690854051262,-0.20583749191029632,-0.19909281607997542,-0.2212839334161263,-0.22711361368793526,-0.20113030057134296,-0.21884583030182547,-0.1518702931232614,-0.17378058606683133,-0.18229664740186635,-0.186437815041268,-0.20618035127312062,-0.18463812538080404,-0.1998015620575515,-0.1999934180911893,-0.17371175504034042,-0.19776613190759207,-0.14757291329363298,-0.19000856049452963
Архангельский муниципальный район,-0.042773952236757395,-0.04992042497931415,-0.044756136551486136,-0.06896417564139057,-0.09870866619135477,-0.09876491607923477,-0.11429662650505534,-0.13760026613158338,-0.14599899453833665,-0.17374662617293346,-0.16212814276807208,-0.09859670215024785,-0.051245053957236664,-0.07877116481728663,-0.0438329856918358,-0.09937562117025855,-0.06513810144932641,-0.10999994448447659,-0.09263867360013656,-0.09718475802835869,-0.09464293196157669,-0.14089904451197732,-0.1566984519060579,-0.12147133593052573
Архаринский муниципальный округ,0.1255559085901936,0.16223957468196915,0.1660130002991469,0.19419441604792098,0.1801775154307652,0.1979533024856508,0.20686875007351446,0.20728859956020784,0.1952546719573327,0.14600223805835633,0.14972661505217566,0.180917543698639,0.12208513744588956,0.16823837923540275,0.19150278921773278,0.1506440537874063,0.18844937445702925,0.16603467488860701,0.13698406140746044,0.14503646252209812,0.1470261814029783,0.14185266937322893,0.08985122644320853,0.1432994540533059
Асекеевский муниципальный район,-0.07939363655096976,-0.10581103788663171,-0.12681325569104906,-0.11459298039984134,-0.10458200257841277,-0.18159728646461915,-0.16239356054495957,-0.1838865743746041,-0.17078147765102258,-0.1300730189685808,-0.13954357488038305,-0.11898285460319258,-0.08376691675825931,-0.09437629214462717,-0.08455738802806323,-0.05442576894513884,-0.15240395449231592,-0.12522037855620027,-0.17886192497429754,-0.20338440133374647,-0.2018723856329725,-0.18567158919909055,-0.14771486129358635,-0.15122118503598259
Асиновский муниципальный район,0.06608764658887623,0.08642620811875013,0.10386094040832283,0.08141311821974284,0.08412315635469803,0.09849743000517996,0.11721655968813849,0.08922047654131227,0.0762083660899524,0.05407727116801908,0.020785224299681104,0.032852972873847364,0.02056316785557577,0.03669151236423396,0.05071189902233719,0.04086416814909022,0.08069568739675148,0.05878326442073778,0.06260020686359624,0.036619320719767146,0.03241191172207891,0.00020291796096572057,0.019765006936035334,0.025193656442189294
Аскинский муниципальный район,-0.1339327785473241,-0.16477810690732397,-0.167008540063609,-0.14756866269670965,-0.15415879252891074,-0.18432326907081098,-0.09408768576454385,-0.14421947534521173,-0.1584001179838772,-0.20788909851930448,-0.18640963769310126,-0.2130633607771557,-0.2058782428409014,-0.22890277739844933,-0.17297441992664275,-0.16586623583243032,-0.18949004627256727,-0.18272227482058767,-0.19673459764974766,-0.18316131378912281,-0.1856688113771554,-0.20496415747566132,-0.18492935468387017,-0.20301362061744754
Аткарский муниципальный район,-0.044047097353512754,-0.05596683380933953,-0.0728684978961951,-0.0859482242540821,-0.07329952836390063,-0.07630627800081591,-0.10067623330896502,-0.08406375153329826,-0.07465808873539892,-0.0989735554465554,-0.07244729010687934,-0.06331765354395813,-0.10554158692118065,-0.0720871078882741,-0.08198547459681649,-0.08251648880386142,-0.09829080794246181,-0.08882294810190672,-0.09738051599412856,-0.06654666005687382,-0.06346540265012024,-0.11111342832493776,-0.10573704986904708,-0.09453650656392476
Атнинский муниципальный район,-0.21941383227409617,-0.2178063266907042,-0.2849530613884905,-0.3196408463484399,-0.34387888171182723,-0.3259018215706728,-0.4479884610819376,-0.4287541665408856,-0.4587560418419976,-0.43691202932287254,-0.38793918309602127,-0.39626713227793964,-0.2526247010050522,-0.3439106163663119,-0.38756671016862576,-0.41572378222195283,-0.3296193147443365,-0.33048878326698095,-0.34432861822041616,-0.40009469557980104,-0.30339351928993175,-0.4032960197948352,-0.3174439133609148,-0.4197272901381268
Атюрьевский муниципальный район,-0.2803066418648399,-0.28150515703089596,-0.31507767289471644,-0.2475694139685114,-0.26986408586490995,-0.22807041505453185,-0.2301530480266596,-0.2991851367033256,-0.27785265740498666,-0.2680803986243152,-0.18344667256244485,-0.29076696156786497,-0.23115755152779904,-0.21456642991106456,-0.22229283178246462,-0.19480691879908285,-0.2030646861636498,-0.2127120690228015,-0.24329859237374762,-0.30075415401913297,-0.22296055195419662,-0.21141176196869793,-0.2536381098495859,-0.25502482580504626
Атяшевский муниципальный район,-0.1959938636521592,-0.1708589301817227,-0.13919505990612713,-0.15757137836876822,-0.1729034300883434,-0.2288595133989162,-0.15657848478517877,-0.22225855990522625,-0.16949552937935408,-0.18954637095000315,-0.18517866170954989,-0.19163653744963582,-0.19784006515566688,-0.15983350879927194,-0.18554008229533814,-0.13832061306852772,-0.19185738814932485,-0.18306587526573992,-0.14880816636500782,-0.17374268629004241,-0.16443070932786874,-0.18806902655847502,-0.20106991698549415,-0.20920011847494635
Аургазинский муниципальный район,-0.14233056416232337,-0.1757385659553563,-0.1960609847084811,-0.19867510961404378,-0.19100400016747265,-0.22081568279463504,-0.21458515353511842,-0.22478918758577038,-0.2672328593524522,-0.2934910320057007,-0.31766411682729334,-0.3499852099926368,-0.21764641616013947,-0.2610434107307853,-0.23912983083078387,-0.294636880309028,-0.34725274880940127,-0.29829926502020143,-0.30548717524750124,-0.34431890589132763,-0.37420030839699514,-0.3740221327133231,-0.3525953128378383,-0.4122517842149769
Ахтубинский муниципальный район,0.05731740899093296,0.0842019170453181,0.07820518094369966,0.06210939431835527,0.05123488146659483,0.0436176772167709,0.04644419200062977,0.060240363416879106,0.05659944233294034,0.04731604291537472,0.07318153731726795,0.11957382660378357,0.043397349444497024,0.08212654885796411,0.06711180473620892,0.07688762353914669,0.022676335352201704,-0.002742812076697021,-0.00015971889508570314,0.02402024494224797,0.03910145572936585,0.023387014281487595,0.03942165948558696,0.08724536787646642
Ашинский муниципальный район,0.10448559016952252,0.08751385437842352,0.13426554645987387,0.1399824425621663,0.1544009822773571,0.10282143054022264,0.13206497647344584,0.13598331016619625,0.12789451061023271,0.15003682566379695,0.12432366502166659,0.12877263269352746,0.16167327210162163,0.1498114855887973,0.16531528176134103,0.14222885686212194,0.1481386376706304,0.13996988267393817,0.13101285204601787,0.14551583250217348,0.15014399255453448,0.1358472818179095,0.16549852495304762,0.13537472688611096
Бабаевский муниципальный округ,0.23239725892443452,0.2177901133280109,0.22281556894943222,0.20132332230827643,0.1604309841221525,0.15126910229562718,0.12709915708629893,0.12089555303014343,0.0881981550269284,0.09817897562169797,0.1209531985977712,0.10006854253419029,0.13315577468084783,0.1251041595068898,0.137808776171509,0.13915114219879143,0.14133160268883316,0.1229073137388692,0.07937294615118162,0.10634988986046245,0.0949107921933443,0.12444424338865723,0.13522404427111923,0.09938034123875283
Бабушкинский муниципальный округ,0.017079161307918866,0.009202141553801724,0.011051838190590857,0.004309487527409672,0.017180231463214568,-0.0062990808144807175,-0.041774244015888584,-0.025574935307369984,-0.06251240423338089,-0.05949746466742489,-0.02975862704697363,-0.04026746284065652,-0.05505785561195076,-0.04698240122712072,-0.0401959882639602,-0.05504943254340233,0.006761968060681411,-0.02760453792466855,-0.04997868460157484,-0.0737242831928615,-0.08007500515487465,-0.06541018376730712,-0.12303725251476116,-0.09175486360204843
Бабынинский муниципальный район,0.21796772685405408,0.1964913375385713,0.19977180037972175,0.10352586027195088,0.11000799377428372,0.06090019039142902,0.021271545599581998,-0.029641134763327415,0.045777890589763004,0.0,0.05254245577769012,0.05121106704456224,0.07246986282040346,0.10216046910333354,0.08060780660482969,0.04458194500060664,0.03890207072742946,0.024950830063758644,0.021292108115213537,0.038640332294432866,0.04549969431164946,-0.00020295914502099777,0.027419936270465683,0.01829060644463354
Бавлинский муниципальный район,0.03852328199633703,-0.0028714312516164853,-0.006075991190780172,-0.018755618728599543,-0.02808743585521256,-0.07022533620960125,-0.06588004393600144,-0.07782978375951899,-0.09272489478339985,-0.12768366132898734,-0.08148032186947596,-0.12437775581042132,-0.0152909747219514,-0.04679134276264918,-0.07569642821790623,-0.03205485054810708,-0.06314089687093194,-0.10968055041792724,-0.10955715917243225,-0.10094448965837444,-0.14462907730364982,-0.18973593874520311,-0.16914186116022734,-0.19482404574336876
Баганский муниципальный район,-0.06690523542956228,-0.09989353664553668,-0.12572806838976192,-0.060765871183010134,-0.06329319096417585,-0.02281542087688493,-0.024246738510562693,-0.023971917519501673,-0.014802575072842217,-0.0012897372157301135,-0.05006880294225091,-0.02646297280220189,-0.03973413549109672,-0.03624442566971453,-0.02377863673724967,-0.007960409567946414,-0.028713338900598018,-0.02370377170090876,0.005216745200035788,-0.01295174221022144,-0.03679836304732831,-0.047800314107677266,0.024954432178260433,0.06220274739557219
Баевский муниципальный район,-0.2032416789816942,-0.21479899021112914,-0.1982798795002747,-0.10300302955104712,-0.15774292380135968,-0.14447282313118848,-0.14205351050371817,-0.10867757389136656,-0.13251054974213972,-0.20448633782912573,-0.16240140414427806,-0.1462532078828822,-0.17568308422804257,-0.13574105017944937,-0.18319377664863978,-0.15976154406931187,-0.1749065585260201,-0.1454873894471298,-0.1085775527177475,-0.13738513665449048,-0.1653955927280215,-0.192487512808297,-0.1597110064856775,-0.15269625855876967
Базарно-Карабулакский муниципальный район,-0.1623287617911071,-0.12020216465085909,-0.18805851367946147,-0.20889561478642804,-0.2008329620015239,-0.21235808506870946,-0.21504465957421992,-0.23707278835411927,-0.1797706983129448,-0.22346582970584628,-0.22191295339024109,-0.21787164610398158,-0.23334151950789916,-0.213832402041513,-0.23250763813300068,-0.1966021132903819,-0.22081526155461795,-0.20294902031072581,-0.2224351063212744,-0.2171628965401151,-0.2218847624900011,-0.21977032019989373,-0.2053716443073288,-0.20949567042035255
Базарносызганский муниципальный район,-0.16463815956562122,-0.10186214886330447,-0.1569937288197849,-0.14269145393458338,-0.14050939844213595,-0.10089984430260479,-0.11346584604291898,-0.08471432080433594,-0.09099525811631537,-0.10018647583256879,-0.13495958945356357,-0.09523187433464742,-0.1330804736877429,-0.10449493167630841,-0.09628213038613076,-0.06674809356261946,-0.1457362967997664,-0.14190028030033197,-0.08883514091450984,-0.130865146157209,-0.13142968651981057,-0.09898605655649995,-0.11242938779193068,-0.062239795370263806
Бай-Тайгинский муниципальный район,-0.3116594058540958,-0.25570269742958196,-0.3141418981609707,-0.2373936517859292,-0.24499266375673123,-0.09828518471958958,-0.16016135599756076,-0.07698495826511653,-0.1457707882388526,-0.11453621185881602,-0.15999926290075095,-0.07785572472305446,-0.26343419196734175,-0.19554381311366242,-0.14753693103372,-0.2739020382696147,-0.17139248626176418,-0.1891227693211821,-0.024574836247511556,-0.028229704888254048,-0.09393312476272264,-0.2660808792294578,-0.35364127725419436,-0.19482404574336876
Байкаловский муниципальный район,0.11738838290150433,0.1350565785513247,0.12695121900069495,0.14325148764407025,0.10633842519885661,0.09419861213797809,0.10289710028710886,0.09111174993166671,0.0683187788147901,0.07160545723836798,0.03317796544554774,0.06524794054425698,0.08676522523158425,0.07753986741750118,0.07930472501617913,0.08447417538151569,0.06957545233652063,0.07442621243365721,0.10780502202232789,0.07635667501269694,0.055041321607136595,0.04716920822443882,0.047512223638563,0.0435907606868966
Баймакский муниципальный район,-0.05451489894982764,-0.08773071091745877,-0.08846990049340242,-0.0719817444792703,-0.08738315382159456,-0.05781497069193797,-0.08320232905951563,-0.07633939647981691,-0.1304298516766984,-0.11786061170332651,-0.1069571305540915,-0.10540402134620308,-0.10616426957128589,-0.14055529286337176,-0.14455816453789616,-0.12839329911743924,-0.1315828617226238,-0.11278756196427153,-0.12057680123306014,-0.06900418428002375,-0.1027705462740407,-0.08820019632205778,-0.08775014469193643,-0.1302491139666042
Бакалинский муниципальный район,-0.0717338300357575,-0.10279312015258135,-0.09445883889104678,-0.11228669334186847,-0.14685969655329068,-0.15716605730049338,-0.15403484926407707,-0.15307806361372656,-0.18474053459828532,-0.18465385248499544,-0.17976917357197486,-0.19677158106498105,-0.1378033768429976,-0.12308396659052967,-0.13216229663619394,-0.1417165315312232,-0.15036995698735112,-0.15103492507016192,-0.15662252307450686,-0.17336589653426593,-0.18665441643683955,-0.18050487854375596,-0.16861021618987415,-0.19183239519698425
Бакчарский муниципальный район,0.001959175655130707,0.030909471930000265,0.0251857169141374,0.0045094775285772215,0.01918778435771884,0.06457474711522337,0.04860922101377518,0.07775454736830589,-0.01195421095533078,-0.0234736689604933,0.0,-0.0024697662357127115,0.013454251809669415,0.038491218751715905,-0.005912742076084498,0.057884489107292936,0.03685810472315687,0.0924406519397909,0.057788167502909715,0.03516777533330817,0.039598267861800096,0.038067982475622486,0.03934316963036011,0.05418978045029199
Балаганский муниципальный район,-0.040398063614642155,0.04428839408425134,-0.01338855395777827,-0.00025112378023095516,0.04687838386872123,0.06994879757686512,0.11482352310445698,0.03773010705754665,0.012835763138379974,0.06964824830434502,0.0892894981582959,0.13244917058504946,0.009124150889608273,0.054673927915057874,0.01127016697103933,0.013197501814342871,0.040502263091928725,0.039675022457695164,0.0409912687017151,-0.01102827938518125,0.04381123514391305,0.05626508531990737,0.004683467804641239,0.04683129968409894
Балаковский муниципальный район,0.1757453262004809,0.1535431335184878,0.17862553834999062,0.21846229543951345,0.22889024725667007,0.20914465544928618,0.2168407164934667,0.22716452451822455,0.24841205084948648,0.24576151788982337,0.2303200064026285,0.25219283815470384,0.2708904894432713,0.2470922076802804,0.2458099460493237,0.24573655046494203,0.239328875735227,0.23105137040449364,0.22152921695631456,0.23002510882224314,0.2504815376717051,0.23487734637400237,0.25441656807330304,0.2586164704847924
Балахнинский муниципальный округ,0.20970763837533468,0.18739239070267644,0.20077834299112318,0.27067746547545823,0.2861476013604385,0.28499770184794215,0.2775531045708526,0.2945460521897463,0.326120675723109,0.32769793728668795,0.32120833881036503,0.29031173636346885,0.33289405024327934,0.2979635697719125,0.3133493336309954,0.3026988623349034,0.3013248488555682,0.2985483747295117,0.30884714494310295,0.3228211776493328,0.33875195457952856,0.33582842430216076,0.3409002795484053,0.3253539049381793
Балахтинский муниципальный район,0.04173110572011751,0.07323539178652361,0.09038743521344728,0.08460217645365553,0.06715447446668144,0.09494565148017031,0.08505567720383844,0.10400277344324138,0.07222548262304862,0.08256592405763641,0.05645859393107955,0.137717021584848,0.18817734552416532,0.18859900328491364,0.21588515587090384,0.18813175743204802,0.2149180058893876,0.22447539775229153,0.1669588707004266,0.13315022242741748,0.12138423357811234,0.15681432155592923,0.153001190698145,0.13099822109960435
Балашовский муниципальный район,0.013895691771768526,-0.005900307173806851,0.011457161441429164,0.04396474336981093,0.039980519083757216,0.035072998127473554,0.05054934243895204,0.0511921026244746,0.071215798751874,0.06572230081252606,0.08088232178621624,0.08295395290270058,0.08877086969224557,0.07322860498082484,0.07338117511613262,0.06482579377577302,0.06992483800361526,0.074008683817393,0.08081023103624752,0.08715654647525994,0.09827319126377354,0.08902520414325288,0.096433990046906,0.1116148888292674
Балейский муниципальный район,0.13398181324550507,0.14908121174215871,0.15093128247529108,0.14962798136869537,0.19950178825716947,0.18575316710989043,0.20256442022609633,0.2112433858959264,0.16695167208832906,0.17611238912647664,0.1581322018395248,0.18642432703079237,0.14938178666442958,0.16650350592789742,0.1496032314864557,0.10999738066497144,0.18350716736620853,0.1850025053047304,0.14413041805451599,0.20688926169673927,0.12526699445152367,0.2032207771789647,0.1173429756740969,0.18718982451185973
Балтайский муниципальный район,-0.13235845185219297,-0.14081796744198272,-0.15295203006116687,-0.13077318521404457,-0.1313086755502706,-0.08447215252230933,-0.13896066955912012,-0.14522944220846945,-0.17506037401276053,-0.06478041914691168,-0.15667853800050757,-0.11225799792993207,-0.1702347990637776,-0.14977729061013,-0.1937201896356271,-0.11633433646636071,-0.14727846578010784,-0.15599203722295485,-0.15484963840747312,-0.12631733004721646,-0.09540061538088196,-0.10352223015190987,-0.14021924576309175,-0.12197416921321036
Балтасинский муниципальный район,-0.1728578136869583,-0.18664173156379604,-0.21282396313521446,-0.23167935052249078,-0.22358173141323867,-0.19301466452437843,-0.2152744917977092,-0.23102801551636531,-0.22276149324906136,-0.24415227131524198,-0.23681635889281516,-0.24491365707174317,-0.18783627665246527,-0.1973743503048926,-0.21882482965244243,-0.21368858054281148,-0.24498371751914405,-0.20701376057037812,-0.22658314195482454,-0.25875185504860987,-0.2696164042469995,-0.24683085520728376,-0.251273607789015,-0.2824446700665195
Балтачевский муниципальный район,-0.20187870619240478,-0.21731471480837605,-0.16824726379814514,-0.10138999140615645,-0.12848185771576048,-0.2303179482709421,-0.18594222639475788,-0.20393135370695603,-0.23991222744178842,-0.25167593282581713,-0.26712442604161346,-0.23942653800184566,-0.19264042484283905,-0.19604271830431053,-0.17564319683929774,-0.18076231587036595,-0.17455955145846502,-0.18498238485748786,-0.21612123215565404,-0.23228202856612867,-0.27674676098065376,-0.23891381300069092,-0.2274185043878436,-0.282944454261024
Барабинский муниципальный район,0.01801661255099063,0.009495999916186548,0.03565655414734792,0.07788872206556796,0.07612598910426449,0.09713959707279152,0.11341804149572354,0.13878959808870128,0.1358461514703908,0.1327971628612037,0.09813218656607425,0.08187224803051407,0.11148289051802607,0.0887797106256496,0.10145452879906713,0.07860449613193765,0.08000428382000457,0.13662337380119638,0.13388068879629422,0.12933050808115532,0.13581111058283923,0.14883699187729071,0.13814375437445392,0.1098060988454872
Барун-Хемчикский муниципальный район,-0.22863109855143549,-0.2535344675131146,-0.16765463926230773,-0.2434610502491985,-0.32956468461061306,-0.19688881823122628,-0.16157632222003393,-0.11505586823769498,-0.11842423521471446,-0.11641153054273978,-0.15298969797070505,-0.01905271278103271,-0.24928689234972268,-0.12195058848764972,-0.05587711801849693,-0.10264161576842668,-0.10668414258833359,-0.12916662198374418,-0.18053444585255463,-0.09161492508321878,-0.17776730617252134,-0.16057738046722392,-0.23085784455085623,-0.17942165598462978
Барышский муниципальный район,-0.15475155641821914,-0.1400215172917907,-0.1473948430374179,-0.15904218316399188,-0.16093963847704096,-0.1801503176113748,-0.16692772471404815,-0.15522444778181743,-0.16541484282597452,-0.135470039183069,-0.15169099648946904,-0.19102020461040325,-0.16247699487384715,-0.20584944982044995,-0.1858400073163331,-0.17733212687343958,-0.1729747650728939,-0.16424465099225039,-0.16883784996981,-0.1739782520021862,-0.16361889742068314,-0.19238911182420715,-0.15789282416661798,-0.1676894047425872
Барятинский муниципальный район,0.10496291714756012,0.08461083138346304,0.012177330712326295,0.03876091549478389,0.13033802041843856,0.06597749401371544,0.06367805930332437,0.13103310386087408,0.005948448088332725,0.20906747858431807,0.0441304878145079,0.12884147713952743,0.13498160850285323,0.13876470106223948,0.1492099318764737,0.10662916358013419,0.11481864322357715,0.07039548220651959,0.05586440085464872,0.012747044895005999,0.11322717542431349,0.0,0.11893897151506927,0.10096043854208503
Батыревский муниципальный округ,-0.25742076090979005,-0.3067137887499971,-0.349362391905121,-0.3488215659070235,-0.35617440167417413,-0.3798575290410007,-0.3764894859967072,-0.35953064114909417,-0.3735600256413747,-0.39927844201366014,-0.37359153956408164,-0.3737115155220838,-0.32260609215900793,-0.327082070320305,-0.3669823776122403,-0.3551517969315192,-0.3755717449988776,-0.35246136861351296,-0.3556601842299667,-0.3930895160869028,-0.3448354201147943,-0.3531211441771447,-0.3505646196738752,-0.3552571627728405
Башмаковский муниципальный район,-0.021970661904321176,-0.04169162967864537,-0.0721339419022442,-0.0966217410766621,-0.04444069990192112,-0.08694551255179128,-0.08224604139572911,-0.08431392039858565,-0.08265941162779455,-0.030585202401766765,-0.03489385777851162,-0.10184282588624072,-0.09462297327172564,-0.09552897225321111,-0.10482095103187383,-0.11989398805726026,-0.0934803531272479,-0.08503244656240305,-0.12976259400691603,-0.08258659100927446,-0.0659002264095605,-0.07726630730461537,-0.07411739250387761,-0.08767161980856031
Баяндаевский муниципальный район,-0.02045477184088007,-0.019670146453803383,0.007848514826086728,-0.06961003142272304,0.00601768291738658,0.006403642576371382,-0.04032594792416866,0.079157817643015,-0.058792688091157785,-0.036063586411700044,0.00227425778561674,-0.05986140491816627,-0.10136267864863946,-0.07027635544205957,-0.11585439474997727,-0.14658793633221556,-0.058231446288216304,-0.07899737166629173,-0.06103644899960514,0.00875158343190563,-0.0597556729611366,-0.09268759694337803,-0.13086988820702672,-0.07922112745479204
Бежаницкий муниципальный район,0.01379114394104164,-0.007592523384911232,0.049362574030510586,0.049285052130445095,0.025992959690972484,0.04412619489871794,0.040454954692313194,0.012614426866402795,0.03340835774183404,0.0316218881931718,0.02396588855875237,-0.014751973434616872,-0.011163001883920387,-0.014229561678448022,-0.021273380761432037,-0.014272000310089794,0.034367643504207734,-0.0009816353195297722,0.04168084463985444,0.022163090496835736,0.010196738020514573,-0.005412788178270844,0.03403081085071058,-0.01891055955352705
Безенчукский муниципальный район,0.10958120326205645,0.07543833911829267,0.10242306657022127,0.09452006848540861,0.10961546918193932,0.0856781535537845,0.09374198846716375,0.09805767517543451,0.10764575812948429,0.08506817519312904,0.09998388308034833,0.08888250448205959,0.10645981954280792,0.11060175836802877,0.13022019156406373,0.10795509713677198,0.10426101032440904,0.10190005661211998,0.08209834559891327,0.09776921511760328,0.12165117990441843,0.10354866337651458,0.10094616576221505,0.1118905185683996
Бейский муниципальный район,0.18868806048637055,0.15790080758155334,0.14045874581768913,0.17237080745361233,0.19958152989430644,0.21675697335548172,0.1782822728006579,0.1704694862373639,0.1790619727146936,0.15380964129341912,0.19875106560635558,0.20684862544476523,0.17184489673519288,0.17131518640095678,0.18489915387026912,0.14628136236260048,0.18052312629002643,0.16600004705128413,0.20939459101473368,0.20414895983847536,0.1926958863189583,0.1978070103652083,0.16615561200613804,0.24506587513381106
Бековский муниципальный район,-0.0562515454186201,-0.03138516746945008,-0.08757464528589054,-0.11718686930204392,-0.15928292125386534,-0.14419381305711454,-0.0963300677050718,-0.12856326878154078,-0.09137336058658896,-0.10468181618957928,-0.03812285405380322,-0.1002833713791702,-0.030766884770418557,0.010292774900864998,-0.013037667439203204,-0.08036609793106031,-0.08646661576315573,-0.09545736368631985,-0.07067405024909412,-0.08482526940247581,-0.07532771894235957,-0.04147668560812079,-0.025300014231676826,-0.01053474816704636
Белебеевский муниципальный район,0.16010705522655044,0.11842001332879093,0.15140115209511862,0.20476651311779115,0.20133423907467574,0.18000036033610733,0.19949478257178832,0.2076623614782207,0.20598620674725687,0.21243142569082352,0.21214513644697597,0.1859692940330504,0.2517952396735197,0.20866431675217534,0.2298713978456437,0.20853780547770384,0.18069686106695393,0.18852984582269805,0.189674214221899,0.18168784321127696,0.18631838184942495,0.1786755535275688,0.19353870155782538,0.18049340271989145
Белевский муниципальный район,0.10706045331250635,0.09518433371392732,0.11203793514997784,0.11630328699943604,0.1015125844741025,0.09884753941794777,0.14144067659347215,0.07344741262594567,0.12654858616956233,0.1318352825202247,0.1570208260007533,0.15069915459340955,0.15637421092452186,0.1376135646842549,0.1475993662199091,0.1314521374517259,0.11759801835673933,0.08409432656468141,0.1320280272509109,0.0810412100031268,0.13926378983654608,0.14343631243439958,0.15799796891967155,0.14098216246376438
Белинский муниципальный район,-0.12194576635999432,-0.13457716652178497,-0.17040522751861786,-0.17190047663790686,-0.16512218675790358,-0.20563126862055014,-0.1991993579775464,-0.19617850588528363,-0.16413577288415127,-0.11405455494976913,-0.13858239576008735,-0.08401168039637419,-0.07577018311970285,-0.11313363573736268,-0.1533760114434024,-0.18207697450133686,-0.20541330360185306,-0.19506750098660142,-0.25009456140292663,-0.26859602680201,-0.22425302884261278,-0.17034710522203866,-0.15488573376430814,-0.16805396170864917
Беловский муниципальный округ,-0.020184318830441583,0.04641439587715723,0.018009558998301145,0.08354028665189261,0.031998131767332794,0.02240093668916643,0.06922760747182011,0.05933054380166425,0.027525565828305787,0.0868204097399321,0.058476669547985693,0.008809942764939294,0.08601791085771104,0.05030607008321297,0.04893447187324362,0.07069807896200153,0.08556038586102588,0.1355172776721556,0.10601110650105738,0.2110337793640209,0.1708298324776365,0.204908653007859,0.15128324829999507,0.1405954245928438
Белогорский муниципальный округ,0.21433826878242535,0.20912444402126162,0.21159967598319795,0.28361868821814973,0.29027071668286375,0.303816960814844,0.301212583994765,0.2941005797245708,0.34169219950620366,0.32197141411719876,0.29463936715429284,0.38909589079334594,0.30944177051292954,0.32680899822973863,0.3456289825872254,0.3265908888504967,0.29440269513383654,0.2710280744470399,0.276369019215597,0.27092260068125285,0.2586939023046071,0.27701165936403527,0.25261079862600155,0.33009184687800186
Белокатайский муниципальный район,-0.023109089371212477,-0.0696534189882616,-0.04052599169468252,-0.04351859146701109,-0.08182096228632041,-0.06887902283308911,-0.04047068317951741,-0.020726612129051247,-0.08158886233381502,-0.06315192005927628,-0.0605287897837794,-0.03953399636386479,-0.022087545542323284,-0.029274443605059375,-0.0012046942987762321,-0.05251265911420688,-0.054971818699375063,-0.04250806963036169,-0.05917085592088611,-0.07487579200972583,-0.047082038110072943,-0.0945595889323787,-0.052460605931054616,-0.0668059299498367
Беломорский муниципальный округ,0.3811257837516706,0.3939962562214063,0.3691042114162624,0.42033582651126444,0.4182977846128111,0.4401338333770539,0.3999515270486036,0.39178846746912654,0.3583007602840471,0.3580202292037118,0.3591995180977374,0.3420779294899603,0.3620328024448405,0.3791897295438762,0.3833997825152071,0.36929373841919144,0.41639417864035444,0.37565880648137906,0.3535117574026767,0.3444048513469191,0.3344770637833925,0.329892825392319,0.3260730620580059,0.3341211383595226
Белорецкий муниципальный район,0.058617864333513126,0.06149664898592455,0.08863830933021966,0.14133494380453016,0.13494200160906544,0.12935662751735322,0.12991072302371975,0.15211172858844968,0.1306242074892392,0.15036546223578817,0.1595593011065457,0.1516080160546096,0.21469570660267756,0.16205621820654414,0.17417900402462116,0.16326092567006434,0.14274002819385778,0.15387615272766553,0.13934870416175826,0.16124118924004094,0.17658498364452235,0.17162379458787314,0.18688989797611555,0.15621313076874443
Белохолуницкий муниципальный район,-0.09547450135546498,-0.08546655900682154,-0.08742551397549647,-0.11617106786029474,-0.11769177229764693,-0.14816307053955136,-0.1657785823401987,-0.17059770713493094,-0.15938269182820974,-0.18995035306486052,-0.18277702968027754,-0.20639924494174444,-0.17180570144712348,-0.1873750956516318,-0.18769153535547112,-0.16104886414608366,-0.18317106837591268,-0.20726521270778875,-0.19033891714431128,-0.2400540234625268,-0.24285467474428835,-0.20685913635020903,-0.19504865025525042,-0.23238993479100323
Белоярский муниципальный район,0.4875646460974785,0.4754637794993908,0.4828275450276056,0.4583607605456823,0.5128679293628071,0.5828800262672207,0.5942372572751502,0.5808224984780086,0.5081100420739748,0.5011455447245279,0.41537510606309347,0.42735889323068754,0.49982738688635564,0.4799918648163768,0.4822995425370955,0.42049228441830344,0.45782205018611144,0.5107929181087272,0.5425071933402226,0.527100449663843,0.5091879041395018,0.46873953814408864,0.3991724739984708,0.3775446890110672
Беляевский муниципальный район,-0.16170551465345007,-0.18628431212828822,-0.17728779092892566,-0.2209113235529312,-0.24785745988679153,-0.23269245089350932,-0.25687016406829066,-0.25477652966503683,-0.31370686730405417,-0.25487377086243157,-0.26488125313459676,-0.2564849488316234,-0.21045577082137967,-0.22672774362930248,-0.24653962444559596,-0.20738959305856675,-0.19676096949373978,-0.27177020324029755,-0.27827715764607497,-0.30563338945710505,-0.2826135507981853,-0.28830461107604677,-0.247554281361003,-0.30407135376493954
Бердюжский муниципальный район,0.07182625934930797,0.031436582180123906,0.0027290110632911535,0.024211134480053076,0.035151743380508194,0.08114561824348954,0.05072553060837137,0.056813399863461456,0.035932589310993635,0.07329269678258221,0.047149224014409796,0.08259351460583453,0.05199067820851333,0.024491387562857625,0.01569386550966101,0.05221649005887663,0.03597510245827884,0.039006849100811536,0.016355180918324663,0.051697077284517334,0.008575646415131644,0.08067317945583952,0.07098025457354318,0.040668558091953244
Бессоновский муниципальный район,-0.011300157556354051,-0.024927463183212595,-0.057265585786721473,-0.047144354089663665,-0.04332179021342242,-0.03805248308187181,-0.03950617693190672,0.011205495830015622,0.04667240819843066,0.034762043163228284,0.07796386477912698,0.008771131175793201,0.04217762885320475,0.04408906421000047,0.05406066606396642,0.05045366908955273,0.004443990285356136,-0.007262315229555227,0.018121168465963677,0.013489536966867277,0.04409971055338424,0.0487553740985156,0.07545708123259764,0.04129311640162392
Бижбулякский муниципальный район,-0.09962327874406007,-0.10191688789498343,-0.11300081047938804,-0.10953735790265995,-0.08951024848161815,-0.11928757220767494,-0.1230617475767648,-0.10315524048310643,-0.14891319905212086,-0.14227129400916105,-0.15228602531182922,-0.15216231598621555,-0.12266431562731306,-0.1199445697607846,-0.09090258698191356,-0.09714223107384434,-0.16102154963227022,-0.15255757477432041,-0.12436759055525748,-0.13520707970850054,-0.17962087482184508,-0.1600056524036262,-0.19972318261230804,-0.19569829904107472
Бийский муниципальный район,-0.1431253066770264,-0.10713080711861167,-0.14360197118811868,-0.03980140700831747,0.02660932175206554,0.024524129824404994,0.03746914619498831,0.10321489838434417,0.09463309679543741,0.10456298557087784,0.09479892046851468,0.10508639821636656,0.054356628951245156,0.0768226132045271,0.08309427576263317,0.05045366908955273,0.086133397050423,0.07866751844699671,0.12613265277023267,0.1424301510330217,0.1525129602007702,0.13676809219604635,0.1690899370597112,0.11598537822006882
Бикинский муниципальный район,0.4194479147234862,0.40803250361340915,0.4042194184883492,0.3776112745209641,0.3850411819267947,0.3860700681229243,0.3742473764692207,0.41450030281083805,0.4015292297656483,0.32497675344332855,0.31810306072187267,0.38702412187785207,0.36309587837770074,0.3799069219224869,0.4142417473654181,0.3740632690544956,0.41017152027272274,0.3784067542611034,0.39368420128478654,0.41588993828984044,0.4446493830019307,0.39019638712397864,0.4070558738465131,0.45673100486012785
Билибинский муниципальный район,1.0187594889339593,0.9529069397435812,0.9251058362053453,1.0306698656901574,1.097784453895601,1.1858852682366212,1.2537024637512122,1.2645725350005321,1.1967528779213108,1.10678957108893,1.0920234006331047,1.090658527685683,0.9980945614850345,1.0102617155348934,1.0393343054291861,1.008740459389534,1.0468895068978181,1.094488402552816,1.153040884847771,1.2011933671862387,1.1552147212886137,1.0466451537273294,1.0200743016588358,1.0188225931243355
Бирилюсский муниципальный район,-0.02762131535314083,-0.01765543840856587,-0.021406207844572478,0.03561587842800584,-0.08060669716338786,-0.06412964629425844,-0.0853194787564675,-0.12662989130144453,-0.0997279906394084,-0.04891428873336423,-0.12775311485751573,-0.020690256831436216,0.05310192364235,0.007672962209541723,-0.03017633833376898,-0.034671169138157154,-0.026873018251095004,0.0008581411555788065,-0.03444414902255488,-0.08923113372794234,-0.08573597140605038,-0.08483676599603207,-0.048853439225100104,-0.07707337621260102
Биробиджанский муниципальный район,0.17690062515146288,0.24779275536997325,0.18007211060727002,0.2197933970216095,0.19494597172130845,0.13130702033406294,0.17599229916317505,0.15856946090578816,0.24509887603462488,0.26762354073259687,0.23348899718939542,0.27365502097084615,0.1399080547889966,0.2544694356760129,0.23013528490351476,0.20692741640925227,0.12121813239116541,0.1040760149841855,0.18467445213878264,0.1761920505339667,0.2692438141272273,0.18530705705605222,0.2794842973131413,0.30405416465117163
Бирский муниципальный район,0.09912390371676949,0.04244219601672583,0.07786816855530532,0.14116053026959818,0.1469485718181076,0.10630196483479537,0.13133386352455112,0.15274359023177553,0.1453139313074452,0.15540470103733917,0.13448929993171,0.13056104973369287,0.18733324992243006,0.1405483278455666,0.15363455996921438,0.12488524869594286,0.1173019194575442,0.11346300089628159,0.12161749465327709,0.158507886824653,0.15936608749756864,0.15910170038647387,0.16511790869613918,0.14047639822836366
Благоварский муниципальный район,-0.01737593504468471,-0.05706536136992035,-0.061761061635522196,-0.13576501931671459,-0.0874362760824905,-0.11667873329120226,-0.1517133473441472,-0.11986642969361583,-0.1864026506166958,-0.15478737919933394,-0.19614275906030265,-0.1662108437932286,-0.12036427436263786,-0.1333425923843805,-0.10768350435089857,-0.08936441408674867,-0.10663783235608015,-0.10844955657702116,-0.1387124254356742,-0.12111948709477183,-0.16468453576271713,-0.14314455443755847,-0.14073600522306684,-0.13717795498086538
Благовещенский муниципальный округ,0.4677086354351516,0.4494696934775835,0.44318519338091633,0.4893748756436249,0.49939961351186213,0.5118105030530629,0.5361079849168782,0.5306985922439864,0.566418129338981,0.5563643745326203,0.5489985105265376,0.5499936278619604,0.5605610294422778,0.555760383480127,0.541970858179571,0.5504582646658349,0.564527354202994,0.5775183170187308,0.5723000847041018,0.6107110899648323,0.6142378125576826,0.5941611240034455,0.5930658704914471,0.6005473654923321
Богатовский муниципальный район,-0.03676229692575461,-0.029397652482154868,-0.01885026621564201,-0.011363471687783289,-0.0053198104913096955,-0.04996459648096341,-0.019605260063226382,-0.042755607755649905,-0.03140360723175917,-0.06132302298375336,-0.0629506370073134,-0.021170045733526877,-0.024485128260741007,-0.011183030518578718,-0.007710138425967017,0.0031580968202131743,-0.045212655009407854,-0.06141189864623442,-0.07135989193228554,-0.04805595483138525,-0.006393662699716529,-0.018391982168788346,-0.025132559130184973,-0.006252382180743865
Богородицкий муниципальный район,0.15030438993688833,0.1461382141604446,0.14637779079986935,0.17633605351641712,0.18617575016119048,0.17079976853104561,0.18361809337120683,0.1877722864124074,0.21170816782048085,0.23355318866046382,0.22536217472889852,0.21818216451203298,0.2261738874783248,0.1882592588449601,0.17602591967864534,0.20469600059467474,0.18948310874156604,0.19049162558260058,0.2063134242213316,0.20178951531397615,0.24179549174648152,0.24340924877379244,0.24541881243242258,0.22648044344528628
Боградский муниципальный район,-0.13387218166804438,-0.04458210345738145,-0.05577157360492535,-0.04856671703195303,-0.08277228628386268,-0.09567734375681525,-0.09500441615724142,-0.14013686316890706,-0.13082316534941896,-0.17283830933500788,-0.07720455389247505,-0.03133955677368405,-0.19245522250876057,-0.15083666885423597,-0.10574346032238857,-0.15374307590018432,-0.1410760755332916,-0.07669943437864113,-0.06767901121407327,-0.13430095423874455,-0.15302450915436694,-0.14052528259396446,-0.10166169555987281,-0.14732471475685927
Богучанский муниципальный район,0.3665743700119055,0.3833045518055851,0.3799090330253314,0.4170318951349685,0.44775020622498474,0.44212252336191327,0.4265551984359721,0.4381629388424102,0.38579658749405077,0.3725967809414037,0.3661508385441721,0.3712124565409578,0.3519484438193565,0.38345412833033343,0.3954093206214484,0.38906607007276683,0.4220872091249017,0.4276341841404072,0.4419753368818533,0.44943703027985826,0.43254047841719157,0.4172737802892872,0.4015795431877045,0.38080274620178756
Бокситогорский муниципальный район,0.35630915912744676,0.29357234345310346,0.3054343852136867,0.34229494009201744,0.34820361034062586,0.34262216520046707,0.3157795831217616,0.3211178271317703,0.3135153163350992,0.3162467042336381,0.2902344556737617,0.2625750729186791,0.35473804542810505,0.3046065440752397,0.3187971241087677,0.3093758020952091,0.33897848871258063,0.31452512604375293,0.3237751840126961,0.31608966382365367,0.31756859854544217,0.3089257184442662,0.329749158364784,0.31453572952541364
Болотнинский муниципальный район,-0.041944512613879326,-0.02386366024101605,-0.025042236463562517,0.027147850407883922,0.016749516709360535,0.037309093347843714,0.05717900692067346,0.08791551539971465,0.09749971167613936,0.11585046271616584,0.09762658278012815,0.12594592185894626,0.08545705834721495,0.09968838181578477,0.08477392190496147,0.09982033528221024,0.07403066551690962,0.10738618020464052,0.11320319403703749,0.1580008988294086,0.15332599842139594,0.13208440907836305,0.1410904148894474,0.13516533099249628
Болховский муниципальный район,0.009757718709138885,-0.005452846505590969,0.0006374357088763105,-0.015282151477837402,-0.047600743306288607,-0.07588930728696575,-0.06801039228560413,-0.0167899681849093,-0.06635138241721172,-0.057978707730931944,-0.05771889909813943,-0.012370641939392968,-0.02068294133168358,-0.014229561678448022,-0.04010955410512551,-0.08022899581261811,-0.11945463679862378,-0.14114673625299545,-0.17800285939385674,-0.1488524711237602,-0.11390416737525477,-0.12132550704292022,-0.10809929146177844,-0.1037636178621053
Большеберезниковский муниципальный район,-0.3027954412131475,-0.24270026263703137,-0.2382761473862569,-0.2878662237242011,-0.27825108723479985,-0.36291153147989874,-0.24224097833729807,-0.32788078799365294,-0.26465968327842404,-0.290933485854584,-0.2920127970485158,-0.342622670160722,-0.2837180483557482,-0.3082342627659518,-0.3125241544261179,-0.25478477840614744,-0.30362602017068596,-0.24639740749747574,-0.2736995273852809,-0.3281367849756105,-0.3239593423828673,-0.3232953704562149,-0.33247159574648144,-0.3850079811032838
Большеболдинский муниципальный округ,-0.04282927268044112,0.00969185752832935,-0.012788660074855684,0.004909337582887474,0.0007298737642447151,0.03474648274336545,0.0006021724711224863,-0.009891460357202675,0.06914735555156959,-0.012344353299976518,0.03448066311197451,0.049498419096247304,-0.05172756301364245,-0.033695691576534514,-0.017928683640505483,-0.009534576541952333,0.006431157157445355,0.018229460490848837,0.016198053212457708,0.011690975330951758,0.026642182529327485,-0.005208768999761304,0.026466268551361694,0.05243647632245185
Большеглушицкий муниципальный район,0.005707959052218214,-0.047636489390077585,0.010015265098250126,-0.009840860623688386,0.0005839416224322491,-0.022370767822449622,-0.04172593367021982,-0.020820530889393396,0.005556252770038128,-0.03596461080910629,-0.014697886758520795,-0.009520509379044029,-0.01829444650491041,-0.035583018738623906,-0.023438572972017013,-0.030227491877409918,-0.014380291827144731,-0.027898760653394916,-0.041369470610973735,-0.0685800421012086,-0.03034112522918342,-0.015914587119965518,-0.026472985754040224,-0.006941847183234984
Большемурашкинский муниципальный округ,-0.03095055843366623,0.0001482982775407038,-0.02038304711909511,-0.053640455520536534,-0.08589687508310462,-0.050929823003107444,-0.04895003238275919,-0.0752974454564761,-0.0715283617556004,-0.0580292958174482,-0.08072444489025443,-0.060734749258470444,-0.06969146995225017,-0.0627747371369356,-0.056931321753131314,-0.026149748937424278,-0.03477175002379873,-0.023452631102710342,-0.098040887146702,-0.07108508533879565,-0.04329756792375683,-0.06862185268827403,-0.03925500365424561,-0.05093286908179273
Большемуртинский муниципальный район,0.03366654588338669,0.05290609239771982,0.02478592124881729,0.013666048097752181,0.006694829255232904,0.08020989354560548,0.0037922627883215654,-0.013800987816516397,-0.0568597146292813,-0.022252637770179717,-0.039185399432689394,-0.011459299627677666,-0.02286873455166294,0.022176056371355557,0.006208115295024186,0.006180515374913043,0.03320061787828443,0.021115581065593858,0.004620785787096793,-0.02027866709766002,0.02437536936825957,0.039278470918789665,0.018683817522473944,0.0005477951383205948
Большереченский муниципальный район,-0.1814632831427172,-0.1799908756938855,-0.16362335104867753,-0.1926899934211157,-0.14185476553782728,-0.18182899590202162,-0.18683548237197378,-0.18965219628948482,-0.14155833822315067,-0.15228271643669267,-0.14818212625324634,-0.17778994500749512,-0.15501672333639327,-0.1644430468962934,-0.17623722685527987,-0.11861105328720001,-0.09893395386687232,-0.0995585930417171,-0.091412968666436,-0.10269803006649525,-0.06843321415482428,-0.08439505036536943,-0.1088272590993693,-0.14661068402320154
Большесельский муниципальный район,0.017183365965960817,-0.024826099846244176,-0.01931449722532541,0.01914957425008801,-0.020705488023319063,-0.1162988456248435,-0.04491943326335779,-0.0771339932637769,-0.08330229175279769,-0.11026292935576798,-0.07189790814775066,-0.08815105942654355,-0.06180606595866678,-0.07414653786004877,0.01544861719451518,0.02194131568083968,-0.027899756309208712,-0.08891230961396346,-0.08730905546277867,-0.045524990677174415,-0.04870834855164574,0.049257779859695816,0.043260135077094475,0.0313858328293275
Большеуковский муниципальный район,-0.13781863650316772,-0.18188661085878444,-0.12222218729829315,-0.020855760363611253,-0.03044314954767202,-0.16796345719293448,-0.11398500294379232,-0.21185846616504023,-0.20360054579841957,-0.16893061641115992,-0.20226731035841716,-0.18247818613095035,-0.18483004720354046,-0.2111268031868221,-0.1372450807779071,-0.1405509170233401,-0.14265907540814737,-0.14866041666474494,-0.10733216715448002,-0.1757231650813864,-0.22032692059131698,-0.17246687284143825,-0.22844393515858386,-0.2183604878736105
Большеулуйский муниципальный район,0.064399379640383,0.07185608122301801,0.12739239252941914,-0.02481188852282834,-0.036684990008374996,0.030866794795649355,0.06158901297628283,-0.015714774663381448,-0.039936910589997154,-0.020399521078749316,0.005375609589844288,-0.018055524768362474,-0.06832747377820425,-0.04502578030654192,-0.05158394981758718,-0.0679210083900994,0.00041616380807951714,-0.05967458062760578,-0.09936293916369188,-0.09239631078020771,-0.19829550527424722,-0.11921985763359544,-0.1725802044590008,-0.14649172845296654
Большечерниговский муниципальный район,-0.014844356304468675,-0.01705181665985478,0.001274465352295806,-0.0013568182186567412,-0.008652983519931823,-0.002853897020093754,-0.03378651989802606,-0.03035205211358516,0.024306498499086615,-0.010461249969552,-0.046606313808412736,-0.017816347536895094,-0.009876497139387652,0.006767984772213964,0.03960067359726516,0.0068928108819523715,0.03697845373543629,0.025269771181958944,-0.03324642043332027,-0.027293394290428097,0.0142804598775097,-0.01393708060481913,-0.02237359073851586,0.0
Бондарский муниципальный округ,-0.21928182778575334,-0.2201447892948032,-0.22592570174849058,-0.27165755214382514,-0.3253774697402161,-0.28653957379585826,-0.29758483393010415,-0.3270512036954134,-0.27752721072655184,-0.31504038239834387,-0.3122523314230037,-0.3328531083739268,-0.28054462143273184,-0.25643864434403696,-0.30107030957029757,-0.2976993224461264,-0.3157102451727827,-0.2992913832738786,-0.22518188059051703,-0.26276028839251175,-0.3255681614398416,-0.30987085468628095,-0.22721354435433305,-0.3614809950708313
Борзинский муниципальный район,0.17871973517681106,0.20151525216503252,0.19726969843015496,0.22966071064546156,0.2407447467912185,0.2729751200254551,0.25637271190983135,0.2660511259157712,0.2668562898906046,0.2501574568691485,0.20864369276121053,0.24210131800052892,0.2382042291721529,0.2542927353769304,0.2694257642449571,0.23908431101084382,0.28129307483425947,0.2588580478218727,0.27848676672457096,0.27913280273279995,0.26366854195365796,0.2749789505425291,0.23013217752341397,0.28226502947161336
Борисоглебский муниципальный район,0.13328622556182168,0.12065719979475098,0.08830479534038638,0.09803196464008757,0.07702774307672833,0.08806943978760451,0.06346065381950261,0.051541630765047586,0.06485896680628578,0.04243230697113809,0.03241352536065634,-0.01749753352231842,0.05777494190160404,0.04076912406470967,0.09354607453557762,0.061142985930459304,0.08165517778910569,0.06932804281577454,0.08866031353346138,0.09941955811765979,0.12119351399253908,0.11171256905914184,0.09457883961873925,0.08881340532886917
Боровичский муниципальный район,0.2370078798844215,0.19172777581627187,0.2134777491172013,0.27732124707252304,0.2689995827540894,0.24762054801108668,0.24707869688318418,0.2513859718330753,0.2568761292616166,0.2593338699627026,0.27577417885054345,0.24611954342764086,0.2760040048856016,0.24502535497386546,0.2597389154048013,0.25701979795882757,0.2718861428759407,0.23383797061349476,0.23424515903041332,0.23832703147458112,0.25772927735246576,0.2539491554895701,0.29062707241484276,0.27219460773662085
Боровский муниципальный район,0.313347649501047,0.28118483942828476,0.275458367858473,0.3161364342332771,0.3156886543807307,0.3085467834627451,0.31066448245499245,0.3312745793411995,0.36872180618934536,0.3802631684551496,0.40194296697952403,0.36383795180482714,0.41519458589277036,0.36514812862568746,0.34803558134802515,0.33937805239900776,0.3218988841181183,0.32023976746626914,0.312154577967938,0.33730902836544985,0.37710473769134545,0.3699359250047358,0.388987965378659,0.36609278528920264
Борский муниципальный район,-0.005953980695624139,-0.015243134494763666,-0.05452024992639082,-0.010246663611910733,-0.0033154589122137423,-0.008147869898053273,-0.025862094240000744,-0.022183345076211225,-0.010807164473931152,0.021207548867572257,-0.01479219968889467,0.029437150515079225,0.0016790052024937552,-0.008467451099098966,-0.02552328091076106,-0.011879143551546179,-0.03697216079190113,-0.0580702442401293,-0.06205551409565224,-0.06468635172398862,-0.008910478955566958,-0.0019094442007787649,0.03458303554129927,0.054157339776171654
Боханский муниципальный район,-0.0433826455018238,0.0022714937424712645,-0.031084833953519464,-0.05948593927130119,-0.011307852335933788,0.01071378765228026,-0.007534568921940377,0.0030768548532815743,-0.0024189778043304244,-0.03665764583511155,-0.02431630683983599,-0.013243138524584808,-0.11749664220710798,-0.0544622980114724,-0.030775550815317132,-0.043706318321508064,-0.026573751452513505,-0.019151189962947512,-0.02727920175559362,-0.03239263637568257,-0.06273152499127654,-0.10514407129671,-0.1031088083706333,-0.046187389943339596
Братский муниципальный район,0.1412334096518233,0.16021996697736895,0.14041916772020357,0.07019404469899904,0.06332392575439627,0.06353272640705221,0.03317537450289798,-0.000506061244209377,-0.014052218618337164,-0.019815039059285056,-0.0215112559122268,0.01163912787075283,0.005535116328074352,0.06155449174185179,0.05935635363867675,0.05157582374401848,0.07062324333988457,0.0800269839333616,0.03484071498485086,0.06610622576093483,0.001248036656303242,0.03018357895147261,-0.014763298877895181,-0.04435992369973363
Брединский муниципальный район,-0.12224519445457638,-0.1285999298243965,-0.11116669543496371,-0.111893468046798,-0.15092703918461048,-0.15660098975988923,-0.1820435859791001,-0.15222079823760737,-0.1469123408742341,-0.12616612811271466,-0.09110454771142251,-0.07354792179477343,-0.05769773000014666,-0.07022746166378369,-0.08822362881059576,-0.07780995266488233,-0.11865754380131577,-0.08134494654905566,-0.1269481203164844,-0.09027063486104758,-0.09672794432664489,-0.03708645524625176,-0.05793912620152675,-0.05371150068028996
Брейтовский муниципальный район,0.04132433294794424,0.020986461798379707,-0.01306548945744801,0.0014051289510152998,-0.060083247747195756,-0.02707432891388173,-0.06163291423709971,-0.07069609651720299,0.024835713589256514,0.011674946335404002,-0.017200189709587477,0.012219477257362499,0.01851577756209899,-0.019420766847405346,-0.0528086897134834,-0.04027563233881892,0.002618945189627908,0.001225690625748399,-0.023511484955134776,0.017193750353728277,0.058255908005349966,0.05913848537747768,0.10304735536579912,0.048333438881748236
Бугульминский муниципальный район,0.1649276443827734,0.1268164417189972,0.14369883083971224,0.21648253680819707,0.22896767960019737,0.19957671160463342,0.20536056790090207,0.22617455248657947,0.22297589266682216,0.2254704200568547,0.21772954464071326,0.1817667174383466,0.25724333842362945,0.20469819038263992,0.21555055103608822,0.2209903343796089,0.2071657678004133,0.18747972801138957,0.19688139332994936,0.2059874031629736,0.2118318601593252,0.21287918463207234,0.223494553101391,0.18086501710278569
Бугурусланский муниципальный район,0.03038129063149242,0.09022780574569467,0.03050110859263455,0.029588542823228536,0.043109096733106256,0.04283127726876046,0.05076957280079952,0.03896948398673139,0.0819487007591988,0.05863452665824376,0.09077579267570002,0.08891832815793066,0.07185396797682131,0.10982616898329844,0.10493696103163508,0.055373777416777514,0.011875592136220803,0.006154116380500341,0.042102018188725054,0.033752401074876204,0.020290551189733108,0.04600700300316163,0.05403069625977075,0.03889136493043033
Будённовский муниципальный округ,0.0915108766802799,0.05571547758586348,0.07415351675327919,0.10844919730183378,0.11275136025349397,0.1111112286697793,0.1397901458349189,0.1627994531130348,0.19090516000888869,0.18725811393454173,0.19772208249378487,0.19128673085383419,0.21715765031880885,0.18954213265784858,0.18710521453538753,0.17988653064232807,0.1563603104351241,0.16928434932416536,0.18639904794961737,0.23507713017349374,0.23204362635362052,0.21602353231460292,0.22192633532050898,0.23176382401877405
Буздякский муниципальный район,-0.03670731108459435,-0.065369398156232,-0.07792707509534935,-0.0698792611580803,-0.040124548280495276,-0.07557669331057504,-0.08668287432706734,-0.08111647562809488,-0.1558038378582456,-0.10834589378278281,-0.1293383199450826,-0.11550489648686835,-0.06424661276757249,-0.10267509495932359,-0.11255014508861372,-0.10948806689614443,-0.10395550174629697,-0.11976775195132916,-0.12274120664130272,-0.14738316556533526,-0.18029106430433295,-0.1796301579126105,-0.12405341888395682,-0.1708126960640719
Буинский муниципальный район,-0.09279572034524541,-0.16851577405136808,-0.15125513708850136,-0.1628764305984607,-0.14376380598285188,-0.15490770042376667,-0.14109263923991122,-0.16039464456377495,-0.1622202302871063,-0.17414427437313584,-0.1650833246921657,-0.17638774800280288,-0.13973393584199734,-0.15737663633551868,-0.11930992001890317,-0.17537010888772997,-0.14867811368349848,-0.14185316715811247,-0.14617068016356072,-0.139659001839064,-0.1411020872337918,-0.12384896505883702,-0.12502436007959083,-0.15541289160661265
Буйский муниципальный район,0.07054287894708544,0.02103487036670515,0.05247905493232885,0.1417272630702584,0.047064153885974847,0.032083738545178875,0.03666546708757146,0.06817691301261597,0.039872873076904014,0.011203003337357131,0.07882311899937555,0.017004175380698427,0.06638908398861965,0.07968854849106322,0.08972009490778987,0.08602330237114941,0.07426256750071047,0.0801401893447018,0.037190077693837864,0.07668677459573381,0.08106905849085067,0.013224932689077207,-0.03033675100762956,-0.021461536772514833
Булунский муниципальный район,0.5204153669991545,0.5880502910817249,0.6372552048117157,0.6829512513281983,0.7305521286678491,0.8757263157960082,0.9874447976352911,0.9477651537779224,0.8645535738933923,0.8039682234169891,0.7034098445974184,0.8322449822491063,0.6857361425768538,0.6838060255908616,0.6990870748805449,0.6749315856152158,0.674344303097568,0.8359918012525451,0.9413669551413957,0.941794221066516,0.7544453787122194,0.6940397117563606,0.574899694490604,0.7480503897138444
Бураевский муниципальный район,-0.09921347866221986,-0.09602231783093984,-0.13736456333057134,-0.12216791769430557,-0.11463015490422812,-0.15119252587190424,-0.14665712657807894,-0.11971088853970535,-0.17288933017922226,-0.13886488447385759,-0.1696977033478113,-0.15453577093217064,-0.1033370129523572,-0.14029305280732274,-0.13377458833598688,-0.11014704550318655,-0.16356745064020117,-0.18769141249626564,-0.1609747306135585,-0.21093418025966137,-0.23345621203310962,-0.25990362033737924,-0.2063747037223873,-0.2407200623564112
Бурейский муниципальный округ,0.2163040813812973,0.2412503322504218,0.23962207979126404,0.24887306582785484,0.2591690141172762,0.26803665638805185,0.2728026689787342,0.2589052061627122,0.24614024147440716,0.20246140808477442,0.15220384182643087,0.21430270655475603,0.1798317843882824,0.19289247176644864,0.18658860554523393,0.16214983435667563,0.15856506933825543,0.12532665519734998,0.15153492556442139,0.1582037248729673,0.17600734544657826,0.15681432155592923,0.13186653852750574,0.1740396393009327
Бурзянский муниципальный район,-0.23210123883715106,-0.2234154886219759,-0.24943580984513147,-0.19628898470938694,-0.17157345042024374,-0.1419088620810829,-0.15117423471046187,-0.15404336641834426,-0.183791992909903,-0.22233234710872551,-0.17516355546502815,-0.1738221489278704,-0.12809032755445315,-0.19012734046705937,-0.1587626743118733,-0.14283485513499983,-0.19544424692934825,-0.16025378140879099,-0.24217888541637222,-0.19574671737442806,-0.22565509982294252,-0.2297813294374187,-0.26389623702820053,-0.22988712861700655
Бурлинский муниципальный район,-0.2628520072882541,-0.17503160233453485,-0.20838238497911732,-0.13951088164225034,-0.17076476276064412,-0.09064061810749102,-0.11258389739816721,-0.09781538493867714,-0.15949835224934183,-0.17357625390912546,-0.14447074851598174,-0.12013014976037084,-0.12329775551489419,-0.13167748636952226,-0.18030590369957267,-0.13880503879131822,-0.17555131986267725,-0.11949129247391888,-0.14197432160424306,-0.14120818882589425,-0.20879941542025016,-0.2289134732428657,-0.18237870828215463,-0.13981331355764937
Бутурлинский муниципальный округ,0.00718249720974562,0.021470442061431783,0.019931218472859058,0.024064072051787733,0.02954367948254699,0.0533729542852992,0.010096206361065896,0.007012426471554534,0.09503671139382597,-0.01816085944690471,0.0001393890117249441,-0.01225172409166575,-0.013844245111341635,-0.012012982613432754,-0.024331487120251793,-0.0085982867344363,-0.005593369343310783,0.030002048917557644,-0.009144937789413277,0.01075130962616555,0.0037823478428506974,0.008608026641882205,0.03166067345834378,0.00978077897836549
Быковский муниципальный район,-0.12146686781746929,-0.09488017537409021,-0.16415991810560193,-0.17088715434454116,-0.15518151989078355,-0.14124108242354616,-0.191369875899829,-0.16071867113678806,-0.17694184211246622,-0.1525050992696535,-0.18032550181998097,-0.13341952954481506,-0.23843452603616022,-0.16912790509193698,-0.28140519413473264,-0.21797998340253422,-0.19716646394909,-0.19905037989506802,-0.24615442582065228,-0.20047714083075263,-0.17299476228198074,-0.1961845569226508,-0.15136510593069552,-0.1493505749504056
Быстроистокский муниципальный район,-0.2733160506564474,-0.24118902250305396,-0.28987065621794805,-0.2756851565451175,-0.29825175394146974,-0.23348520636997527,-0.2562114222413143,-0.29924717336701434,-0.3023678884235359,-0.3022359437018398,-0.31517742571263163,-0.29691274584961036,-0.32141155876326977,-0.30922724987665084,-0.2758100067457079,-0.2240296086283564,-0.2799971693924981,-0.2518518711175197,-0.2646586777407496,-0.2408093675576577,-0.27600873261822123,-0.26666361439282404,-0.19768160341445906,-0.25763573557454045
Вагайский муниципальный район,0.07865960698243057,0.07749920403674437,0.08475432273992034,0.15290879588069117,0.10208412611327944,0.0698587156022068,0.0857363545040073,0.06800504741109314,0.028580317100699304,0.04877197838344216,0.028492216840577456,0.029931268619357354,-0.023129266559493544,-0.003835796291761895,0.03255275078211639,-0.022562960018287725,0.0019960086467154525,0.012189822225222358,-0.01318241097429862,-0.02023826224099068,-0.048165951141855956,-0.042153819664211056,-0.0334132226588828,-0.020062935145931604
Вадинский муниципальный район,-0.2351810484488297,-0.20479890687654567,-0.15720690298388362,-0.21697320313279533,-0.17388759666559572,-0.21654795173561858,-0.2166545955245276,-0.20641596732915168,-0.18652147896928106,-0.1305080616640062,-0.17256493072012624,-0.15330269699701837,-0.13000220786221028,-0.1314695429293895,-0.0859136882495406,-0.0977001111441016,-0.21347103407792112,-0.15594425548990287,-0.14229649396924238,-0.1646453199132516,-0.07546702381128867,-0.10780778988564776,-0.09908920175713476,-0.1518189255945348
Вадский муниципальный округ,0.05400863773641795,0.07309754631108412,0.03477716262956676,0.05172006013729025,0.043761594891977396,0.010665999068963927,0.021679699615360093,0.016874573803452364,0.008836148012427714,0.022701968423703534,0.04741514610080699,0.034745622390294884,0.05010356565564322,-0.003698549911419491,-0.018266878528530484,-0.03427828470660543,-0.011134014813681148,-0.01586451881221862,-0.02004301392848795,-0.05276145394655174,-0.052241120920101025,-0.07127708745175809,-0.04252944259023117,-0.04107174031601346
Валдайский муниципальный район,0.2555280786122207,0.23407821029619136,0.21934695638402957,0.2689136613372103,0.26642979679212075,0.22230274002679806,0.24439695286821284,0.20751287347435365,0.22297589266682216,0.2141284331946558,0.18563838635080998,0.20528734487781364,0.21928644303333122,0.21533776764110435,0.21112324211065925,0.21641521837583433,0.2511525400158341,0.21920300658245395,0.2141114285002974,0.21445849505146697,0.23834055486808126,0.22277007464809984,0.23885006554876576,0.2615736464265712
Ванинский муниципальный район,0.5501136071837003,0.5562767921903529,0.5414945924520502,0.5743498457114153,0.5781348357026594,0.5673349677421093,0.5884402882890782,0.5889971054816865,0.5498263266006589,0.5285593701056417,0.5145730657019651,0.5317331726791164,0.5679755506228492,0.5693928862572033,0.5701350279457529,0.5568344302766519,0.5481810773093709,0.5448661625528857,0.5853704108728,0.5681767125283113,0.5508046138458749,0.5204391404678503,0.5102784683479555,0.5318764644673735
Варгашинский муниципальный округ,-0.06288973361117556,-0.05153269941515859,-0.05707268455155656,-0.11803415943661477,-0.1769621125311982,-0.1499571952639105,-0.14488811595834328,-0.15769849841719363,-0.17553040927405839,-0.18632037587158834,-0.22563259036515504,-0.2691136939186354,-0.2456997370275733,-0.28269626935983716,-0.19755722165685619,-0.25767282771212585,-0.18462190286008529,-0.2588179660983023,-0.21845321862515021,-0.19396654417944426,-0.19960904808757007,-0.2855467345139271,-0.21894776944949434,-0.23295176897826408
Варнавинский муниципальный округ,0.01556697225688275,0.03840658223106885,0.028997947250315903,0.06092884026534584,0.02138191831691394,0.029038597872526495,0.028502888690532302,0.029011190614028237,0.03336066943261429,0.04890836371768437,0.03654353661807441,0.06631112690364027,0.046367238917767395,0.028087316056442546,0.05090919605365585,0.09123395931570322,0.007216654438257919,0.07802490563688913,0.09092317080767032,0.04092335143605119,0.05634467793370668,0.035015739839925786,0.024078112663906026,0.07892511817642145
Варненский муниципальный район,-0.0044621587981925614,-0.02371178073180147,-0.04095294679972383,-0.05305778209249823,-0.041747266689315055,-0.03955888557612752,-0.029482352564507153,-0.025810890099528194,-0.027341450737020878,-0.03423412163780171,-0.021226436770454882,-0.001292926307014497,0.00998158921919412,0.021908557484339397,0.029695433507223257,0.00693469482156317,0.006679275593917566,0.012674337920897116,-0.02871630808188641,-0.0030137226394888472,-0.03836327360791181,0.01482582953302547,0.024994246642862095,0.01832423175777187
Вачский муниципальный округ,-0.019373398391355323,0.011941467240747627,-0.00429048081599781,0.0014552756300627578,-0.02808743585521256,-0.01985479500959464,-0.03830185084757076,-0.031300728780882636,-0.030030783830694574,-0.07265487820285266,-0.07394714040304429,-0.04894679350642761,-0.043982004672635355,-0.008237655845656278,-0.043702864896181026,-0.0453378198849812,-0.00953583135536995,0.005259843730359037,-0.06413933547102069,-0.08374835616221077,-0.0314959110559343,-0.030913725742948372,-0.008897694882303853,-0.004634008120921962
Велижский муниципальный район,-0.0683229916428818,-0.08310007589305712,-0.08956519085481673,-0.05162902143140258,-0.027636974124328972,-0.027471430080622028,-0.0435633695142883,-0.05138528647629492,-0.055868556719294915,-0.0790407274861682,-0.07840997844827946,-0.06867129885420553,-0.14378264314750666,-0.07213609267850529,-0.05842668201770529,-0.08710723276127652,-0.06932295307362502,-0.06834773748250811,-0.09795281245930987,-0.07530261347679001,-0.00535407151191869,-0.10298220043715212,-0.0648842014302975,-0.10152465519785281
Великоустюгский муниципальный округ,0.1615962587780171,0.12533470171111993,0.14298849142547176,0.17797660494126077,0.18431528450827095,0.18751662394138258,0.16528823571410634,0.17376080980253938,0.17621349719899904,0.1779520217188768,0.17207767109407435,0.15553689835626372,0.22324538949342987,0.17598916625314587,0.19598349720846464,0.17285084604869638,0.18385357169279892,0.18775083174411478,0.17968292734954439,0.18026713030318753,0.17438094683735095,0.18473361419066414,0.18861540717557723,0.18574036354273993
Вельский муниципальный район,0.24711843221617968,0.24369423051278538,0.2495010809434426,0.2797538758900746,0.27877128578153965,0.275618584501256,0.274106886721194,0.2837649264951061,0.25714305522937764,0.27192462263198713,0.2572290923822127,0.23819031139856328,0.2598777644041448,0.24751929954711294,0.2783913197695398,0.2720401502698433,0.28727614591890926,0.284713769675621,0.27218084920895613,0.27209962174698354,0.2623112629238076,0.24968960056134293,0.2632399693638394,0.24570894474146066
Венгеровский муниципальный район,-0.14165858270816045,-0.15422483721398628,-0.11842087794872747,-0.10450716620966105,-0.07497702928149508,-0.08647141661750268,-0.06020479984373672,-0.05017554061730678,-0.048336640479835324,-0.03517315845279434,-0.05702995659758514,-0.07308446142287117,-0.09149325518584739,-0.06646980162897087,-0.09944125670004844,-0.08784371150572667,-0.11772060004308926,-0.1110044190461501,-0.05136474442404193,-0.05046840088951221,-0.08775546252330102,-0.08700399743321441,-0.05633992114088571,-0.09687304427664145
Веневский муниципальный район,0.17418800536692913,0.17102771292884356,0.16558854388637556,0.18066297324584468,0.16901791712297864,0.1600331104368724,0.1456552652873171,0.1307506464797985,0.16957694706211335,0.1719005054053966,0.17317244755624905,0.13131672592807142,0.1468349096015995,0.15368829423502994,0.15056794795252237,0.11834988793159162,0.12368558719416356,0.12330492087211908,0.12648454242127016,0.13297691520527088,0.14453236811418613,0.15044454071203184,0.1723936774175332,0.13306895695050258
Верхнебуреинский муниципальный район,0.5311612527626277,0.5517599315359263,0.5660236549315627,0.5429267307251013,0.5506190521101928,0.5630256218843321,0.5389771943343522,0.5465872786144939,0.4622819653783683,0.4362386955510029,0.4213993127746498,0.4340528186320096,0.5185258124681003,0.5354504247104082,0.5167118652575251,0.5195596704696168,0.5333717370079221,0.5466663430570335,0.5239310978779521,0.5381877850445846,0.5155084669420926,0.46906967591611703,0.43566139169802653,0.42372208810895984
Верхневилюйский муниципальный район,0.19555492762960114,0.2889542508271177,0.29317796437671007,0.24965584473279456,0.2213116563502151,0.32025684955335265,0.332731980788628,0.3227178808082485,0.24567754626661653,0.2273356306240668,0.19615752511600348,0.3161017112181028,0.16028606882732177,0.23011070140334589,0.25524611236591177,0.24794416598449764,0.21000399108695866,0.3485062717897165,0.2681888279394187,0.31067743985452445,0.2520892550598024,0.22192517809766166,0.2052100989917136,0.3293037471425997
Верхнекетский муниципальный район,0.11847183214426238,0.18163745230534722,0.14326479449221985,0.13050744076546295,0.16568272781684001,0.18959670789470984,0.20781021015924672,0.1301451118751782,0.13739453887652076,0.14600223805835633,0.12342050801622939,0.16822501502426057,0.0930949494275417,0.11568937796238643,0.13080317573069422,0.15339727969699446,0.1516500533679075,0.1519816147438835,0.16211559016212895,0.18521436994499574,0.134080290268896,0.15740399534467286,0.1393163582220609,0.17216743805415824
Верхнеколымский муниципальный район,0.6028490655556773,0.7785072542220988,0.8173467031218742,0.801911728692188,0.7811559182754255,0.8596010234358822,0.9316480616087812,0.958933898439696,0.9146227570893704,0.7865112597691777,0.8084023580430788,0.8769033642709712,0.6597248802080866,0.782072847669971,0.821415546913201,0.7466037947901558,0.6965961046327589,0.8191408329427787,0.9749377405969764,0.943629777377387,0.8063743559842589,0.675994663101152,0.7608710647244195,0.8062465098212641
Верхнетоемский муниципальный округ,0.059567128724948404,0.09302450566049636,0.090678658979364,0.005758509691158764,0.02949641938660008,0.046203805932526265,0.05138595991140882,0.04223760507774266,-0.0035564374358845185,0.017039412637512186,-0.022318684296827485,-0.021210038534826836,0.005940159116255117,0.018379798937090186,0.010489895479119937,-0.026539452118436557,0.03199191507198407,0.021595792367790523,0.03980254988543308,-0.012430438940269184,-0.026884747436275447,0.008728738844020256,-0.05074128463926186,-0.06464811618398514
Верхнеуральский муниципальный район,0.022949765486725227,-0.013838639881864623,-0.01722715272831543,-0.009131101405046138,-0.034364920374351016,-0.08778890514830273,-0.08526901830483524,-0.07148622001509786,-0.13065458340414615,-0.08406469247516668,-0.08344828011783179,-0.011419694883024079,0.028018100249569855,-0.018027620899038865,-0.030604310607698082,-0.042209443867495366,-0.07348059144750607,-0.052539878016785835,-0.046208257009581644,-0.0676475620607686,-0.08086841522613142,-0.07420164048671296,-0.054053614254499394,-0.03243828644562896
Верхнеуслонский муниципальный район,0.24234634191015658,0.21790939050844038,0.18402048323863873,0.13134450053194158,0.11717710618534483,0.09384687101581513,0.11536039152264621,0.1133681078974682,0.13919796587567035,0.15126865631968478,0.2374544879742686,0.10392252060953844,0.14810915895564136,0.1635279458153338,0.1634837149078745,0.17777042630468642,0.11158486041406235,0.07995150653880678,0.04603715096739158,0.07620992910297453,0.05447056860537991,0.0432899264567741,0.10385716142470436,-0.04385884995983069
Верховажский муниципальный округ,0.06693071242273874,0.04405189241581198,0.06698076779572837,0.07714515850310022,0.07738821710397303,0.05953580960855476,0.07073971542200042,0.0525894827645228,0.027093755817997334,0.02335507536985304,0.01237605267669295,-0.012410284364721136,0.015712552019174097,0.005454311053814109,0.07330401462226632,0.08024058391070454,0.08223043043675027,0.07412257254822485,0.06394943126436203,0.06321122318227879,0.02978203397749546,0.06622909148025613,0.04279090851026268,0.04601397229899895
Верховский муниципальный район,0.019784959607731523,0.022147621152802444,-0.0022798787860871528,-0.01998443461206456,-0.014512904264728732,0.00812993052785238,-0.006601297738940914,-0.0029479523882489644,0.020980472922019544,-0.038640396559030066,0.015354768533105911,-0.051623068907213465,0.02175969806114786,0.0,-0.047004488295888436,0.007144088209683375,-0.03438394435266723,-0.03973922374733796,-0.06418190768414256,-0.02977857615249313,-0.08026163325227564,-0.03830871742610675,0.002364838417605597,-0.06209402277525378
Верхошижемский муниципальный район,-0.13921881327591912,-0.1279255072731207,-0.11198144239927288,-0.14263353496320796,-0.1357033089406734,-0.1469314743473742,-0.17644505690241807,-0.16994332822620528,-0.13127285619454732,-0.19905424012844897,-0.2508100648631064,-0.24291485568670623,-0.21461247160421415,-0.1325096928047369,-0.17732719921844264,-0.2093635171320436,-0.24307106153281133,-0.20973279547819246,-0.2597285969176859,-0.2110808687668797,-0.2298731463104744,-0.16200813233281153,-0.16095693342469275,-0.21738107671945706
Верхоянский муниципальный район,0.3409748770597698,0.44605769130477846,0.438407717523841,0.4382824697021004,0.5253804021721802,0.6982060913997206,0.7928411293921904,0.7716248706528326,0.6076721120299258,0.5608425645297199,0.5041868428447653,0.563902369927261,0.44071912994391127,0.4179808404566199,0.4835546495780516,0.4672955246616439,0.4671795487114352,0.6485681200639437,0.7681587951380244,0.7204091696192929,0.5899709015150307,0.5417492903020271,0.501342914303434,0.59568914782486
Ветлужский муниципальный округ,-0.05962138854017063,-0.016398304006207454,-0.04718824152009837,0.00030126531659746547,-0.007965833203309458,0.006499625683417776,0.006465937916301456,0.000873503032348566,0.017255713506189707,0.02153464403181715,0.007545458782644232,0.009197975830224081,0.0,0.027466721151998996,0.0030674870678613075,0.0024010626754655817,0.010517259794582401,0.05073306226505636,0.027953475534095773,0.021930703493969972,0.04405850487523644,0.028883163029242098,0.058352857891255994,0.023489082089385604
Вешкаймский муниципальный район,-0.18388104852485299,-0.14361054897356418,-0.20145033575335525,-0.20926699384491698,-0.16793949493156113,-0.18507857805713002,-0.18605383976615641,-0.18926308041142548,-0.18201589866525936,-0.19006580650838778,-0.18584991530078732,-0.21204638691290079,-0.1681240121630161,-0.17513718068028616,-0.1985694187168079,-0.1648710623413301,-0.15400500279298512,-0.185474389787462,-0.23034622308700037,-0.2128917984642431,-0.22684300493023457,-0.22855633949248144,-0.23214421690143894,-0.1864121034649049
Викуловский муниципальный район,-0.005847348151270637,0.029758447871214955,0.053904202546736,0.06012526668330942,0.0341173253834377,0.05953580960855476,0.08955655525337924,0.015199872708215878,-0.03573780568992646,0.03669663612035734,0.026593653753337776,0.055887267809152874,0.032661689090623724,0.05575214163519604,0.06466306189369497,0.054295825420989985,0.018721424279117826,0.09708879640588997,0.05627964406100716,0.06662495562546944,0.05251122435866229,0.09243539352566188,0.08540104053078679,0.060108775656109614
Вилюйский муниципальный район,0.2688624250622098,0.300294996106663,0.35674781430238767,0.3187686881568901,0.26168256799078193,0.39616406971161844,0.42310127753277627,0.45081368332326477,0.36451846809118216,0.3226976682342997,0.2955733485771521,0.38382838014342724,0.22467003611680347,0.23937319712046978,0.27530664625025913,0.2685963657878254,0.2436445824271285,0.3210111206359123,0.31824318722479994,0.3271125385864835,0.25088370940445337,0.23750538455088055,0.23466205002056384,0.3883561100073081
Виноградовский муниципальный округ,0.1256494014848002,0.14039796536218496,0.14022125373297634,0.09227878681533497,0.1200735913610611,0.14998111159053273,0.1615500607036946,0.13401421230075705,0.0719043301416793,0.11780425198871747,0.06202036788617171,0.08802235103500422,0.08189766905166529,0.09169480035080646,0.11149436157779391,0.10575687756673169,0.14403835497750528,0.13772824783322335,0.15673685379031355,0.1406773624482387,0.12146051122879697,0.10534022159688305,0.08817071068966698,0.08183246442859371
Вичугский муниципальный район,-0.19168309615957746,-0.16699566150420964,-0.14808120298094352,-0.12854352988677498,-0.12859256290794718,-0.10604234545765401,-0.10834068275220332,-0.08381364523681967,-0.08689932137406942,-0.09487109347862699,-0.08901988952669271,-0.057743595850551444,-0.06756444779830062,-0.04155148892182048,-0.027057677256474122,0.0006324177540708575,-0.0212022076506031,-0.07758263160982004,-0.07492526438117153,-0.0614812207750397,0.014704890086333577,-0.05116940273704884,-0.05793912620152675,-0.04898881403599731
Вожегодский муниципальный округ,0.14948314707660693,0.15265234044170484,0.13486271589458454,0.10759274341910441,0.10821857703930426,0.07493566686441433,0.02881806913394236,0.06826283473797723,-0.009711219360749368,0.043026932488945846,0.09331859791087993,0.030349177939118732,0.09901595849200184,0.08367872536257082,0.03852267856344227,0.0781365504051017,0.0788893493510745,0.025309631670253907,-0.02535261633870789,-0.02205809895797728,0.001935942440342231,0.04379508491240536,0.03965709209409063,0.004714894791334245
Вознесенский муниципальный округ,-0.10050198768434804,-0.10751606813771453,-0.10472307994895047,-0.10852929330116545,-0.09607955669572021,-0.09488038279228306,-0.09332438521607322,-0.05774839234179119,-0.059682065324178524,-0.08302675579991003,-0.08770015937220066,-0.06862936222045413,-0.042705748184591386,-0.05793351931589186,-0.05622839579500827,-0.052734925790678844,-0.061501733805943815,-0.05004396485258589,-0.07093118576092472,-0.05205213048618873,-0.0316292414265682,-0.046991717404401,-0.02848700061683651,-0.05961913433775301
Вологодский муниципальный округ,0.27861742018698976,0.2614740126652837,0.260582895428465,0.2850924721410255,0.3080271469710567,0.2823061059989769,0.27660482106840867,0.2677416838501898,0.2843359152460021,0.31516748603980105,0.3033914042752883,0.2711503233558368,0.31003949916192575,0.29694806633348136,0.27873696542334514,0.259528065150052,0.2772318039633035,0.29791124845077377,0.26080283993465514,0.24776662959130213,0.2651891531355588,0.31921353950634135,0.3481890258792113,0.2885720872300048
Володарский муниципальный округ,0.16896442941157908,0.18229683827607523,0.16059733583059987,0.15316734970441814,0.0726918887613408,0.0799869728375775,0.07672247370665808,0.07681793867452313,0.07862696767508837,0.03995853228892621,0.06302431829678135,0.07324900618954366,0.08128755522304765,0.09778896758546907,0.06380653079207832,0.060388912908399206,0.08169353826247772,0.06928989889877002,0.06705322374540756,0.07643003989296027,0.08221996644604879,0.024258923024104817,0.05985352192800164,0.07305311069919895
Волосовский муниципальный район,0.32566971530304656,0.2941987598193698,0.26590354645705183,0.333447385287851,0.3087065798495612,0.3317620491543867,0.32977098719217146,0.31136230632608,0.29536903393725744,0.32621770499864944,0.3010214500498698,0.2534091613600644,0.2861532539304932,0.27576134076092274,0.2950653850368461,0.30266770240656804,0.34771887388919254,0.34498015466473575,0.34926916502823957,0.3434504117269803,0.3504372888317011,0.3634947241960944,0.3628078727124944,0.34971585403839
Волховский муниципальный район,0.345974981463792,0.30660900091492316,0.29900414439621237,0.3993027694260345,0.4084137679572972,0.4183747055118765,0.402402318577618,0.40883232079130316,0.41017107630869454,0.4192139616725772,0.4092218084889989,0.3855606745335809,0.4338462506561491,0.3966605284219664,0.4179387104850978,0.40590081652774224,0.44582079345699555,0.4215647279337418,0.41739820291844154,0.4262847721493017,0.43438292212972307,0.42093057946359025,0.4367961510792977,0.42788316793840053
Волчихинский муниципальный район,-0.1854748775575441,-0.18926671815640717,-0.19130696801575375,-0.17860227290392494,-0.17899764785266292,-0.11885229280584042,-0.10303617694476941,-0.12277431418111995,-0.0863616291361442,-0.12969251180230046,-0.16005379298773903,-0.1420472455059123,-0.19536067381547717,-0.1907890078930521,-0.19236057011958785,-0.1813183066855686,-0.16356745064020117,-0.12967845225339225,-0.13413617728827454,-0.1204046588464891,-0.1391700066743784,-0.15867289005679375,-0.14847225777949724,-0.16393007780169988
Вольский муниципальный район,0.004600626818527687,0.015890476589845548,0.02171549943513007,0.06159012223172411,0.06642597650612991,0.05020832211222448,0.07470352931503221,0.0790728269919363,0.08158521309105993,0.08668909859799356,0.09450303121347758,0.1410889019615098,0.08928329604217211,0.09906940393479857,0.09856201912848483,0.10511165503746867,0.0743784983287803,0.10201081289303637,0.11786288553864743,0.1051744039467053,0.09075082386934774,0.09047224815955168,0.11414332199714927,0.14270578844769588
Воскресенский муниципальный округ,-0.03198980370701854,-0.012085791054449402,-0.022989518224697747,-0.026460608562434373,-0.016638828977114883,-0.03790196756594533,-0.011838870505188837,-0.053954797986271785,0.0005915118228365657,-0.03759896226122805,-0.05673484076247881,-0.06611637714860485,-0.09132586782320296,-0.05186676663365475,-0.055043327514898266,-0.038477031252956095,-0.005467801672635275,-0.022657768383846033,-0.043493984542473996,-0.040894587166651064,-0.03256305210874011,-0.04050410798954118,-0.040444468535351774,-0.033854316135652596
Воскресенский муниципальный район,-0.09349384126486626,-0.1676385040591466,-0.17099948484952243,-0.13157478846338044,-0.2033351974447264,-0.15136109834441847,-0.20157721110496674,-0.20924690569358084,-0.2003420345879121,-0.28336323436370847,-0.2400601469395589,-0.1513420461626076,-0.24472365105451743,-0.2952306592024829,-0.30489247149395915,-0.2657820168538798,-0.2555692213346621,-0.22012289427008547,-0.3459637571486329,-0.2572144181650309,-0.2297105843333629,-0.18099116526798653,-0.1559825126825789,-0.19000856049452963
Вохомский муниципальный район,-0.2196118716845863,-0.20001724961038292,-0.23613982624119423,-0.1902573461106538,-0.16961062794501558,-0.14358026477671793,-0.16315691936065413,-0.15313166710868664,-0.17265490481332435,-0.20448633782912573,-0.17738048260478045,-0.1597589111855946,-0.15264114317180777,-0.15689664912596157,-0.18125101283053446,-0.13590199823885918,-0.14776088172848745,-0.14048785068698955,-0.11165317528084806,-0.1361593959494396,-0.13808175963385594,-0.14656929565172305,-0.1861579466265031,-0.1552528852060142
Всеволожский муниципальный район,0.6047905605366495,0.5498789996353732,0.5742391043760087,0.670443749787708,0.6748489701264404,0.6754825356758776,0.6680930903563951,0.6778761704283767,0.7071748534488993,0.7224306446181785,0.7122243069233498,0.6689932834471364,0.7257102940676621,0.6681343398641442,0.6761690572935048,0.6645267426909669,0.6863810853325258,0.6731204980765639,0.6651907431312463,0.6617151885029617,0.6935561917273461,0.6788602013192477,0.6902241880347333,0.6631997754248147
Вурнарский муниципальный округ,-0.09506639757484159,-0.12271409764713503,-0.14797557847595932,-0.14972452660526336,-0.13760063093841524,-0.15248564161726996,-0.1804883757122937,-0.18178816949615673,-0.18961598274789182,-0.18908487685470554,-0.20289321723253018,-0.21563461750002588,-0.1876519618422492,-0.19145111341271637,-0.1637382943329797,-0.16541828519905266,-0.19205912307032236,-0.19820268979967892,-0.2125593405892925,-0.20255981903494558,-0.160580458864926,-0.15833997682517342,-0.16943196850197673,-0.16756791528164783
Выборгский муниципальный район,0.4728748941108982,0.43075078190006444,0.4363195735949361,0.5207694908373437,0.533693001991546,0.5415331702135049,0.5336110369510827,0.5400959176162381,0.5617056381494745,0.57162770009894,0.5510894959276964,0.5268438640461035,0.5634638733628812,0.5123194256778412,0.5178256027038888,0.5152357742435427,0.5616830089731248,0.5418031548512872,0.536991510901947,0.536151548600456,0.5614964697142799,0.5531355926091681,0.555367189219556,0.5388937557285711
Высокогорский муниципальный район,0.08003047623016535,0.03066978448128488,0.015815249884703064,0.0342580391233156,0.0057757337739161585,0.047724648680210535,0.04409713691881656,0.11069535398827668,0.13278534249358032,0.16682271582164176,0.19543165547323582,0.14519470844532378,0.1971648487995168,0.19040902678145244,0.17842529490607362,0.16537217871314702,0.17805282946815915,0.17362379682807116,0.1799164202374115,0.18181989999588666,0.20199301746414022,0.20626351004639787,0.2167139777999889,0.15354384211814143
Вытегорский муниципальный район,0.23277529106166917,0.19482463661005056,0.23563579306676985,0.24333701839418964,0.26471293002471086,0.2597637149894183,0.2461735064598436,0.24625766351114642,0.25584588973521605,0.24796190291248088,0.2100005450725,0.20493651803915114,0.2266205426476624,0.2092560327457722,0.24714027282447226,0.23512496395430205,0.2806644997931347,0.2877842707369833,0.2856837503767746,0.27188846354345664,0.26393316222511487,0.23699313866165816,0.25343488742065823,0.245441049326228
Вязниковский муниципальный район,0.08437544364380578,0.07754495283012908,0.08324678476596681,0.11339324980157528,0.11222939416943767,0.12096055884581425,0.10711044319075569,0.12893294153805712,0.15054475826339875,0.14108111074381036,0.1389474413837526,0.1259114004124946,0.1377363087830581,0.13959745614159225,0.1336040432838601,0.12536903264003207,0.14162067224820873,0.1382624263683887,0.14319666273429732,0.1309990870479094,0.13641243351136012,0.13598900015295534,0.13839260344877502,0.15230945548087504
Вятскополянский муниципальный район,-0.048599373021561476,-0.04447872825699939,-0.07027547802307943,-0.02424576823288227,-0.04540803953899619,-0.12059454837803685,-0.07532768021698644,-0.09194907904891814,-0.11742562209428087,-0.10446981703678304,-0.10272573975226962,-0.11554884576940339,-0.040953550853078724,-0.01965314664999873,-0.0473961928686073,-0.02809978530602031,-0.06105917759408186,-0.09888140739926143,-0.050062633560658654,-0.13783949624247782,-0.11520798000411858,-0.15274462816657852,-0.1247006082556581,-0.1841863080610171
Гаврилов-Ямский муниципальный район,0.11313747908862304,0.08311066062819883,0.09760139684683722,0.07672666090335234,0.04147598622852655,0.008369457224247867,0.0250745201214162,0.021746910429676802,0.049116477848979656,0.024799724594702255,0.03182855897954262,0.034821253913548844,0.07907864820340471,0.026756997914258562,0.041036195017721155,0.047160096605905366,0.055971395926542655,-0.003521995613832374,0.02756514109560193,0.002570339711173375,0.05214341953627155,0.043484248371067125,0.052559993927957294,0.016641579501431636
Гаврилово-Посадский муниципальный район,-0.08601446156540504,-0.090270497751888,-0.10507716073365003,-0.08540111843017151,-0.13064282267914962,-0.14346875097677092,-0.13301522259459908,-0.13123433643922944,-0.12148174656067035,-0.13475967604836292,-0.08127869880311422,-0.03421213374948984,-0.12134114557952635,-0.08520237329018343,-0.11101807579940548,-0.07253577475740336,-0.09357176498343023,-0.12503505609458898,-0.1038267390313834,-0.07735389624734701,-0.08728544935427962,-0.07573279987328618,-0.08015837478372312,-0.0981566930352269
Гавриловский муниципальный округ,-0.10738254645320211,-0.16997960310334292,-0.14892660089666343,-0.1338112202812134,-0.11228561578604257,-0.12255822107579739,-0.10303617694476941,-0.15404336641834426,-0.17353428344246957,-0.0511224598604727,-0.059443334772922185,-0.0849063825415648,-0.08454241117478922,-0.0244989300582219,-0.07748926631186137,-0.14283485513499983,-0.121614667691059,-0.12888755221449166,-0.12599662390342914,-0.08962082003539962,-0.15699685881531522,0.07055022624585128,-0.058241966412367674,-0.1310686741818543
Гагаринский муниципальный район,0.23483096271041326,0.22720883822648652,0.24219930855071148,0.2688369035846385,0.2615701558126773,0.2574514027667991,0.250474899294888,0.25968595714282294,0.24895036746955412,0.25944436109590185,0.2770077678694314,0.28340512414176544,0.26109433343749977,0.2767294619899836,0.28443855663414297,0.296416119155408,0.30246364339546794,0.28815209810748676,0.292054436954853,0.324826104711498,0.3309573466667839,0.32383370869476025,0.3469202097449777,0.3390374368307576
Гагинский муниципальный округ,-0.15042976170596134,-0.10619579068770513,-0.09066168219274573,-0.09319821481735246,-0.1325861341371688,-0.07891629148852353,-0.10653502280897698,-0.1345437713405957,-0.10038194161639247,-0.1584722697515808,-0.15532076454004873,-0.13427000295164326,-0.15115926625204246,-0.10743387475952915,-0.08908556095278364,-0.11956121726195867,-0.07801554298176683,-0.09061169734908603,-0.12179370279168111,-0.0938739294758264,-0.1188386266160002,-0.12421654455204134,-0.09620865246135324,-0.08308385696424558
Галичский муниципальный район,-0.06368024748633339,-0.06573889854313286,-0.10563382682428824,-0.06268884597567492,-0.07713044800802749,-0.049913820883705995,-0.06237239515521509,-0.12282631761335772,0.03498079749117444,-0.026361227555629085,-0.03846081422599923,0.023565098257554595,0.01526129978659263,-0.016914499871345967,0.02727441791966001,0.027659966198566366,-0.046389202631893056,-0.05521482999579064,-0.04867837611945802,-0.038710865320727095,0.014874611743225685,-0.02170475177261899,0.02240300358956482,-0.012301380076019441
Гатчинский муниципальный район,0.4835529644563028,0.4419669278585783,0.44805635094117235,0.5457822105208212,0.5475269906164186,0.546914801611635,0.5346974326688958,0.5519250151866988,0.5651860503300732,0.5841626831686373,0.5759244869300826,0.547528260483757,0.5843179815630055,0.5406131687002151,0.5482291527662007,0.5413695140974628,0.5629165520070156,0.5454112960648398,0.5328053984525436,0.5319270402055025,0.5675447024593829,0.5579328817983633,0.5735433880333325,0.5478442301832569
Гафурийский муниципальный район,-0.051999314986353795,-0.06262880405129678,-0.08063877403298925,-0.0791308217215736,-0.08701137698963102,-0.09530534959814752,-0.08602619256679844,-0.06936417712339704,-0.13606335201297526,-0.09586886171159392,-0.1464054008820952,-0.15480999396862316,-0.09339227273598993,-0.12117856652388248,-0.12965419130607359,-0.14688097662735267,-0.19145404035722713,-0.15766583785762833,-0.17158328386315524,-0.14871463198181978,-0.12731284086999217,-0.16698398107586243,-0.19633942142190186,-0.20882025142384464
Гдовский муниципальный район,0.017600076045956925,0.05140452015744046,0.03772008527275261,-0.03740044547078014,-0.06719000830277544,-0.05520834020067866,-0.04851219335457735,-0.004841061576515315,-0.04797446223244073,-0.05848470379495829,-0.05041082527475638,-0.06060993907379597,-0.023702676015609825,-0.09713491458370704,-0.07270060671015521,-0.0649462912733565,-0.026787504312272503,-0.023243395439820347,-0.07945396462290866,-0.07261667466180377,4.306168587220327e-05,0.027660017815689386,-0.01600692545280502,-0.033925170282421035
Гиагинский муниципальный район,-0.08278493165348522,-0.08951329072776915,-0.11294981738894094,-0.07208968338595412,-0.09549029727060798,-0.10518342335202391,-0.0627176734776338,-0.06523173654980496,-0.06935922088974245,-0.05107221996496136,-0.08203499500474187,-0.0695943500232108,-0.057104498217885435,-0.0625806377574456,-0.061733198862478744,-0.09509932944404476,-0.10589716016223427,-0.08801905363674933,-0.11518619476496639,-0.09544085036225525,-0.07970185341772051,-0.08355632782298805,-0.08396925368123043,-0.06483080129017615
Глазуновский муниципальный район,-0.08670786272574205,-0.06854098343452542,-0.10265169213680458,-0.11200580235381352,-0.09201537997855525,-0.0880526112757245,-0.11004615359117764,-0.1499205324254156,-0.13493411017878643,-0.1501725423973408,-0.1280699549087494,-0.16556377407200173,-0.1380956463175309,-0.14008331026552234,-0.21779193176584855,-0.18395081972311011,-0.19498886199471954,-0.19616121225645244,-0.20478715330233044,-0.1387488352157522,-0.2324777383738308,-0.19905300597154607,-0.1586101328552907,-0.19241340450947675
Глинковский муниципальный район,-0.05563497075151602,-0.08250932911827036,-0.11244002944967768,-0.05417045341295079,-0.08770192972483493,-0.07354708110231556,-0.07383000133886775,-0.052693457887929895,-0.041272024272966945,0.0017647203683139878,-0.023316996756436836,-0.042838840351846486,-0.06952769214377597,-0.07449018891033887,-0.06784590393419698,-0.06027674255865456,-0.03822553750919866,-0.08806369749041387,-0.05077648439615423,-0.07538799963574405,-0.10143517789552092,-0.17053962579826987,-0.13567388989028117,-0.13040516889825682
Горномарийский муниципальный район,-0.21592158743077583,-0.22316826983208848,-0.3440156467940714,-0.2727124045623128,-0.29569697216475355,-0.2757902220985802,-0.29795927227696595,-0.2674965363484372,-0.2659454436612787,-0.28418745377952526,-0.23622770806347937,-0.23952603553936314,-0.18802062544089537,-0.2237020227127644,-0.2475494839483563,-0.24649407010296898,-0.23878091433140547,-0.23718219195296797,-0.27933245533793105,-0.25982946900792747,-0.24841498525205807,-0.254758711886506,-0.2444740627884432,-0.27827440882126453
Горный муниципальный район,0.18925844858511098,0.20538747384754075,0.2449838312694812,0.18267302417386766,0.15814802025987795,0.23023806672070002,0.21059174856366702,0.29673625873928344,0.22230497684158834,0.18452300173496639,0.142096668792691,0.2205403224694198,0.12289605788497582,0.1753774285166152,0.14422668174127118,0.16505041113381758,0.09359072339535501,0.1751347342399292,0.13062751583541043,0.14924023159315603,0.07413565487893337,0.07198646505952233,0.09011238636783858,0.14768165986403936
Городецкий муниципальный округ,0.14761001680327723,0.13445172240223435,0.1481074189680065,0.19423576997551706,0.21900728288142624,0.2144208875710838,0.22538365000067095,0.24182546340106192,0.27302961371938395,0.2680982965161878,0.27383260203374427,0.26058568234214086,0.2613296275562327,0.24463288328922772,0.2540875501406106,0.2525414222998741,0.27305894044923207,0.2583845704373555,0.28520355829071775,0.28754348191729306,0.3049509306747282,0.2970845200880454,0.30532363861717826,0.28854642481901926
Городовиковский муниципальный район,-0.22736616046459268,-0.21406387623536283,-0.21023532916294307,-0.2419247549784007,-0.2487309858673381,-0.20586861508816945,-0.18583062547951457,-0.15013428756971336,-0.16920349888929564,-0.19858833830882716,-0.10241682763530946,-0.176154239537059,-0.17568308422804257,-0.19959768510992681,-0.17188917909400558,-0.17015680318080761,-0.22690728528996118,-0.12531305266775483,-0.23044676601891823,-0.17284804232218853,-0.13265821808787592,-0.21372099994267124,-0.20944026382849756,-0.24767136584069327
Гороховецкий муниципальный район,0.14022042494415032,0.12424378457807705,0.1285145022131431,0.14229367486676558,0.13438893954566034,0.10007195797217783,0.0879029264341522,0.10727203497826743,0.13782422134779004,0.11894926600241007,0.11351453300534864,0.12373414324094512,0.18119215529909027,0.16997024796931548,0.150496519381063,0.1525648661927832,0.16419709102627777,0.12629996145107647,0.11409412618912462,0.11220668182611604,0.13302527886734694,0.11036865370513382,0.13190231606279568,0.12367129742602323
Горьковский муниципальный район,-0.1815903883224248,-0.15215050630597382,-0.22638253135899333,-0.2760821920188352,-0.22406882348326818,-0.2450204919661303,-0.21177527698383436,-0.2522281536155546,-0.25998063746967226,-0.24001701852384194,-0.2832774938493863,-0.2304134526716215,-0.2555133584758966,-0.2180746098232369,-0.21516286099356918,-0.18344402871287002,-0.2500486391777468,-0.18272227482058767,-0.23432537559100375,-0.19946159319408352,-0.19693124858243394,-0.21226455491711782,-0.2029683987707358,-0.2128796252590206
Грачёвский муниципальный округ,-0.0898921178406713,-0.09401084633265455,-0.11970348849318313,-0.13524746560896617,-0.15962546521702414,-0.18432326907081098,-0.19789959231746224,-0.13065762003663473,-0.11007772571538688,-0.12454275113282343,-0.07429742939504003,-0.058905759265297064,-0.09479091348540436,-0.09257476035577916,-0.10440609933540301,-0.1254246591589574,-0.17005938314385283,-0.12837612648792884,-0.1262230885645863,-0.08836570745151384,-0.09275123123192763,-0.110614618655827,-0.11092312281535577,-0.0796660662830444
Грязинский муниципальный район,0.12288767997381633,0.10377729743675879,0.10808044237752945,0.11661617112311973,0.11657080934116948,0.08536775291275411,0.11894588033156595,0.10954180876910691,0.1382966589196588,0.15368683894364743,0.15924234389311565,0.14288938823935382,0.20037901056310936,0.1503998478015376,0.12165498546699283,0.1080686668213584,0.11533804666331804,0.09771927837459238,0.11853691930132726,0.13276890688418774,0.1535845538368008,0.14132423054533838,0.18193367899101176,0.12862210147650188
Грязовецкий муниципальный округ,0.16447810515290584,0.13902227192481043,0.17381398135276882,0.10678068887660075,0.08103071691544628,0.08465790372589233,0.05573388832274517,0.04996779114666339,0.03355140902596254,0.06020894051442305,0.06616061916441573,0.01496190351119786,0.07601571434779508,0.06608693204900007,0.05468977000481878,0.04756233304590474,0.046798107923597954,0.06351340572232722,0.02117484503535927,0.02857114176259401,0.03128566804243427,0.03990266631220862,0.033715116913358045,0.012118059652165059
Гурьевский муниципальный округ,0.06648447199090946,0.042584332325684926,0.08152709388643942,0.12573605994396608,0.15043048409312298,0.16332042437683292,0.15839124894816337,0.15392725578721667,0.16394289422303743,0.15007791114214086,0.1025453491347399,0.08306205906305486,0.12384130135553129,0.05540723971325967,0.11981526164248635,0.15140557178333935,0.16260633826493098,0.1919773092702446,0.18666410659539423,0.20369689486258302,0.2134680944013816,0.1809812645721145,0.19158577322912862,0.1721386075630278
Гусь-Хрустальный муниципальный район,-0.04161292930053406,-0.017152394985311403,-0.06973814562121916,-0.059059659092202565,-0.035524282351126146,-0.03986043857635302,-0.01974702695144437,-0.061947822313255685,-0.050823688393908384,-0.056058254318129386,-0.05275927784390966,-0.041654369038900185,-0.03603199460095752,-0.03539412565154976,-0.014890065560775767,-0.029619113621203397,-0.04060695492786337,-0.05060285225132688,-0.02057270732989025,-0.03858740090918822,-0.030829525727291696,-0.09113027610982627,-0.12692272851635344,-0.11684169803178257
Давлекановский муниципальный район,0.033512790405545445,0.01311317073856344,0.01127703805642355,0.012823567189581553,0.011085139044997305,-0.02420005169843975,-0.0061816097008851045,0.015154571568883668,-0.010557980549988244,0.028193419304855638,0.002969426391992158,-0.0010969208966375987,0.038901422406963704,0.02653510606343623,0.06170102059793159,0.009026658263870502,0.009651904842055359,-0.030002872863429175,-0.02678695463760583,-0.014878911875612744,-0.009345053730996256,-0.03376440261262914,-0.031178679072516147,-0.046294992030924575
Далматовский муниципальный округ,-0.03549838687976958,-0.044788885922965704,-0.02602343032805443,-0.021676525773388633,-0.03739216789307598,-0.03935790074980616,-0.04501636536249798,-0.03629610061870636,-0.051965655816220035,-0.044861953098145335,-0.02904083780691913,-0.050057607600447085,-0.062239505852758725,-0.054991844298971415,-0.040757992472167714,-0.08013760484198329,-0.06860939999514137,-0.06480837480492418,-0.11424581899318476,-0.080181298208025,-0.09336564153553972,-0.07254188906834891,-0.07693491582935863,-0.06589103354377457
Дальнеконстантиновский муниципальный округ,0.06816922537488956,0.05814391010605746,0.06416554669053909,0.04458930799651917,0.03392913436900358,0.0346065149357333,0.01990982780939099,-0.003270912551613492,0.05000801534087351,0.06554348191089154,0.04501929775658553,0.06344894969652337,0.015862924190582106,0.05812012758660323,0.025859447296886273,-0.00414166765641788,-0.0040040093533821874,0.03656619127390748,0.02082297326943916,0.052448787460484425,0.09510659036521574,0.05215135621456035,0.0927202412099497,0.11564986404144761
Дальнереченский муниципальный район,0.033512790405545445,-0.014189578646652379,-0.10725498326627658,-0.0889626684539202,-0.17800844175529917,-0.05894150058730574,0.0069722087820220935,-0.007571596652660162,0.09076809715239875,0.04913563128076248,0.0761570241068803,0.09402794569218642,0.016464186860263297,0.10712733275101805,0.10152954755379184,0.08733817610069217,0.02450579007527942,0.04722961362726785,0.08778299223139285,0.061127579029104595,0.023576563330534483,0.019374375060214888,0.09007508198270386,0.04486859051625025
Данковский муниципальный район,0.14966570378379096,0.13867805265373967,0.13895367582508555,0.13459796570118066,0.1434123216061245,0.115854456914942,0.1120105817278425,0.09764060881413172,0.12158341917468896,0.11482957700922647,0.15463513898454906,0.13038922547512222,0.17684950542263778,0.15059589163756648,0.1540261235588023,0.12941619308857888,0.15215067916059155,0.11608729165737763,0.10291802390270277,0.1253564388475361,0.13147842979167557,0.14245122932631382,0.16126901613457534,0.1313586572312211
Даровской муниципальный район,-0.182289755741337,-0.24883156720235533,-0.1413436261722083,-0.14506902471447702,-0.13481169561885942,-0.18502045710741832,-0.18538434632450063,-0.15463373273094305,-0.19433564978169926,-0.18007089304277457,-0.20289321723253018,-0.20611050576745704,-0.24465861251916188,-0.16691736368767707,-0.17787263123890718,-0.13252573496316167,-0.139304171710263,-0.14011153947317823,-0.1539178021568457,-0.13756685571732064,-0.2173790422673676,-0.2098084748874438,-0.2712578407421322,-0.2361559284634751
Дедовичский муниципальный район,0.06960398134148349,0.04961846967325201,0.052565485355891894,0.09122502179903336,0.08098582857518544,0.07618969784208218,0.07246504366227491,0.02066621868184626,0.04323119990944946,0.03678866630632349,0.04564099501005714,0.029056893456729682,0.06022315856739979,0.07644268200971638,0.07191410667293852,0.07852652038235597,0.05384373554942634,0.0307951961672579,0.00799320263964809,-0.005717931716038294,-0.037737015479638814,0.016663698123384307,-0.0024522838953888737,-0.012336051134358428
Демидовский муниципальный район,-0.1563615635775637,-0.1395098483872541,-0.14776436292970985,-0.11594547426619606,-0.14034135475038134,-0.17818579395419398,-0.18924006901919554,-0.15888390725259427,-0.16123486576744206,-0.18833540289266715,-0.1430758236693741,-0.11717632858920801,-0.18857387580078822,-0.10464673433314786,-0.16085722194920216,-0.11685562643385516,-0.14891963040970602,-0.15293859973606416,-0.15140617292953173,-0.11634876221608437,-0.1505184934082191,-0.08510188905887262,-0.11517387766756393,-0.12907947759013183
Дергачевский муниципальный район,-0.1929679479359745,-0.17009680204868793,-0.1930180212826631,-0.20642327283853845,-0.20991849969392362,-0.2250412112357001,-0.24283150628643035,-0.19573090334885634,-0.22819796799660352,-0.2164470047934035,-0.1899431111807779,-0.2017414852065329,-0.17241055236981673,-0.14808461631018943,-0.2558797505213466,-0.23469199115725914,-0.2450900835246692,-0.22129537675344757,-0.21473454413630044,-0.21928065447903933,-0.20435213998358392,-0.22326532185806514,-0.2259846655514508,-0.23299500007007268
Дзун-Хемчикский муниципальный район,-0.30566941933733993,-0.16939381432202083,-0.1997248058381409,-0.24879234077750567,-0.22980999847838746,-0.024299027301033505,-0.16862649488447445,-0.07763093706966195,-0.11975727251498114,-0.08739334796448084,-0.10628510488843723,-0.05604428967021313,-0.28175878684327493,-0.1337072042070524,-0.17618771087398777,-0.20459122879268143,-0.19009394141446556,-0.08112324163738371,-0.17011495914701058,-0.08996733539382973,-0.17519859168534602,-0.127484746959313,-0.21140514845693303,-0.2026360959165565
Дивеевский муниципальный округ,0.10089835685963422,0.07969278868381835,0.06646949855873885,0.08053318300029488,0.08662595095724157,0.0797640024248274,0.08420417851478845,0.09743201038620697,0.1404412938670898,0.13655217394893704,0.1709425305474852,0.08669482989571087,0.11951287582317605,0.09327372617847551,0.08064610684038165,0.06533951610040312,0.06712632871451696,0.07119531466522488,0.08499971935869688,0.09438828178161174,0.15947623785291576,0.13542200626838685,0.15517069256385163,0.1485085699256281
Дигорский муниципальный район,-0.17879779955657682,-0.14652541972542998,-0.1476587718837319,-0.12968632185161333,-0.11769177229764693,-0.005861709892673872,-0.03700280570350145,0.032979715207988036,0.04375049651028462,0.022841955825066762,0.10292271554102861,0.027420138433239316,0.042372884150125856,0.06326726085115197,-0.08469293530038158,-0.032403297783655916,-0.0032102756302485602,-0.02542158923865756,-0.05473288502816587,0.005134089710294276,-0.025249351814430554,0.038067982475622486,-0.007210486399921834,0.016843647329553235
Дновский муниципальный район,0.09609527365854653,0.07227007419105114,0.0974361417338816,0.1069160771025448,0.11535711174961527,0.09814719797288163,0.11002020123993184,0.11541922237133484,0.1245480636271008,0.10335832165545433,0.06850640651290618,0.03829413498511691,0.12918086937804674,0.09584452827436785,0.13032952698702793,0.08090204966506143,0.14017448811387645,0.10484936750574292,0.08084705734496644,0.09766148938720853,0.11226539644390954,0.11131321528084825,0.06215784739653252,0.0424754213769436
Добринский муниципальный район,0.026982029014662956,0.02687507810000689,-0.02215098281732253,-0.02723438281372559,-0.029590442150182028,-0.02603268798737801,-0.05421910833867116,-0.030257233927384775,0.013662953414970147,0.007940511968666186,0.027317340971135806,0.008577050631759064,0.06767482906443512,0.02799868321791621,-0.0066229545430100956,-0.029749449235593417,-0.04247274853965877,-0.02600883757768102,-0.03081408151021492,-0.023759606417584678,-0.008562955059803201,-0.012045632672499806,0.0,0.005907175765807793
Добровский муниципальный район,-0.0008484013446992122,-0.02022490350966244,-0.04294781779470114,-0.09402541314394952,-0.08807396342474938,-0.10797762183846693,-0.09924246789360325,-0.10397144213021292,-0.09559620265851443,-0.08916621316967976,-0.06587454324581898,-0.14304060811976882,-0.06832747377820425,-0.0823774426542716,-0.12588024588900204,-0.1238004291166952,-0.11533535933594408,-0.11737430516757286,-0.13021728414342704,-0.11737232653410423,-0.07760546542393243,-0.05807085971185444,-0.0648842014302975,-0.09913941980290453
Доволенский муниципальный район,-0.19773630544695386,-0.18610565030486548,-0.22011934400003774,-0.18323595051920982,-0.17853201720575385,-0.12825281019289214,-0.16075975122825525,-0.12756998642473683,-0.1463984809183092,-0.15239390167140776,-0.1792131546530058,-0.1712631153108095,-0.16661903039022796,-0.2219364955861618,-0.20156138321962302,-0.1779869892498116,-0.2149149287182155,-0.1855728198283888,-0.15438361174231297,-0.13634089238807157,-0.1585094895681074,-0.12072998262027035,-0.146154540402069,-0.13212338237939392
Долгоруковский муниципальный район,0.027033619284749122,-0.014891825866522268,-0.017088151222242942,-0.0670291073102014,-0.09527610717608148,-0.09881823377272347,-0.11559610429791789,-0.1217348130480147,-0.08528711122262678,-0.09886815360192536,-0.03807458335169578,-0.05604428967021313,-0.018346309689839302,-0.030213498984425158,-0.06797920468310004,-0.057592657561714944,-0.08370199209832485,-0.10254366988517027,-0.07988634097001146,-0.0843082063092595,-0.10582952963634007,-0.0893534455073155,-0.08472428913714225,-0.06988612746416756
Должанский муниципальный район,-0.12350377242778698,-0.09585907473439903,-0.11478720881077464,-0.12495224770288793,-0.1194454856862226,-0.12228525806058954,-0.15576598304776823,-0.1318638611688634,-0.08641538535171911,-0.10346343436755845,-0.13124388901630724,-0.14046892676380196,-0.145430283863897,-0.09869313450742823,-0.034292452707525456,-0.10798345875071824,-0.16092375968499972,-0.20651104590063163,-0.18034315896946929,-0.15304264647289578,-0.1653955927280215,-0.10767217521193295,-0.20722809600831127,-0.12631677616951897
Домбаровский муниципальный район,-0.16151861623219865,-0.12809407027394215,-0.15928773606762725,-0.16625091208849163,-0.09549029727060798,-0.07990988550411338,-0.08194424570911707,-0.1012194273467486,-0.09375328382155956,-0.11469681572971524,-0.14350482410495324,-0.06482047161014037,-0.023650534294398895,-0.026368963328756934,-0.1087937931400127,-0.11827870907049132,-0.19029532086437406,-0.21069125394690502,-0.2287389094655623,-0.1580384936662682,-0.1804457872216858,-0.22002317109506997,-0.18003002588917916,-0.2672529067596301
Дорогобужский муниципальный район,0.25372020565700026,0.19860121416318144,0.22317998715979925,0.22176661823972488,0.21446110794069106,0.19035566057648978,0.15969546808373103,0.12889251054365225,0.18165568750168504,0.17859110146582324,0.16264438048261276,0.17080284710813665,0.2585024375472784,0.23119635996183163,0.223849077271554,0.20867474019429189,0.2064888113705532,0.18074638284117306,0.19346528174348343,0.1942538314905473,0.2113090936672073,0.22445772920937834,0.2598143936448949,0.23056797672727214
Дрожжановский муниципальный район,-0.2225209646452715,-0.3271427458413747,-0.24896832897411514,-0.3154326375925631,-0.3558269502270175,-0.3187013104282084,-0.39227749681885804,-0.3843484592578985,-0.35898095292233734,-0.3933184413998454,-0.3056704457543571,-0.3365740428996169,-0.28358280356246723,-0.3569810062541059,-0.31201355957203347,-0.2666075762172042,-0.33723009948431404,-0.35327589041791363,-0.4040487196613096,-0.38700727030574633,-0.35130043409389344,-0.3150855563956245,-0.33938294697583693,-0.3797873477912024
Дуванский муниципальный район,0.03068974220704135,-0.018611918634521274,0.014648964371440698,0.010838454875161219,0.013056909708115683,-0.0037746850858297876,0.022948447803136318,0.02923455946393716,-0.014202244873212422,0.012900956768595151,-0.012954700055296087,0.014614687983316443,0.005687026600032397,-0.019374297366228532,-0.015859731945065292,-0.03554479868745375,-0.02337292930997492,-0.013499814024266144,-0.017276872962831646,0.011377851527070604,-0.010301783527825847,-0.006433508895657525,0.00517091602292119,0.028327828119538268
Дульдургинский муниципальный район,-0.0100144660523096,0.04443026824211138,0.008661596450066256,0.017522475303733742,0.04450678611457448,0.06701697165685694,0.11465827481853275,0.1071067593808337,-0.011505209974952635,0.01280670161983899,0.031918576082853534,0.06197798263836596,0.007457610090288114,-0.03463890990716756,-0.03317599776503677,-0.013673249116084918,0.0700800813478697,0.05088848657373113,0.07819209063184829,0.08224539194359792,0.07249489976366341,-0.04029280318157191,-0.009639320724874167,0.019769051658657943
Думиничский муниципальный район,0.052450731046468135,0.03816868523934325,0.04419033605198308,0.017176992488066034,0.0009244168318307544,-0.03379662486203827,-0.023202897079665163,-0.005673316109479742,-0.025316543697053717,-0.0068979005064147,-0.03133957930094944,-0.025940454250953593,-0.0477137501270839,-0.01215137495594476,-0.03351938962143919,-0.0548712032509453,-0.0676290951309646,-0.05043085362689048,-0.029867481995143663,-0.01765574123501068,-0.00782486754122047,0.01801995506269982,-0.03938237866768546,-0.018805863955879687
Духовницкий муниципальный район,-0.1401330293993226,-0.15792319450658887,-0.1683550514565617,-0.14716131886378925,-0.12615987524834615,-0.12891196978830521,-0.13624898372893313,-0.19098745853304955,-0.11206130672832337,-0.1660521044757992,-0.15028597058959292,-0.08116249388855046,-0.149620440190807,-0.11968767865551122,-0.14691161534918784,-0.176728018921116,-0.1395912942657116,-0.14562925018740813,-0.2027801526041646,-0.18168824454986066,-0.16437995177132692,-0.16583350877601255,-0.15765383556523638,-0.1841039662601549
Духовщинский муниципальный район,0.04639713842882287,0.031436582180123906,-0.006901149392913197,0.007255291889478599,0.011133277298068123,-0.03469635500370849,-0.07807926411279631,-0.058869769315057496,-0.04947576968705114,-0.07589420540492497,0.012284259028747968,-0.008256386590810294,0.017865728785551482,0.03638392145771263,-0.002119569398974619,0.023672703696833608,0.02916591399864288,-0.055863072201770336,-0.04395280538098767,-0.029493077445495786,0.03474378868962802,0.008889665783536671,0.0633080219664528,0.07534253266647006
Дюртюлинский муниципальный район,0.05270217053888082,0.031963414731402295,0.032002013831794685,0.06906987014620825,0.09391973468222226,0.09608710388262054,0.09694320429221825,0.10437576086960121,0.11118151713876223,0.11589297701160461,0.0893744888093746,0.08791477981378826,0.16483064588872764,0.11621700749752861,0.14120313901602977,0.10199354467022204,0.10054122922187858,0.08025338194202725,0.07467818862333786,0.0821724524833165,0.09047549888579987,0.05982687457400537,0.08828283297782491,0.06647371935084756
Егорьевский муниципальный район,-0.3661006867007366,-0.27725609033401355,-0.33773920759111675,-0.3612841251440404,-0.3695382528261142,-0.33720669938507797,-0.2878983254067933,-0.31866647566775796,-0.23329051409123558,-0.3658965243280399,-0.27872335957050787,-0.32474796976100784,-0.3512772901252088,-0.3267028754728116,-0.33333852932138974,-0.2996323493713078,-0.26697444212429033,-0.25733624915260656,-0.2786991430938386,-0.24413967641830325,-0.2693344996980116,-0.294878399452319,-0.29652485395991945,-0.24960356387727778
Екатериновский муниципальный район,-0.023054849141221467,-0.009736788300049426,-0.07365261947520985,-0.12336025282491825,-0.13064282267914962,-0.1252919570593285,-0.15663267504720224,-0.11997013723843253,-0.07518952308919324,-0.08635195240043458,-0.07665255287481898,-0.07245281596550868,-0.08459782665234705,-0.12272320692985517,-0.13187804421813532,-0.13566045817826655,-0.141315762982007,-0.0994231192218269,-0.1270841223113912,-0.09435245042024754,-0.10014918786332494,-0.0667977479479589,-0.09427793323015976,-0.07936941840190137
Елабужский муниципальный район,0.1866671477521784,0.13553156614580608,0.15073543828830083,0.1979506378296385,0.20375906088568918,0.1936245492756523,0.21489911331461897,0.24359349142842035,0.2639067698850148,0.2914105531583946,0.2839578467422843,0.24752670181217162,0.324794169055032,0.27472302688921424,0.2825312033676255,0.2649141910848254,0.26577808800118774,0.26508702948743057,0.27815427469376,0.3075382674126672,0.31656502322443103,0.30612050009568925,0.3158265852985114,0.285642322342353
Еланский муниципальный район,-0.009104766992917845,-0.024775422030447913,-0.0554826675936706,-0.03781759012173325,-0.04205181976004013,-0.027521078815830435,-0.0528992342683452,-0.027653250731194845,-0.04916496937374859,-0.029797994489037194,-0.03542327663337552,-0.028596070827932252,-0.003928676702876999,-0.024125342681129425,-0.0656268368066577,-0.00864082634945973,-0.01429583950043245,-0.007962609793818132,-0.015328899456140022,-0.020359481708986493,-0.013439314426578974,-0.01888819852929835,-0.0187067671791592,-0.004909291148020856
Елизовский муниципальный район,0.8119014586882916,0.7874546466584142,0.8094108747104087,0.8604967378317632,0.8609928730985601,0.8897720798088002,0.8814780446208168,0.8747057136727339,0.8868390192091997,0.8694396831583955,0.8290571370738249,0.8545652694293491,0.8650778369109879,0.8364834764789482,0.8453744061262718,0.8337467613570819,0.8258040650395362,0.842245023303585,0.8450594710922239,0.8427795456198961,0.8501420959740749,0.8386033940912387,0.8495056046963878,0.8268155501040706
Елховский муниципальный район,-0.07378593130882116,-0.13288186774324195,-0.0692011017904175,-0.051787671845549,-0.03099528910241922,-0.05827567045182036,-0.0794328173962775,-0.07633939647981691,-0.030386520081428614,-0.030732872899932318,-0.07164828881593266,-0.0373368192582717,-0.026626960083843798,-0.03714274964681685,-0.016872561201127567,-0.06081442515965385,-0.12302590134328284,-0.11356582556021877,-0.12364442668193298,-0.1715780814262171,-0.12526075630758982,-0.09563087413058113,-0.14050108145474915,-0.1380818476756822
Ельниковский муниципальный район,-0.1318140695614165,-0.16787236748397305,-0.1852041918381886,-0.18462421089005332,-0.23805163440249544,-0.21391227272090596,-0.2005574387657294,-0.18826319142688774,-0.14988649085883665,-0.15372908963054321,-0.17677033753773408,-0.15884059531225247,-0.14495925229607387,-0.13043047384172013,-0.1951825836835983,-0.14137642026297392,-0.14405226820633743,-0.20812062323117964,-0.1613030839246683,-0.2039183171333505,-0.2473114759809505,-0.21820407003759712,-0.18120367754720235,-0.18472169509684733
Ельнинский муниципальный район,0.0013241878043963595,0.00019772614992774606,0.022517388371939617,0.007853378031708047,0.0051948168771041026,0.0007725363717714373,0.025164891094320296,-0.02590528760750388,0.04558946909031114,-0.0184525747348534,0.002320617397131741,0.05433096260748904,0.021809522430256578,-0.018352514731233782,0.03247237462164243,0.026510635146836492,0.04759223145153335,0.033605799129816205,0.054806639432312565,0.017076984760523217,0.0020648721093863287,0.04929641600381274,0.06808622719285928,0.09956636467824254
Ельцовский муниципальный район,-0.3185597419317361,-0.2416925154962577,-0.31177518056395925,-0.26672771010249186,-0.2807616296072073,-0.19577199225180486,-0.24466436221088905,-0.23742264258509316,-0.21655811371466527,-0.3055999008138137,-0.18339085185853143,-0.253554321702552,-0.22533558440971468,-0.14961848062594107,-0.20085061505242052,-0.20309162926662694,-0.15531686071743955,-0.2282051931136344,-0.1345928608601703,-0.17903270429432006,-0.12491915124851438,-0.14211473643707784,-0.1503682625186915,-0.13855376840175992
Еманжелинский муниципальный район,0.03217925171482072,0.025815755967046883,0.05221971883129051,0.04415695865151825,0.05575664435029282,0.0045782109314664865,0.03871803128148876,0.024443541277275216,0.052724644646275465,0.037662530912928815,0.058257510678844326,0.04703600692786836,0.0634781516284395,0.039630820014648904,0.06006033114047149,0.056410708194860604,0.05052501732030734,0.0572401733036525,0.03976418058087283,0.06784661241785273,0.10999192379636824,0.07947431823027706,0.08906733719274307,0.05665219745399064
Емельяновский муниципальный район,0.32838321374813084,0.31158097580926025,0.3220742579827309,0.37699143979037686,0.3744196093805492,0.4086961286896109,0.4107948392968801,0.4213442517583825,0.4530469066074332,0.47974810154332914,0.4574783700121543,0.438532761330114,0.46841743453746254,0.4219936628988652,0.40553429933197727,0.37750990041888954,0.3832419713234554,0.41310790403441366,0.4342206639191577,0.431107538721502,0.4468829116634243,0.4319004827937327,0.45205563081884215,0.40075081693208503
Енисейский муниципальный район,0.2827406421371066,0.2740689710439774,0.24932362180294376,0.2222090516305517,0.1933826258434035,0.2540103461098582,0.2802175290891995,0.2515290435838011,0.25889536987532047,0.27989452425928185,0.26816284907079435,0.2474349909458997,0.23115698365675108,0.2543280779346748,0.29069782191208127,0.22598208139691778,0.22898724946312043,0.242504401569116,0.2160112535794596,0.18938398381299315,0.146394011365377,0.1863855876627909,0.2309101858614131,0.20327626439339497
Енотаевский муниципальный район,-0.10155745863960952,-0.09640332205380986,-0.08752493237792436,-0.1413601655719532,-0.10886048943215165,-0.12294049451517886,-0.14157295946262138,-0.13997813720894392,-0.07163429395908949,-0.15517755785036336,-0.10882048513050435,-0.12079265006064333,-0.14160955915723328,-0.13443682692026115,-0.14676736724219275,-0.08646325849799119,-0.14727846578010784,-0.11018250119166062,-0.13053569029590584,-0.09888800115220775,-0.10880186990416263,-0.14525430931655237,-0.17968797013075566,-0.13780666339876113
Ермаковский муниципальный район,0.009442741542379451,0.03735941187501268,0.05687750963023319,0.0627227320743664,0.0899681255885234,0.13456331906914087,0.10009228421493432,0.11377866749595889,0.09216301717069797,0.06514102243089326,0.06463725702785617,0.1003519089288325,0.060414922315050745,0.09343978396696784,0.08679339333754044,0.08509411418241619,0.09047758496611635,0.08409432656468141,0.09829657653236623,0.12346845842518483,0.10620418688272437,0.11753947973880052,0.10466631222834977,0.11674749205578827
Ермекеевский муниципальный район,-0.13429643695487137,-0.12327316290460999,-0.13558956939025713,-0.15481210811780244,-0.19655792877177625,-0.18624170700477727,-0.31039505620469576,-0.24715080181764293,-0.2972439377684921,-0.2030231941507843,-0.1941659715424464,-0.2189920398203249,-0.17787073702079148,-0.20590544556478818,-0.16041846508658786,-0.20863582855063179,-0.17977734350367314,-0.1759236866035927,-0.1578373629585208,-0.229538679463003,-0.2395113815037888,-0.23495300434532318,-0.21661309854179933,-0.25794595738562265
Ермишинский муниципальный район,-0.16457567323448608,-0.16332186666162762,-0.18750897253247878,-0.17734226013709709,-0.21021877294483637,-0.19794801569402765,-0.11992252038722384,-0.1842183043494483,-0.11454632885370586,-0.1889695366008297,-0.15570075531627303,-0.1971530056905646,-0.1857493620723183,-0.1579102258044518,-0.14134911898879032,-0.10296880266517228,-0.13087093212611833,-0.18675473664085196,-0.17243684992408426,-0.1053341196383446,-0.1283894252656328,-0.19057043797140416,-0.1655226027759138,-0.14895302385985687
Ершичский муниципальный район,-0.1537620696337143,-0.13542589489479617,-0.1580067110725878,-0.21709798476510045,-0.2093182235488804,-0.191785120179075,-0.09929363841939143,-0.142361676037023,-0.13499054199506055,-0.19023901167033408,-0.204431197086258,-0.10462120839851252,-0.1727131150782455,-0.12711268956449473,-0.09090258698191356,-0.13050543507929824,-0.18402130224143143,-0.16636677004850675,-0.12201921753002587,-0.06236582244607014,-0.21390635278839554,-0.1618172471019772,-0.08379168109797064,-0.05161778827008234
Ершовский муниципальный район,-0.11098871039194336,-0.10702075979815362,-0.11198144239927288,-0.14367659004995126,-0.14269654004809595,-0.14586904239684984,-0.15068928171445606,-0.146080732496646,-0.1473121923632963,-0.12887762652021273,-0.10871687429271759,-0.11590050958242593,-0.10096827911680606,-0.10222065277926795,-0.13862711926604732,-0.13720732366774158,-0.16931953749122464,-0.15103492507016192,-0.16111544025943658,-0.14513746696578345,-0.16301047069198304,-0.16110175182949682,-0.13161462851327954,-0.14174507186076646
Еткульский муниципальный район,0.022535279184744184,0.007976801368627662,0.04292581018962771,0.029686046723460535,0.0,-0.0059588869006717005,0.016907505579638382,-0.011797772686216845,0.023295400408661848,-0.021813431262863503,0.03430108153656164,0.06009935606135919,0.04753330648746079,0.04116285069227743,0.07692413719247604,0.03948670165895507,0.04229942406206533,0.0573173844375372,0.020118858078401303,0.06658791241456008,0.04615783262671336,0.02080647014147452,0.04856270520583905,0.06660188750764462
Жердевский муниципальный округ,0.01962905470940335,0.008663176842944154,-0.023968699055037845,-0.00902974834156467,-0.048622246025482596,-0.02603268798737801,-0.043999046636029604,-0.04443712824602386,-0.019165780670890697,-0.024647263227222993,0.0010217351808421427,-0.05133451025566593,0.023651281083230558,0.01636416590600831,-0.010349380862002988,-0.004861869344011893,-0.04156111208920521,-0.032787097399834764,-0.030278936905490994,-0.035792955102884605,-0.01790106890851817,-0.02865572771060343,0.006510174760871124,-0.047658954912879636
Жигаловский муниципальный район,0.11157427562494782,0.07923618852064074,0.09925244770276542,0.07909583489146854,0.12944033510370545,0.19227045292792155,0.21302862532022893,0.17519012648494403,0.18103874627661298,0.19278473466488677,0.19592836003975656,0.182354184818168,0.24659588680840194,0.16484292125234212,0.20119139910299388,0.18508718893095022,0.23644135568195068,0.2716202422659979,0.24804843368273843,0.23948070386607512,0.267564607898235,0.22811534224656604,0.17435012143343975,0.2166292284270721
Жиздринский муниципальный район,0.08826498569246866,0.08297416980699523,0.06313986174229136,0.1175988843839626,0.10778164777120125,0.11162976640501832,0.04289934603408874,0.07839264161520276,0.06092332102710252,0.0748885125385943,0.01081441355719548,0.06953044557943144,0.08573752392190492,0.0763160061940713,0.1143497581741979,0.05732709768465227,0.025966947896730375,0.06535326211928627,0.08481633742863792,0.085304055071731,0.12172743719655799,0.0750033998816857,0.1118828572749635,0.1336983307443731
Жирновский муниципальный район,0.07973687669781526,0.05781734902457103,0.06561680185390806,0.06055076842719487,0.05842318999726359,0.0464343853796958,0.015859120224821055,0.03475820485021863,0.02680577885416291,0.02307522462175804,0.016635178439150522,-0.023412109370417156,0.011543263046064567,0.016005405419626584,0.01577560158392366,0.03489497088259519,0.039462429371615926,0.02650470809819261,0.012340691899629164,0.005527930052513952,0.015807566308160048,-0.01595582678428009,-0.003967528774445839,-0.01219737411291888
Жуковский муниципальный район,0.24997079354735519,0.23689082201792644,0.22964450940004966,0.21275481774275384,0.1717682729134946,0.13991103798456983,0.13797544627450975,0.165960246332423,0.17881460103748914,0.18642648012228058,0.18825931673916507,0.17090186191092904,0.202086241724583,0.18882543546944142,0.15828779632030887,0.15093422426459568,0.14939413061646256,0.14525161629737582,0.16208163833976208,0.19108622332315228,0.22250602146225162,0.21304319703177654,0.2488621443855159,0.19651825036649484
Забайкальский муниципальный район,0.37669891052556714,0.38023349325230704,0.36405337676301563,0.352725004845043,0.36337944339186556,0.41164475426754166,0.3810759431250279,0.3918817177062053,0.3558857168470091,0.32749152473607346,0.32779195064572875,0.37094229579367166,0.32221485372254577,0.37950161552089234,0.346979738922391,0.33736352911446765,0.36190599335628626,0.36183311515616623,0.3875787144129159,0.38269164843617354,0.3501945998364562,0.3641999328965664,0.3296023736829703,0.3819487441053777
Завитинский муниципальный округ,0.09989162123444473,0.16169300021861588,0.10123011717022479,0.13182879402325653,0.08881076957240097,0.1148214878982401,0.14457320927551898,0.13050847663683207,0.13058093711429386,0.08821999009435544,0.08392047213658493,0.12023369777920223,0.07161698430388697,0.12357473797395713,0.12407824998076755,0.09488450999111642,0.09767622179602142,0.1202646347704377,0.10003212312268772,0.10922932876006897,0.10554566775218888,0.08175840736663176,0.013421387477803748,0.05975397700062324
Заволжский муниципальный район,-0.11140336549370033,-0.09683893327768622,-0.053991314756700604,-0.02904218785657875,-0.0318491957771041,-0.06099299376756662,-0.05877872205293855,-0.05799206299773907,-0.020171513431920474,-0.030093124840416152,-0.008680285975485091,0.004609563222754076,-0.028406599391539444,0.006043412690878824,-0.022631384704641988,-0.020709790784938065,-0.03090044443181128,-0.03253366550829817,0.033297147494614876,-0.020076659137860275,0.01961516070394964,0.017461719073882165,0.018964238155257718,0.06236364067540734
Завьяловский муниципальный район,-0.14895229283340328,-0.16018360640016205,-0.20334628234258822,-0.1473940664500848,-0.12169693497751943,-0.08731440929124012,-0.09939598732690591,-0.0929075858696855,-0.13606335201297526,-0.11952696519450967,-0.12490606279468786,-0.10771253555825666,-0.19301093244248335,-0.1839727985651276,-0.138293348849313,-0.17411442676186795,-0.10881673495893196,-0.09119373045185952,-0.11192106830383608,-0.07129766585446617,-0.12204453600193332,-0.10961774513088862,-0.15321902702832624,-0.12093010577852681
Задонский муниципальный район,0.04993285279007509,0.03626346913553391,0.0021838043255701933,0.03148815616570566,0.021667755106054898,-0.024348518776138306,-0.016679901744131698,-0.005673316109479742,-0.00886517456944702,-0.019182235474996645,-0.0049375915481135735,-0.009520509379044029,0.07563808866476229,0.028707526061703348,-0.0012878301844292395,0.0037885211166290844,-0.008779687652046064,-0.030550668001751546,-0.03357668506085254,-0.010227927187511199,-0.0019828447377658875,-0.00020295914502099777,0.027062417447263343,0.01482112928017365
Заинский муниципальный район,0.049277164672366425,0.003503840532893321,0.028953702399304504,0.04343596075924516,0.0238089307153313,0.029835915176684935,0.04098878628112779,0.056813399863461456,0.07415023460354142,0.11389284867708582,0.07667359751483716,0.046363386297898046,0.11357598861121687,0.05953823229128652,0.08557457772293908,0.05473513132473862,0.04997082523898655,0.07309710672600822,0.09934549606067478,0.12762429042050805,0.12157491679665888,0.11305468072839808,0.1172703698510773,0.04342681819755434
Заларинский муниципальный район,0.013738865926548272,0.028173623430966188,0.030721971283199423,0.06930417741783401,0.07346106736180325,0.09880378244417365,0.0932355952420103,0.09148957575845884,0.08017544910669372,0.042340794731313025,0.05377615350201914,0.0859765164646884,0.048406965718879036,0.05738880321166384,0.07013529723251821,0.07226867768285139,0.1034355872482422,0.10650454029741141,0.11398725623194927,0.10278355227167246,0.08515077768489121,0.061469444227268966,0.024357024907969205,0.0975492652030372
Залегощенский муниципальный район,-0.06119787667704735,-0.08870263324018879,-0.12031972638050092,-0.1525867616852743,-0.10826365264928839,-0.11945085084302676,-0.12248548436570061,-0.13029079178674507,-0.15258229678753388,-0.1807569994161735,-0.0989224767004302,-0.11651621898704789,-0.1265287760963414,-0.09432620574557937,-0.1537632706214449,-0.08320375830927595,-0.15056349288886572,-0.2349562301175805,-0.18576114743456884,-0.1338481992167484,-0.16829584153634336,-0.17657464713274074,-0.19624007215948858,-0.15954189869545132
Залесовский муниципальный округ,-0.22976424314860466,-0.2260149825658253,-0.19839095358680403,-0.19671684450015015,-0.17325067240909675,-0.1545130117997715,-0.16912022723671605,-0.16142108910434239,-0.17529536402676626,-0.1793852570885921,-0.21445734885047152,-0.18158572734792955,-0.22075309166560864,-0.20893388150620495,-0.21480254700176715,-0.21300992425615917,-0.30058547728768836,-0.3585865153702432,-0.3448921572604089,-0.33359389964009445,-0.3223531074677908,-0.2932445011529854,-0.28326951191723815,-0.22468583591432711
Заокский муниципальный район,0.2646001035633141,0.2691708790389402,0.2585099917437379,0.3221220720173985,0.30559170291063076,0.31618094791624607,0.3200951663536795,0.33805448946174543,0.39104611890071617,0.38618554429594454,0.3790199578239406,0.3492551595292639,0.3582675237707509,0.3431432109323893,0.3329728316319436,0.30782699901014965,0.33419215478877007,0.3548049164072804,0.3625825573970296,0.37540095171588206,0.39100688557171814,0.41166927129752473,0.3992546286409393,0.4021491139885338
Захаровский муниципальный район,-0.046376161790149695,-0.01901492100761537,-0.09701503906497777,-0.1354199537508336,-0.07618447358389879,-0.1410185882631012,-0.13343872710066584,-0.1917671856680716,-0.22807408296175602,-0.157745383309555,-0.14243266789631903,-0.09557646427603217,-0.13093049755523545,-0.08262492452748837,-0.0642534840600657,-0.07712637891483887,-0.16907304386183597,-0.10313269144679715,-0.18619393338058998,-0.14445101520782444,-0.14617294075430465,-0.12270114922610809,-0.12303725251476116,-0.17790665927762284
Звениговский муниципальный район,0.03566321875971035,-0.010935589642418364,-0.014912979706277696,-0.006752015977266268,-0.017629173202646342,-0.04262891994593865,-0.012542418762441443,-0.01459406476321945,-0.0019248334052850424,-0.008870619889405518,0.018735156385035978,-0.0144738590483513,0.04830993015526808,0.020703926201180778,0.021561853007586507,0.020826695465126832,0.014053302293209669,0.014610056555733664,-0.0029989825943932402,-0.007431728193772358,-0.0008616233516001159,-0.02623613619183729,-0.006552835013646785,-0.050176398521053045
Звериноголовский муниципальный округ,-0.23934716118066746,-0.20747205549142933,-0.220914301738798,-0.21578855355695836,-0.23768114968075338,-0.17847445255966754,-0.19739144788059093,-0.2165308393376275,-0.2711050810349622,-0.24842708698538374,-0.3087028569478676,-0.2496768840072825,-0.2615142337490344,-0.2136630874828782,-0.24861359684472362,-0.33543528129862743,-0.3380469023301931,-0.38454968316501414,-0.33173223053473144,-0.3029495445825692,-0.22398362503161273,-0.3617671492362984,-0.3228978078501523,-0.24263886282302494
Здвинский муниципальный район,-0.16714081994713403,-0.1382602032374134,-0.1246956503752834,-0.1284864245559767,-0.1245046111317194,-0.07141781852848794,-0.08718830774697572,-0.07366228417744303,-0.07833074755420988,-0.06183071452128708,-0.07549935261665652,-0.08930631274802003,-0.08753925009008512,-0.12081849347660345,-0.1278597912401409,-0.14996309545380804,-0.16577587791128856,-0.13841988924127868,-0.1387124254356742,-0.10890389932664668,-0.15946867383025243,-0.15924385643286953,-0.13012570212617014,-0.13611790501999543
Зеленодольский муниципальный район,0.21125356559522857,0.15307662658664078,0.17320133008532856,0.24282505618944583,0.25317860343718834,0.24482630082805734,0.24722345134368418,0.27076347111091437,0.2914715403099333,0.30490919039251807,0.30541344173788687,0.2798598592608563,0.33591921975465766,0.28447516744544643,0.28824238375048594,0.2739339990391443,0.2712516250881549,0.28499050117096836,0.28032858249003034,0.291899883371892,0.3152777186933715,0.29252057932531983,0.3062557032075741,0.27942029806111357
Зеленчукский муниципальный район,-0.04028769442960645,-0.06162930371821318,-0.0801451906073698,-0.0988921410330228,-0.0712066016895001,-0.08815811320123323,-0.08683447753123907,-0.07579347721267915,-0.038142452419220874,-0.08219718142765942,-0.031819149615147424,-0.04476148519356293,-0.032711745957975324,-0.009801305906709246,-0.056711604308880226,-0.07258112314640996,-0.06896611288963506,-0.10913325495594073,-0.08226775838867617,-0.029737785632205416,-0.054284950404131393,-0.054292733974362406,-0.027521445662619826,-0.033712622901267864
Земетчинский муниципальный район,-0.10496601859230204,-0.13616204261059117,-0.19257617879232036,-0.20889561478642804,-0.20357383245361405,-0.19442171171670886,-0.16250257613429753,-0.18024478918758824,-0.15626490639272284,-0.11400105183320086,-0.11182987877824146,-0.13355376674214448,-0.07956755154187078,-0.14745060138960042,-0.1802064704689048,-0.1583276394007722,-0.17659373637761178,-0.19035834414414943,-0.11635169606240225,-0.14788799588423274,-0.11183122812209767,-0.11794032540217714,-0.11489908948172811,-0.1019037877471316
Зианчуринский муниципальный район,-0.0816340511029292,-0.1140883172385756,-0.11586058160416357,-0.04048098569570158,-0.06080717352471332,-0.07682773600918935,-0.07627737163867643,-0.05405189007819722,-0.09386159684630613,-0.09146518487036026,-0.11714432884173398,-0.12713062141535936,-0.13540998379715496,-0.12184761778272524,-0.09527696741942293,-0.11411006257898038,-0.06584918098686643,-0.10200026544305274,-0.08404669366635886,-0.11005246154152815,-0.1340359676538423,-0.1503359557856676,-0.13031169673286236,-0.14044368155582987
Зилаирский муниципальный район,-0.15006018978922064,-0.13769269854026867,-0.16630907001814244,-0.1582182659799063,-0.13944559833621462,-0.1334830916126073,-0.14050589432375737,-0.12924345193399134,-0.11266818655716193,-0.1302361378010115,-0.11349411881286997,-0.11964459500453373,-0.08531850744967784,-0.10181687747473767,-0.11050790720081238,-0.0839373667786738,-0.09911778584496389,-0.06515738449348696,-0.1264042972268573,-0.05221898486441745,-0.07881617569987931,-0.08908719300962531,-0.0865921185514793,-0.08304664420026242
Зиминский муниципальный район,0.10462881218776587,0.1532887021711744,0.04567085014780048,0.0904913124067388,0.08067155376172508,0.06520848938440871,0.15025095343658812,0.06300805243495056,0.11773372720737107,0.09083893528398335,0.08750302384225073,0.16088486216877484,0.08278870482239142,0.09869783321855152,0.132949997259308,0.1610016050152634,0.1376023491045455,0.13476729102962004,0.061737248363368025,0.15962235646939327,0.10755859763095543,0.07823648540469463,0.1229900495044145,0.06217056563297518
Змеиногорский муниципальный район,-0.07293037728543794,-0.041588552834767256,-0.0206154917402106,-0.02100960257308948,-0.013673667427278602,-0.013078437137343357,0.021997037605647307,0.009293449358390049,-0.005686469200972155,-0.043464956413330924,-0.01932971279151552,-0.02401351668160956,-0.018501915385321865,-0.053788735320623005,-0.009385040417047463,-0.004649991469625192,-0.01569021574308671,-0.0010634817756240977,0.011393759495076594,0.02745461903702129,-0.012000057358017457,-0.028613960977800446,-0.05556285323785737,-0.04582879991547273
Знаменский муниципальный округ,-0.03494935864592641,-0.02194155545097054,-0.08618361719135592,-0.07625421521679421,-0.13536886077702093,-0.13254513463468598,-0.10896051748279234,-0.13760026613158338,-0.1601347237960855,-0.1568514785626185,-0.10375613654616522,-0.045744688877848105,-0.03450225673176455,-0.08604644374569936,-0.11828135384285154,-0.1202744331826402,-0.07689111351119138,-0.12767914901855093,-0.1383455539283034,-0.1370217975642909,-0.1457742961406936,-0.11329296876001038,-0.044106696364789144,-0.028378334883820244
Зональный муниципальный район,-0.21565851607115327,-0.22514773354907192,-0.21366953380483444,-0.3507452599917631,-0.3167211499605411,-0.3177716954874228,-0.3455112045579565,-0.28894003073686747,-0.3663506007894757,-0.34222678024213415,-0.3163881181853636,-0.20644737624394693,-0.2559736879483996,-0.212027856353604,-0.25958654248496416,-0.17065690321123483,-0.1920086855246037,-0.21261093122246244,-0.15900687166431737,-0.18130844963454784,-0.19798051157151697,-0.17812548586558918,-0.18056777858479123,-0.28540156975305564
Зубово-Полянский муниципальный район,-0.03560822870764824,-0.06875278053369627,-0.05250218274139762,-0.07041793818037156,-0.05564773580768012,-0.1084620267027514,-0.06183005568672684,-0.08271392005725176,-0.08196342423454794,-0.10002818536923819,-0.07790754161914037,-0.0685035628702515,-0.029927033794592717,-0.03449737042921264,-0.05175882085064565,-0.05175732173130676,-0.058981782871430966,-0.0488412672289833,-0.037175373563325564,-0.07057507640258542,-0.07774508797785629,-0.09429194685744768,-0.02517442027676786,-0.005804484707320867
Зуевский муниципальный район,-0.034674957524648775,-0.05460842189721227,-0.06613084912885903,-0.07473783258125088,-0.0816624962373389,-0.08305404781762782,-0.1245825806569556,-0.09210036116513898,-0.13781620084039048,-0.12151948046100536,-0.1229074296147914,-0.1385782266417337,-0.11898678461948364,-0.12561293493280168,-0.10874750648675935,-0.0789046435240639,-0.13258041542385435,-0.12434040258296797,-0.13158259632930047,-0.16969961745692608,-0.1585094895681074,-0.15156318146598302,-0.12437696121304853,-0.17835682400458808
Зырянский муниципальный район,-0.11770353492095964,-0.03639694025911666,-0.07130209687103672,-0.08354319439845881,-0.08145124722678254,-0.07787146849095805,-0.09403678093111978,-0.11707038375666023,-0.10349406227949842,-0.1027754398443772,-0.1383155654359065,-0.0982078744608188,-0.1655368442688605,-0.09658258096016503,-0.09308738530204863,-0.0803203951363276,-0.10714736290419502,-0.13644990736590934,-0.07015997749648051,-0.1361593959494396,-0.11791761537757672,-0.12578026652822238,-0.11595285449802972,-0.1098607330082011
Ибресинский муниципальный округ,-0.1509843758012135,-0.19201840978919194,-0.2187013465417138,-0.18904323802732037,-0.18027925119713828,-0.16522466739469976,-0.19491089637751813,-0.19461277274653632,-0.16972921518984663,-0.15122707281281045,-0.21261646931086986,-0.2017414852065329,-0.15912790975076518,-0.1925555977308715,-0.2576508498706662,-0.24600851534713186,-0.32252565484758655,-0.31731991519617253,-0.2597285969176859,-0.3479009324448352,-0.3193261294613805,-0.31842836412150355,-0.3109605461393148,-0.3602527652866172
Ивановский муниципальный округ,0.14302663725147013,0.1593772584624915,0.15698350609956968,0.21393136006156688,0.21857706600637705,0.2794976788772505,0.24711488746278043,0.26372193231616947,0.2696841861250263,0.23777721907831406,0.25503512311688326,0.2837294787526563,0.23297388129999952,0.25192193403292507,0.2586176055975944,0.22369166980584865,0.22646802246118192,0.2497278804164651,0.20335306161106104,0.23539008004147988,0.17961212206915,0.166791791217749,0.15764935465781704,0.2751119602264094
Ивановский муниципальный район,0.21510796008870514,0.2200936212372362,0.2486845080189397,0.3580399537358563,0.3153691145154127,0.3389808008196411,0.3637391744379457,0.38323473629724525,0.42349594034321036,0.42484830844027677,0.4403945841175787,0.445277979696181,0.40699159291075837,0.38118412098089216,0.3968899539324102,0.3828158705349285,0.3650604331653877,0.3750127844098987,0.403280072065078,0.40941674527439353,0.4090472357080799,0.39244678600992344,0.49232679570300775,0.38902940908199923
Ивантеевский муниципальный район,-0.11746507062985678,-0.0853588700125325,-0.09046223068373216,-0.09050079224650709,-0.07644715450689432,-0.10797762183846693,-0.10216337493839234,-0.05405189007819722,-0.06266988041543442,-0.08708081540646084,-0.08375138696531614,-0.10153940809929551,-0.12924860648165648,-0.06944548615841661,-0.06164488304505866,-0.09863060344162733,-0.06874315241960183,-0.07913010621950178,-0.0968965208246324,-0.11465994798420098,-0.11782071615269452,-0.09894124666246817,-0.07051900350612605,-0.09231808524464746
Иглинский муниципальный район,0.09464983857190568,0.08891698222534572,0.0758014856880731,0.09314845159151197,0.1112717481640697,0.14024694662057868,0.1420840478810952,0.18031113569339752,0.18731375917688808,0.21077019947865594,0.1904125839994144,0.17541312299876566,0.2052846494024685,0.14796570581210844,0.15413288702444738,0.13241314288513806,0.1235384472270038,0.15835262379666837,0.13433459149433347,0.17639122065910584,0.18133781007605165,0.19122463198687534,0.18570399985824082,0.15945945956840823
Идринский муниципальный район,-0.10809092900938921,-0.09384793123821034,-0.08489367853263374,-0.0966217410766621,-0.12439435754836481,-0.08357903732989413,-0.07933249133649944,-0.10315524048310643,-0.10196409094121783,-0.09251192176396472,-0.10633678313965689,-0.05911343064684971,-0.09995482258053912,-0.09222483908449419,-0.07372801170973808,-0.10175407629640709,-0.08905687873695456,-0.11283332541301228,-0.08970823653028148,-0.1377486078079695,-0.11313233906872888,-0.10902915027089044,-0.09208234592494513,-0.10311797875192674
Ижморский муниципальный округ,-0.11770353492095964,-0.056960687690020606,-0.06006684335384982,-0.029093887481767666,0.007129895609713444,-0.0071743969567332755,0.004438287452016354,0.00156257212730182,-0.014252258627006853,-0.013892116607749472,-0.04977573402011082,-0.026664014197303132,-0.030399363174389293,-0.03638621265863229,-0.00892416264624174,0.013239122524813851,0.03529224810064058,0.007696887990956469,0.02853569458134153,0.02887892877641285,0.012240683545590159,0.02489256131705808,0.01972498372256659,0.031883535114101136
Измалковский муниципальный район,0.0015358952255315472,-0.019821413314044634,-0.01223523110717295,-0.052052145148509865,-0.06407134056378538,-0.050777356863001444,-0.06553367217668082,-0.042755607755649905,-0.0730654781105109,-0.05202720985935905,-0.06354463761877938,-0.09106314233753743,-0.040847455685614875,-0.07896843265833553,-0.09491170396910142,-0.05924699162259195,-0.11898568162214396,-0.06712283685252096,-0.11590326556161301,-0.12595798943337044,-0.11501471527916074,-0.08855490059109528,-0.11201836319317238,-0.09344548107995543
Износковский муниципальный район,-0.007181072908180042,0.02658628333481161,0.005314691471433264,0.026169903041301623,-0.003022475854304929,-0.08190004013605368,-0.04656855814600647,-0.09487793030686653,0.027765379733864393,0.03522300011801249,0.08648074663093297,0.07746122055873705,0.12330127164077354,0.06902629389607284,0.05409999665727483,0.09265733757829153,0.08445163233037611,0.0528292549506304,0.008389210881794895,-0.00047524753369643236,0.006438619487376229,0.00848729986654817,0.05619411220884096,0.044213497142019165
Икрянинский муниципальный район,-0.19470512064242307,-0.14876018557541748,-0.14977271411477844,-0.18752767288620298,-0.193540799852439,-0.18595079791181668,-0.2089732737209804,-0.21009775233726913,-0.1794166533455357,-0.22609568000523517,-0.18300019415342028,-0.19420076317681279,-0.2694162636448887,-0.22079909782932994,-0.22759567758549792,-0.17070692697253165,-0.17858230277986387,-0.20099780017946323,-0.19319253809844383,-0.15179757472043676,-0.13902153959667984,-0.15165764585298014,-0.1947014194176635,-0.16882401869038688
Иланский муниципальный район,0.0653431742612689,0.07594249844331458,0.07938383068445987,0.05143389616338112,0.047714077310736513,0.04176633909657923,0.03326501638364476,0.02672997387094256,0.04949195893853009,0.0691583469428636,0.06276251534563926,0.012412852231376448,0.03703849413017579,0.03844736198789889,0.03604287567679165,0.03810733513735798,0.0355734798977565,0.02893030127105689,0.015097467432561018,0.041341340156440864,0.013940785961199964,0.013345088892284807,0.031146402426182718,0.020842913300832322
Илекский муниципальный район,-0.11818063416665048,-0.136218691810436,-0.12707180728646073,-0.15176814393402793,-0.14843947571280935,-0.1695645554306715,-0.17650033453433878,-0.1413016239952114,-0.16494953716993344,-0.168252573668493,-0.1523942504201603,-0.1099826840927971,-0.11400923050292633,-0.15812374133851748,-0.12536244043106137,-0.18344402871287002,-0.1469891278796478,-0.1814960932411509,-0.20733842541525505,-0.2178519068533138,-0.2430193877322786,-0.2128669645738892,-0.18311380424527535,-0.2287672112015411
Илишевский муниципальный район,-0.13940158964953575,-0.17827596441939875,-0.1601426653208744,-0.14072408841169803,-0.13950155961102695,-0.16573761944493093,-0.17876935235943137,-0.18449483008193113,-0.20251319520197697,-0.20220476782192698,-0.2292492308353431,-0.2068806622435524,-0.13593487227040768,-0.16557186686188707,-0.1694270939424527,-0.18086338211937836,-0.18057483145901188,-0.1923384447861647,-0.205669549555477,-0.17289510889786897,-0.17227828323392913,-0.18757928660060053,-0.21580231507790515,-0.22515756437902112
Иловлинский муниципальный район,-0.013392938229484841,-0.005751131369844842,-0.022896312893285753,-0.04746025995234504,-0.0314472665112433,-0.03880540067296678,-0.08552134602942019,-0.041700097414405946,-0.04111788169077357,-0.02984717683258431,-0.05011765611405217,-0.06875517739812409,-0.06202276242194493,-0.03723735702626385,-0.03833929825110083,-0.03096673483934609,-0.05814320839880871,-0.07859927368469855,-0.12953532644383792,-0.09283067791413302,-0.048617928550680034,-0.04397589266984703,-0.04543009727086833,-0.06794156520330752
Ильинский муниципальный район,-0.07962319178870736,-0.12377658900949484,-0.12402514979571144,-0.116509553703537,-0.12202684095730909,-0.1668213830624019,-0.16785895098714398,-0.1704340722585176,-0.17300656347361176,-0.21030150297248085,-0.12269727935658459,-0.16500947593780424,-0.19066669941335412,-0.11502375404930021,-0.1316412289092863,-0.09468197684460478,-0.1507570662537745,-0.11677683749348233,-0.053510622848310874,-0.17110813452156748,-0.18701777910272988,-0.12242586935650479,-0.07152700183843486,-0.23910937049914693
Инжавинский муниципальный округ,-0.07464221793171433,-0.09820144268540787,-0.09101081808496758,-0.09154586810961973,-0.15274007084271624,-0.10760102465849464,-0.13058354618361,-0.13438593060157267,-0.10661589848142405,-0.08292302135998142,-0.06935470982883274,-0.10614390778563099,-0.08249419434425675,-0.06107764360769252,-0.08212067367766807,-0.07412419325380526,-0.11655065349318505,-0.12082822188495612,-0.12762831533193975,-0.11332868530700324,-0.10635623605757694,-0.10095968238777253,-0.08450216070156813,-0.1313810643597222
Инзенский муниципальный район,-0.13241895707078655,-0.13175326314288505,-0.12222218729829315,-0.09911391969882466,-0.08250793882402441,-0.12250362251172575,-0.09103797312330641,-0.08611698609793095,-0.07423314450293361,-0.1128781471353637,-0.08521769995715012,-0.0757839737759145,-0.0713307250048647,-0.05875487459820583,-0.07229886582761758,-0.05701205416450783,-0.06825281429936325,-0.07793612902855251,-0.046710160069178386,-0.08534259998825,-0.07639621919500073,-0.09786641114316375,-0.0734581822139031,-0.08748471440084238
Инсарский муниципальный район,-0.1751285349855909,-0.17279617579037065,-0.14333911073921612,-0.14995787160690455,-0.1271543504684267,-0.13182846655913671,-0.17027321827778152,-0.1566220720484548,-0.11820223499180393,-0.10818630658133799,-0.12949697874965693,-0.11120720974217768,-0.11207069292111171,-0.12030432821256376,-0.11036881546959165,-0.11292895077937715,-0.12175570146888326,-0.11627156658863314,-0.08209437303930223,-0.11133510839244742,-0.10933014461929247,-0.11666242828153628,-0.07504101757778514,-0.11284660974328098
Ирафский муниципальный район,-0.2448839747853011,-0.25678857789781695,-0.359881286375197,-0.227383431350221,-0.1995841883132421,-0.15705301824537976,-0.21780613871948873,-0.16863585364465195,-0.08856800699879308,-0.09518607064538642,-0.03311513942862554,-0.18648054579979245,-0.17659402468516738,-0.13736065294721378,-0.11203919447713062,-0.056253311855005705,-0.17863206764090656,-0.07820133412204378,-0.20969923705669302,-0.10361987118004201,-0.15066867738387124,-0.14085231663177922,-0.16470405541095268,-0.15134070456760718
Ирбейский муниципальный район,0.08115514322727257,0.07864229645448617,0.060913928714136034,0.060314400921898326,0.052113149024840766,0.029038597872526495,0.047549384306046605,0.02807249622420116,0.01259234160410827,0.0028125390963023023,-0.010134354103817245,0.05544285627676615,0.060894170862514585,0.11027526773132834,0.09191898118635322,0.03928397292957264,0.07178616939256521,0.06412706738389673,0.06293768366526997,0.023672291100613307,0.014365360331778376,0.016743528882217973,-0.021622464013166365,-0.00953158292388423
Иркутский муниципальный район,0.40777688064294004,0.38894953840287627,0.39729433094330524,0.4407416995203377,0.46755466334900575,0.500132516035567,0.47568664405575056,0.5040508177570633,0.5473478693815181,0.5474026079812102,0.5455307185058107,0.5193017376267868,0.5403280644988708,0.5066237450100655,0.5255381349280039,0.4938719561317484,0.5024741638872818,0.5046169453268075,0.49254080911340914,0.4953758782567963,0.5206130708772818,0.5051516302870311,0.5060544935018161,0.48784438839962974
Исаклинский муниципальный район,-0.13211646757998885,-0.07289181536285128,-0.10053422222539155,-0.06391935197584253,-0.026536698944562787,-0.04702386526369651,-0.09684040198509258,-0.04333181059498514,-0.07121063245828552,-0.1222204969635996,-0.10010302348196376,-0.16824722159695327,-0.11509416993840027,-0.14407596069690065,-0.09153932689518207,-0.1062934761871972,-0.09074187583394533,-0.08400924652651831,-0.15363842051971588,-0.14157305246215834,-0.1383784368512213,-0.11261135193858252,-0.08543543188456759,-0.13757085141841863
Исетский муниципальный район,0.10748895333096442,0.07360288685244498,0.10102429232643928,0.11710764846920618,0.09697263177272575,0.09810341034287973,0.08934470431091057,0.10611453174857566,0.04766015550951863,0.10008118535182042,0.05637075906057909,0.08450235889435476,0.08555055561248892,0.05156216120667523,0.06431275147616233,0.03891895761515585,-0.011386593219569363,0.01879130335015944,0.003944935482087075,0.013333268653855868,0.020881143908860977,-0.007250836280755735,-0.0026978433629416543,0.020507455397654084
Исилькульский муниципальный район,-0.023977333402314116,-0.04716996267296203,-0.02920725172712757,-0.02450305590764934,-0.05359139126237977,-0.04829036154484356,-0.013293416216184184,-0.022418500868006674,-0.06566664930468313,-0.04911483019598428,-0.05895033535453642,-0.029160291211255185,-0.04419487253571397,-0.06944548615841661,-0.040368878997446345,-0.05826300370886628,-0.07222700962145012,-0.016986596852026636,-0.05405834874626514,-0.038999008241608735,-0.06387844563540845,-0.047034258829119935,-0.06296949240321226,-0.06816151461583075
Искитимский муниципальный район,0.0767470447928833,0.07006012854024846,0.09321288272405859,0.1131242035688409,0.10327013139165508,0.08780402352487648,0.07414437749074843,0.10122170779007256,0.08923594417816538,0.07811667551180257,0.0986796356775077,0.05825413281941927,0.12041617745182442,0.07876223263535387,0.0973951358914178,0.09453923923787322,0.12184477966456164,0.11681504076161531,0.11853691930132726,0.12105084017714951,0.14277925776011635,0.13258220456581604,0.09205029924652663,0.059076284356693876
Иссинский муниципальный район,-0.14987545503700872,-0.15008046934115526,-0.1401377644904489,-0.22448779795343654,-0.19851505064903563,-0.19688881823122628,-0.1827664708772634,-0.24368235238063818,-0.19361730195074855,-0.2419608898685368,-0.16590576079411967,-0.18836956643236213,-0.1158371757165888,-0.1408176017073064,-0.1627118761974593,-0.12523343628811823,-0.18002649017760852,-0.17968409930772467,-0.23245975044380884,-0.20849253435478055,-0.1975082069787586,-0.20820775422150284,-0.10787191021065645,-0.149986985615854
Ичалковский муниципальный район,-0.1319954973989912,-0.14343935029708277,-0.1271235256283827,-0.15845360162845878,-0.17325067240909675,-0.18159728646461915,-0.17511930959450162,-0.23015918056930218,-0.14445961169778698,-0.15869603345804073,-0.1919678587791367,-0.1789131199664542,-0.14979787624036334,-0.14386542329941854,-0.1286149356973958,-0.08453382019269995,-0.1462179691755363,-0.10295141708755828,-0.12292178539670395,-0.14221188433421617,-0.11966340894449345,-0.10776258295089747,-0.10424082415861768,-0.10764623093868231
Ишимбайский муниципальный район,0.21805296744567393,0.1980336082286236,0.21402945297657006,0.256012748537378,0.2648996888262616,0.2354807934604768,0.23663749243169185,0.26844524035720596,0.2589334295910195,0.2614311167162988,0.27662023241389555,0.2373568622601674,0.33460822175188376,0.27579593266296065,0.29382829698398183,0.2839532277160721,0.2536104177772476,0.23451724155549591,0.2376824012711225,0.2465605992943658,0.27282328037292736,0.24003075950446018,0.26167006103801427,0.23015997443679836
Ишимский муниципальный район,0.07310799479715158,0.0695529940695927,-0.009104905851577527,0.0712701940600784,0.05035584187634612,0.10894775588614536,0.10527710934391976,0.12929674694660065,0.12884858501366736,0.18162116518275617,0.1535198676190479,0.16115151106042802,0.12172451717512267,0.08522849634858076,0.12389487477624783,0.13713082817937128,0.11744997986646055,0.13476729102962004,0.11334579653282262,0.10106718197260456,0.12279442914292105,0.14181744880441371,0.1341894199436453,0.14921680615200472
Каа-Хемский муниципальный район,-0.2485469825440383,-0.1400215172917907,-0.12479884422502252,-0.1674376445602892,-0.12153202279288422,-0.08752526854346954,0.004576667027411219,-0.032725433395711434,-0.13476483383475113,-0.05082105834113548,-0.10675030532067709,-0.05480272182459345,-0.07763954808017992,0.006360477578599699,-0.061600728061058874,-0.1041850063888532,-0.04477724767897939,-0.05409220466199827,-0.06294804874061732,0.024445357506861498,-0.0013789539373743054,-0.008805601128951679,-0.02128881092586532,0.01194887495282515
Кавалеровский муниципальный округ,0.26516946386174745,0.3005878540360545,0.2933817756481787,0.2861869564274375,0.2920169971863018,0.2548342853347787,0.2841311548825338,0.26531060716620125,0.27456700832633807,0.28780140846633806,0.28161145542955524,0.27347632189960613,0.2911514520159155,0.31207338829649167,0.28437607811111576,0.2760803006975703,0.24904560417863308,0.22975262675624286,0.24267526777676096,0.24081978819491212,0.2562639292366615,0.23330363031366375,0.26809108132952275,0.26651790223821514
Кадомский муниципальный район,-0.09093644376524246,-0.1709175794882114,-0.11888242825308204,-0.17351198434289117,-0.14308961077781035,-0.16916404047752742,-0.13296229714008945,-0.13396514372391444,-0.05832216135394397,-0.08702873614180895,-0.06023263973225568,-0.06331765354395813,-0.13029220583425705,-0.062386576045211584,-0.10330066879586397,-0.03148888261902805,-0.13077604646327146,-0.0858339427314121,-0.04604101195337407,-0.11208777041633589,-0.09592185594519798,-0.09997238257234997,-0.06270867953496584,-0.08759685345338397
Кадошкинский муниципальный район,-0.21244149593135653,-0.18866952494666123,-0.14681444465679228,-0.13962636175092946,-0.14078953402959193,-0.14945227225394042,-0.14649617805443427,-0.1809610623937825,-0.060153232518718625,-0.15150476574175542,-0.13076715621600776,-0.15394187886601607,-0.16050206978776416,-0.1439706864574095,-0.03472219057404402,-0.08347879842102657,-0.13182028426463432,-0.1753876372742198,-0.1652046565519889,-0.2017843622035702,-0.13926899697341,-0.13210604082546062,-0.08379168109797064,-0.08360498111525239
Кадуйский муниципальный округ,0.22489110915033095,0.14292944934768315,0.19288528789167003,0.17313132802432385,0.1484602879034309,0.10343139918931854,0.105902487196742,0.07783965012994187,0.05692554701543351,0.07895517596914736,0.07959581704168528,0.045166498064050487,0.12841981729878427,0.10174887871227511,0.09070640051485057,0.10168881758905357,0.09877041701149913,0.10201081289303637,0.048170160079605395,0.028725047111109347,0.03207834210717664,0.057185471947235555,0.08269884335265942,0.06804264847853325
Кадыйский муниципальный район,-0.16295239760801294,-0.17497271125357194,-0.15918092128436,-0.11088302673482531,-0.17024523724891694,-0.09812532539545415,-0.13954650825720627,-0.12558637664972494,-0.17570672947199384,-0.1681396112283835,-0.16420680442129942,-0.17671475148596727,-0.1784183988228989,-0.14249800960154957,-0.1209953136762838,-0.0799091639500702,-0.10441745953157167,-0.09847531602312287,-0.08914063767643654,-0.09300447761042108,-0.11062800333489342,-0.06675435741142799,-0.14092398398202022,-0.1692295501449088
Казанский муниципальный район,0.05481176999522752,0.02620109386498015,0.033016056199842936,0.07005359197281535,0.05368286310523551,0.08274768346977446,0.07779472188470571,0.08521600304667132,0.05113303303792982,0.06187062998127857,-0.005591552707445047,7.830546967646512e-05,0.026581140410605997,-0.02988472928463537,0.03403854565438813,-0.010471743809691958,0.028680653768327957,0.048671406375813575,0.03599682902938106,0.049438550389060865,0.029238498895649556,0.04511506336324089,0.019765006936035334,0.006893989967538872
Казачинский муниципальный район,-0.029748569543935233,0.017592025409435053,-0.04133261554330936,-0.04703907430854848,0.030913251587342927,0.02838150594988953,-0.010105564845554582,0.020936501128646867,-0.0038533789405903462,-0.07826607410480158,-0.030285333468210496,-0.02698576452182877,-0.009773648224353337,-0.02632216985175795,-0.026332807807827763,0.022230088604198173,0.011381866555321807,-0.0052465587414260995,0.054617635670574316,0.044678975053351166,0.007507703811656441,-0.008723711107204934,-0.04252944259023117,-0.03272133201785543
Казачинско-Ленский муниципальный район,0.33961715480707433,0.352890850427821,0.35859512508029745,0.408924191642452,0.42630688947134665,0.42745661531583856,0.4528524739584814,0.4365294125877828,0.4222037418109572,0.42494194578291733,0.43979612214693553,0.4326312460320363,0.4090909401755418,0.4450959281228126,0.44216186204011443,0.45128324686486465,0.4743802764986089,0.4672505686947801,0.4731279855518391,0.48445953377100537,0.457077015069828,0.44800330100611063,0.39373529012905273,0.4338262257298613
Кайбицкий муниципальный район,-0.2760365713256956,-0.29270422005893515,-0.30718232244071153,-0.2977596314720987,-0.32841483159745266,-0.31069518039069166,-0.30283977251631455,-0.31936252403957965,-0.2554506906541931,-0.32556194983717823,-0.20545783266379658,-0.21417837725432953,-0.21714011907951836,-0.271631814931947,-0.2804704861628995,-0.3909158191295994,-0.3137145210606338,-0.39287150650250524,-0.31244788636912624,-0.3267634224942526,-0.32981115343300615,-0.3468432257901348,-0.3527695642831148,-0.37484290021011546
Каларский муниципальный округ,0.38239217921716673,0.335688008745171,0.3285222850607781,0.38665831885377777,0.4401311217485464,0.4733850959000705,0.48540088335220055,0.48239662184172616,0.4871260586931072,0.4578223770416159,0.469288955452269,0.41051628139641494,0.4594519234894694,0.40736233947917455,0.4032900648235067,0.37400524085277453,0.4373898301681951,0.4786635422230532,0.47260544799811655,0.4736939528909545,0.44448373781354533,0.45092928608151794,0.4291712167288786,0.45974139187807417
Калачевский муниципальный район,0.07483081769872868,0.05239018121679884,0.04710572658156309,0.04218499831743294,0.025518576380367364,0.01381515712529513,0.024170360927811885,0.04632974992093253,0.08158521309105993,0.07084971691032749,0.07989614955493707,0.10677689661149081,0.09193439873209286,0.06723814628064595,0.05767262083688429,0.07171924868272583,0.05789814091440171,0.048126107616488056,0.0415276466311294,0.07209227622623793,0.11218841414979863,0.12128547698747383,0.13401092819841587,0.13465661548814722
Калачинский муниципальный район,0.01879715116223224,-0.027464891593629304,-0.02038304711909511,-0.0635982044057748,-0.0656294586727153,-0.04011180222546429,-0.029243774488701746,-0.051578981697470994,-0.04441142110271201,-0.03349339915263627,-0.04398087472740464,-0.04026746284065652,-0.031449783439040147,-0.06812728750543506,-0.05644800708391173,-0.08302044025193389,-0.0439070013443601,-0.04297740297231023,-0.06879040741294062,-0.0558131044137653,-0.06695869541010602,-0.05772680328320767,-0.02559312815040471,-0.06446546444554535
Калевальский муниципальный район,0.36138108381459944,0.36391091186041713,0.33548275627800983,0.40755535744157356,0.427672554333526,0.47094507842270517,0.429454539055385,0.4936614040797078,0.46918356032632325,0.4443222176147934,0.4155591212755372,0.39752450268363226,0.3997796960925424,0.4031075312125143,0.41607824483217826,0.39103623274872845,0.4525941774777742,0.4373432558201351,0.41310176919704134,0.4613894638465368,0.3957432700817165,0.393898622289651,0.4059412435300711,0.3905600571231371
Калманский муниципальный район,-0.16971256356308828,-0.13956668756082813,-0.22006258547915003,-0.27502378085963386,-0.18636007447153702,-0.22135796581940248,-0.23794065655015473,-0.23800600510309522,-0.2327303074225746,-0.25567483076908815,-0.26300570428943004,-0.24646548077564745,-0.2588720497692183,-0.2687058283103223,-0.23245525605813455,-0.28331951056249416,-0.24232823770707057,-0.21727388949401139,-0.2564725276792217,-0.25486159625206284,-0.2597967254202125,-0.23274793178700826,-0.1865514150557388,-0.17692518453315031
Калтасинский муниципальный район,-0.03907443668413357,-0.03927212835676919,-0.07242769955429651,-0.07674211265958952,-0.15540893475332318,-0.20219606031466952,-0.15387270901240413,-0.19254752125195118,-0.17847314578645168,-0.19307228425865297,-0.153477146188985,-0.2078441926933916,-0.10458002119195342,-0.12123001611615614,-0.14917422312634265,-0.14561175507546942,-0.13134549553669572,-0.2050546008750782,-0.20454218135039426,-0.240154703049825,-0.20255766016494192,-0.18606261515841993,-0.24041641793492907,-0.21784937107229752
Камешкирский муниципальный район,-0.1850921268511616,-0.1476135279563735,-0.18050138883602784,-0.1674376445602892,-0.17684592128026821,-0.2179885282152405,-0.22602044996216897,-0.20477768772085625,-0.19955916140348862,-0.22537776193670922,-0.1689271600767075,-0.17107725897722048,-0.23778840596457762,-0.15147283491502783,-0.2338180825611289,-0.2006144643522756,-0.2552467966986267,-0.2529568726769824,-0.30809176731085763,-0.22824443865314237,-0.31041725316923774,-0.26714065041808865,-0.2683173697523067,-0.28194513553148504
Камешковский муниципальный район,0.10429459556453935,0.13155197788480244,0.11626369415046334,0.13722816185187625,0.1462759637550839,0.11413224861877858,0.0785231944813578,0.07370380097022533,0.061943445385253426,0.06038871579580629,0.06332966847036836,0.07255738029516579,0.08807168305085433,0.11719036199705535,0.11870980055268276,0.11771274232227036,0.10174509679137422,0.06829764602187716,0.053217896474437865,0.04875999643683748,0.0567516286575902,0.08750169159544186,0.0888432559249992,0.09066053263269147
Камско-Устьинский муниципальный район,-0.05350790585774057,-0.07833037848802427,-0.09440878257768404,-0.13490257855605492,-0.10161408091138391,-0.016068122506810667,-0.12474004030824482,-0.07977061394898222,-0.11803576716132724,-0.13197772962034193,-0.12264474869179587,-0.1626110614307681,-0.043662787815273774,-0.05880321063031069,-0.09308738530204863,-0.11695043563041807,-0.099669484631427,-0.07458293815225403,-0.07764002268992343,-0.13280763993540035,-0.10990676276990996,-0.1337285523651417,-0.1601900254639883,-0.1860407933548167
Камызякский муниципальный район,-0.19238956033590426,-0.17709497815872233,-0.2153063339445005,-0.23459591358409426,-0.24835652415167253,-0.2714719325405781,-0.31083754807322705,-0.24626785152924313,-0.2581278977606445,-0.29125282163887256,-0.2428997134476365,-0.1880859857517585,-0.25465902266998164,-0.22896007906307858,-0.24235163624262768,-0.20438425373243696,-0.26052612803600894,-0.30155488936078356,-0.29021395552546636,-0.20605683556681775,-0.22759967992039698,-0.23346532869197567,-0.22721354435433305,-0.23195796934152035
Камышлинский муниципальный район,-0.09944762957355202,-0.15497495986535625,-0.20351374445467663,-0.1638816638084979,-0.11752751923806315,-0.16493980768617966,-0.10973585156138022,-0.18998584473833446,-0.12432527109937475,-0.09319288876338128,-0.11359822583498236,-0.15572461423634287,-0.12001972399745142,-0.11323571300994573,-0.06704647237625494,-0.07526032462189569,-0.12443912939081514,-0.1469069032655046,-0.11720426841441878,-0.1004628046272753,-0.08733244073137136,-0.10496373677568549,-0.1485669726876946,-0.13643187676511737
Камышловский муниципальный район,0.3279632942901447,0.2501052515828075,0.2503169876206073,0.3262618121149252,0.3001262259996462,0.3054909590331256,0.34573589353024836,0.3513808519043504,0.3069349180148624,0.31272624886450195,0.31654679814375086,0.38694435267669824,0.3315425259201543,0.32004764725169466,0.35777866475135056,0.3232081315753472,0.32821431470819284,0.3399876910268098,0.303939051447232,0.32705544140706877,0.3686220672991851,0.3148978366802204,0.297653824166888,0.38463318414458314
Кандалакшский муниципальный район,0.6000897219805204,0.5415721144816121,0.5309443414023498,0.6101497781191458,0.6207376813116277,0.6285281525510698,0.6178694591269718,0.616634019976873,0.6253193939726227,0.631874912556535,0.6227460546105128,0.5909141107663132,0.6335595501619729,0.5982197723914489,0.6057620882124937,0.5789898444801178,0.6262526839371674,0.6255870514142927,0.6322380417092521,0.62180699317895,0.6303468774125829,0.6065194683110686,0.6123694189493598,0.5870253401603591
Карагинский муниципальный район,0.5811511522147832,0.6781299014935733,0.6766148422283429,0.6830527123672478,0.734436355653985,0.8050361150369074,0.8462647203445801,1.0231660595180525,0.9691556912934676,0.9492530099054122,0.9244078774249118,0.8155137963021382,0.6904446829306412,0.6791718512743845,0.6766967562218564,0.6800723243493891,0.6412709657245284,0.7504838668494944,0.7793197486090175,0.9470143959930812,0.8572022648530524,0.8695797424929328,0.8110163908560928,0.7812239145127986
Караидельский муниципальный район,-0.09349384126486626,-0.10994111341786805,-0.08162667235981402,-0.04919952831711072,-0.036785984807227834,-0.11972304116017618,-0.08350450472660143,-0.11006293546135382,-0.1557462192358905,-0.1457998013639923,-0.12902107783381922,-0.1289552364161306,-0.09635971703441193,-0.11876341671551671,-0.15502289968194383,-0.1578830522420187,-0.13658061124322352,-0.13186831917394848,-0.13706256254996774,-0.148806522632011,-0.1908671388288532,-0.18352367526614977,-0.1826236802340908,-0.20844052861692752
Карасукский муниципальный район,-0.0038766942686017103,0.0012845216923569325,-0.006075991190780172,0.0321205595628431,0.049939184848488694,0.07605541257521153,0.0934466235839011,0.06701624657388017,0.07029701882689565,0.05683215605361802,0.04741514610080699,0.054775868443094566,0.05551342283355787,0.03677937810543952,0.05051456305721658,0.05437571357761328,0.0543563639642084,0.06894653815679064,0.07478934296124962,0.06792060427878077,0.05996073062965834,0.06983133255439711,0.07416920226670953,0.057363872183991305
Каратузский муниципальный район,-0.034126381066764466,-0.029805025947407415,-0.03136677559346879,-0.0010048737216976633,0.03303474308382981,0.062035754093660245,0.03563760294326812,0.04095812728302306,0.07213373529512523,0.07824911707215776,0.06646501331370125,0.06858036146206814,0.04898898144973174,0.06429351596559663,0.07542376181724109,0.045992695148928675,0.06052667574546433,0.031151907294482584,0.06865743233805688,0.05451308154838763,0.0680795271185044,0.09697657649732427,0.03887210108117678,0.054838373027186194
Каргапольский муниципальный округ,-0.08578343464974125,-0.08299264142797647,-0.1328809522534744,-0.09231662348800818,-0.11626914128511245,-0.11126541416598812,-0.10185550896028239,-0.1078062927968606,-0.14554263400560075,-0.14337261570638127,-0.13177385882043247,-0.15696068004254116,-0.1618182530468708,-0.16369120753968147,-0.13178331136471044,-0.12413461382846691,-0.13372169663575306,-0.14265439260453405,-0.13990568823273186,-0.11817410831425157,-0.15896372532426994,-0.15000580603617664,-0.15388537641043243,-0.14455078787413278
Каргасокский муниципальный район,0.1160206194528044,0.12833947240873655,0.13613548672903875,0.12586890617464874,0.1602236571875686,0.1635665378363793,0.19569206285069463,0.2158870408031479,0.17476551068118873,0.1464971446548411,0.13805740167777536,0.1475960760106041,0.1744572619818019,0.1693163389162997,0.16696785505282286,0.12911971011564738,0.1406447274019893,0.1677991064903015,0.17506861481881586,0.18350209714362542,0.14442055923271901,0.1385718381094101,0.11588985666227103,0.10648659372263403
Каргатский муниципальный район,-0.13387218166804438,-0.06790586115213948,-0.07008005101444503,-0.07560405536293224,-0.0656294586727153,-0.020298330487381833,-0.06602852571013784,-0.038922716899941534,-0.00533941051978104,-0.017140525563469566,-0.04680106525749217,-0.03235008657935623,-0.05608065332176437,-0.02988472928463537,-0.059087111320742736,-0.060411136107966,-0.05651221026334241,-0.0513772123674574,-0.03345282304298358,-0.03949316078007925,-0.035146687560800416,-0.05781280629336649,-0.06370883181541132,-0.08561757916331203
Кардымовский муниципальный район,0.004125680241088503,0.011403977305743496,0.03842159354424268,-0.04194626409905844,-0.02964058128629432,-0.045607291112007786,-0.01757547343793675,-0.05405189007819722,-0.10343938011954101,-0.07167999421379179,-0.040636146821908525,-0.0917495724987738,-0.045899448668894394,-0.06471780585281373,-0.004535532585194346,-0.033449368575990235,-0.08347572215732235,-0.1045386830156918,-0.11697983678657309,-0.08914455738920246,-0.03180704291167835,-0.052580111531439044,0.005576941445690764,0.022284101357161745
Кармаскалинский муниципальный район,-0.03835820294094461,-0.06869982705331701,-0.0750754088725909,-0.10467443224668216,-0.10242264091015585,-0.11619033279309399,-0.11720980548878224,-0.11253054929830952,-0.120090809679672,-0.05661379585914794,-0.07035127177288736,-0.08738163133010701,-0.03297485538670486,-0.060932312373331854,-0.04879016416943216,-0.07712637891483887,-0.09169949007981337,-0.09406407372407699,-0.14252668065165786,-0.108418366002903,-0.12184994561408402,-0.1066330732638665,-0.1005777335730631,-0.10182794973708553
Карсунский муниципальный район,-0.23901054017906986,-0.19664151549866027,-0.2168892389050061,-0.23319997427111794,-0.2630654448164247,-0.30079313548429987,-0.29453215735458826,-0.2900458857368289,-0.2672328593524522,-0.2721455719889505,-0.26433637647513386,-0.28533557157065736,-0.24160656300562167,-0.24752572032378417,-0.2592098642444398,-0.2568000845159464,-0.267899033602335,-0.26200048615570104,-0.2699269266310189,-0.2672502709053255,-0.2572314775267692,-0.28112838582062594,-0.25880689772846566,-0.2763312127830915
Карталинский муниципальный район,-0.07042496656820951,-0.07619408201224154,-0.05015290681972395,-0.041161026524356714,-0.048264601367179694,-0.07949140979575198,-0.06148508365068217,-0.06704987419715103,-0.06782778658732269,-0.05509940889632858,-0.0547205434885214,-0.043043201417686916,-0.03192283277639518,-0.023425242304817573,-0.035109112614081894,-0.03681291876031878,-0.04778542433434474,-0.06193368316107417,-0.06896150112994093,-0.05134330980898305,-0.06296080391008552,-0.06823069289451311,-0.04176302851882241,-0.061911836908729256
Карымский муниципальный район,0.1064411845062434,0.1358768700166415,0.126469716704257,0.08893039022772165,0.14003279828147264,0.14037288327460828,0.14637598603923507,0.1517561308842339,0.09431906166578408,0.08067410889123927,0.07253351915008288,0.12165614845011952,0.09002817503378324,0.10847766133150749,0.09195685065031434,0.08811082439101448,0.12464146961988831,0.14323438064084115,0.10507699707048523,0.09478451397886012,0.060771530528132445,0.05072490494429083,0.03328087495481569,0.07267103026661914
Касимовский муниципальный район,0.02878610671847781,0.028173623430966188,0.012582198123780586,0.009347030288491709,0.00558213230194049,0.01666944763168665,-0.009544056244399357,-0.03624840776070215,-0.04096376286485359,-0.025626311670416513,-0.010275182645301584,-0.07245281596550868,-0.056834963702359076,-0.03152965974601152,-0.05390347644891591,-0.04234143093295373,-0.02009737602502426,-0.07758263160982004,-0.061291117931371986,-0.05376370910436634,-0.05939002553259165,-0.015254983682602585,0.026068638421664403,-0.016609784641911318
Каслинский муниципальный район,0.10443784493806874,0.06659728139267607,0.08274376664670768,0.09894213126339935,0.09383110577141274,0.09367095404816972,0.06080449410759314,0.09626305438118088,0.09058796565592075,0.08515585987905538,0.1058529365668619,0.10498064711910082,0.12082239713198462,0.11994306583620329,0.10799746429762358,0.09296482883643264,0.07954308238210395,0.05708573314890586,0.05083003929344265,0.0724237862574526,0.07836517199719317,0.06949062349770507,0.07802787392288835,0.08771603733400113
Катав-Ивановский муниципальный район,-0.013930254883108617,-0.017353581989308253,0.015232277155799778,0.00959575557269865,0.025091438906798658,0.0034717234349379567,0.02140761544898062,0.030662939834455116,0.02006266496927367,0.028750186358628582,0.039317215307677955,0.0730306496852915,0.04811583077577808,0.04539653879155381,0.052052751847750045,0.04045922787224754,0.02924676781498725,0.02897001611845873,0.03194456869392859,0.04194901203233847,0.03615692275687721,0.034466913921567865,0.030473494846413374,0.03839713912507925
Катайский муниципальный округ,-0.03024011765727508,-0.04277457849912558,-0.026631318869371867,-0.03448529504611564,-0.055853603024052845,-0.06557272235770562,-0.05470839301425201,-0.062437274625899875,-0.09467431869636656,-0.09823597572816922,-0.08653415584347712,-0.11708828879516453,-0.0918281139901822,-0.0859471043525808,-0.051715100225434796,-0.06909530056243796,-0.06331826473234159,-0.10272487033866717,-0.08109799025927344,-0.08228561282792057,-0.07268460687986611,-0.083776976088485,-0.06649714016137231,-0.07415539161309681
Катангский муниципальный район,0.3779346003066433,0.5141323908391158,0.4376729528359036,0.43545985447744684,0.5290292548221291,0.6504930574131986,0.6287260343024315,0.5410870377970181,0.5317674691253078,0.5890217663188793,0.45615415882769916,0.5242047903566167,0.38941548649993685,0.5192039002765352,0.469790836232848,0.4517397146179736,0.5303637746504553,0.5638642565163607,0.6353520881401078,0.6440728851199555,0.46370747414356295,0.49676506350428795,0.447682218318862,0.4334266785446843
Качугский муниципальный район,-0.006914185613100088,0.04007027839615418,0.03195790169874613,0.028710579641282763,0.05040212638724206,0.08208046817913583,0.09921154097851925,0.07301995258694838,0.06504379260849369,0.059849292965139966,0.08285175342847495,0.09818920932144692,0.010132825576702587,0.046571806082466694,0.07776951074420602,0.049089357654466426,0.09287024860924475,0.06631018167710145,0.04676136056242086,0.09373956297845254,0.05898690218994673,0.01989175711860014,-0.010463995025281392,0.03579017805649087
Кваркенский муниципальный район,-0.09693337594677587,-0.09520636870089305,-0.1226340065154794,-0.11476194213041069,-0.18109567298263052,-0.16164135155641546,-0.11523208026831178,-0.155546803127649,-0.21766085229360677,-0.20261389725865087,-0.14538386795635816,-0.16182821043179452,-0.1314530394430502,-0.13391561352370296,-0.13534194955357393,-0.11363745044295648,-0.11281599624168415,-0.16878374807048857,-0.1807736059235303,-0.15115259174405615,-0.1660563129370587,-0.10514407129671,-0.11925879442068066,-0.13839643674630508
Кежемский муниципальный район,0.43163854188389017,0.4487124762147108,0.4761164889352756,0.4772651530432057,0.5160688632758426,0.5092884336203518,0.5199305587404375,0.4818854324633328,0.4665894450393946,0.46474469445679567,0.4590651122350575,0.4481334784678612,0.4260282759637395,0.4481867601504259,0.49536230387535696,0.4487016286935628,0.5058432021219659,0.5194632455986667,0.5240256694687169,0.511055245801213,0.5067522280720453,0.48216154249948673,0.4801016738848176,0.48371485005326065
Кемеровский муниципальный округ,0.3037707475585609,0.2505671098005475,0.2526899721409652,0.3218309194149853,0.31607906449376166,0.36322255772111056,0.3285040669720356,0.3465465547357276,0.38646685126792946,0.4108290934829366,0.4001694479471656,0.37598226226142195,0.4257621858241354,0.37101491305341483,0.4017355453010456,0.40471974724166415,0.43378166210913527,0.41318904103428267,0.4092376949417673,0.4086802907434759,0.3942056785749699,0.40050110719186804,0.3998295222330217,0.3313957723699712
Кемский муниципальный район,0.37005824686936784,0.3719180720791986,0.3672131367225919,0.34500159084160664,0.36473234896249274,0.3747779746813009,0.32509542846248074,0.3676575559698847,0.3163222852142553,0.30117192270656723,0.32282466404355503,0.28928611027540896,0.3294934948336863,0.3456301718253343,0.3168937715197728,0.27409432996251226,0.2959519781258457,0.28375999681660957,0.22920991761054665,0.20065629733966617,0.20648677590400588,0.2297294954896003,0.25861739230496994,0.24675305165647288
Кетовский муниципальный округ,-0.0038234872133333653,-0.04665185479131395,-0.01787608201779811,0.10934993596838893,0.06983623330670063,0.027770962312278158,0.04843265954785636,0.06525117303729466,0.052256786492330676,-0.035915126681130616,0.06876671020201108,0.013881281276441726,0.09952316311382603,0.10339422481172988,0.13262281376097995,0.08431913061202856,0.0828819836476189,0.07442621243365721,0.06626883674095474,0.05844221265333438,0.0867314308236029,0.07673402484335234,0.0911563445551895,0.09231691241603635
Кигинский муниципальный район,-0.06029672201172609,-0.10641571591401622,-0.11719111759698286,-0.08092610550490775,-0.05703816268668227,-0.0809568415752473,-0.07432897844617159,-0.0751486838961899,-0.1338625102905624,-0.12806340473551003,-0.1704137398411838,-0.06144230136590245,-0.03740547606357225,-0.09437629214462717,-0.07843179460138039,-0.11236251224641158,-0.07959187136456158,-0.08913574833682425,-0.11671058530406242,-0.11648221120540647,-0.13704408196199225,-0.14361300434540958,-0.10071316458245683,-0.13969516378298152
Кизильский муниципальный район,-0.10478942854563478,-0.09678447149622826,-0.15125513708850136,-0.10741041206555835,-0.2050665928442612,-0.21720795835964246,-0.18761773642091484,-0.19383082453868639,-0.16227822315400076,-0.20918283583589137,-0.18082646200412356,-0.128910693978316,-0.2486990220561669,-0.1443391947925008,-0.21923828771818066,-0.1845593081552508,-0.20679441331268045,-0.2127120690228015,-0.18225767637807166,-0.2127448440933115,-0.17509598022355455,-0.2048645211481741,-0.21889695773230144,-0.1686213146173685
Киквидзенский муниципальный район,-0.05490678139011251,-0.07007752968750935,-0.11142123256057879,-0.08841391137490184,-0.06547353756847762,-0.04066502476076117,-0.09378229562627283,-0.053081393107614616,-0.0777976416667574,-0.08827938768575194,-0.08780161526433972,-0.06006927487546854,-0.08238359934303752,-0.08168481906748681,-0.08225589103978415,-0.06535141382846987,-0.0970974903784203,-0.06598677101329997,-0.10586637969768908,-0.021046669722364797,-0.0633277595584385,-0.10568527006516248,-0.07993725814379538,-0.03208459210458692
Килемарский муниципальный район,-0.13108868719266908,-0.1643118792632361,-0.18838838338392172,-0.13427059439207767,-0.1365399190455232,-0.13785341361851167,-0.15560356188934854,-0.1345437713405957,-0.1130545746612146,-0.1676314380998054,-0.09595161962626264,-0.11682421590951364,-0.11595153331291641,-0.14650033207514035,-0.12090160613744416,-0.1062934761871972,-0.11426152119554267,-0.09321108033917369,-0.17843229993487064,-0.15544493904462797,-0.1485681514802586,-0.1911107793820701,-0.20072058943746462,-0.20637567463535156
Кильмезский муниципальный район,-0.18490080642074425,-0.1530718999789915,-0.18460143558004205,-0.167556395302622,-0.10247656816230588,-0.15282325134363717,-0.14237400620647733,-0.11073064652136999,-0.1636129881724102,-0.203432658635462,-0.23569821842028027,-0.24761839200388103,-0.24524411167390348,-0.20143566496400211,-0.19135463501816474,-0.18949156334271677,-0.20240194493982955,-0.1855728198283888,-0.16515755894218564,-0.1722363783418892,-0.15830767322029793,-0.21982088526450205,-0.2609773016931438,-0.24534889158189088
Кимовский муниципальный район,0.08183910436586217,0.08529198391984671,0.06099963320510504,0.06168455539672202,0.0238089307153313,0.05597968294678779,0.03840595620260956,0.04567085815300942,0.08026646162097784,0.09127476008931268,0.0986796356775077,0.08791477981378826,0.08695196659533977,0.09584452827436785,0.06749994322889386,0.0904637212740802,0.06130997582859443,0.0681830919235793,0.07523383680121576,0.07979901920366927,0.09596764716988382,0.0992578343856163,0.13422511446989382,0.09568370903732948
Кингисеппский муниципальный район,0.4792625882810668,0.4342473450403084,0.43802570726369083,0.5368389664382729,0.5471890956985224,0.5547669330621492,0.5467314670542152,0.5530632288437349,0.5766914772070937,0.5794403447101448,0.5732040374247163,0.5409848645737299,0.587747058364771,0.5537976229478883,0.5530405945864523,0.543159585810491,0.5680006874839805,0.5428964667441925,0.5394156415002609,0.5480326029128619,0.5590619724402792,0.5492295660546027,0.5509063549259388,0.52602460040033
Кинель-Черкасский муниципальный район,0.05119258438192631,0.0422052572642837,0.02616232284251474,0.06107058036149482,0.06304975284096237,0.07480121308269894,0.07130077367887999,0.06916456741388899,0.06942339530304764,0.041333606988796845,0.03097299211433935,0.03103265305685632,0.03703849413017579,0.03774539205603311,0.040557916810117334,0.030527527870230386,-0.01912104144677862,-0.026386536556088913,-0.004682349725376511,-0.02737477781031039,-0.002025993752896582,-0.019881370553829214,0.00028570845687170277,0.0015057151568331761
Кинельский муниципальный район,0.0012712539452408578,0.008712185640032288,-0.02126662426868009,-0.015231160987552173,-0.06917020696963938,-0.04066502476076117,-0.04201583075878368,-0.11826033655765222,-0.08926860792745295,-0.02494087712705806,-0.0422828755322886,-0.05228294437966774,0.00877087424509071,-0.04193164479030287,0.029614827348869,-0.06544146335576961,-0.08108040318048992,-0.030677124890658547,-0.046082820595225726,-0.050634991202670676,-0.03336415589451747,-0.02615280633053274,-0.0112480660445069,-0.10513223121441939
Кинешемский муниципальный район,-0.03324928420097528,-0.05743180555671934,-0.015699197806668508,-0.04462069344426567,-0.03532255760385894,-0.02079137852024715,-0.029243774488701746,0.0011951276991375437,-0.0017272439954343355,-0.057725805678549236,-0.03532699780982895,0.0222640112838679,-0.05092351054610589,-0.014137106057081184,-0.027100333003275523,-0.02675601952588913,-0.0071014125245518755,-0.04250806963036169,-0.06405419648156929,-0.05631563803127548,-0.01008426454843736,-0.03607605647381007,-0.010876587348665367,0.025494162295967016
Киреевский муниципальный район,0.14669501994192835,0.13449493854779426,0.14275159944710403,0.1461628243518156,0.13647196365846348,0.13291535013434697,0.13534838605897548,0.11308061585285678,0.14761376196338638,0.14876233785586734,0.17199942689388514,0.1496546273154653,0.14467817116132942,0.14426389400006023,0.14788587864934577,0.174977375292384,0.13287558322294402,0.13996988267393817,0.14208885953300232,0.10553075773851717,0.15051451388227477,0.1511077748754488,0.1564980645625731,0.11830040560264443
Киренский муниципальный район,0.16033283473124627,0.2417162973891287,0.23577971937674747,0.23404161693124514,0.2675106563669818,0.3187830099350517,0.3603518012497826,0.32478083489050746,0.30831242856401353,0.3571522025742411,0.33173475179735235,0.35813433270222994,0.29945182751497157,0.3338840359306925,0.33555846350562923,0.28433414382390687,0.3438305692377259,0.3896005892959469,0.3973672486633788,0.42889247020473675,0.38490084384163303,0.3513437684267924,0.31156091444567835,0.37517064720827875
Киржачский муниципальный район,0.25104348941719223,0.2686419584024833,0.2642613665313931,0.33445428986084025,0.34765364985517344,0.34320492578806494,0.34343787209939514,0.35992143913197694,0.3907792921364095,0.39036213236910733,0.3755149835500724,0.35906441264672573,0.35623692155184017,0.34598494759464415,0.36006935078380664,0.34956865235472456,0.3682913605396738,0.35801087306763435,0.3684002317825197,0.3947703866550807,0.4147520831728855,0.39944001253245887,0.415066308539787,0.40612698947297865
Киришский муниципальный район,0.38380141900304743,0.36672414275381726,0.3779758820117305,0.46308096318604797,0.4585173038387609,0.4505306099906292,0.4351081793514062,0.43411880475109577,0.4676711443397732,0.4643247028504547,0.44376918229398754,0.4109317363255318,0.4484885680407835,0.4311861892174882,0.4530413409994978,0.432632665597561,0.4546833239356989,0.4212160201607311,0.43258995445817483,0.4353949283165637,0.43240076092573254,0.4271986937949013,0.4486731177715022,0.4060129032464861
Кирово-Чепецкий муниципальный район,0.12625689233270876,0.0916271333940788,0.035260923661056154,0.0747247514380156,0.025803233370618628,0.05181482189546038,0.02145296795131202,0.03204474040645522,0.05314552991448984,0.09319013591430725,0.05276287059927576,-0.019092620992152476,0.07530754917408977,0.08782003767527335,0.10422648142803581,0.08757003327771073,0.04743345718850733,0.052635347521428955,0.03422357387138142,0.04323908999536208,0.07093167921165033,0.07816141596542714,0.0992102786390916,0.058365827696958306
Кичменгско-Городецкий муниципальный округ,0.004072894472120225,-0.015192939991051091,0.017338342953411967,0.035422014229270715,0.01665377712096827,0.004866658604251839,-0.010339619849547788,-0.005765831605891947,-0.04823314759487829,-0.051021982593368875,-0.04943392879692965,-0.03421213374948984,-0.05253226250182408,-0.03714274964681685,-0.0033684767675037364,-0.01791499158859189,0.010887897089055798,-0.004876759045377099,0.012577284960668678,-0.02639861243547159,-0.022558984787128367,-0.03162563347627412,-0.02120541504557316,-0.02188149898208991
Клепиковский муниципальный район,0.02878610671847781,0.039072392880099116,0.011051838190590857,-0.02136865979527869,-0.024240028106294886,-0.02089001730509743,-0.045161781130671486,-0.023406759495697926,-0.0010853479111805342,-0.03546987968537607,-0.006526525427604568,-0.024575156685141764,-0.03946924184434586,-0.015385978765019459,-0.016914784690060358,-0.04714881443899621,-0.05915841450661574,-0.06071660920400568,-0.018781030003951926,-0.03784693438146469,0.013473545855005042,0.020885970876898696,0.008171607622028176,-0.011192540432279685
Клетский муниципальный район,-0.054346996332951036,-0.0924913366247555,-0.06326405578527527,-0.07041793818037156,-0.09436631074715862,-0.1214122767742456,-0.13021402629131806,-0.07987024531301756,-0.05947272891981292,-0.10187646831295893,-0.07946591820698679,-0.01272748035485094,-0.062239505852758725,-0.08793576961969052,-0.07212036611720585,-0.0994687874255078,-0.062343130574134875,-0.12272141848856144,-0.13605565139344833,-0.054307017027038995,-0.07416759908788784,-0.09844847030576176,-0.10537412285875725,-0.06111061317877997
Ключевский муниципальный район,-0.15320591327765243,-0.15966151919974259,-0.11611631645966014,-0.09689834329677538,-0.07670990444928805,-0.036548346423256106,-0.061780766680630705,-0.08051809124801856,-0.09424078484684095,-0.11619703032741668,-0.10985718437325964,-0.07662906805421699,-0.10046142246191003,-0.12457993034737314,-0.11828135384285154,-0.10507470699306865,-0.1038169560144393,-0.0754201823459617,-0.05422694016536056,-0.049552649909767155,-0.07500274969551768,-0.09647978958044057,-0.09886385979976176,-0.07419227496948544
Клявлинский муниципальный район,-0.035004247906856634,-0.055914553061713335,-0.05567526232680109,-0.03396562554421578,-0.04088486967961913,0.011907760619299879,-0.009637619118718632,-0.051336868532596114,-0.06514025038743654,-0.08167904670104065,-0.07720455389247505,-0.08465067166393503,-0.0465394145592235,-0.045121136461855116,0.01932467011025274,0.017516804152100107,-0.033221428882999504,-0.03215363805729865,-0.026745944979825964,-0.04618823062853039,-0.03358679866511238,-0.08700399743321441,-0.08650309513826215,-0.09604332520207493
Княгининский муниципальный округ,0.06250911394298342,0.05290609239771982,0.0434056461821708,0.03774590779508635,0.07454596033504224,0.05894399933475469,0.10943892657129162,0.10375403784789583,0.12022896784801596,0.06038871579580629,0.058257510678844326,0.08270165973670451,0.0762988400575022,0.06531871896013364,0.04143458552536039,0.029913742225819107,0.058683501828090456,0.06431875945034804,0.060685684064717194,0.0034782643763247023,0.03399484965154187,0.01574518604826558,0.047278633354856936,0.04499955770915598
Кобяйский муниципальный район,0.38409024852343165,0.4458361407666107,0.4676495671183396,0.46582678700090163,0.35600786011707086,0.4774685725246268,0.5100190711781494,0.49110339062566055,0.38374950387232687,0.23773958335448064,0.21086646007869803,0.36720660481381273,0.2773554868945709,0.30799529733914355,0.34115259391319697,0.3173297238571866,0.25493387380411825,0.36012346949113017,0.4799209509829474,0.4400975719921423,0.3658182713921292,0.23814532313861747,0.3282509427234217,0.4777432924131251
Ковдорский муниципальный округ,0.6963487073257948,0.6379381502022117,0.6493431983293831,0.7163529571337577,0.7560826724974383,0.747252534401925,0.7342026757567446,0.7094336654093052,0.7088508518494514,0.6719921975778131,0.6405103541947916,0.616602654079097,0.6866847511418808,0.6667080229098801,0.6781517620138953,0.7309093765723578,0.7371409628159284,0.7234665638712805,0.731529084772669,0.6867919001926328,0.7181947341319788,0.6744037372395031,0.6701472196161706,0.6909015102438687
Ковернинский муниципальный округ,-0.01894117622243563,-0.013137131610374553,-0.004061799619456963,-0.023782817168827464,-0.03830213206283872,-0.02836548467750255,-0.05446372075152439,-0.03225030629027614,-0.005785650951610322,-0.04137311383362707,-0.06786172657151823,-0.0990289103084212,-0.07730940611613768,-0.04264482680080128,-0.014426644239314612,0.0019381484115434944,0.01986465484622535,-0.010066440778325969,0.01316852283288128,0.01758287055786667,0.03702874429627023,0.0021083368173062667,0.003626514171546802,-0.004874876625089897
Ковылкинский муниципальный район,-0.06588569413479028,-0.06299729298763701,-0.05668699367800656,-0.050783310719756614,-0.04281360847670079,-0.07745384476386086,-0.07482820465593143,-0.08236426097129446,-0.048181405168664426,-0.05258051587684598,-0.07936530446306378,-0.07781340115940516,-0.04958485810128188,-0.04507345724759837,-0.058030633694635014,-0.042869553469655486,-0.041214040502207894,-0.05219524354131089,-0.06396906474014763,-0.049261450373627724,-0.041635131847941764,-0.07079775328130644,-0.04176302851882241,-0.06446546444554535
Кожевниковский муниципальный район,-0.08088668839603308,-0.027007679058041134,-0.051254940902651924,-0.07343990367695952,-0.032150748777329596,-0.025289322489907562,-0.053534511734916634,0.000781591267577042,-0.09516226904354674,-0.04341509975122371,-0.017909526981899404,-0.06657661857427222,-0.09333636777441079,-0.07606267080684326,-0.06607025646628095,-0.048741664649673666,-0.058672752561927055,-0.05711753327251934,-0.0685765814237147,-0.03772357658201031,-0.08222333402149395,-0.052280703928525796,-0.06462288876821098,-0.07885049626564111
Козельский муниципальный район,0.1833192744873191,0.1829146179954826,0.16886376114803703,0.1322248597753486,0.10734452751245982,0.07596587904484586,0.09332001192279726,0.056030927210079184,0.11162260929006251,0.11780425198871747,0.15336044155254847,0.1456348269458676,0.14982024854719356,0.13638157247676297,0.10265415406008316,0.11485935198756181,0.08922199648193896,0.07787364259016272,0.08657541729734675,0.1021402585859299,0.1283775348549696,0.14245122932631382,0.15205493447249374,0.17020506872997032
Козловский муниципальный округ,-0.11241110143363109,-0.12221120600968227,-0.1526867006531507,-0.1743486044466671,-0.1636305054715539,-0.20848315101214432,-0.2315538537188626,-0.2308541881265267,-0.216680580189621,-0.24812113624106757,-0.19670827397669122,-0.18685806456224086,-0.12254918783533597,-0.18715524295205554,-0.23392299233881708,-0.19332190943690186,-0.24291183854067455,-0.22564043151279556,-0.2363461906669002,-0.24494869704188993,-0.19373777938676362,-0.23203104917143413,-0.21884614859680873,-0.23511561627602262
Козульский муниципальный район,0.006603473637836643,0.05702382784959781,0.027581140141801797,0.037794264863689975,0.050679788474267795,0.04134931525067387,0.060368384200986114,0.0010113548418715368,0.020545826789563293,-0.04286684046069489,-0.056833203030791424,0.019848690079761866,0.00020366598848298167,0.0018669039868957071,0.022171126163582855,-0.005073792120146692,-0.002208564289755799,0.014972587022333173,0.08007341992127515,0.03306311560682573,0.020374942936271623,-0.021746230918985532,-0.009474467443920886,0.0029408768588297107
Кологривский муниципальный округ,-0.2512008577364391,-0.19076126334567434,-0.21592789068156115,-0.12968632185161333,-0.13047642871332066,-0.11928757220767494,-0.12573786094088568,-0.11134739115725267,-0.14371927167706922,-0.15061641967256456,-0.12196210104273852,-0.1721929154707773,-0.19115976567912085,-0.1730216961778499,-0.14989741096973574,-0.061083374912495714,-0.10779623204079236,-0.07295452417535309,-0.08953355641280147,-0.08366225318299492,-0.07890936800226278,-0.10984422004975869,-0.12562589168970462,-0.11418932952761907
Колосовский муниципальный район,-0.12566502679610458,-0.1488175529850082,-0.16432094438007105,-0.15077500817253764,-0.17655550220350236,-0.13951804611920693,-0.0826989057705898,-0.12960989612079032,-0.1383256684577603,-0.12762942404083866,-0.09018879673167568,-0.10718938618718354,-0.1170958291237838,-0.16170692029326617,-0.10560502966439067,-0.14205675851450472,-0.12769715337904053,-0.13289501330930875,-0.16196011417169487,-0.1142603830606852,-0.13030076893359777,-0.10703954979544328,-0.1869450383633211,-0.14665033902469382
Колпашевский муниципальный район,0.17521166079601436,0.20643362531300902,0.21086221282293138,0.17764030091925775,0.19802541985461453,0.21266523489532752,0.2123169215087941,0.19786112264929656,0.19671381618509365,0.17643256842961996,0.1667823989589543,0.18362584809663396,0.20814209000495687,0.2201400937134217,0.22437996851768105,0.1864181407578407,0.20885615665419088,0.22854978530499714,0.21578603922270112,0.22012982867471997,0.19091855043234673,0.19132519682614024,0.18094629360921388,0.18951593471762784
Колпнянский муниципальный район,-0.04709816343213369,-0.08433640254823693,-0.16738538052996788,-0.20033038387851043,-0.1831396483489609,-0.16266384653302524,-0.16627091024051666,-0.08396370150820154,-0.1601347237960855,-0.08499975747836253,-0.08102672712339931,-0.059778269032513265,-0.008643007750325893,-0.04473976638524846,-0.07654762554546934,-0.13759441420337382,-0.1281702126621891,-0.12614750638081595,-0.1454315818298415,-0.124656461076043,-0.06181493464296217,-0.04724699310354197,-0.06723909327778799,-0.12050505892037222
Колыванский муниципальный район,0.0355609222018991,0.03191553233056865,0.01653228854588029,-0.044043250450714666,-0.00029209873144786513,0.01771398290850179,0.02557145943728223,0.033824892189416644,0.057437782468669596,0.061511579665495475,0.05553594278151053,0.0842144648373786,0.037332871524117905,0.020078730807263412,0.020830234879598564,0.007939383452624682,0.030014553196085814,0.05073306226505636,0.07271242199065497,0.07617323926055342,0.10395568816451828,0.08757606315579203,0.11490780628054686,0.09075436326846287
Колышлейский муниципальный район,-0.12765028838963666,-0.1433252341266975,-0.15859364383228147,-0.18197008941404036,-0.15336406042531792,-0.19847803543494713,-0.1350815032312216,-0.1898746162192264,-0.1563802067502813,-0.19626207962675402,-0.1535313217720624,-0.13682577163348597,-0.13529337931941043,-0.09482718266102097,-0.13624548529281277,-0.18765819554460528,-0.16887589269554226,-0.1631852778494025,-0.16647713121528795,-0.13883981460898198,-0.17658487794437683,-0.181137097409799,-0.14181736596221128,-0.19029849360485152
Кольский муниципальный район,0.4887682701265881,0.4606661222446622,0.45130999236708824,0.4768288256660913,0.49124259852373875,0.4712164856709453,0.47286072447278826,0.4737852198952428,0.4579246600094127,0.42281734334653187,0.40718288285215287,0.3494760319763248,0.4155307203497163,0.3790337500704588,0.36978250233160814,0.39311639079289407,0.397552880950121,0.4192556301404817,0.3816810767503167,0.3530931489361784,0.334507883748568,0.3274677318019421,0.35716876002472375,0.34086570231655067
Кольчугинский муниципальный район,0.22378997402297784,0.20603138887300965,0.22481822769220372,0.26174986548684487,0.2742304381083436,0.23970848538516698,0.26533241774470007,0.27016686473058726,0.30533753157971866,0.30455721404169545,0.31861001444785586,0.3054846817900607,0.3465258460060845,0.3155699535732097,0.3203051470752154,0.31329901118017744,0.3192102638141332,0.2865265054051296,0.3074682592748026,0.3055275135769957,0.3187903457957635,0.3013575164788378,0.3207556290685467,0.34490041600275667
Комсомольский муниципальный округ,-0.28642846374894226,-0.33305707433905063,-0.36478887024742335,-0.39888309097761443,-0.36841188875067665,-0.3680629525481631,-0.3188998040907247,-0.37922784437686197,-0.4460436777938792,-0.41541997401076003,-0.36157918158527025,-0.3652133622881877,-0.3420586436370012,-0.32828380349045005,-0.3686016169237245,-0.38117477731492677,-0.36574261892132576,-0.41850921858041445,-0.35241758389753386,-0.4423872296982907,-0.3901663182037538,-0.4003842797940518,-0.37052723194572046,-0.4022169643856497
Кондинский муниципальный район,0.41122576669400424,0.42569286290053654,0.43088766557051095,0.3951507946518227,0.4182977846128111,0.43451934576517637,0.44144544983568146,0.4372722553324273,0.4117076017756798,0.3887453694223524,0.3648612229932251,0.4328344516005682,0.4093615029477551,0.43160068472318613,0.4394367735249691,0.38499927751587215,0.37948962170490397,0.41310790403441366,0.3999935398687615,0.39671614591492954,0.36626621310747254,0.3645382565063233,0.33569049434631815,0.40776838959073025
Кондопожский муниципальный район,0.27797539135389293,0.2664477306087871,0.261985813728149,0.35117094809177374,0.32110526791093896,0.3286721444271592,0.29360693776481384,0.2708336367017381,0.2625804343551099,0.258228286654953,0.24457481455338126,0.19073684486045472,0.2655554819491801,0.25697521616094754,0.2507653415275559,0.2436562776283573,0.27549522647812097,0.23648774919486293,0.24154698859604729,0.2158314856721848,0.22852050868710627,0.19953728730838982,0.20560899538366684,0.17135986994381724
Коношский муниципальный район,0.22188129318988103,0.22980511835211814,0.2164900208828371,0.24773694692247084,0.25461354062170294,0.2478844649164973,0.23890233358246604,0.22378725909311648,0.1968353154866218,0.19855500052327457,0.14976661905258126,0.164711121598911,0.13959809397441703,0.1752626860177795,0.19222242326348926,0.1773466675583215,0.23909949163054023,0.22835459352845788,0.20384163709754866,0.18836780684521237,0.18101447033298435,0.15170082228429393,0.15604416186453385,0.1707826360326159
Кораблинский муниципальный район,-0.015059560480260359,-0.04179471714845384,-0.04613837265726062,-0.07365610820728641,-0.09549029727060798,-0.12490878383297499,-0.12526508494909905,-0.14315745315533235,-0.07801084991872465,-0.06066340908765078,-0.05968992565524012,-0.08281998805241564,-0.11252648144313149,-0.06418308547451801,-0.07730983779121736,-0.061935526647062034,-0.10049760392792528,-0.09694267958896141,-0.1125911150088239,-0.07197822734394066,-0.07625678483350029,-0.018185298002125094,-0.018540412427269004,-0.02915374730107345
Коркинский муниципальный округ,0.0666828256561427,0.07052093680608706,0.0958648546094043,0.07337236006440584,0.07972813627447017,0.06520848938440871,0.0837781571220706,0.09901626820109577,0.1284150276689182,0.1935717644552355,0.17800638804660807,0.16524231247491805,0.1833140369303905,0.15204542275266775,0.1649985197701298,0.13823332360544072,0.12339128560648938,0.14319895419499495,0.13893182036207818,0.19750893673769276,0.23071109006692403,0.23349646335298857,0.24500353666737773,0.2277630021889987
Кормиловский муниципальный район,-0.019643632145196932,-0.05847952947256374,-0.03915148618169617,-0.0588465871263395,-0.09629391896878126,-0.09074639344078328,-0.07383000133886775,-0.09822122910009057,-0.10333002476922104,-0.07121853856943439,-0.11115457161769804,-0.070980526289528,-0.06186023567239296,-0.1389305119823323,-0.0971052886161754,-0.14210537181997474,-0.12491064958061493,-0.10372206015931162,-0.12260579397098326,-0.04726693462890985,-0.09829456146682247,-0.059060681839879337,-0.0543983824013381,-0.12550109959829925
Косихинский муниципальный район,-0.23927982791464153,-0.18825170179914963,-0.2078776318767872,-0.23777576871835748,-0.2370022839775121,-0.15513330674170156,-0.1661614830915319,-0.24268519712307146,-0.2106364212477949,-0.22233234710872551,-0.20785742245715255,-0.22800066867618973,-0.26442872213385016,-0.25068306376409666,-0.26400965773858864,-0.22276405266952537,-0.2030646861636498,-0.199898789178647,-0.19610290103747374,-0.17247158944493712,-0.19666910476883714,-0.15440100203383622,-0.21009479649038632,-0.23282208691527373
Костромской муниципальный район,0.18829298574626208,0.13609262440268566,0.14128952422567487,0.196507606389142,0.20926260852086642,0.19933930409352918,0.1834638318977042,0.23613941146619943,0.2229364394878779,0.22710742432458275,0.24399248814298247,0.2280492745902567,0.28634448411484925,0.2588768260589127,0.2587137671490751,0.27306776757286144,0.26775456223317917,0.241766334949169,0.25267987039970663,0.2602055559267491,0.29384254269959875,0.2676764860105809,0.2995011619524366,0.25935658470762135
Котельниковский муниципальный район,0.11512348314596821,0.10733602005375253,0.09495403232237543,0.09323995127132712,0.08537533665336738,0.06647477030614546,0.034474395940243596,0.08584935540174499,0.08390018654950104,0.07510995234108897,0.08515875663051631,0.08407048672180473,0.08358527492753431,0.06885613181628081,0.07098642696511348,0.10625000228037607,0.06260108107651163,0.04461349765090361,0.03757469308319372,0.1077017702470755,0.1085249119902052,0.09907405477360953,0.10039248654979716,0.13306895695050258
Котельничский муниципальный район,-0.08873303338751981,-0.07614073302986135,-0.14402269167815263,-0.07506257820003803,-0.11895194286136501,-0.11445572698088569,-0.13327989189185985,-0.19349589096404607,-0.18735367303739991,-0.08178265217150305,-0.14484663790153363,-0.1654251707314387,-0.15715958129922214,-0.15572431604913817,-0.20624475565703015,-0.19296378905346678,-0.16661144356408997,-0.21910446053301058,-0.24355324617328655,-0.2432303098809463,-0.1766876423057866,-0.20730847358535875,-0.27066905442778477,-0.2567499174636456
Котласский муниципальный округ,0.16663405280797505,0.18603884975650153,0.14543309480361266,0.13643982913466068,0.13183237417516658,0.09871626275218581,0.16967747346973816,0.19718162092439684,0.09108324921587752,0.09410300085196432,0.04332988287026218,0.08270165973670451,0.11330322414164407,0.10757764490682042,0.09403746574956351,0.049450680098527044,0.08624795989781653,0.0013890025927949523,0.025854675743108402,-0.08151208464152049,-0.08170918317700959,-0.09522900767878895,-0.017584409278621038,-0.01462700288091412
Котовский муниципальный район,0.07841461102363745,0.04428839408425134,0.03468918092970341,0.0651723281739649,0.038201742225661306,0.030585751185197907,0.020863224926076285,0.028921829101971497,0.03911450731868804,-0.014182589111728205,0.007222587997338437,0.007295173477571026,-0.02115092355689896,0.005136958676674297,-0.025438105662637156,-0.02174369429322809,-0.019800129796800903,-0.01304411047224896,-0.02228594454274635,-0.022786961964005314,0.0,-0.016739703714490517,-0.00774514680049343,0.0024627184426684323
Коченевский муниципальный район,0.05471141373040389,0.09603797860458307,0.08863830933021966,0.04430109587040043,0.041756137512050984,0.08921876358134817,0.07723729631874221,0.07413096885369796,0.07314249323292898,0.07373623444619959,0.057731333344946734,0.09744358980137946,0.07190135797280206,0.08225249079889707,0.07029010198533392,0.051936249049775896,0.0640076609755269,0.08206272315710628,0.07726857603932658,0.07017473009696751,0.0899246214027567,0.10822191028968575,0.13064934008130358,0.08104326069415713
Кочковский муниципальный район,-0.17493911114919136,-0.10208112297049077,-0.1518911345659486,-0.1287148654478898,-0.07586934753087071,-0.04006152444069322,-0.05470839301425201,-0.03610534283282618,-0.08786789656817184,-0.04296650161285953,-0.024506764892025856,-0.055340545307347,-0.08310268558139633,-0.12231106947618287,-0.1423059652966039,-0.15659979852463302,-0.1416034637751693,-0.09258302415236308,-0.09093185246759461,-0.09009730961579088,-0.1367478002947209,-0.08122044452459676,-0.11453282265225084,-0.1258894340367931
Кочубеевский муниципальный округ,-0.0021754711044472685,-0.04138243101604289,-0.036360896691901345,-0.02326867834002222,-0.05246220159253312,-0.028862527284285733,-0.03436181115508319,-0.006135979206472797,-0.0014803121226840688,0.01016394406472898,0.04190500062722613,0.05777381654039537,0.06857862268048187,0.04635426817563015,0.06318313795649111,0.06557652972979611,0.01769957709940151,0.03939994631881483,0.022659162326746696,0.06506795809127652,0.062391160796748224,0.03611248887269802,0.05611692789265632,0.07734148626150805
Кош-Агачский муниципальный район,-0.02419451224994873,-0.012536230240264956,-0.010438699311356103,-0.01701737698213357,0.0528521449478081,0.12271378244600051,0.1298700320916879,0.1356620895250078,0.12919529560048026,0.11056463259923,0.06341689425436492,0.052400746714955204,0.006142619004581462,0.021997731730875714,0.018224582399740896,0.03562781026072237,0.12644046046762192,0.18217846164565898,0.1921812252661237,0.18277679050494555,0.20743210447606053,0.15723059796947503,0.108958557936214,0.04875754785148523
Кошехабльский муниципальный район,-0.13012232847761673,-0.1126486713642354,-0.17018922146960946,-0.04556631999227356,-0.07581683617527801,-0.06222591285932566,-0.0582383275518108,-0.02571650150160032,-0.012503263852899238,-0.008052190746159482,0.024419444444612637,0.011406893777744287,-0.016377397136681182,0.014344461891420579,0.007445126833268034,-0.0392662626702549,-0.06589364025107258,-0.04242275995619238,-0.06511895520138289,-0.027741085635078377,0.014407807856033017,0.020607690646912147,0.021284703289298434,0.06097911175746695
Кошкинский муниципальный район,-0.0559712370776122,-0.07262597810685278,-0.07438829228114052,-0.03188964389766902,-0.003803954842988233,-0.029907121604159315,-0.02144979909685496,-0.04684421587080578,-0.016455343836122793,-0.04092543058691156,-0.012201829701647071,-0.0031372574751333815,0.007760824161744395,0.019810670223966653,-0.02927819230328943,-0.007662872745569871,-0.04879016416943216,-0.11050205564417581,-0.08226775838867617,-0.07808140243114003,-0.09341291950637753,-0.08263013638800132,-0.06288254722209352,-0.041892773078503254
Крапивинский муниципальный округ,0.024243928990763663,0.019969340164665894,0.07432266425029965,0.12883121628829208,0.11044395158047315,0.13844010956369068,0.11482352310445698,0.10255094284497268,0.09449852238680023,0.07262702120826425,0.025778879129230603,0.055887267809152874,0.049522198457445654,0.004048128154439112,0.01842839367120952,0.056809241597234106,0.0739146943549418,0.09329753405916819,0.14250442956253195,0.1205244966732355,0.12534297651979287,0.13026891278916075,0.13186653852750574,0.09938034123875283
Красноармейский муниципальный округ,-0.017618656765424845,-0.026373008240479834,-0.026046803824847586,-0.032927096008563694,-0.05786303255868219,-0.03800230872597332,-0.04671419981920266,-0.04665143549525119,-0.027442803800502347,-0.02220382752001626,-0.015098778157694781,0.014672565610736044,0.01237348310205455,-0.004041701187306401,0.005403236447746096,0.00873404670362632,0.004485429897487236,-0.04519905645381961,-0.011969456473099882,0.005527930052513952,0.012304489575280186,0.000446365174695984,-0.011764237714013248,-0.014331661455395661
Краснобаковский муниципальный округ,0.026465979875332835,0.016717304778289588,0.010466081082803669,0.012228447156147126,-0.0055155722498767545,0.0,0.001111419953250703,-0.012077050289967417,0.011618062493525372,-0.013311424600141564,-0.04923866396838683,-0.018414397910559543,-0.022243734531317116,-0.002372805128795008,-0.02872260111862346,-0.005455366330359368,0.0009569179653041715,-0.00024531850642262043,0.016119480100137196,0.003991074785780313,-0.002198608434202498,-0.021372980525848462,0.02056513499920598,0.028527548511654288
Красноборский муниципальный округ,0.059816785448251863,0.0778194016471474,0.07495671267056814,0.04550143210862778,0.043342180667686137,0.037355625536495296,0.0,-0.0078033409933411235,-0.02937046634638385,-0.03769809976502714,-0.02765457118275627,-0.027629575907337056,-0.08194134161013977,-0.006080157705635969,-0.008505367096105942,-0.03414735752375364,-0.004547453548768843,-0.009983854165568573,-0.018252284541896202,-0.009468185463139989,-0.06035013533317013,-0.10069032211678497,-0.060624621816435464,-0.07275483116006498
Красногвардейский муниципальный округ,-0.07275935428242697,-0.06626699318996465,-0.09001361018422216,-0.05247544797508574,-0.09409888101272834,-0.10277165274814948,-0.07737814228920392,0.01279607990959164,-0.016355098234313914,-0.0337402456893976,-0.013331347894023793,-0.01953171646255214,-0.02893062602408314,-0.006538810192692424,-0.04357276102974339,-0.011111225425072035,-0.048965004627959274,-0.04970018933461162,-0.02818228461324246,0.02390427378028015,0.0035678246198891372,0.004010131956233565,-0.013603974468486157,0.003248143722515806
Краснозерский муниципальный район,-0.09745909224732685,-0.07013055617425046,-0.09842122652047358,-0.07994646027580465,-0.07550182593484145,-0.03244854567043731,-0.04870676481155911,-0.0405020046345701,-0.06109623342682191,-0.03804515844621825,-0.047824133088425924,-0.03928962703914429,-0.06457246950211193,-0.03087136283033942,-0.07413032726466007,-0.06923088459084781,-0.07088562779724938,-0.04161268082259362,-0.006448921831324839,-0.018139456175109814,-0.05133409137945755,-0.04622628106833915,-0.02571877470680839,-0.0408219945202557
Краснозоренский муниципальный район,-0.11692873379747759,-0.10548136755397586,-0.024715385668040213,-0.1897715259760009,-0.08536659614396314,-0.08347401737600713,-0.09719779100684356,-0.11707038375666023,-0.061777843100609076,-0.06636056066895435,-0.018761396413443876,-0.08303268612830017,-0.06023641934806534,-0.018909721283540293,-0.11814117675223024,-0.06661284572074422,-0.08633047181340991,-0.12438669780762268,-0.04253531160574475,-0.07019274032451861,-0.07755892890439142,-0.05987910061442925,-0.07896492535261324,-0.10167629096902253
Краснокамский муниципальный район,-0.08226687148935774,-0.08100718291306563,-0.08306086068210128,-0.17818209222005166,-0.10761296398084852,-0.13979575447168102,-0.17721922194882467,-0.06773868111245385,-0.06366780586393617,-0.08692458574854633,-0.13671607693111199,-0.1451661035497036,-0.08515215039159685,-0.07468661397480858,-0.05228361750399202,-0.07744532184953812,-0.07460119041279434,-0.13033025170847168,-0.07058835310275668,-0.09727203329460288,-0.0890726758670688,-0.08192504205242557,-0.05151461342844499,-0.20932677289852109
Краснокутский муниципальный район,-0.07487068491922955,-0.08079277467896695,-0.10285358997718319,-0.10478595848334571,-0.10193742646281123,-0.10717080147358438,-0.12963362791069244,-0.12033319836635314,-0.10016391043706996,-0.09728845762811744,-0.09334658686716146,-0.04607263837656461,-0.07956755154187078,-0.06705448299429229,-0.0576347421637422,-0.02541405702930888,-0.06035149478335455,-0.011760971158384592,-0.05735101920389951,-0.02116798723065294,-0.06764960536596654,-0.056566485999670846,-0.09203758817625207,-0.08274899193032681
Краснооктябрьский муниципальный округ,-0.14251391022853532,-0.13616204261059117,-0.18915850279048563,-0.18389966068325592,-0.16753653605669605,-0.20842365376387484,-0.1668182256720545,-0.23207161486896588,-0.16698684978706524,-0.19998669546729708,-0.1394901517962559,-0.17652787925930902,-0.11589435288004424,-0.19781862198432698,-0.1715441220329339,-0.08917996328847622,-0.11398157904842421,-0.15876729140863333,-0.19868078616847917,-0.14871463198181978,-0.14278951629070136,-0.10262234257712244,-0.10157132050332685,-0.047658954912879636
Краснопартизанский муниципальный район,-0.21546125795827287,-0.11958909510400062,-0.1823033387052142,-0.16134096700026568,-0.16609872128706726,-0.16505374183236654,-0.1749537146944462,-0.1822847623278374,-0.1862838363826107,-0.15044994260439637,-0.13039652110203015,-0.09123470570917824,-0.17665478356357767,-0.10804301183420151,-0.14676736724219275,-0.1567477822466934,-0.1558518151374919,-0.17174039419109377,-0.18168293619270237,-0.18377969887245094,-0.18826459728077083,-0.21171266467909255,-0.21691731189911323,-0.12581175508386622
Красносельский муниципальный район,0.04381322312163327,0.05944908905421542,0.07038256552282718,0.10016954362342823,0.03988697808934738,0.019420872517358134,0.02140761544898062,0.018456173355900773,0.04540101208150915,0.024799724594702255,0.08285175342847495,0.060357415822059224,0.11851830069598357,0.08120248965242638,0.07849903140471604,0.115761302516594,0.08769795442820438,0.08356801076305942,0.07163517592150903,0.03742058752723665,0.019868485594475516,0.03912236117332135,0.09320380920717142,0.04368911328102598
Краснослободский муниципальный район,-0.15871932355793383,-0.17056573523430352,-0.13256889108695447,-0.18426187016503093,-0.17076476276064412,-0.19783027166940137,-0.19609402843473944,-0.22128252997271325,-0.18142456756175207,-0.22885248386075396,-0.23693413065128333,-0.212530531197352,-0.20200686741563523,-0.20882155350833287,-0.16864050523860463,-0.1566491239987844,-0.17109608750446803,-0.15441644425931855,-0.149735251213313,-0.16777784696226128,-0.13010456546997773,-0.18806902655847502,-0.16962542016384674,-0.15273615562434628
Краснотуранский муниципальный район,0.02558808470159768,0.03229852735631589,0.039429150304542304,0.04899819039583342,0.0635980235176472,0.06457474711522337,0.0474610138570668,0.03440275987380126,0.03868767370617476,0.026567742549321594,0.03622989546578559,0.06989562232903523,0.04835844911406184,0.06659874644215513,0.05288002838255146,0.03048662054576745,0.04417301692443054,0.07043358397635302,0.05684560706213482,0.052486358140331646,0.08534849601600136,0.06607713311655594,0.04945669030084687,0.030821470626614555
Красночетайский муниципальный округ,-0.3136882450399838,-0.339700697391061,-0.3282080641464624,-0.32525630704727426,-0.3222149330398114,-0.33059666587488046,-0.28629299041150347,-0.34917328864510466,-0.32299412519119386,-0.31184017067389824,-0.34163399524946136,-0.37302899928583066,-0.2486990220561669,-0.30792415639698234,-0.32756117198424484,-0.33266690962924983,-0.3479009324448352,-0.33094402711482473,-0.3714537644881073,-0.36349711227849646,-0.2967663586555478,-0.39356284740894765,-0.3979212786782984,-0.40160271375208545
Красночикойский муниципальный район,0.04335654418435553,0.07941885360471801,0.037193630930506316,0.05233980129601967,0.08756288635493625,0.14614889129678765,0.1536739785907244,0.13385329830893866,0.07533989386075746,0.08878801055836405,0.06846301597637527,0.16530869149917038,0.05849562802595898,0.07161768428822768,0.052958780942050865,0.04920981297572524,0.08857456239286599,0.09868277668889291,0.13069758800977915,0.11213589538876789,0.06421011479368488,0.078011260178517,0.04059826863415417,0.14050615614769235
Кривошеинский муниципальный район,0.06509489360353982,0.09180754925312229,0.056576272403640715,0.032315064790783055,0.03665444382763816,0.07350056033055097,0.034474395940243596,0.021971907618160813,0.017110311833814507,0.01511339912374865,0.012513727351652904,-0.005929841248315526,-0.011729588728508489,0.015152833067610061,-0.021952152211214937,-0.0233397261212982,-0.0012078553708203543,0.056313174396018795,0.0,0.016337152551866296,0.011942868231425763,0.0331720598040981,0.006510174760871124,0.027795045315819777
Кромской муниципальный район,0.12621017536743473,0.08719674640050101,0.11081564034330427,0.16851707494373613,0.18649895636956337,0.16622889169961752,0.18234472397995205,0.16907224168635082,0.2038973492350955,0.17954895594518838,0.20365275681128026,0.19183631463878292,0.18834607917849233,0.19221578001130268,0.157614240451748,0.14697339130974285,0.108191170905096,0.05793485898633044,-0.011646250264726987,0.0074162075608672495,0.021555680190761706,0.058870650438722194,0.1096538537393883,0.14053591318151426
Крутинский муниципальный район,-0.03177092545717031,-0.042722982905377904,-0.07335850182603032,-0.0617268963504074,-0.09629391896878126,-0.1300115355706506,-0.09251083963807538,-0.10417559667591192,-0.14931385154867982,-0.1738034233785264,-0.1412546222446842,-0.10110611375567302,-0.11070457249006793,-0.1266470077202584,-0.09322409381692331,-0.12475553902693193,-0.12359095291927069,-0.10308736977623134,-0.1814914295133221,-0.16287301405313848,-0.1750446784408073,-0.12845344874413023,-0.17335667736999127,-0.18311639314063477
Крутихинский муниципальный район,-0.1655133784261924,-0.13939617973126417,-0.1707293241022363,-0.19153374804659684,-0.15842707434115688,-0.13398001346806865,-0.07123932631477636,-0.12746548775700006,-0.11493344347211831,-0.1355793706214321,-0.14721261201162505,-0.15751053342882848,-0.17689785600036068,-0.17796480627283628,-0.20313702714518733,-0.18390012906285236,-0.17977734350367314,-0.1511300227831338,-0.11214436732448085,-0.18592322030670871,-0.18582436866143937,-0.22296092329653483,-0.24421346288599644,-0.19941197504558517
Кстовский муниципальный округ,0.35132328780764155,0.31922643841773457,0.34710571189196493,0.4124544690716334,0.4236336867210646,0.4179931717415091,0.40774835501184015,0.43884525935184726,0.4730928814825841,0.4777665265784883,0.4758644009701065,0.44505219792584505,0.4761019636521766,0.4403536693013024,0.4435216265571462,0.43312507430673186,0.44111892542311715,0.445598422715479,0.4388909772681,0.4421607676195247,0.4643843480948693,0.4505413734345822,0.46959022789093474,0.4447077739533949
Кугарчинский муниципальный район,-0.087575290855888,-0.11154266008077762,-0.11356190616091943,-0.07430500240623061,-0.09297645645810526,-0.09737965292415218,-0.0853194787564675,-0.1046861654606186,-0.13934538302606647,-0.1368922810944877,-0.11913146540525688,-0.14028870599286947,-0.11343868219053554,-0.12700918596765298,-0.137530863108978,-0.0959809795788793,-0.10137247447987008,-0.14676486117346066,-0.13030824698516952,-0.10375163216580496,-0.14602343040043309,-0.15781705128260803,-0.1823297210922945,-0.18492768953572636
Куженерский муниципальный район,-0.20786363168126343,-0.18301390635922132,-0.21378233060152496,-0.20088275140107115,-0.26426931000221465,-0.27987160012554035,-0.2784271598971717,-0.3156348305743766,-0.2895739715774184,-0.3421595646480906,-0.2971907617663714,-0.3371772619138227,-0.29288961983053063,-0.2566153592150524,-0.3015753459155892,-0.27069034050917296,-0.2860184553653795,-0.2331480514935489,-0.30029825489729944,-0.3435928719592365,-0.3175498248910582,-0.30468320508317426,-0.3011481215928207,-0.27313092157497465
Кузоватовский муниципальный район,-0.15803624221364743,-0.1571130092770865,-0.13142549924677915,-0.1750662649044763,-0.15285349453704633,-0.1776664183474015,-0.1400260862377838,-0.15061540376855298,-0.15315681133855286,-0.15389611354318689,-0.15380224372110796,-0.19059373506097188,-0.1804900544504875,-0.154287419497928,-0.16032098969904673,-0.12666849991636653,-0.16828467230092414,-0.15217669493730313,-0.17443134198994947,-0.18073902758252913,-0.14045764552106732,-0.1536434621084002,-0.1420996524849052,-0.20204911841448236
Куйтунский муниципальный район,0.05224953392290921,0.11176668747023832,0.0749144552808012,0.13248881648797983,0.09970788737139635,0.17145104872665584,0.16119519209992816,0.11910065983390083,0.12354629956763041,0.11788911281700898,0.1264551627953825,0.167827834997194,0.04845547996994881,0.09931704106512385,0.09750811960305406,0.11180924889430344,0.11270113959974459,0.12741629423414125,0.1084500446204828,0.11393938616173926,0.06489641505679167,0.07913687938786573,0.06732324695518166,0.08164311232779653
Кукморский муниципальный район,-0.058609242704775966,-0.14498119453366343,-0.167331537482438,-0.13128842781883066,-0.10242264091015585,-0.17853219428096523,-0.13359758754210205,-0.15109675155161284,-0.1826667670057418,-0.20419353778018667,-0.1839491991650526,-0.22280101014475306,-0.11115973863356565,-0.16476543688350453,-0.1631516406862339,-0.17401404027380352,-0.15663044187399322,-0.19735571767421511,-0.18513634266572687,-0.2244708492695029,-0.217807284873345,-0.19771666980791736,-0.19559454243029073,-0.25057106472234913
Кулундинский муниципальный район,-0.046653793042107594,-0.02914312831371113,-0.041569981729237426,0.01034156045500012,0.022239183693033127,0.05652760314678851,0.052573634628181765,0.04540717983902276,0.03578987827681068,0.01685167209438987,0.034749975021677315,0.013070047577345534,0.019165404049727996,0.015556773738707008,0.0,0.025359981613124916,0.018762276455523974,0.0605164004820562,0.018787508520015095,0.04517109173278833,0.03403647209436933,0.021839487039725825,0.014146112717883241,-0.00017124753873609677
Куменский муниципальный район,0.06643487742646315,0.08060536403461072,0.08688611864412898,-0.004731711234327918,-0.022695241453009274,-0.04702386526369651,-0.08961795057004984,-0.1202813244200307,-0.11592956973046853,-0.06539179067604195,-0.11349411881286997,-0.1559534000709224,-0.08288137319806488,-0.0732634056272019,-0.07775846947213694,-0.07230906365439083,-0.09585978135704387,-0.1090420681597255,-0.09878983535009134,-0.11164495944509945,-0.11187938723983137,-0.0759079388903281,-0.10732640606038935,-0.16789191998255149
Кумылженский муниципальный район,-0.15772590487447147,-0.16099628421815204,-0.20089338781358812,-0.16405916284751143,-0.1425281284497526,-0.15130490436277988,-0.14526309922241332,-0.14799878945422584,-0.12706492224964805,-0.12670783993527834,-0.21532142909087426,-0.10562157818378459,-0.1450181191099258,-0.1551386644950643,-0.18564004730766825,-0.133778445317299,-0.14877471337445414,-0.13776279731864172,-0.1478356514111976,-0.14701617624977992,-0.15407891138094243,-0.15838752907321485,-0.15022593740044066,-0.15685410247299103
Кунашакский муниципальный район,-0.09664143071362652,-0.036858466894830855,-0.09086117349059997,-0.12626185643098609,-0.14562018994352677,-0.18449752051608748,-0.14403153900142485,-0.12647329466795298,-0.14360542184487457,-0.12281404884936542,-0.0982045647676415,-0.10475163467524418,-0.12013456092913444,-0.116456492359168,-0.09409034868678745,-0.1500610962378932,-0.12845415568619778,-0.14927724665274944,-0.11022562328966146,-0.14088904231213917,-0.09279848016293002,-0.10347721653528374,-0.10855420912952773,-0.12185810831979893
Купинский муниципальный район,-0.08445606466693967,-0.05737944816515217,-0.051830397687341545,-0.04226053185777445,-0.03607923532049284,0.0033754492459738827,0.012066650348364405,0.002480592939043902,-0.009014424588380976,0.015207437115167366,-0.004657453344769635,-0.011657346882399722,-0.02730703648786381,0.003003551907585944,-0.012575103565602319,0.008441349496795425,0.00415386490771219,0.04722961362726785,0.03661287710061245,0.02185322915730481,0.025383476312962117,0.023624882979088824,0.015393020749035813,0.014044744829623923
Курагинский муниципальный район,0.09310573481018025,0.0985049560157858,0.09474691150806436,0.10759274341910441,0.12759969935085813,0.15400576279200706,0.14529471002831862,0.12085479576005831,0.14031274539342498,0.1369685283558173,0.13538251964192938,0.14390709644850297,0.1519221936195656,0.1404691230615569,0.14770681800102636,0.1374249458285508,0.1482463131368803,0.15590703685998974,0.15235808379446603,0.1509780883336731,0.14799225735222876,0.14908178563976904,0.1416928779182136,0.13507557647105273
Куркинский муниципальный район,0.0633552008417837,0.08156267270298478,0.04623635030424467,0.0827084551884294,0.07725305457082143,0.059399269089944084,0.02235958632710222,0.010432012614710828,0.061201639982419564,0.04613153252631008,0.08613975519503825,0.06788549793821552,0.08246052084888866,0.0843910805646022,0.041394753616012636,0.1078036508242004,0.12603688700260385,0.06588924988096956,0.08047873321557297,0.0674395592917989,0.12431673115710318,0.12584096668851252,0.1153443921857562,0.10365014970594011
Курманаевский муниципальный район,-0.16214174686053617,-0.14681164922619594,-0.1416584380746979,-0.19299449085046483,-0.24281841224014933,-0.2146902732987641,-0.17888016796238126,-0.15398971403214112,-0.18000679794808683,-0.10973005073290487,-0.07871156176295635,-0.10123608234678017,-0.11652351754174717,-0.11323571300994573,-0.16320051534717628,-0.10981750191806583,-0.2030646861636498,-0.18213352001994743,-0.1980478593477688,-0.19598752456127855,-0.18458058740656824,-0.1987558880135314,-0.16977053347341098,-0.24999924654494343
Курский муниципальный округ,-0.15129262770710916,-0.13803316270970356,-0.18998428939911172,-0.14373456946727536,-0.14956941933585632,-0.19365931540965597,-0.17556103010303659,-0.1289817882749631,-0.16652081226261117,-0.12265213611997261,-0.09375477096385332,-0.1105510273874355,-0.08089176272632592,-0.09869313450742823,-0.1413969395659933,-0.12494667052598629,-0.12869083647592205,-0.13903043287889005,-0.16756236972036476,-0.07398005947526975,-0.08963772744305665,-0.1107506329828798,-0.0985935164620777,-0.11803563605032785
Куртамышский муниципальный округ,-0.15277356096555295,-0.14475262310409676,-0.1517851068926266,-0.1562201458980983,-0.15506783185064243,-0.16482588651950358,-0.13869449265638067,-0.16023267064122138,-0.1543068315906524,-0.19000807812043696,-0.20346256363825432,-0.1754540411189076,-0.18802062544089537,-0.16718668043272622,-0.16594131580997562,-0.15887129226710428,-0.17050355341642387,-0.1922888944554053,-0.2037586741363242,-0.15382737658910095,-0.20572656532020872,-0.1871387256124919,-0.20082038485693765,-0.16263980706908931
Курьинский муниципальный район,-0.20187870619240478,-0.17922175866144485,-0.19003936609342276,-0.12905762466289872,-0.11999415243981026,-0.06387217313441163,-0.07168723236152985,-0.10975491143304339,-0.09630174663502977,-0.12822619606451724,-0.09764085245097398,-0.12313700588388876,-0.1712616482373921,-0.1954329790875029,-0.1434553907105105,-0.1502571266232291,-0.12873817935674658,-0.10485643875499129,-0.10440273762946539,-0.09248316911432042,-0.11675544392334736,-0.11853419033820245,-0.16066927401145215,-0.1619147607149234
Кусинский муниципальный район,-0.04139193482449599,-0.051116379675590906,-0.03782616767464653,-0.06885657355380737,-0.068283843867734,-0.07813257191550704,-0.0880481312832444,-0.09033682557594247,-0.0881909635535365,-0.06722815111863767,-0.07439753450548992,-0.050840031920223794,-0.075660329225272,-0.059141628289273385,-0.029320942875083134,-0.041725640282310295,-0.046607233811215565,-0.07194360173249059,-0.11209970353117882,-0.07321292680894054,-0.056150749939689604,-0.06606036475724686,-0.052589674272919495,-0.004806051132099753
Кушнаренковский муниципальный район,-0.045765644218807466,-0.06194482749028829,-0.0555789603236434,-0.06007237138193666,-0.06557748226999038,-0.08079972827004589,-0.1230617475767648,-0.10893397757472734,-0.19062972802687383,-0.1465180532802819,-0.20654264820881885,-0.16662703839333126,-0.15501672333639327,-0.13689017540383652,-0.12672814268482036,-0.12729100095401868,-0.16754613801167473,-0.21134757102208468,-0.1922726861781463,-0.20937084025685593,-0.18701777910272988,-0.22063027422005987,-0.2463523895433397,-0.22644522873412498
Кызылский муниципальный район,0.003597697124282817,0.06219372362436992,0.09487118914446313,0.09305694353873939,0.1011167103569015,0.1659015996294375,0.18911736694529324,0.21803439446057382,0.19318389955038917,0.23540339780873865,0.23734454752523426,0.29019457517883573,0.14679094099517798,0.1711231630503285,0.18012571000876143,0.1864181407578407,0.2318303205705483,0.2856666337186997,0.2686162175115143,0.32227628883618387,0.30374392992469446,0.24782230459047838,0.2535299309031238,0.2539517389941359
Кыринский муниципальный район,0.08007940110602796,0.1605568516396687,0.06108533035144248,0.18229644725358263,0.20744464177110622,0.24652643535926266,0.28716066882142677,0.22602780657685706,0.22163361058609254,0.2478501356862406,0.30394015759015325,0.3285541831790013,0.209836130281996,0.18485545086136312,0.2056965978549652,0.21195556060747833,0.18225911728221256,0.21149012349382623,0.1860344775586391,0.19867818562857664,0.13057184566279645,0.18054087770207516,0.22561426887494562,0.2689547230014959
Кытмановский муниципальный район,-0.22903088533714389,-0.18902779807403824,-0.19978042164416898,-0.16370419626980315,-0.15563640134514856,-0.09180476259286507,-0.12984464289353959,-0.16836367814421038,-0.21154985796447434,-0.228972517470309,-0.19535157506876288,-0.18083480038722044,-0.26197733454788974,-0.2869379287521543,-0.24547771503286242,-0.25195930380311005,-0.26122854600356327,-0.22887311000850374,-0.20768236350978952,-0.2747786676158732,-0.24880150136630874,-0.20327168855655486,-0.24317174186882617,-0.2368500716583739
Кыштовский муниципальный район,-0.00526107231835482,-0.04675545489500621,-0.06915229392257949,-0.004731711234327918,0.004128925303319875,0.03418649392850881,0.03227851345623556,0.027177681614810822,0.08964174259210189,0.06187062998127857,0.027181689504761408,0.010399922352609892,0.04412846833261952,-0.01358255176586809,0.004762998505203342,-0.006091647078882545,0.0038636553329052248,-0.00040889761773499345,0.027526299356262385,0.027570179215112844,0.01898156757624747,0.06116405408899617,-0.025928220722862605,-0.00023975476627491332
Лаганский муниципальный район,-0.17216500937645662,-0.17309002551773567,-0.14218334491578766,-0.17148310191879368,-0.11054440302704549,-0.09546475872200055,-0.13095320267133026,-0.11971088853970535,-0.16576396420738604,-0.10303999710933986,-0.14850550665921247,-0.08073793754354597,-0.1414335699507827,-0.12473481302405531,-0.12809571263222708,-0.09802568497084252,-0.12377937441872255,-0.10744764375069948,-0.06627016943302877,-0.10361987118004201,-0.10875385876556898,-0.17328707890387207,-0.16042962102782354,-0.1801185058416923
Лазовский муниципальный округ,0.25622570057046445,0.18402566063801196,0.18598883878368966,0.15669423508073166,0.29875517657142403,0.24829905080767034,0.2094274510480556,0.20384341940001782,0.156465438673127,0.20782731255318332,0.25503512311688326,0.23945459254570522,0.26727201964682834,0.22920508470708612,0.20390372488854247,0.25175482070577715,0.2852127424481097,0.26643467522927367,0.20289684235721417,0.1816218082787735,0.1815533118368169,0.19159332029860465,0.23846421345394653,0.24514628145379014
Лаишевский муниципальный район,0.21159678066574017,0.15979870148963293,0.16759347978316086,0.2918665459149459,0.30070294807164544,0.30918519455021887,0.30446428544459003,0.34609112206682724,0.370561607737228,0.4034262415210179,0.3799737316611065,0.34610241486187654,0.40216673899921673,0.36274100745580107,0.3619790735864328,0.3582426065886892,0.337494500668301,0.35055264739395753,0.3448671036276014,0.36509285054335905,0.38020103493230195,0.3712248016191353,0.38566248081198395,0.3559966317452421
Лахденпохский муниципальный район,0.3763715604217115,0.31922643841773457,0.35189033319311314,0.35681052456296136,0.3571323938097173,0.37908532702197384,0.3465225724747132,0.3440064986611784,0.3638675936698359,0.32807624967405324,0.3047627233561059,0.3175278380998581,0.3119423783063411,0.3154037274055028,0.3135010625826862,0.3230554854545513,0.373576754741336,0.3695470582881484,0.39419579977191965,0.3849305056664569,0.3759522382656204,0.3549647397801685,0.3653889584844858,0.32871226447551294
Лебедянский муниципальный район,0.1227470494802052,0.08769501379920897,0.08492168675704725,0.10361641537479294,0.09966382965578191,0.07811247438635505,0.0765078860360422,0.053767005306216475,0.09418444498657408,0.09471111484863748,0.13074534895035228,0.08446637666957102,0.1657802315954413,0.12570723521116633,0.11201413140572036,0.1116206657191352,0.10609700761779273,0.0871714830005903,0.09394448610307471,0.08315668659175124,0.10914286350067748,0.09911081339810579,0.12006189558213443,0.08413338108206858
Лебяжьевский муниципальный округ,-0.18318056771167335,-0.16845726543595774,-0.15784669827122322,-0.1997783212973978,-0.2007734612131209,-0.24656451228337417,-0.17054793600704343,-0.22277566756132394,-0.18053822602590053,-0.21727717561907056,-0.28056713121937626,-0.24106951464784743,-0.23437092190208908,-0.19272137564410663,-0.17272767084453022,-0.2453075744401012,-0.19726786325966295,-0.21473697606276865,-0.24294218596484285,-0.24606217018051701,-0.26741965342695906,-0.24594808220435027,-0.2697063330612419,-0.1933686532582648
Лев-Толстовский муниципальный район,0.13398181324550507,0.11393056916865163,0.09640267809215786,0.13319236062041995,0.14879591468959852,0.12185893541155224,0.10344040820978151,0.08475128957640266,0.10431959146003145,0.14439209795861885,0.13001119441864084,0.0934218742641626,0.18961067488721461,0.1404295183169033,0.1321136487805301,0.14401982574304384,0.11922499697328526,0.11605089029596272,0.1309428019601775,0.1231184409207362,0.15036632182509813,0.15504321102367413,0.16895204406445608,0.11857419901201638
Левокумский муниципальный округ,-0.1770880185618946,-0.1434964132660852,-0.1573135071095635,-0.1361677463595239,-0.17296129543569627,-0.1753037814688465,-0.14628162031075753,-0.15264933906267864,-0.11892391598462737,-0.1385906789825455,-0.12028372028579426,-0.11497765570136842,-0.08982064105816612,-0.15636360007282768,-0.1688370944170039,-0.17602368725241568,-0.19407871377999797,-0.19516687986867076,-0.1732911451824961,-0.14330797505411041,-0.15182083781188993,-0.17270804009209328,-0.15813186989720407,-0.14986762776097073
Лежневский муниципальный район,-0.08203670864813262,-0.022345902183797506,-0.02368883525359422,-0.1093132557111236,-0.12043330269114527,-0.13713293252768466,-0.10504137055219331,-0.09690283734683369,0.0,-0.07842095678148375,-0.09789704592968995,-0.08644202247990762,-0.17720177965707862,-0.08699066048872872,-0.14994564209328942,-0.11946616022766676,-0.12982768468703831,-0.08476542386388708,-0.149735251213313,-0.1338481992167484,-0.12487036005043706,-0.1449258327410181,-0.0951305821026942,-0.14466951276890505
Лениногорский муниципальный район,0.1722267834322988,0.1004741653882597,0.11646640644160478,0.15986639137585001,0.17834657198365633,0.16274592397119214,0.18010274391444803,0.19248802057457226,0.19553856124241875,0.19929839316662346,0.2014138791091593,0.15774640010881313,0.26777861514116985,0.1851963534990837,0.2176900898457692,0.2080583862506593,0.2009204145295005,0.18717464843409992,0.18168252809579677,0.20114211944117244,0.1895656593117252,0.20099903302562616,0.2014793728365465,0.14809520036736323
Лиманский муниципальный район,-0.2137533156131184,-0.14749893447661755,-0.15321742988755993,-0.15141751279439042,-0.16254183611893502,-0.20065996170233014,-0.16720152478694672,-0.13960787458272428,-0.11277856792489871,-0.1771031931132736,-0.1608721013174108,-0.14276959316711846,-0.17138252337352355,-0.11763492210998905,-0.18794200498733815,-0.16258591479948947,-0.1740640358643617,-0.15322446376202414,-0.17481169667527396,-0.1165711870929993,-0.10798599387205421,-0.16640857947763266,-0.16585984653407948,-0.10065319544771256
Ловозерский муниципальный район,0.5223034662446882,0.566232455044041,0.5386548501012971,0.612656591421004,0.5859948650176516,0.6484747405083535,0.6076510701682931,0.6111324564558647,0.555104581710891,0.5414757620388695,0.5304451026307895,0.5230683079947287,0.553969393838786,0.5529852219964617,0.5732523762729631,0.5504096206186393,0.569462021328782,0.6127109119471079,0.5714662160689663,0.5667849238554883,0.5437043460964812,0.5057881987151482,0.5085861093111657,0.47736091572494743
Лодейнопольский муниципальный район,0.3161720183141199,0.3040590013545703,0.3170117937006953,0.3837201547995086,0.37862845415460455,0.38685772815708397,0.38230963248671834,0.3716935997751616,0.37341681022075157,0.35825380000174967,0.35702338004488254,0.33336303396519895,0.35298651238929857,0.35934218265376217,0.39493393576049307,0.40511359201565256,0.4438732692643992,0.43244744716592187,0.43945715583535083,0.4319304993687094,0.4292939949187371,0.4078434233288384,0.4212198433880019,0.4199712554971935
Локтевский муниципальный район,-0.19219683878582572,-0.15457097775049888,-0.13694663416348085,-0.10495327116324837,-0.1478749823306167,-0.08858023224506972,-0.10766962839742966,-0.12111163064313502,-0.14280883574300773,-0.14989521911981996,-0.12080791173250915,-0.12437775581042132,-0.16589744286643437,-0.21479239308002995,-0.17391262210394665,-0.13146697361491988,-0.11715885487336841,-0.09088028591778041,-0.11429057874522286,-0.13729428950475686,-0.13887309455818198,-0.14052528259396446,-0.14125303186145644,-0.18562838820215433
Ломоносовский муниципальный район,0.502586977089619,0.4665122736050389,0.47160782552921177,0.5691333793704985,0.5753732716142501,0.5803689885377885,0.5751556160736957,0.5898644524748367,0.6099788562532584,0.6360028069902999,0.6292311133042396,0.5847585050804032,0.6399975429563085,0.589916375666899,0.5898004765471327,0.5858212766682964,0.6079731845724314,0.5844925635463376,0.5788566018147225,0.5826747227701041,0.6148899763670741,0.6044592334245387,0.6240726630899296,0.5981400370272709
Лопатинский муниципальный район,-0.24217926017410818,-0.19742415302694383,-0.26932962137912675,-0.3769741397557844,-0.40254880391237613,-0.3508336732146997,-0.33775189852004317,-0.3266047893517232,-0.31762817582413483,-0.3385366153649034,-0.12490606279468786,-0.2579534894171047,-0.2700831526325924,-0.23367002458793706,-0.2939707465303716,-0.23832505600713993,-0.28746009686818397,-0.35543175432646734,-0.37041233879805624,-0.3615058164252076,-0.3693912556287895,-0.3389511569193875,-0.2987787786655218,-0.33935996373845256
Лоухский муниципальный район,0.4053414277334326,0.3997802699532329,0.3796286460895253,0.4424853791251646,0.4676461504722571,0.44624266363686793,0.42933390087928913,0.4510480812147577,0.4482082381667052,0.4201865870531982,0.43156092292474213,0.3765197955342341,0.39553718254427395,0.4242326368918885,0.40658541693262684,0.4087633335666965,0.4551587220905997,0.43971636174596895,0.45317857766377223,0.4370587157356294,0.44420760151091265,0.39922221285285175,0.4097963821484143,0.4041857512673026
Лужский муниципальный район,0.3570882787617169,0.33861688851416005,0.33694709978173165,0.42714047465084803,0.43289565542754715,0.43536353109834636,0.4219776989690587,0.44475893714189496,0.46075906722697546,0.45809415309981816,0.4517569907151646,0.4422633565016998,0.4692458822014647,0.46263871409073687,0.45475531824085635,0.4547685985257619,0.4875805144855878,0.45233069770582723,0.44617530208047995,0.4683541463783012,0.4830203430635578,0.46851091736146344,0.49280073527211243,0.5015222069065057
Лукояновский муниципальный округ,-0.02811181867387269,-0.0023757682922731505,0.0008649928835975373,-0.01441566654888149,-0.018670091287166457,-0.024398012700768135,-0.0365701653890973,-0.03267791052532054,-0.025013160977428228,-0.04666096412754506,-0.047775391831379466,-0.04349294282396343,-0.08515215039159685,-0.042549706473515414,-0.0366152342061028,-0.041286021864010536,-0.009998200796783152,-0.018193195845904953,-0.029127289511311716,-0.04486219032150984,-0.012828467511996067,-0.03099745329354775,-0.0013071363325156682,0.008932588118510054
Лунинский муниципальный район,-0.10879981372716685,-0.17297247526486714,-0.11770333396837351,-0.1945183703322204,-0.1638025090267181,-0.23611188391329918,-0.273846859361603,-0.28820347288377945,-0.2752520447956659,-0.24366488249116713,-0.18355832331899435,-0.21757957581032095,-0.2025055583622617,-0.13162549645555366,-0.21815332468131743,-0.24079022338631262,-0.21993317562376902,-0.2336126995310277,-0.21845321862515021,-0.21475509212876354,-0.2067851025207741,-0.20247622266992416,-0.16273266398032504,-0.2483296503750303
Лухский муниципальный район,-0.20792888240720053,-0.06595010293696824,-0.13658108936711777,-0.23790317348346868,-0.18953206961233704,-0.19847803543494713,-0.31501926866990004,-0.22053679639448376,-0.24954797287145425,-0.2839971889937907,-0.23276170371248384,-0.11550489648686835,-0.1440766656717507,-0.17736598756091304,-0.14907783758409998,-0.2177702188624604,-0.2310942385987218,-0.2119032528832676,-0.18537660599549177,-0.2297379421915693,-0.24521815730765795,-0.274644078113651,-0.190544026644222,-0.17950361312109386
Лысковский муниципальный округ,0.0981634272466394,0.09536410899531056,0.1113047375611238,0.15866729911620858,0.1634530724895722,0.1657379134155441,0.14433259329745596,0.15621171067807005,0.19216724669040985,0.18062544668965508,0.16469582510295844,0.14499151147903255,0.15746237399518037,0.14193339702364227,0.16115419246516893,0.15136932216848642,0.16511504053290338,0.18717464843409992,0.18384425965249207,0.15485182317193846,0.1718457240097493,0.1785058059418212,0.20041088964697806,0.192401857951916
Лысогорский муниципальный район,-0.1386097998588003,-0.10916887001250863,-0.12516010658283427,-0.1719601158208679,-0.17620711060782845,-0.20130956163068525,-0.22138437304469072,-0.1436883232638877,-0.14811237530494026,-0.13875519325453034,-0.10097649816819931,-0.07586845107269191,-0.1345357814510706,-0.09547882808872821,-0.1046826480097316,-0.07289861946385301,-0.0911977682512326,-0.13102908003479818,-0.15924093762517444,-0.17581757150109212,-0.19039818120881513,-0.20337116629849206,-0.1874372854813089,-0.12620021020276262
Любимский муниципальный район,-0.03237295595998724,-0.03767948500334839,-0.05784451285808245,-0.04703907430854848,-0.0831953876229452,-0.07818480078241308,-0.07677757172913857,-0.07030126875568143,-0.07195215791599274,-0.04077624736477503,-0.03629020343236178,-0.0601524349586775,-0.06778239581856127,-0.06195007483790249,-0.05662373084660999,-0.07799231794303907,-0.055499685689152756,-0.09897167232688453,-0.07686362513539358,-0.09565867257662752,-0.05029202346013584,-0.03788707893269816,-0.023375971476498947,-0.05288071084038393
Любинский муниципальный район,-0.03324928420097528,-0.06960041779572101,-0.0720360418581123,-0.08781062619467761,-0.09420584432441359,-0.07896856130533081,-0.08617769624105343,-0.08296375142238155,-0.10765868005831258,-0.11491099435550645,-0.11011652719999354,-0.09316682455587788,-0.10311117735970754,-0.10085856403292581,-0.09331524321084395,-0.1189910105465799,-0.11025648627003193,-0.11461973543392823,-0.12889925191080565,-0.12143238520429023,-0.1317243964782282,-0.0885105556763417,-0.07363392913878464,-0.04963641254756723
Любытинский муниципальный район,0.09849969895734745,0.08896221165161755,0.08872167045064216,0.16213217264999358,0.11570403282854969,0.15499905813069148,0.10819219906907662,0.10665211058918622,0.14330791258058007,0.12680171484539393,0.1025453491347399,0.1079023099679457,0.11079941020982531,0.11386081531224512,0.1498534325421801,0.1377557248160759,0.11522676863504877,0.10812028682988561,0.13440440439578616,0.09715861581339169,0.12769556165281593,0.10398770919067957,0.11458024172010361,0.09019124734555817
Людиновский муниципальный район,0.1558982376633793,0.09397000448152504,0.1410126747706837,0.14711694013240972,0.11817236795641506,0.1292292957542731,0.12550650743877512,0.11664787469446836,0.1358461514703908,0.138133399311684,0.14137080377170896,0.12570424670370173,0.17778775182377693,0.1363020369641159,0.16355422185283786,0.15780114199249695,0.155469917713134,0.11681504076161531,0.14596081348189038,0.1637317667256255,0.1809426028565806,0.16428091229527908,0.2165496257575441,0.18471594822351278
Лямбирский муниципальный район,-0.007821893180029349,-0.049764536283527505,-0.006350968277754276,0.04995407633584392,0.045018783146867136,-0.012882704116556454,-0.021970669435596335,0.0172815098070771,0.052724644646275465,0.021908336113893867,0.10505843946261884,0.06898243029435847,0.1291361176383159,0.12297037445105907,0.10538542504991355,0.13724113243539016,0.10144426574334275,0.14394264612834284,0.13153807133713968,0.1370244532928968,0.13723866257402406,0.13226222162884227,0.15251065109475626,0.15363195431439536
Магдагачинский муниципальный район,0.2530619861170269,0.2526044358430326,0.22507282406740003,0.23495520361670152,0.23794775651972344,0.24976756279142975,0.2560499519507804,0.2771284642720264,0.25790530848680504,0.22455557665996828,0.23521665297025685,0.18869639136632088,0.23844497065708659,0.21823658629336506,0.23234260950211372,0.20843509213343836,0.2075040742416121,0.2184146738652366,0.2378397898796596,0.25368289496075214,0.22944524545991385,0.18689074873571876,0.15471618683100274,0.1737806204054948
Мазановский муниципальный район,0.0684662403763312,0.11172247782810807,0.06446450673889004,0.12883121628829208,0.149718307946058,0.1603623285468423,0.17746779838248727,0.15451856358014382,0.13481255964710748,0.17105599567350538,0.1389474413837526,0.147697415379346,0.131281945275596,0.15247595956043014,0.1416356337967919,0.09745111869000311,0.15329402643392243,0.16589615634421406,0.18121631209614364,0.18429274123027461,0.1470261814029783,0.18426112008805084,0.12190654752034469,0.15627171650899285
Майкопский муниципальный район,-0.011246554061393965,-0.042722982905377904,-0.0074975207205412175,0.03948529075282714,0.012672479141151882,0.011860029061571353,0.06028113939199642,0.06821987479811398,0.10985707210828188,0.09999479972633374,0.11197859380885689,0.1220374375585358,0.12474070331389697,0.1073320452330524,0.08263570039537882,0.08590720105326888,0.06134912473145171,0.09897905104110727,0.08822174909400893,0.1259500661019839,0.10135197543348973,0.13609527572561575,0.11759705454880631,0.10559336525858143
Майминский муниципальный район,0.18868806048637055,0.18972601850426152,0.19760616589879554,0.2499296726532183,0.28175037917811707,0.3346005016814697,0.3451126668359752,0.37159844776976136,0.3757899340249242,0.3565842390422773,0.3386471451444155,0.3537183457132542,0.2982054861205121,0.30849759956820577,0.33112610903877915,0.33937805239900776,0.3537569377830181,0.37304405838308696,0.39041997134724227,0.3978871062360785,0.389403643765565,0.3863149183058141,0.35356360590541414,0.3775681662205681
Майнский муниципальный район,-0.1736141480227733,-0.13384218415654203,-0.1449699604575425,-0.13042983757118698,-0.15762894420358364,-0.16899244030550697,-0.1478919266168628,-0.15382877414284302,-0.1229303761877496,-0.21266069014750677,-0.18484320380636987,-0.19586628022888064,-0.18795917206862178,-0.15700329304202754,-0.2095157388453721,-0.180408664415447,-0.18057483145901188,-0.19700717284533198,-0.16473378024249286,-0.20484120730207245,-0.21182851299342964,-0.2076580977429554,-0.18630547914539797,-0.26123134481954047
Майский муниципальный район,-0.22014016859973395,-0.18271712641936588,-0.19567318381167986,-0.19665571046375696,-0.17209366661069936,-0.20426761857079967,-0.20401755169346814,-0.1935517054367537,-0.1351034151821544,-0.19046999856285574,-0.08866440619257965,-0.12172088846353724,-0.15086315420107965,-0.13919239492215674,-0.17203709714767434,-0.20205873138003305,-0.21017851129692033,-0.21823960661397024,-0.18807150656775384,-0.16096430557579922,-0.14199507732141115,-0.18929442680494546,-0.17549509187072054,-0.19565665059559656
Макарьевский муниципальный район,-0.22073483642921055,-0.24307842979141903,-0.19877981007588552,-0.20660848660662445,-0.1708225044819418,-0.17564918473058455,-0.18583062547951457,-0.1857678342665725,-0.19248097217326254,-0.17300855590920783,-0.1970477364976322,-0.2509844681807145,-0.14908832086527646,-0.18145597281243653,-0.20008963792110812,-0.16910740648754974,-0.16887589269554226,-0.1901605495531875,-0.1678456692170407,-0.18420803574214695,-0.1873293379379426,-0.15715190492589137,-0.19837825949358923,-0.20941121809364027
Малмыжский муниципальный район,-0.12062934683048887,-0.14589600305944117,-0.16760078171550674,-0.10445141708072825,-0.1157771632502076,-0.1281978998340385,-0.15095867101055482,-0.17196237341292964,-0.1766476292767809,-0.17040128809430044,-0.1941659715424464,-0.19782084905842012,-0.15044874458084578,-0.16138551467661344,-0.12413960141121905,-0.156846450229013,-0.17778640162856263,-0.18061417255684553,-0.1772398646024289,-0.19147002360678123,-0.19651185145964156,-0.184499427892721,-0.18566632870204458,-0.20882025142384464
Малоархангельский муниципальный район,-0.03324928420097528,-0.0166998721628957,-0.0022798787860871528,-0.06397288659937317,-0.034364920374351016,-0.060941655112115356,-0.06395178445741756,-0.07133802429768288,-0.10169112792600998,-0.03112676753820942,-0.025268960050874867,-0.051375727822598805,-0.05645773738904403,0.01967661298132306,-0.09395352170429305,-0.06665792630229106,-0.0733014120884885,-0.0851214699756202,-0.11805756826634273,-0.09243973900421842,-0.10038720942920243,-0.08020845455812875,-0.07561321328432236,-0.09066686709636684
Маловишерский муниципальный район,0.1353715387668064,0.12297682794384812,0.12425985984737231,0.13103619160395574,0.14104785504262551,0.14589845302851145,0.12966655259154614,0.10387841337924364,0.0955746109092388,0.10679637566729205,0.08392047213658493,0.10646014576857254,0.12312119690927226,0.11198815558895348,0.13385827903440628,0.14675490758591003,0.17414357492594412,0.1294297418636141,0.16547112739980996,0.14558429517292915,0.1753571033891319,0.15996676731008996,0.15170424185097886,0.12521350429664935
Малодербетовский муниципальный район,-0.16563847224671946,-0.18878893506084005,-0.2298727365898774,-0.1743486044466671,-0.34945529628623717,-0.2400955866658414,-0.23412710503644085,-0.13370224181110402,-0.20511271907916218,-0.20115348866892013,-0.1840609060463123,-0.18506611840698284,-0.16535659372011047,-0.26376901530965036,-0.23544542222050424,-0.23698783562120163,-0.1918069607773365,-0.24347266524442368,-0.20679819015422218,-0.1977713023031491,-0.1762252858207063,-0.2438740381133595,-0.30451894234595045,-0.2022587136867795
Малокарачаевский муниципальный район,-0.2633346826984191,-0.26558280602928974,-0.3125219601120133,-0.3720809402900951,-0.34011007607224997,-0.32162859613239725,-0.31128023582749265,-0.2808066729519165,-0.3271572433008707,-0.27440418390337307,-0.30857632272019053,-0.4870310975478098,-0.23154261121680797,-0.2888829816386487,-0.35530584795040454,-0.3314324504300714,-0.371097464603956,-0.4042598333537146,-0.3014850065739658,-0.25404451929924043,-0.30257728790133065,-0.3264969908504778,-0.297568724065421,-0.31875343355907226
Малосердобинский муниципальный район,-0.21921583207545048,-0.2091768781157377,-0.18910347458851717,-0.19628898470938694,-0.18138741380215784,-0.2293454220576514,-0.2580689893632204,-0.3009236196942666,-0.2050521882235401,-0.17590719103432306,-0.21163987868320255,-0.1749408736984428,-0.2050652600876397,-0.20098978378394605,-0.17693070815907852,-0.20360847856488107,-0.22351824687845046,-0.2008978401633872,-0.283723880611614,-0.19127824147069994,-0.22857338983179787,-0.1492515870883846,-0.17209521487677115,-0.2551574195600743
Малоярославецкий муниципальный район,0.2672002512864555,0.2355636300048598,0.2534325858215034,0.2726293577077712,0.260445338476881,0.24728112389740176,0.2666818976895424,0.290667217840582,0.31423580341551194,0.34876711235842706,0.3609175923326937,0.3282440488319551,0.37247270963124457,0.3198821637913891,0.2933330329362178,0.2820464676760732,0.26117243794860556,0.26834334146368377,0.28114273061949113,0.310503299671236,0.34279471528465244,0.3409211752612773,0.3765159905675244,0.335664669922485
Мамадышский муниципальный район,-0.1208685669739662,-0.12989384578788155,-0.16174763035617268,-0.1657766131527012,-0.17824110811279326,-0.16505374183236654,-0.12463506445259576,-0.15985483348453933,-0.1900929113368779,-0.15567943991861455,-0.16349519697960524,-0.23199229649673114,-0.1130394919710973,-0.14218271795416548,-0.14044096224544766,-0.12103575792440147,-0.18798190200923237,-0.17266310508384208,-0.17272153392676515,-0.16511223872455538,-0.13064421765272094,-0.1836699774780115,-0.18778200269349732,-0.21963942397324843
Мамонтовский муниципальный район,-0.21408153959610843,-0.18378594666243764,-0.19994728762336322,-0.1772822991117451,-0.170533829210747,-0.14430540774532297,-0.15869408404451413,-0.16147514169752952,-0.15183592098139087,-0.20372523595110437,-0.16212814276807208,-0.16718223411407962,-0.2185330533303187,-0.2113519903746237,-0.20034323262740905,-0.17758394626990004,-0.2023509830338437,-0.15270044212222977,-0.20704371545683742,-0.1889797201311989,-0.1955164876768034,-0.21442487126383902,-0.1905934178970412,-0.1944080031346047
Манский муниципальный район,-0.04515549915176109,-0.056960687690020606,-0.0516385419622587,-0.09689834329677538,-0.1047441428300857,-0.09228139440382144,-0.10509283868056585,-0.15029463391816833,-0.18284435010029831,-0.16031981947511653,-0.11630881965474771,-0.10536051565782678,-0.058939262102079226,-0.029180586549287568,-0.09008451667314432,-0.06909530056243796,-0.060042040966866495,-0.08329807216993679,-0.10068674131624356,-0.10753618165739098,-0.12638399526044886,-0.10446798446140981,-0.14257030717425323,-0.11688018991962323
Мантуровский муниципальный округ,0.01379114394104164,-0.010785660858310564,-0.013019345904847768,0.08340169611740578,0.08483887993702943,0.04997861131710479,0.05274946653333501,0.036089999418015495,0.048552991733393114,0.024660011007329175,0.037976073347971706,0.036559202061443585,0.03379461042451837,0.015781114737965396,0.03431939381768068,0.06011095313136039,0.05644359520340814,0.03198373875794758,0.016237337453588907,0.03045485207452714,0.03623998613428192,0.006231053945665366,0.010719173649363256,0.04463935664757912
Мари-Турекский муниципальный район,-0.24746024739667405,-0.2560219516544304,-0.2885326192831297,-0.25234084606560003,-0.3020632851379954,-0.28879364011812747,-0.256630571374723,-0.24227489261275892,-0.2848427234299482,-0.309235324189304,-0.2339352750242707,-0.2874732714905388,-0.2549875269927675,-0.24286642243636436,-0.27264233615595934,-0.23282716391251768,-0.2844682391319946,-0.2833173018110031,-0.2656476173138653,-0.2505285025302211,-0.27436432182550874,-0.2758199200449596,-0.25384855863238975,-0.2929929539027789
Мариинский муниципальный округ,0.008654864305414733,-0.002474881231549375,0.026960655257292743,0.0898488747928674,0.08720606208710002,0.11426151717438238,0.1293001851208775,0.1237850815245558,0.12463512613803829,0.12385372366007275,0.10346754906595912,0.1100090523201871,0.11298490486472446,0.08124451087314988,0.10418907377816744,0.10753856457494315,0.12059109218472308,0.12748827292847942,0.15338607963594697,0.1416400580701236,0.12909689125134705,0.11854939867044578,0.12103889987544214,0.13988105380404114
Мариинско-Посадский муниципальный округ,-0.2284312650786653,-0.2044349396295786,-0.21847465342654537,-0.24859914761594304,-0.25436480358559344,-0.3196982863507394,-0.293910305459665,-0.3148153392434896,-0.29837294336741316,-0.3264217098187121,-0.330385136428605,-0.37251741763476964,-0.30635691145717203,-0.295598103630649,-0.2769594007038343,-0.29815381626147186,-0.37915347594893944,-0.3428537012379316,-0.4001093568015648,-0.38038242041373493,-0.3946291882186532,-0.3929012927313842,-0.3044082432812445,-0.40298530864165905
Марксовский муниципальный район,-0.019751746097407263,-0.021789967567604762,-0.02112706017364374,-0.03781759012173325,-0.03517129074361769,-0.041822752723359,-0.029768721409533683,-0.005673316109479742,-0.006331326486643363,0.007324646302659943,0.015217484469282283,0.015617426314086913,0.025588929186673326,0.008667492376050134,-0.009133626210820367,-0.008470678746004268,-0.03991359383230808,-0.013997182128356656,-0.028346569154436452,0.008673081253428805,0.045417396558331546,0.037208036364697605,0.05561508457304676,0.05165624221264942
Марьяновский муниципальный район,0.012954367572985959,-0.030416397476537682,-0.02808239221594455,-0.08737210182214028,-0.09527610717608148,-0.06073632684282515,-0.07303215548024866,-0.07643868655585528,-0.09002365056930017,-0.03507427093726179,-0.09390788296558128,-0.06081796470330403,-0.09490288929874602,-0.0637457995554449,-0.07006990627425225,-0.040143917632681436,-0.1263737766852877,-0.08699279470634913,-0.14570867969334245,-0.07692619853756355,-0.08770845126409554,-0.1012291152332665,-0.0802468351314296,-0.08543105723711975
Маслянинский муниципальный район,-0.033139701164319746,-0.0042605959917842995,-0.04057342214978554,-0.01253237889276626,0.04301584794527358,0.025230860283278034,0.03402664810434075,0.05498667701728799,0.051741889577359146,0.04781675986144762,0.048743696847568074,0.04104123438520446,0.017365403563728066,-0.010860457303181192,0.00145201129039485,0.03236662763865006,-0.005091193236339109,0.013562007443354673,0.02109666200885485,0.031107556019682292,0.03557528584808267,0.040877192282486874,0.022881892576288365,0.011102521837660362
Матвеевский муниципальный район,-0.1474770036550801,-0.19875001352371058,-0.20145033575335525,-0.21709798476510045,-0.1975063580070664,-0.19588949416134582,-0.2151595690831094,-0.18754167065186422,-0.2004022809957391,-0.22209388281762266,-0.21803372552814082,-0.20169357986747372,-0.16848554506644753,-0.20607345161340085,-0.21779193176584855,-0.1818240212710407,-0.19955207023745558,-0.19601199935423175,-0.25014583425140025,-0.30536468060153155,-0.250736326039112,-0.22850533079548718,-0.2502245099168814,-0.21606251673598642
Мегино-Кангаласский муниципальный район,0.2634196821379611,0.28386820418688075,0.3085169810539181,0.31287307080916626,0.29716529367103206,0.4166884985997701,0.34645703952800133,0.44658509888175857,0.3850252283546052,0.36963244953254204,0.27587997469991876,0.3935172209508764,0.2516368802765374,0.27852491858722317,0.3033452852111225,0.27415845513487014,0.2771056090551003,0.36362510289268535,0.2893077566193032,0.36786487411033697,0.336416868871682,0.28032902326144615,0.27540139649746465,0.38063892495380536
Медведевский муниципальный район,0.138006708225884,0.10893332272719825,0.09429109465566832,0.18988424318515307,0.18597369322085733,0.176807986986649,0.16736768717455597,0.1944968525272337,0.23079626144859056,0.23574286032967962,0.23473908927071463,0.19635084940962244,0.260702053501511,0.23531114649310503,0.2463942098935199,0.21607548676053945,0.22094333040460867,0.21683614157218756,0.2209851908296443,0.22930130346280642,0.26482573902118034,0.2686077292875648,0.2938576006419371,0.25911875058258893
Медвежьегорский муниципальный район,0.31709883822985674,0.3151946103562757,0.29761842385338966,0.33157472556455936,0.3138054481105943,0.30260423417170834,0.29467728745698807,0.27167524000561194,0.26367952298027575,0.28039955655600934,0.28115554702417533,0.25904571072354265,0.29880996685220573,0.27118467373350974,0.27350811298955335,0.2686286056524203,0.2951776366645351,0.295845383090942,0.25799968994814293,0.26410490894527605,0.26697127300921863,0.2773500428172362,0.2837965075313207,0.26470609347916607
Медынский муниципальный район,0.13615819344285285,0.14758946932381356,0.13271123492602221,0.1031635578360337,0.06692687585860391,0.07147895089071987,0.030752001239545024,0.029859726939866604,0.07844463564796378,0.04990795487729294,0.09064848252678814,0.10642494503639277,0.0786551088196763,0.07724458974889359,0.07314967577101328,0.06403493604939214,0.04018242940271932,0.022755351865157536,0.08349499387063375,0.05616145415404361,0.09878047865295159,0.08712975080412733,0.10131511499898593,0.08752779613372219
Междуреченский муниципальный округ,0.1146037203351078,0.0672908107914445,0.07207913461959414,-0.0303872475523832,-0.07329952836390063,0.006931435693726229,0.09559657277112343,-0.021149316031266352,-0.06031033759615312,-0.04981704219253835,-0.11146619517896106,-0.1442610851613111,-0.062131128265136226,-0.04088656370140775,-0.04818006261218066,-0.05415860356818314,-0.02576190702567338,-0.08909105659808425,-0.07479617382396597,-0.11403847151371593,-0.10353441530765117,0.0008925311964151916,-0.11019362841378921,-0.16975698701685893
Межевской муниципальный округ,-0.20090629031078144,-0.1938770906612497,-0.21700239947998234,-0.1693988373560149,-0.15631911173179702,-0.12064904280599542,-0.14093258375366702,-0.11851920942663163,-0.11831322894274621,-0.1627885409219445,-0.16376883222553218,-0.20198104633169933,-0.1757437877822543,-0.16680965729519848,-0.16657864883804585,-0.07126685407594735,-0.0625646684912553,-0.14383383274314454,-0.09351509784554501,-0.08646440189214744,-0.1031524078538606,-0.10667822916462022,-0.15813186989720407,-0.14538215829752055
Мезенский муниципальный округ,0.09440872946886891,0.20739833316176437,0.16280582585046766,0.084094456796306,0.03984020431071933,0.12701963182880682,0.11812276727167692,0.14198717066007127,0.025268499535277655,0.031714386574517306,0.02980102894211001,0.0010957189794709166,0.04932833425871053,0.12566704147736374,0.10889145228832753,-0.005243362683103214,-0.027215147151494534,0.07271703754884484,0.09804322413592637,0.11926014079939762,0.0684013033259312,0.04612328432657442,-0.03286466471952032,-0.07290216623712986
Меленковский муниципальный район,-0.006167279901893252,0.009202141553801724,-0.024341972668928236,-0.022857557516100968,-0.05297531156325519,-0.059095216673997086,-0.09007416652017675,-0.06985727378033069,-0.04642375376496588,-0.09613159784720615,-0.06428763490387013,-0.0680424339346235,-0.055488379781769126,-0.01141350368099836,-0.05842668201770529,-0.029966713016404967,-0.03266218084192474,-0.08485442350794692,-0.07110264617542228,-0.045566430289305515,-0.033854035438483976,-0.0594051975833505,-0.05988755833057624,-0.0645750514851624
Мелеузовский муниципальный район,0.15816324429423112,0.10150198359962381,0.13474331053314081,0.19704383260695302,0.21830319523254538,0.18815711073322205,0.1983174852822085,0.21681318975704222,0.20466109160967427,0.23086618494338396,0.22164621786852656,0.20484081662748288,0.2600740853502579,0.2032114776018279,0.22015823865391582,0.20593247679548554,0.19631329094660543,0.20578264848347416,0.203450795806706,0.2207968023857454,0.2230229687279106,0.2144198402070039,0.2312989631617164,0.20061776753596305
Менделеевский муниципальный район,0.0907366955800164,0.051780124650329995,0.058554172175595554,0.027587614896658508,0.03312892721387328,-0.04308267477487071,-0.019416268803508885,-0.03291554746472514,-0.07020515516880188,-0.06799429769440835,-0.04538997580844928,-0.06573997347213378,0.045005105996514416,-0.018259677150515685,0.0005395646259529485,-0.013160318991566555,0.02263564276435126,-0.036765938627807415,-0.059297944946919756,-0.05259450903798246,-0.07653567300115327,-0.06580024163083387,-0.060667995414933173,-0.13196705910253925
Мензелинский муниципальный район,0.036787790774152285,-0.025637294374606157,-0.003376069633043599,-0.04441067559197798,-0.04765179366748029,-0.10111358802469717,-0.09408768576454385,-0.08221444449619675,-0.08153536494180003,-0.03789640426223251,-0.08077481891741556,-0.09372568792833391,-0.029979503821103037,-0.08188266257391952,-0.06793476912575969,-0.0789046435240639,-0.08764730705875579,-0.07952841562265789,-0.09259487254452559,-0.07244638218406152,-0.06691265171463101,-0.12109641721579756,-0.11700773110650076,-0.14526334876885727
Мечетлинский муниципальный район,-0.0736718151384359,-0.05963329507149773,-0.07871517483075152,-0.048935808280772264,-0.03270383223160778,-0.027868688999342695,-0.007627943962859263,-0.023124300215032534,-0.03870607808423365,-0.05056995978363332,-0.07840997844827946,-0.026824876419157206,-0.05231761264857049,-0.05249100136617635,-0.05847069707086128,-0.0711309937401623,-0.0376202629554836,-0.05391960487732028,-0.0358915965985247,-0.027944647976749337,-0.027814136098246678,-0.04745977264346379,-0.08294864166922622,-0.07777644197820699
Мещовский муниципальный район,0.06385256482299084,0.07199409792325895,0.09503686863786243,0.0316341309123338,0.04240951878325383,0.07547330128596563,0.09239103626271117,-0.025574935307369984,0.028532397988151104,0.05412249445802075,0.03564715792772155,0.09331488234195007,-0.016222121651781052,0.013310591302847286,0.023469669542901528,0.04106657681287196,0.033240882821617745,-0.0341398199598455,-0.029990900693233513,-0.015361285161487714,-0.050790268289830465,-0.06580024163083387,-0.054527701107469184,-0.03523687834960576
Милославский муниципальный район,-0.005847348151270637,-0.049037376847756775,-0.02238383879695327,-0.004731711234327918,0.010410960073105713,0.06561568314639743,-0.0323497380416633,-0.052790427584977095,-0.06519287781160088,-0.10706990870881405,0.015171718926151101,-0.04923466388449782,-0.032711745957975324,-0.03449737042921264,-0.014974347061036397,-0.0006750200652891891,-0.04979591452204701,-0.07211934093596639,-0.07273298805018769,-0.08840896098208972,-0.09251502005804113,-0.07573279987328618,-0.03370872469788644,-0.04668963210636434
Мирнинский муниципальный район,0.5570304652067044,0.5586831234150491,0.550675019394923,0.5839739632195649,0.6068789428369588,0.6763670783513067,0.7044352821753428,0.6920657386855869,0.6661857123483017,0.6306560814676576,0.5894941314835886,0.5827492004534864,0.6440705408965322,0.5674567272487892,0.5748190966533002,0.5930726008094727,0.6235788259747537,0.6635444298444035,0.7112095329926404,0.693839845268668,0.6583126654992828,0.6281485595455205,0.5846157222295396,0.5745525999365828
Мишкинский муниципальный округ,-0.13897516339958393,-0.15821270552450528,-0.13804407097504345,-0.1336964097185156,-0.1636305054715539,-0.13896286067301133,-0.09755530780117105,-0.13833944251159558,-0.16669555088320287,-0.16577034290057746,-0.1914050175417863,-0.12966818538136238,-0.17186617007904026,-0.17064035609056027,-0.15004211131968148,-0.15847587905515148,-0.1512411636636255,-0.14142924873250884,-0.16770400943637753,-0.13072976404098036,-0.1589132444943555,-0.15354880995499265,-0.19554490355311316,-0.1184596343606863
Миякинский муниципальный район,-0.087980348292783,-0.1483013647369038,-0.18482057763975845,-0.1752457605222748,-0.17203585144576472,-0.20658099267840235,-0.19609402843473944,-0.20291669747559915,-0.20414466479252802,-0.24409133471974975,-0.21261646931086986,-0.20361158572997695,-0.1294804233473723,-0.14581458761993993,-0.1408232435135428,-0.14732069814414928,-0.1600929310078314,-0.17460844175412937,-0.20601291404024735,-0.2049384032004813,-0.20837501223085653,-0.24906723632400052,-0.2155997218843435,-0.2132186514096599
Могойтуйский муниципальный район,0.0011124355537361907,0.0749797917881736,-0.02345567523481762,0.05785286121745159,0.0873398861087118,0.08167992521554801,0.11242474615703912,0.13481839408917118,0.0782166738533725,0.0787787079755713,0.040656561014387194,0.09313653702928448,0.04592961278936514,0.03910501157207236,0.0030674870678613075,-0.0024913975262581545,0.0067206226820548665,0.05554001833461797,0.09325366490738674,0.09748192071068473,0.07995657873846795,0.08209496291082274,0.024476534917074133,0.09605709879834201
Моздокский муниципальный район,-0.03007624143807952,-0.021537372148342726,-0.018896679619841095,0.005958210141148612,0.02266754094952894,0.03432652053379215,0.08471516472927831,0.09035566975115472,0.13662064486137027,0.1321699545447661,0.16406505949030858,0.14536400771604718,0.12765818557808828,0.08811220955789523,0.08515526653071603,0.07175850362394698,0.055459594966571046,0.08063059809134998,0.10841422094461173,0.11841634790047806,0.1228705993071042,0.11725074403823399,0.10752985543108196,0.10577823661945374
Мокроусовский муниципальный округ,-0.17797420674496855,-0.17485493949510378,-0.16057040419281954,-0.19567807382228253,-0.2378663748842591,-0.24452690854051262,-0.22196270861109646,-0.20500349781552707,-0.254369093602671,-0.21709922384353142,-0.2587233008088905,-0.21913827071917424,-0.194865532380593,-0.2528521984267105,-0.24611472535273649,-0.20837606804835396,-0.18307108837183073,-0.2183413153203233,-0.20439522697946266,-0.23383160274338088,-0.26494704750298226,-0.24439214599500758,-0.2150428021423334,-0.20297166638950337
Мокшанский муниципальный район,-0.06520657696098198,-0.08692149662034154,-0.09801925686377011,-0.18305501508251254,-0.20494708997605038,-0.15948617830843226,-0.1677493499348639,-0.18831871459394378,-0.17570672947199384,-0.17119408500994027,-0.1473202894102439,-0.15202555761525183,-0.1597848811364173,-0.14286597554256808,-0.15676962501688507,-0.17788621327471965,-0.1668573310963719,-0.1564699801656655,-0.1766680003093004,-0.18759358602784637,-0.17895113419249853,-0.18250015866650138,-0.15207774581642752,-0.17823403170760344
Молчановский муниципальный район,0.09411932178789861,0.13150863436573523,0.14732159518783305,0.037213825648398924,0.054743333038862474,0.0774868599231926,0.10360752050963562,0.0794552280503229,0.03712105656599718,0.035683744689377406,-0.014273588611995791,0.09327921582389109,-0.02318138110728185,0.05501908280674073,0.08022472354773846,0.06904629111642713,0.08792670886131759,0.1229796177047735,0.14305825442957776,0.0983435564357098,0.10906564044183398,0.06751980610785502,0.016156486922378477,0.07594581262253364
Монастырщинский муниципальный район,-0.1606468851682763,-0.1571708578872908,-0.11698630448822911,-0.16116394974062054,-0.15245656787821105,-0.19953891842476246,-0.20152052979561397,-0.230970069695692,-0.24575817551086665,-0.2319178506487347,-0.2305942209506764,-0.2068325100827142,-0.1952368654706369,-0.19881895551222506,-0.21202733707998433,-0.2124881941874559,-0.16410683820323335,-0.2755864888792843,-0.19576292191863054,-0.2527181915018897,-0.20980809546223966,-0.21759843763794073,-0.1747169574087355,-0.24115583018621223
Моргаушский муниципальный округ,-0.2237134916184509,-0.24648838510368698,-0.23033137330031828,-0.2722507697072789,-0.31551922673892463,-0.34331586853484986,-0.33561077848065324,-0.347609362873456,-0.3168832968325237,-0.3652084824679527,-0.3334286874262329,-0.34543949564036325,-0.31762659594931186,-0.29921851687549683,-0.2949181648864112,-0.33319643042531233,-0.32996663746852306,-0.2953288024146463,-0.27559117841439296,-0.2963245270296202,-0.30216942190878626,-0.31759161400992575,-0.3683418260376836,-0.3314097302924903
Мордовский муниципальный округ,-0.08740174502488962,-0.10564618913498691,-0.1422358507570749,-0.09099569203940305,-0.1121222482359201,-0.18026599810198896,-0.17539536204622053,-0.12631672255312587,-0.08593168341016799,-0.10251095255144982,-0.08042225400404668,-0.07253701231143772,-0.01730955670702805,-0.11384839555744897,-0.12470380284609206,-0.13624025236757653,-0.13472138729097516,-0.18892521894519376,-0.15877286047751582,-0.17898534796158572,-0.15866087856241684,-0.2076580977429554,-0.1479988177555036,-0.12391050317736685
Моркинский муниципальный район,-0.24902280079044914,-0.2677773463794697,-0.28144661924917,-0.26273595006593986,-0.2599042864654635,-0.27407337431731804,-0.2971481663207829,-0.2726785195037795,-0.28549850416038147,-0.2677059836433422,-0.26077174109621204,-0.28679496930700843,-0.23482161888039066,-0.26966031147053826,-0.30281095404808056,-0.2879773376653585,-0.2551930693648323,-0.28147378342303675,-0.28621917005903974,-0.328466672816738,-0.3056123687346606,-0.32582211314644205,-0.3525953128378383,-0.3751917055553573
Мосальский муниципальный район,0.10672704853220338,0.05548166337357152,0.07449178314128346,0.0289057491954523,0.02352370538539006,0.010379219600409328,-0.02629012554037935,0.0436915740074717,0.0701131614996644,0.015818468602299518,0.012651383074906875,-0.004316271170365482,0.030391988604732134,-0.0042934203158573325,-0.002119569398974619,0.00374650519258779,0.019742228352980007,-0.013168372665637307,0.035688662617079814,0.010947146142468611,0.0033103359908821517,0.027265135485491143,0.008940604927961004,0.01171196827602472
Москаленский муниципальный район,-0.039680881557586645,-0.06084092956758447,-0.0818243691923648,-0.10000152654729,-0.09549029727060798,-0.07396307611637454,-0.06104172296951127,-0.06180103332216724,-0.11079356506756,-0.07857586345052603,-0.12580148304360605,-0.06265045865660923,-0.09473493028035129,-0.09447647246929591,-0.07690624129254253,-0.12089296537792826,-0.10598971419071468,-0.08325364056128315,-0.10551136061168442,-0.06684293754406845,-0.05934432900323472,-0.08324750202034537,-0.0987737372330102,-0.0463308619665419
Мотыгинский муниципальный район,0.3278105525760857,0.3370652978227415,0.29994938786676784,0.2977378067741121,0.3113840532017704,0.3615752493524287,0.3694554943165027,0.3997763733436521,0.29753183101926695,0.3118878794438249,0.2896433466317063,0.2706725259925502,0.3222517479652023,0.39442033599476645,0.35931603325383143,0.34593466765737624,0.424213767356985,0.4132701714514724,0.43370326641699286,0.4447020650481974,0.42713316678980107,0.40421964306386293,0.35284674971907215,0.35417181372061357
Мошковский муниципальный район,0.034537380659111605,0.05008879232325292,0.05919829458111714,0.06470171778361333,0.04813166228374577,0.07967480033743968,0.05997572260478812,0.07681793867452313,0.08584787145917261,0.10159172706024577,0.12415951531676761,0.08615614320081555,0.07601571434779508,0.07842517765006818,0.037563484213091414,0.040297205836896666,0.05781957088882628,0.084808169511982,0.07926230016290958,0.10324789603727069,0.0963196840982814,0.09682921970943426,0.08760991060019485,0.057072793736296035
Муезерский муниципальный район,0.2462901376272839,0.27166060079732013,0.22467271494139318,0.3519835971957672,0.3567917595454304,0.3601948009926055,0.3387268650172981,0.34521220145489906,0.30129638655158253,0.3001470246648825,0.2795055264634012,0.29227214838511983,0.26968578707275803,0.3061178032415164,0.3209378392012283,0.2981079018829238,0.3636436132548262,0.37188914494363523,0.3478039633009118,0.35980197871186803,0.2956704915770665,0.2409880943575473,0.27167514699897666,0.29231174989622133
Муромцевский муниципальный район,-0.08780673215762036,-0.08751485640256362,-0.1287281223649117,-0.13789555880341808,-0.10550114513724296,-0.13056177218627063,-0.13832196398066898,-0.10025292423211418,-0.0988567207084472,-0.15673979663263893,-0.16645442754770734,-0.10976417649878734,-0.15151471649275194,-0.1345932439283235,-0.09276847142887057,-0.12032199900185248,-0.08356622399004543,-0.1084951219291348,-0.14788194020700196,-0.1247013131762511,-0.12922212595786675,-0.14882758877802438,-0.1625885683005439,-0.20318145513300934
Муслюмовский муниципальный район,-0.11758429566725503,-0.19076126334567434,-0.2328576420837365,-0.22392224039288067,-0.24848132914403465,-0.26144694394450596,-0.29646235937972243,-0.2667755990988283,-0.31235824943276036,-0.2759127642385071,-0.27853916923998057,-0.2688062696194464,-0.2178363436717099,-0.24974651487803357,-0.25818816652429,-0.2637485463392135,-0.28380459570536054,-0.24933072896590325,-0.2750653607558373,-0.3101045365076125,-0.33545647501402165,-0.3190982686851598,-0.26050046786069636,-0.32821871955962756
Мучкапский муниципальный округ,-0.09390130365299498,-0.0790256586336966,-0.13095812458555756,-0.15381594618842342,-0.1271543504684267,-0.13585950545307313,-0.17605819901260134,-0.19466864959397867,-0.11101392646113517,-0.1431522543128061,-0.12038853659530702,-0.0990289103084212,-0.03481856228556346,-0.05614819229580448,-0.11129645932089893,-0.12676424408801346,-0.15853088831981843,-0.1469542551134193,-0.11018104511067328,-0.10401520623164373,-0.0901559720189784,-0.11597851169269902,-0.06236103482435418,-0.12515172749404968
Мышкинский муниципальный район,0.18649122304749888,0.10622527907539947,0.1239782546961603,0.1134380838036897,0.09125744442890849,0.11503677778690502,0.06232938275946509,0.06649996208966868,0.07360068338985748,0.08040984991590605,0.07292238043952004,0.06120485788747665,0.10090514232769365,0.06936653121488234,0.03267330291101267,0.07688762353914669,0.11682057167448257,0.08063059809134998,0.0752708690377819,0.06595796779179786,0.14091086664822328,0.1429790730968179,0.09498726810302038,0.07958949645354352
Нагайбакский муниципальный район,-0.1511693155422087,-0.14115949749994705,-0.15630122646157218,-0.2672524034968351,-0.23731080216710687,-0.27115514602036406,-0.2554932893558739,-0.26240106028748933,-0.32367541694666535,-0.2634102571931489,-0.24325522687201406,-0.22402491062308627,-0.20063674825006395,-0.14628928369151417,-0.1981138032483738,-0.17778544745440072,-0.18427150866303244,-0.2636487651411308,-0.2343758462297192,-0.2619881869515037,-0.233075580724309,-0.22947494124117895,-0.15904076517372268,-0.19632323396402818
Нагорский муниципальный район,-0.2711588527843105,-0.2452240825141363,-0.23136407562961914,-0.2285819050168687,-0.24773273272729135,-0.2317176137968744,-0.20743266116554082,-0.272799350823405,-0.258191728226949,-0.2950287052968896,-0.2904584086981199,-0.29912817032362504,-0.2970615644652135,-0.28414852666457513,-0.22879531262309527,-0.26188359050275345,-0.271933715483641,-0.2809863616039685,-0.22883929091515576,-0.30241363888914385,-0.29995819028332527,-0.2953145569120732,-0.2811043059181557,-0.32532230007075924
Надеждинский муниципальный район,0.3251337890949113,0.33154472325279727,0.31325632641781453,0.27705481892090944,0.2968759522823454,0.30121135193076043,0.3097810901713949,0.32826486993693926,0.3850923266872375,0.41177828041745457,0.41794824272558984,0.4237003369643304,0.4144546921346599,0.42333764876532065,0.4284885935318741,0.38341965715783566,0.36086197029294986,0.3731566614854209,0.37596779084054965,0.36879630447107736,0.403971155464399,0.42047754210691046,0.40163418202500445,0.4136733373657471
Называевский муниципальный район,-0.1274094406042714,-0.1571708578872908,-0.11131940993550238,-0.1677939391008767,-0.16500736301222574,-0.16505374183236654,-0.10324165287912379,-0.13601815420996566,-0.1655312030774443,-0.09834131095763432,-0.11991694969668387,-0.1321675172188641,-0.16673934561626425,-0.16455049867741067,-0.15105560046316313,-0.16775979828779874,-0.16749692178015252,-0.1290735900737321,-0.15779061104752756,-0.1596628877764985,-0.1508188839181379,-0.1548273705648242,-0.1907910073068919,-0.1798725033804267
Намский муниципальный район,0.19747097071709163,0.26515921714745794,0.27639157452776963,0.34051024515800066,0.3071324524495349,0.4534506790733861,0.3860330913971577,0.4413036821649108,0.38743793644812996,0.4009677080583245,0.31742672239167113,0.46801947730937954,0.2624269353435711,0.2977267111922952,0.30628367304966275,0.2798810686195896,0.22094333040460867,0.3864944799707697,0.2733358645349302,0.30954498622942594,0.2680917213057086,0.19647398787301817,0.20331316513171416,0.38267308551212764
Нанайский муниципальный район,0.1306385709041411,0.16873351207691556,0.1323123040554517,0.06719343294881952,0.06692687585860391,0.10721360128524893,0.11399700846942373,0.12597717463260594,0.12967182646487174,0.1276844201842291,0.07774893581232156,0.08604837103107776,-0.0030599779078599454,0.08254629365929134,0.07106376648564705,0.07242560196720582,0.08479585982990301,0.0630529122186605,0.07286091662655991,0.12995655150727892,0.0675564198494687,0.051958711393220725,0.1092879688426951,0.14229001272300756
Наримановский муниципальный район,0.022794353255468636,0.015062964190784456,0.020556079015396023,0.06319427449834514,0.07635150384260925,0.10638882316890808,0.0919262246086987,0.14807419786905562,0.18079186317450713,0.1659334675819597,0.1775006990345691,0.15150707222976223,0.16875264208082896,0.1497722491302742,0.13885720272404356,0.16168352518525175,0.1538295207972542,0.1850364813516201,0.16729668571613843,0.23093698688244224,0.2246410084991144,0.20242549580627767,0.19145094782781946,0.20215775860036977
Наровчатский муниципальный район,-0.14649468530497067,-0.14326818092457216,-0.22153935503073363,-0.1908041760298005,-0.1892379433123832,-0.12474461167073159,-0.21343731135215904,-0.12553422949042847,-0.09776869971111424,-0.1820733538772501,-0.10866507289924776,-0.14684254987695589,-0.1352350821788697,-0.11180757852259582,-0.12052686376843269,-0.14064799968930508,-0.1804252540150113,-0.1536534130810896,-0.13793298430132772,-0.14733728453483863,-0.18582436866143937,-0.21266612103033466,-0.2078811818620725,-0.18241745180269398
Неверкинский муниципальный район,-0.2703945126852574,-0.18135307200153683,-0.2762099021926723,-0.37215379738094434,-0.3278741814524988,-0.38801215675036715,-0.3304391333642265,-0.3705958526076305,-0.35468350715960106,-0.3184477639795684,-0.3331693008739709,-0.26094788351382725,-0.20926234082514128,-0.2715122191654942,-0.30444204639766603,-0.3645806972489787,-0.3009228592072173,-0.30011890104377237,-0.40273387366743485,-0.4552882335363435,-0.34763586027446536,-0.3124193325198821,-0.30740142771205115,-0.3670514908536813
Нейский муниципальный округ,-0.016621177339978033,-0.05085626782602937,-0.057699749666284106,-0.0008038181794276511,-0.025587434553127508,-0.05174336858110529,-0.0482690322591548,-0.036153028867978776,-0.048491899892749046,-0.06010561388543856,-0.05182902244621701,-0.03271412743685076,-0.04451425931581632,-0.0008663338662806552,-0.028295433235150824,-0.02377152370130453,-0.016832516969406797,-0.03295608768329572,-0.013627529848617925,-0.03538266502204479,-0.0314959110559343,-0.03927916116379215,-0.007087143815738273,-0.006183461818194402
Некоузский муниципальный район,0.09869180346278839,0.05140452015744046,0.028820956099412598,0.011434402449413739,-0.014611684330990471,0.006211648719583351,0.006005469150970555,-0.020351025270176848,0.024065853569517515,-0.05444388609343953,-0.02841917028337093,-0.029926528419313314,0.018665728828219486,-0.00598845244627455,-0.05158394981758718,-0.06584678660660792,-0.009830041717899363,-0.028151020482356515,-0.024902248872193056,-0.03838166075827232,0.004982828179100451,0.021402571655340097,0.00334175875418552,0.0011637061928642112
Некрасовский муниципальный район,0.13555668966531798,0.12707769748988085,0.08980473312420578,0.07593568726667499,0.033411426391797505,0.01085713970126534,-0.011042113731617675,-0.015901681817796387,-0.0006905396348191317,-0.003490905680321177,0.06411442676150259,0.0441180444369671,0.06581711066511531,0.021373344947591022,0.015489496090790311,0.024784157963766873,0.027506968464523496,0.01158384729404105,0.01710120054575448,-0.020197859016807485,0.0013340507626686815,0.01865755769847155,0.027777327319638445,0.02215012493681101
Немецкий национальный муниципальный район,-0.17538115592921066,-0.08143613734323552,-0.1400853686925796,-0.10897719656155047,-0.11005523270449302,-0.05413699351758794,-0.09352787506771953,-0.0722275282108491,-0.09040138578141033,-0.13765894232255604,-0.11526541388395906,-0.06273383367750007,-0.1618182530468708,-0.12081849347660345,-0.08473812180769791,-0.09111839561188617,-0.058231446288216304,-0.052927733825478995,-0.0783738409517607,-0.10894805041166755,-0.11976048689816565,-0.08842187174581007,-0.10641789323329576,-0.04791041427657561
Нерчинский муниципальный район,0.10314786124230757,0.1411280334627225,0.10906107496408168,0.1489359098846954,0.18090895518055206,0.21340688647020123,0.22048967612180803,0.21633169934977126,0.1931432532745987,0.15891304714800825,0.18868264603795026,0.26254496014634476,0.15885349711653873,0.16077637936908573,0.18213471657293923,0.1705775527029818,0.20662423932308904,0.2044506469545322,0.20787141083918037,0.22485257473869424,0.18656854713850812,0.19189487329882837,0.14639377903775497,0.19955238670176279
Нерюнгринский муниципальный район,0.5570911945663326,0.561478511436313,0.5632009523283905,0.6411743847469253,0.6592355579344211,0.6975330468091485,0.707933988023024,0.7148940909896222,0.707636640573245,0.6728938120159853,0.6445184735475102,0.6352168995119509,0.6630627284257908,0.6401276760464825,0.6497478650253896,0.6410566920755993,0.6808339203265881,0.7150629857309792,0.7268883477917747,0.7179788472734963,0.7097597804899571,0.6666610131128987,0.644915092257401,0.6153337214242818
Нефтегорский муниципальный район,0.09912390371676949,0.06650477445459124,0.09945863752184181,0.09766766591110354,0.12463902266929239,0.09705193160416314,0.12329710430606511,0.1405095641134011,0.16444498628379378,0.13221178067355588,0.10864955740241378,0.10293392468818752,0.12626783260816943,0.1289175108414149,0.17257325089570763,0.1667296126573845,0.1280165049230888,0.14609976279483838,0.12412451385092993,0.1325608552866413,0.1601368853114291,0.16203987979329781,0.17362977151806014,0.15676955677112403
Нефтеюганский муниципальный район,0.43370174539422557,0.4033205651460037,0.40940462652178944,0.44901325824319294,0.46401072709676505,0.5108835847003377,0.5158173146632308,0.5202010930005763,0.46159850205684805,0.45576656714503017,0.4264171899498148,0.4077334809373703,0.4731875256276492,0.4400014946190218,0.48833012247358987,0.4653642304914989,0.48379010888206686,0.502442601714673,0.4804890696609263,0.48893751643026384,0.4548388396124743,0.42393674036220474,0.4568237144829368,0.4590275156079393
Нехаевский муниципальный район,-0.07264535519429671,-0.0967300126806947,-0.08147842538007488,-0.039644646720603305,-0.06739826570968255,-0.05812208028129007,-0.09781075521870974,0.006921077243390528,-0.057695136565921956,-0.11667972053013287,-0.08092595622594878,-0.04931692778714414,-0.05419736292682309,-0.034591727855211474,-0.04244590267793669,-0.0848551348313471,-0.008779687652046064,-0.027478468964780234,-0.09544593923881628,-0.04913667652606435,-0.10439446600809177,-0.10055566918451397,-0.06614817614474511,-0.109937182685238
Нижневартовский муниципальный район,0.32716113988971607,0.31005934664819357,0.3110563255304797,0.2899894571031023,0.3126666984768445,0.32200859298557205,0.33339616784811454,0.32634185618164047,0.2880394860138846,0.2905541137526573,0.27809910592286435,0.21607083027884144,0.2710458292494078,0.2859828948324594,0.28936206538027776,0.2582258544637064,0.30578029416479247,0.324918069310117,0.3087005453210683,0.277394141063958,0.26838810054157314,0.22052628072100688,0.21434469833436331,0.19820501807687485
Нижнеилимский муниципальный район,0.25096101519034164,0.26212085552405284,0.28967271142152384,0.32640675540611674,0.3521818041396205,0.353467370741825,0.3516209559610708,0.33900526244617524,0.32126924110155564,0.32886680430645754,0.30321985709081467,0.26462061705460904,0.29309057925611626,0.291037723041498,0.30499919064172865,0.31527024414669924,0.3528213746227422,0.34416912461216853,0.3552485498163964,0.3353289977352425,0.3218850169953438,0.30752409292590244,0.27670231041796534,0.24675305165647288
Нижнеингашский муниципальный район,-0.0012728720891210799,0.02412815461182305,0.03270754344920768,0.07946696126425756,0.06441986631799246,0.07802312485091178,0.09277117607426177,0.0797950173842068,0.08774660620682972,0.07253823097513035,0.03663313031073834,0.11155118076263548,0.05454952088413911,0.08635789642261749,0.07830710387596085,0.07375846507565775,0.09017334461389304,0.09046329759170568,0.09804322413592637,0.079433375117544,0.04372879831108989,0.06763361275049107,0.06587197875056994,0.09200459785026993
Нижнекамский муниципальный район,0.20354316147729534,0.14571097327553773,0.16970971982341965,0.22116298434546344,0.22877408749815054,0.19949758202991497,0.20694409950654702,0.24175323255123615,0.25874311652545323,0.2717427482339456,0.26631323625068326,0.2158815379162231,0.3135811734140681,0.24324015027238843,0.24785337777835714,0.23645758675279716,0.2316982637859386,0.227768789495693,0.22315952180075094,0.24998933294210168,0.252624586978369,0.24484006887767507,0.248257231840606,0.2085443489920884
Нижнеколымский муниципальный район,0.6368956351413253,0.9028329718293087,0.8471286765685822,0.7749537034709064,0.8462124918815714,0.8813042912931675,0.9798383535590851,0.9321155508256354,0.8613290061555734,0.8664937597260725,0.7747791998248079,0.963162362199915,0.7610837181064181,0.7967057911855502,0.7899960484839301,0.8203190368722009,0.8318915064958965,0.9145968079084366,1.026423043297946,0.9998845450938774,0.9274418310564414,0.7862669165424698,0.7225311888428898,0.912241448691212
Нижнеломовский муниципальный район,0.009442741542379451,-0.020679024666899082,-0.015652932568047007,-0.029404141375357185,-0.051129346522603925,-0.06346035391722538,-0.03907245243654067,-0.0634659049240387,-0.02263984201557001,-0.031865738431754664,-0.0204198894606904,-0.023732814925381263,-0.0061293480278301615,-0.00787009324101362,-0.017801890039185864,-0.03040138223997424,-0.05796675597433598,-0.08081293731501482,-0.0913692212639301,-0.10722760090597383,-0.05870479675358098,-0.0948273026587696,-0.04252944259023117,-0.045757097337734365
Нижнеомский муниципальный район,-0.11104793630922316,-0.1480147085789998,-0.19092100600065187,-0.21759726705719196,-0.1893555834513343,-0.20586861508816945,-0.21034470250735993,-0.18041003747351425,-0.24437217390299004,-0.21153938223102742,-0.21890090292024844,-0.18936273258555403,-0.19257868692030122,-0.23788177176296088,-0.23907710072979427,-0.22360757865796543,-0.19493827646722828,-0.21033803078188384,-0.19421020192109673,-0.26260582040569425,-0.30848080330789607,-0.2217949197678113,-0.2722220576584906,-0.27412146645560576
Нижнесергинский муниципальный район,0.12765738740312926,0.1250293648567702,0.1337477110004741,0.1461194338152847,0.14820849386961754,0.11080862410678805,0.11374892081051335,0.11910065983390083,0.0870237037219983,0.09856835845483403,0.07955290503275236,0.07091740835378069,0.12998605841730004,0.11901285202218581,0.12025710413282908,0.12659604947024938,0.1062467362349544,0.10529101485751724,0.09176131745950933,0.07881147317509196,0.10411091945945827,0.105230626550469,0.10253168258557643,0.08824919505154405
Нижнетавдинский муниципальный район,0.1289161581700533,0.11119180961594566,0.12010821842197572,0.10284643549210593,0.05506586166607441,0.035446028067450897,0.04032145225569472,0.08060155462415075,0.009422457698446962,0.042111977486646524,0.044974876016578236,0.0436683704430294,-0.0002037074767695657,0.014119798324166766,0.020260828267232966,0.05625125035119005,0.005023988644476063,0.02897001611845873,0.0502606604703395,0.011847500473121997,0.012155602505847796,0.04503746578424739,0.015071386846051027,0.03009064642373893
Нижнеудинский муниципальный район,0.038370271514819976,0.07905349006393436,0.08763743348037245,0.11599030494863705,0.10734452751245982,0.15251396738854517,0.1303988851032205,0.13312886474403385,0.16853599595527058,0.13271355781141025,0.14475367518674354,0.18254993061025715,0.08844464342813829,0.14094425769197017,0.1387487957642115,0.15487943089466683,0.12471496120513414,0.14927392078188007,0.14813221730265447,0.14814826765595335,0.12313714920110996,0.12501749409404717,0.12262901260252157,0.14623291986639586
Никифоровский муниципальный округ,-0.06962910500610597,-0.07678110873881572,-0.1455492889793426,-0.14437256502294638,-0.14078953402959193,-0.14558964254590734,-0.1934480029640948,-0.20038455195923177,-0.15886238541381204,-0.1790997141267141,-0.13251628872142796,-0.13163141999373096,-0.15329386534303246,-0.1615462045722431,-0.1767325215657518,-0.11108919744776102,-0.14592893790997508,-0.16926784548033957,-0.18206605961101907,-0.2091755944906275,-0.19619741900762122,-0.17628413243549623,-0.18625629922063247,-0.17815217855211785
Новгородский муниципальный район,0.32148954009179853,0.2534872686419529,0.2793926633805395,0.36684750403047595,0.3823548358954181,0.3839337014330759,0.3895230573673114,0.39718265855666246,0.43514693151022144,0.44064202209118264,0.41822354364652803,0.39797168870731525,0.42987864750129035,0.38683402891066976,0.4188949555206012,0.4052260906095384,0.43080997200349636,0.40618708554027094,0.40820297879941236,0.4184206274918605,0.44235551877115675,0.4300276995814709,0.44137486546240723,0.4275705702490775
Новичихинский муниципальный район,-0.2720629176603797,-0.22187137293887282,-0.19583936578131755,-0.19007513590030456,-0.1278731981313328,-0.08821086833827607,-0.0989354997135603,-0.12548208505031866,-0.08432103128488677,-0.14304209182302152,-0.12169966828962409,-0.10736373890316919,-0.21051862239740338,-0.2008226295838078,-0.16893540350084102,-0.1360952723020823,-0.13858672578686715,-0.07793612902855251,-0.0976886349304742,-0.08624857300045363,-0.16987670828236467,-0.1566296001254326,-0.11110557959641199,-0.1322015531826377
Новоаннинский муниципальный район,0.015149413923136734,-0.014942005257857716,-0.014265969793697764,0.04338787574492997,0.03585641538486328,0.02131400574403841,0.01211242846185634,0.043119050705549,0.019047264645104534,0.01943002009942596,0.022285940832272644,0.005894885411819928,0.01541173982398547,0.020927115578293964,-0.005411719143804561,0.051054979965341474,0.030741385450980374,0.00403909078119824,0.0054947380931515966,0.01544083324632517,0.03963965773370326,0.027620536598874423,0.038557932055658384,0.04663520202683635
Новобурасский муниципальный район,-0.14208615502020372,-0.14212779991376934,-0.16046345232105885,-0.19549487330880844,-0.2022620440596743,-0.20794780317197947,-0.2303280414648512,-0.18526950918220386,-0.22257667883301124,-0.21484790468658765,-0.1685971089157814,-0.10496904961250664,-0.21555959085417875,-0.21597953813592596,-0.24478807812587178,-0.17411442676186795,-0.16966473067955157,-0.22002100420937332,-0.17652508531965694,-0.19757830799588127,-0.178127453322249,-0.1565821313954494,-0.2016191069441291,-0.19719879948932828
Нововаршавский муниципальный район,-0.04804310666689382,-0.070183585472952,-0.09686449333642777,-0.18209057860028288,-0.15934000376665303,-0.15818398421076196,-0.12285215889378698,-0.14863896018827916,-0.18337728867693848,-0.20354967928974155,-0.22481773670269867,-0.1282427953850167,-0.07653949846701913,-0.14893059531691577,-0.10856238129532159,-0.05884433407738854,-0.12217892218479953,-0.0838758628035805,-0.0855678048051729,-0.09775218345987646,-0.16641226626008176,-0.13726081110375787,-0.15226786892170985,-0.15833751459226164
Новодеревеньковский муниципальный район,-0.017160231851441665,0.030861539036042274,-0.031131818706976233,-0.007156567183795204,-0.05287266850440098,0.0038086101238796743,-0.03661822729283948,-0.041700097414405946,-0.012453337494267913,-0.07019384332658163,-0.05427892322569505,-0.014910930675455347,-0.028144689015771718,-0.0012769646465464746,-0.12460974716506001,-0.07680753767230009,-0.0817577417175972,-0.10571942793034417,-0.10888914160099716,-0.1225059226128149,-0.11043562164903697,-0.10527934353229007,-0.12803564307592552,-0.07275483116006498
Новодугинский муниципальный район,-0.0028662440004811884,0.0,-0.061228283670239136,0.01974059081575419,0.022429587349357405,0.05020832211222448,0.017681693290505507,-0.011797772686216845,0.023343571125693074,0.038214052206438254,0.025688307622964146,0.04092848845803054,0.0035074378313471044,-0.010952610461796297,0.012787898049756663,0.030732039395166666,-0.027343475672685358,-0.0014318737488459021,0.011748964234875814,0.027685726040591163,0.0030098487700591647,-0.014307565326562965,0.034346405156853166,0.025427391020945933
Новониколаевский муниципальный район,0.0093377271027979,-0.004906221898842489,-0.0012304889327428015,-0.005993923302039406,0.004128925303319875,0.014053326083478979,-0.025434246072032707,0.027983050785858055,-0.0022212907423053707,0.054665014476752205,0.014164346708536613,0.034064681151907195,0.022307629633223414,-0.012612821136437802,-0.05307132924224156,-0.013374007904062069,-0.01755241367415117,-0.030045000298928315,-0.01796769120352515,0.019098994237403133,-0.02613301731619444,0.045464177973354225,0.0618125369014173,0.03194987670698701
Новоорский муниципальный район,-0.19683243812477969,-0.16064791285075408,-0.14950822682185105,-0.16057411841527447,-0.18138741380215784,-0.19547829786806759,-0.18071040057999177,-0.1806304110075434,-0.1840883155481574,-0.15100497397791557,-0.13474689137767903,-0.16371730722231348,-0.08476409151265152,-0.15359631609730506,-0.1532308279069614,-0.14502650340055112,-0.14761613250626127,-0.15293859973606416,-0.1445084764379736,-0.1674501085881861,-0.1691624589790024,-0.16043441780406376,-0.15746268579881395,-0.22575826807853971
Новоселицкий муниципальный округ,-0.10490715177845011,-0.07907916175026486,-0.15316434428701697,-0.14402451698880547,-0.15002175452393907,-0.1386298972959068,-0.1683523044300692,-0.07188151599810944,-0.11847974297193886,-0.15395179438064233,-0.07134882784344043,0.002541794310120693,-0.020630956823055158,-0.08326866418179613,-0.09948711458646642,-0.134357149037152,-0.154587838304165,-0.18041829576272228,-0.12567965951398818,-0.07002286008967573,-0.10961841213354084,-0.13423902874349203,-0.12882470761128495,-0.06977595688327298
Новоселовский муниципальный район,-0.014145262409199333,0.0474992760571471,0.030633632060526494,0.08169083171377522,0.0801325670436821,0.08899784233887154,0.06232938275946509,0.07057993510958305,0.0416243942707375,0.10137607503551571,0.0778349129424587,0.08356640000821614,0.02717599493664835,0.07149039574614591,0.030903746849016756,0.03940561509900853,0.08050367879417664,0.08997768842282738,0.055675596926965554,0.0868661864267608,0.11091734994400682,0.15650200048733431,0.1377170118359725,0.125153070381117
Новосергиевский муниципальный район,-0.04238679479711571,-0.05153269941515859,-0.04309046097303337,-0.06284926091599807,-0.060083247747195756,-0.06986268888015168,-0.09617701819325575,-0.09391753394320901,-0.12170447611223345,-0.09534359644056067,-0.08188368999877937,-0.10336129729451926,-0.03915146206305842,-0.07179324952588928,-0.0785665140483367,-0.08678519379177807,-0.10659152426836371,-0.10023623757533962,-0.09176301680162702,-0.07666966768832317,-0.14418130496352433,-0.1273925385682837,-0.10111956769477715,-0.13165448584063633
Новосибирский муниципальный район,0.36532455364571703,0.34023643609908305,0.3617087098037608,0.44821162929032,0.4400684297542927,0.49050757602403827,0.48031195933879545,0.5091500417538057,0.5658302809869227,0.575259714207407,0.5700295565145321,0.5261269103745398,0.5688408520901653,0.5226419577785997,0.5187404140569534,0.5101843655278948,0.49181489063105666,0.5082631676468594,0.49675277682400676,0.505219186312095,0.5268112006789671,0.5171292791419351,0.5307026871786071,0.48613986046723134
Новосильский муниципальный район,-0.04921162361815057,-0.10405405066695295,-0.11315380535435793,-0.11020996596568366,-0.08770192972483493,-0.11754759025598993,-0.12768384730195415,-0.1203850750037212,-0.14360542184487457,-0.10738875237183976,-0.048897042237921795,-0.13574886225901395,-0.12168615162055296,-0.08609611714312138,-0.0811746637415851,-0.09176537562428777,-0.11048889847736731,-0.08525501995689844,-0.11218903311272754,-0.11319565646171803,-0.0879435296638249,-0.03738134729683473,-0.10928250812844631,-0.16227721818048124
Новосокольнический муниципальный район,0.047054717045805106,-0.0021775718789793785,0.047366392149116976,0.03386974615139238,-0.03305595376747661,-0.021334012280448178,-0.049193359147469806,-0.08727064910552862,-0.02789901975062925,-0.07914405995849094,-0.03325924202992603,-0.012767136928925282,0.009426860139686966,-0.054029241346459145,0.05618230759532494,0.04462227977927391,0.025642430613338263,-0.000572503491550691,-0.05536567629144962,-0.013633856791789967,-0.08320562939715437,-0.08029641304178092,-0.0870373545338996,-0.11788149940788983
Новоспасский муниципальный район,-0.04910027744277734,-0.045875195938490876,-0.04948269759362134,-0.03667086078053927,-0.07481964397571161,-0.0916459357931565,-0.06602852571013784,-0.07897392018578486,-0.07274726012850863,-0.10282834569842159,-0.07219753361815684,-0.10475163467524418,-0.07802485151139393,-0.06676209958009416,-0.10555889036985278,-0.09672402517104572,-0.09999144954003292,-0.08432054441887793,-0.07238953722467656,-0.06574292050980901,-0.07779163316160087,-0.06532352489988291,-0.07667043553160013,-0.08233986466744625
Новоторъяльский муниципальный район,-0.16595127527720344,-0.1854508299106019,-0.221425679914093,-0.2380943110712579,-0.22559251721093965,-0.22383209434817175,-0.284628634964891,-0.2947285806767521,-0.2594052818520751,-0.3117097670745732,-0.24830529256118794,-0.2215786057679061,-0.19622776169341272,-0.22461448356877334,-0.16849308871294433,-0.16467214643237504,-0.22398681385305252,-0.22047959125977812,-0.21216435687723667,-0.2712929839888183,-0.2564520542604978,-0.27288290354234945,-0.28261945772316643,-0.25039508583936154
Новоузенский муниципальный район,-0.15741566381468175,-0.11825279200982308,-0.1328809522534744,-0.16631021527605405,-0.15239987692890544,-0.16459808311285684,-0.1195047003571208,-0.1324937824495347,-0.15074606513599775,-0.14067652889897175,-0.16360464209299153,-0.1382634572077439,-0.13162728076772545,-0.1313655874222519,-0.14010658597349313,-0.10002796730960384,-0.15303436452216523,-0.1073110970173694,-0.14996715678240413,-0.14056999762038735,-0.1660563129370587,-0.12504409275797457,-0.14228788777957924,-0.15146023838585876
Новошешминский муниципальный район,-0.048599373021561476,-0.14520981822007428,-0.15502401911430397,-0.16465105395682933,-0.1336982957376538,-0.15136109834441847,-0.13906716016142617,-0.1413016239952114,-0.12354389024809898,-0.21030150297248085,-0.19699115140778822,-0.18907887016230163,-0.10085562210097088,-0.14998907649539284,-0.10768350435089857,-0.10939396253433742,-0.1382042983239149,-0.17256593751829996,-0.14570867969334245,-0.14954195197201692,-0.1937900492035709,-0.20695897162209498,-0.17398800585173468,-0.15994368262146352
Нолинский муниципальный район,-0.09378486888544302,-0.10410890981609988,-0.10558320800926424,-0.10473019381025139,-0.11495773734873893,-0.1308370040708695,-0.13853482051616872,-0.14917274903409172,-0.14954286792435134,-0.14232633129693717,-0.1706341619504137,-0.18102247926920434,-0.1592473269947572,-0.16535675527192062,-0.12715236083357695,-0.11984644259189992,-0.14780913612567836,-0.1376220480632071,-0.1615376880313164,-0.1574821654182621,-0.16900947190611326,-0.15198834149789775,-0.1662454072887698,-0.19661500396797393
Нукутский муниципальный район,0.007235119095199138,0.04409919722435518,0.05524112996958763,0.0477062932808181,0.10826225946805401,0.09036676794621279,0.13340396350679562,0.12122155140303725,0.06762777337441861,0.07395792952769398,0.03690186323661848,0.12075434130634832,0.06108580598982094,0.06241124299371137,0.014467022023673337,0.04037822013596326,0.03822121282019886,0.06335993144815077,0.033799068317490466,0.07448404966970834,0.03636456826521339,0.033014993796784964,-0.022665848010495537,0.05522732674659814
Нуримановский муниципальный район,-0.04293992274971181,-0.04494400083757455,-0.04304291098610058,-0.030439016765242854,-0.09404540364701042,-0.05878780812561857,-0.08038641730793472,-0.058869769315057496,-0.11914607649650932,-0.14227129400916105,-0.13852902399907308,-0.08969169395903265,-0.07637459534722879,-0.10333187624950924,-0.08808760214916056,-0.07362470408460631,-0.08506068795951727,-0.14256009746066312,-0.08335209845718694,-0.08525635963633604,-0.15302450915436694,-0.15156318146598302,-0.10193286974575244,-0.12073688026442753
Нурлатский муниципальный район,-0.0100144660523096,-0.030059718662025503,-0.04005181083321929,-0.05337556187378567,-0.03149749883575481,-0.0404135220306312,-0.03960258570517894,-0.0227478119052531,-0.03282926938769393,-0.01675210062170507,-0.02004056276102517,-0.054306525982458,0.011543263046064567,-0.023845243710995945,-0.017252636798515297,-0.019547925645737152,-0.024652028998310982,-0.02508617352967235,-0.006408737788401453,0.019060147971496022,0.013813378490702632,0.007923715454868585,0.007483055781301928,-0.044610554754234144
Нюксенский муниципальный округ,0.08505720651413817,0.08869080440337918,0.07681427220330583,0.09684750821260302,0.0969284533803716,0.14756685800363378,0.06211168383621413,0.07374652597076725,0.08752075531262982,0.05063430319322926,0.038870367809289874,0.032852972873847364,0.023203597836515044,0.024802657770143455,0.05468977000481878,0.04494489945380664,0.019211540283047057,0.03522523268211941,0.024063328249011917,0.04111336796806064,-8.612893506843022e-05,-0.06623381777359505,-0.004623481569366206,-0.004049283182942176
Нюрбинский муниципальный район,0.22459476894961483,0.2659173672974955,0.3056021620038383,0.25935048353078116,0.2523090874759344,0.4024497306349293,0.376380354053925,0.41410519605089213,0.3248387612221677,0.3595208047057863,0.23547370822018898,0.4025896650081364,0.31465982186069397,0.30447209933182684,0.3120131252266507,0.3024495557176383,0.257832893389633,0.41532328290557885,0.42815029143385885,0.402054165999699,0.3408978781498053,0.2771347211412021,0.21622084061567115,0.36900951824707917
Нязепетровский муниципальный район,-0.10945006646192823,-0.11970053434187022,-0.10325750798731903,-0.0934738715713106,-0.06427894942943091,-0.08520825855481107,-0.09571801015255588,-0.06136079558668328,-0.08528711122262678,-0.07625477923632218,-0.08759871377231754,-0.09648157823132131,-0.09238646129670336,-0.09142547853033989,-0.06589286500721592,-0.07480571716759776,-0.06074950473885643,-0.10977179545654181,-0.1013934863432322,-0.10617033208501958,-0.07500274969551768,-0.06385147198653307,-0.08086627676886415,-0.05951008902932031
Няндомский муниципальный округ,0.25696382903832493,0.2534105315049775,0.25625654900993666,0.2814607816850465,0.3000180535726926,0.2959437497625075,0.2770966358749227,0.2859097365330818,0.24764252407045895,0.23634606487200394,0.2080400558304838,0.2262085440182542,0.20665227016309728,0.2317748962811219,0.22567283637773272,0.24879954174398122,0.26424522699976194,0.2740164965440801,0.25957165383927716,0.24078866705587565,0.23453309854150106,0.20886892352161723,0.22863930086280781,0.22281473013516262
Облученский муниципальный район,0.4068951552256319,0.36538712957876385,0.4024545689552941,0.4723924274875344,0.4689565469784682,0.4751886855313767,0.4685488137535767,0.4859959398739502,0.47226304417526954,0.44771438222439386,0.42838703678724954,0.4607597833073829,0.48870684237740747,0.4640438329684198,0.45296216339088424,0.47048851862667185,0.4834308120733759,0.43955832977050235,0.4659127849188014,0.4624123287055113,0.4569406842765815,0.448236658108355,0.45602198684633954,0.45586302459558325
Одесский муниципальный район,-0.06097251186680808,-0.05732709351473808,-0.11025089786396336,-0.13478764263270548,-0.13014372381948824,-0.13232456667128822,-0.049923694890914305,-0.10529919229973927,-0.1409336753787933,-0.08007453301605949,-0.13735556536217786,-0.10723297151636935,-0.16511631018438422,-0.17416024708833966,-0.1940225785100207,-0.19455072532036688,-0.18863515195080716,-0.1357941082043137,-0.11223370089609652,-0.1507381793978464,-0.18712162126274023,-0.2570129132551955,-0.2179320253296595,-0.2276485465981768
Одоевский муниципальный район,0.08671098382573383,0.14258657260851137,0.08988799707096362,0.1134380838036897,0.11821561774557843,0.0665651576158286,0.05063744040394624,0.11077769917936386,0.07433335124935603,0.04421512383612125,0.15852882263558676,0.07916285562475345,0.08419398892099927,0.11092814244338456,0.13349506531546496,0.126150035710765,0.08708768665428579,0.10657803998507198,0.12288944479473152,0.09189923769585917,0.17741475442287147,0.13268884279572113,0.14399307179471066,0.11503954971063202
Озинский муниципальный район,-0.04693150139458169,-0.10323152436828309,-0.09505971017245685,-0.11077081847617976,-0.11103381275431623,-0.09472106678865444,-0.09714672761162646,-0.08852614205136078,-0.0974425241170298,-0.08038488319700221,-0.08932469013865507,-0.02956350076471992,-0.058399276128593414,-0.0424070429452037,-0.08112963796432027,-0.09863060344162733,-0.08837457981808328,-0.13860770912256548,-0.09036355886308911,-0.13779405099263542,-0.1423922179143986,-0.15132705953151948,-0.10928250812844631,-0.10917294879248196
Оймяконский муниципальный район,0.6076813207955869,0.6175397808760597,0.6519332269844273,0.6760020945498866,0.6639577610227878,0.745076653743638,0.8579639961121099,0.8991265121878715,0.7737321207659296,0.8100811936025529,0.7768540003081537,0.7984979076029095,0.7658775001282443,0.7161253045262104,0.6272986585011004,0.609645458714617,0.6567147842279457,0.7776172774582246,0.861051645873399,0.8690404015075597,0.8119345060526797,0.788538532489806,0.8383766302785478,0.846044629237042
Оконешниковский муниципальный район,-0.08693910333262345,-0.044633795065260884,-0.10295455418545707,-0.11290493138319846,-0.11348446067923312,-0.14163056636225768,-0.13864126577679414,-0.09984625484871401,-0.1123922864312572,-0.11090275875642774,-0.049189853718223375,-0.05819999898691108,-0.17744498510607798,-0.20994540168236497,-0.1832436407689233,-0.1973210944224224,-0.19004360288786515,-0.18027141334183483,-0.16912151109122853,-0.1741667445337285,-0.2274374870727467,-0.1822079176630087,-0.11981084853600343,-0.09751466268668096
Октябрьский муниципальный округ,0.22311174925025412,0.23989002577742014,0.21436032925024584,0.10066916891486066,0.055618525982632505,0.03995797841552218,0.040766391083947084,-0.008591673710556691,0.07921931726979103,0.06902469581665471,0.006484205943392496,0.11682547301520607,0.09114445421946371,0.11308775047870867,0.08591751978814344,0.07395432460582896,0.06064420987947017,0.05959243506502432,0.02449198597238933,-0.007910521643449187,0.004597116643687116,0.008889665783536671,0.025272903518532175,-0.002331482918567218
Окуловский муниципальный район,0.19933992703640335,0.1566758090124143,0.1629606246123867,0.18313309235572106,0.17793924000246442,0.17979861320527668,0.145454972859703,0.1343359626252827,0.1645286437900122,0.1427793611260757,0.16276284751929815,0.174196757807783,0.18242339497317595,0.14552562431491012,0.1571176456628809,0.15938467359814013,0.1645855571198389,0.1442965908458742,0.15891906960447422,0.16019599283342245,0.14497947866971828,0.10270661972354667,0.15135342620100367,0.14638084667248208
Олекминский муниципальный район,0.4135418009959331,0.49174016064218407,0.5110351117508003,0.5625456839032807,0.5680083753160048,0.6601995581710582,0.6758546058932868,0.6668406041017061,0.6177715887045157,0.5675495342102153,0.5474677130045258,0.5866331241663101,0.5179495921540376,0.5347831797400335,0.5618373988943954,0.5425469082680134,0.5412521134327601,0.6394001456817584,0.645285874973986,0.6550329187316137,0.5600709176860068,0.5464603912821158,0.5327654832375917,0.6281519341346904
Оловяннинский муниципальный район,0.08768251795441984,0.18279109257997206,0.12931523893367114,0.17000103782020304,0.1899668416144511,0.20506093359229105,0.18535189719223055,0.18708589224268835,0.16895250643653092,0.18042618396109056,0.1481251413544129,0.20840747221405742,0.1695695828980579,0.1845902239961159,0.15537761930102434,0.17561445324979985,0.19055017938994823,0.16645011543465493,0.1796495667717366,0.1526789425723294,0.10146870468013525,0.1481022508404397,0.14452313523804605,0.18451663443176258
Олонецкий муниципальный район,0.2235356936351014,0.1905435463457401,0.1927350531496046,0.24018231724873473,0.23525834349559105,0.24520435837291643,0.22970155754526544,0.20732598203904473,0.18469370609580515,0.18555450226282844,0.19091178720468172,0.1768904948592649,0.19875234965511623,0.21217250920158115,0.2160858650439863,0.19578956226694721,0.21763389550324064,0.19544655271678124,0.19999171390835713,0.20614850899374204,0.19248277272860825,0.15823588447410408,0.19833744900045502,0.16039338445534312
Ольгинский муниципальный округ,0.13045250708371547,0.17186066454086912,0.15456701039974163,0.1761255316318895,0.18265412090686262,0.1747416612711845,0.17665266005496427,0.182152898166283,0.22993469883410533,0.2392063280090202,0.19432273235326925,0.22702013102746577,0.1895264182414209,0.2294587400632917,0.18899716742254036,0.1914805588314188,0.1826059541336349,0.18009786332019218,0.24101374726034663,0.2279151708652254,0.19038473309195858,0.21346950342135074,0.2675289326576298,0.28682554135016325
Ольховский муниципальный район,-0.01861713214960581,-0.01228596119974057,-0.03480344776108879,-0.11043426922462984,-0.06448660140546636,-0.10073956648738225,-0.11201363895196081,-0.08426388161852039,-0.041272024272966945,-0.09413653234585517,-0.07931500138701963,-0.038353430776606245,-0.09546295652145176,-0.09397567117677852,-0.07498019200840744,-0.054203126174543925,-0.04199512103660297,-0.08632406237497037,-0.11379833162723507,-0.07538799963574405,-0.09190113200249428,-0.08660558223504466,-0.0707380471624024,-0.057513029488662326
Ольхонский муниципальный район,-0.005634117168002106,0.05037087977223287,0.05295432984460113,0.07066207803151592,0.0475748435602501,0.04371015421318347,0.11552552383528791,0.14342274932508836,0.10538516897061712,0.013607587347992833,0.04834531692064736,0.0024636815152039304,-0.011575033204129781,0.05506221879294415,0.07449933374124029,-0.03668165932585943,0.0374997988175263,0.05955391797306042,0.064660788676564,0.13141579712790552,0.055041321607136595,-0.004596961088354945,-0.12068555798108882,-0.0948000359772152
Олюторский муниципальный район,0.6442695582809055,0.7014917416630269,0.6697847541129605,0.6825199270290749,0.7758373511336281,0.9079967592656377,0.9765456963391124,0.9675003138074985,0.914049674184163,0.8716384527337748,0.854368860834203,0.8645274758581536,0.7353492184103079,0.77558855453516,0.800175255124298,0.7656708477013456,0.7040350776490012,0.8408176474059239,0.9351487680586761,0.9554870788525598,0.9440643969757438,0.9464349291184266,0.782643866549174,0.852533640500619
Омский муниципальный район,0.052048296310919895,0.002468771312651441,0.026384145784353663,0.09209560308153897,0.07635150384260925,0.09243866800190581,0.09129204215429709,0.14190735583043335,0.13036455715023543,0.15491418434993776,0.15260282044646978,0.13007986739067512,0.16457151139647586,0.11353538716797473,0.12473812242937576,0.09450086846105243,0.08177025479492883,0.08198739926433163,0.07837669124893765,0.06987939636770868,0.07844480251164931,0.08063573678991709,0.09821170245166932,0.03244729841477856
Омутинский муниципальный район,0.06429998100206369,0.04343672618323424,0.07727812344188223,0.09762211923714226,0.07296343112361647,0.09129304108656378,0.09660671638157758,0.10325638097203438,0.07176666178453317,0.07970481771960891,0.055140260113844874,0.0684341145238534,0.03865649845462649,0.05945234377452735,0.05876932691210435,0.040702211715016645,0.003573361512051676,0.05445659461000574,0.034416471385529945,0.04373191560194023,0.05234777224976561,0.07447609290148272,0.053450414226427156,0.05461141347364595
Омутнинский муниципальный район,0.09141413681370558,0.06354002498136069,0.061727824965881695,0.07988431386369754,0.06025805289737285,0.037960347034164954,0.08675650251392852,0.0458026712422388,0.001675042267695659,-0.003251413402802328,-0.022651344392565775,-0.030330047107703706,0.043202294096923666,0.014344461891420579,0.00863945187279036,0.02070277204963844,0.005851974616017941,0.018109024512462213,0.020549209603988317,-0.02440856202746211,-0.023528446811676318,-0.026694574591997977,-0.014017864627946963,-0.018003561654190037
Онгудайский муниципальный район,-0.13879246494287756,-0.11154266008077762,-0.0967641421070411,-0.07084908882030305,-0.05000293198540007,0.02748904716686873,0.019000984704025115,0.06283529610731975,-0.01730783743136577,0.047452626948913945,0.07486442191906306,0.07499414388021819,-0.11892943037095272,-0.10819535409677883,-0.06341268303697412,-0.03148888261902805,0.030579912820240196,0.03376390814631236,0.06218758049091733,0.11739581396713028,0.14367484704305333,0.08939644073659458,0.03651342399112423,0.00787983132693526
Онежский муниципальный район,0.24467298719089037,0.2601409584411023,0.2573486944795178,0.24502856695747965,0.26153268227835724,0.27583855810531155,0.25475786936487843,0.2326830401221649,0.22092226057190523,0.2338177139336164,0.22395173725953654,0.20726243392101118,0.22454800304569034,0.22877009720611774,0.25486007407898725,0.21529366575771647,0.2473568534525299,0.2407385526200585,0.2394437403438232,0.21579957705845132,0.20494432309872046,0.18729469393931275,0.21651675210741672,0.22262286783688623
Орджоникидзевский муниципальный район,-0.06571587159893255,-0.06152415124703303,-0.07925735391099131,-0.018499805368630717,-0.09586524036399702,-0.057354483078592366,-0.04909602133652058,-0.042083790464676696,-0.052745018337159166,-0.07682165806827257,-0.05197584735777383,0.03803031754525499,-0.05651161815093175,-0.10409023721510025,-0.0653608793582805,-0.02619304179194515,-0.05089026994654766,-0.03384375550022156,-0.011363530498712748,0.0003562874881808398,-0.08353327572927682,-0.0631594902964352,-0.03531440407608066,-0.06794156520330752
Ордынский муниципальный район,0.05636600559927096,0.05814391010605746,0.07466087343590289,0.05095677415423516,0.05400573389054131,0.07372493153120452,0.0771515109536729,0.08453998476843338,0.09606743142054519,0.12165814770630412,0.0911576259040725,0.09163717933014581,0.06046285750668012,0.07356741575824977,0.043543409543723044,0.028111127947703096,0.06174052948810349,0.09050064237744593,0.09044912481633283,0.09352322982455341,0.12081196566481545,0.12766451238021226,0.11705252074702877,0.11960785368101234
Оричевский муниципальный район,0.024812830767118044,0.013893544382030498,0.028156960147525112,-0.06917941455741783,-0.08018468945548385,-0.10743966927290849,-0.106122757922952,-0.10015124138084097,-0.1366284514855174,-0.0989735554465554,-0.08790308145082015,-0.10657939096108926,-0.0771443759977668,-0.06520416352982927,-0.08469293530038158,-0.09984153927028672,-0.1252880258764275,-0.1382790474767681,-0.09865762725435623,-0.1598951596285172,-0.1529241478536001,-0.14267632387227813,-0.11042153825364309,-0.1720728844460524
Оршанский муниципальный район,-0.11431077549853974,-0.12249055902990769,-0.13371359176868935,-0.17806207301683585,-0.17661357927178756,-0.2651551911780654,-0.28932058084859236,-0.26186305626937134,-0.2884548509576703,-0.25561318798897936,-0.23223404562267547,-0.2723987805399375,-0.1281482096486446,-0.15359631609730506,-0.15541079728184215,-0.17743284702259032,-0.22045195546524532,-0.2025985208454042,-0.27727565530898524,-0.31997928442737233,-0.28427159411562464,-0.31982450541437757,-0.29460478315031935,-0.30891037307163494
Осинский муниципальный район,-0.04012216348873743,0.0032574926391539805,0.014738726949483194,-0.0055393434017947385,-0.02933978417167893,0.010283608165208236,0.021725039779953548,0.04514343198044557,0.004378743066720148,-0.04102489843401358,-0.0033045572414227564,0.035274922969760425,-0.06582257157539395,-0.035583018738623906,-0.02680178097836894,-0.06485628632302465,-0.016959519911813103,-0.02726838934383302,-0.011282768101640528,0.0371535699215606,-0.0355035755017763,-0.05326480857975646,-0.0964333968155966,-0.0560993455196499
Островский муниципальный округ,-0.11341985392979304,-0.1437246977094908,-0.17327172127403578,-0.08534642430704054,-0.08733003438252318,-0.11994084676953243,-0.1232713801963694,-0.15490219631547042,-0.14948560891319929,-0.1066449419029496,-0.0989224767004302,-0.09976409316420565,-0.11418045849341318,-0.09788858878092022,-0.10514373248857645,-0.12079778167330701,-0.12330838722086668,-0.14147634190636182,-0.1251817755106739,-0.15050802450258693,-0.1639739840401866,-0.12960789000739048,-0.14676892166858835,-0.16364768878878877
Охотский муниципальный округ,0.5422860789206236,0.5308143473442701,0.4921702703274988,0.5373966009086626,0.5108840332750741,0.5951017752444532,0.6665953901156616,0.6569703078216271,0.5929560188250314,0.6497819349852652,0.6302707688263727,0.6375583114370684,0.6481003831550716,0.5797072817402036,0.5596098570363282,0.502712160782103,0.529015817826048,0.5527063765197155,0.6595498503378003,0.6860544590797577,0.6000887913637136,0.6772944497477962,0.7302311281694998,0.6342547904402256
Павинский муниципальный округ,-0.2858639703667496,-0.3091352603038118,-0.2790957335707809,-0.201558281871689,-0.152910211208928,-0.22268478586810225,-0.1322745210105527,-0.1336496697216134,-0.12209437223770792,-0.14051169826207754,-0.14398766968422727,-0.10749452339231524,-0.20750619386100944,-0.190017105114471,-0.16667673613581968,-0.10250142557683795,-0.15245243346457116,-0.12846909353118008,-0.053468502510499505,-0.10872731447716788,-0.11612649787102214,-0.13048615756563642,-0.10891829232655859,-0.07227614202269095
Павловский муниципальный округ,0.1933294559803933,0.18151376901686334,0.18436143753512368,0.2246188849117985,0.24135674191435896,0.23418224078210947,0.23553975731469023,0.23592146740431374,0.27696212941444287,0.2714880684923422,0.28098014227727397,0.26920784982761425,0.26563357034528323,0.2688187969080129,0.27350811298955335,0.2553876774724806,0.27207641972933594,0.26643467522927367,0.2747322584234215,0.29929477602314414,0.31105883453131433,0.3034272585000455,0.33159680167946526,0.32282771294164725
Павлоградский муниципальный район,-0.06063455985277777,-0.09896525962471969,-0.0852408060558929,-0.03959239875173104,-0.09699091387676617,-0.09000620095695133,-0.05319238910505497,-0.15098976535273145,-0.06751123071256693,-0.07486471028131092,-0.07971749686437946,-0.08823658799313705,-0.13932411176787873,-0.1370469766585689,-0.13088379656858784,-0.14016268058247405,-0.13324600449473145,-0.1101368588903675,-0.08174769250194203,-0.12349101202216772,-0.16529398220108327,-0.12444635036713869,-0.11935078227834772,-0.12927432200748257
Палехский муниципальный район,-0.11520249151637074,-0.09863783806654247,-0.06147042028490013,-0.020855760363611253,-0.04703936127108044,-0.05633193582450602,-0.10632886912067363,-0.08431392039858565,-0.04575252616780112,-0.12017275146170547,-0.0769034246555691,-0.06048514446476183,-0.1012499771946711,-0.0916752100702336,-0.05886691975318925,-0.025370797885400975,-0.07914123821737462,-0.10562855188520714,-0.10542262553021153,-0.06595436829356771,-0.011302980694928522,-0.06541018376730712,-0.05353668480385565,-0.03243828644562896
Палласовский муниципальный район,-0.07778822367247606,-0.10740597841448007,-0.10969165638417522,-0.053269624059185006,-0.09693728163304982,-0.10765481557322154,-0.09205351093781111,-0.0876220282723601,-0.07529584385905608,-0.0809541088068233,-0.09181737869883655,-0.11238942412336073,-0.0676189303502781,-0.08133868708885394,-0.08976655886800877,-0.07276253726999649,-0.0864212323870781,-0.12624026645694642,-0.11837212552959286,-0.09893171222204344,-0.11207204690712658,-0.14746259362598124,-0.11843128425944549,-0.07589038161992256
Панкрушихинский муниципальный район,-0.24163919400287703,-0.18998382109140444,-0.20340209993072556,-0.17572457307631062,-0.16013950126798093,-0.07917766789817726,-0.12721015061686813,-0.10519699505897506,-0.13713731418838293,-0.12535411020370368,-0.13762213961801528,-0.08167219954457394,-0.18213825553782748,-0.14840177457482007,-0.16378719767553207,-0.12537685001305832,-0.09833673322204106,-0.10426640129318798,-0.07647565228862696,-0.09066072653753743,-0.12897714200308918,-0.17705902592641998,-0.18468381732412809,-0.16433362905818427
Парабельский муниципальный район,0.21412436046271566,0.2735050294533785,0.2544571941751368,0.2096648819617819,0.2327931059310604,0.24065820718808517,0.23791666224228258,0.22514687860915572,0.21051046726210387,0.16936483360343857,0.14229820449542352,0.1556374362339934,0.1806822330511828,0.17380814030678593,0.22258707982731885,0.20850356886849397,0.22060954088917484,0.22923265664280912,0.24352064253161743,0.23707831904684795,0.20462852808214826,0.18776575720509037,0.188750615396442,0.17187909573215698
Параньгинский муниципальный район,-0.26381759119664494,-0.28334110273051927,-0.3402322571132643,-0.30400159488272926,-0.29262677998924325,-0.33673310240724597,-0.33347423304326007,-0.3493037262634999,-0.3281836213033209,-0.3729417254536056,-0.3137138090461242,-0.3680380633359004,-0.3098216782799277,-0.24957100956854816,-0.283938793198768,-0.27140930744001324,-0.31024575070070526,-0.2776889722004743,-0.3219884785300007,-0.37806827416838296,-0.3314894084421116,-0.3249229841170571,-0.3627524254359358,-0.3619235273460326
Парфеньевский муниципальный округ,-0.09646630447635118,-0.12691472551590444,-0.12459246717341799,-0.1510670045538589,-0.062204797791350686,-0.07870723953835324,-0.07968367659032793,-0.0775812315747082,-0.07524268206111095,-0.14790075862488372,-0.0844589937676492,-0.11409953832846931,-0.10006737815497324,-0.009479178019152101,-0.11622738990536519,-0.0292282086712774,-0.04138756123837162,-0.07736175916276089,-0.010233450062022698,-0.07572961719820981,-0.062089823543763245,-0.14351929680656994,-0.16730646651825154,-0.06977595688327298
Парфинский муниципальный район,0.0311008630309626,-0.017001531290372185,0.013705970520831556,0.05457720493807017,-0.03169845337046695,-0.0006281255491220605,-0.030437234470435115,-0.04462948217785012,0.005360097414369491,-0.06193228376620752,-0.09840962987653334,-0.10575213500882796,-0.04856867938033105,-0.03364855400552358,-0.06602590565132793,-0.033056963783616666,0.0061416078182841005,-0.0013499971368542418,-0.028264423510163894,0.04494399105050917,0.03224514082321406,0.034466913921567865,0.004602203329362453,-0.004014898243543286
Пачелмский муниципальный район,-0.16620158816962416,-0.1090034668419051,-0.11754964150668634,-0.2099482138743589,-0.17307703617656678,-0.18828044369462482,-0.21389629013244793,-0.2202501238012875,-0.13583740160812852,-0.1731220697296365,-0.23276170371248384,-0.11744049448692628,-0.16391575778614786,-0.1293406120424816,-0.1463828073182114,-0.1879126290497819,-0.22648955252841674,-0.16424465099225039,-0.23528475358374834,-0.2798991135180344,-0.25901530095535463,-0.2620639605089323,-0.1961904012293907,-0.23645955682469655
Первомайский муниципальный округ,0.010859358164815092,0.023017606707917082,0.007893703375316363,-0.08973143462214317,-0.0734566745887868,-0.09935156711869908,-0.06999619445731042,-0.15040154576944786,-0.21564009290292319,-0.2044277709603879,-0.08820754179721213,-0.16634955608104818,-0.13331318065254827,-0.14102749833398853,-0.1597363368200284,-0.08242488854731711,-0.12604320597556473,-0.1440698877922788,-0.1345928608601703,-0.15382737658910095,-0.11467659186089385,-0.09246497399893805,-0.08454658244157542,-0.13568635476711677
Переволоцкий муниципальный район,-0.12789119419663209,-0.12484021046056704,-0.14670895386076666,-0.1897715259760009,-0.19118077751686258,-0.13100217957021343,-0.17556103010303659,-0.13886776035989357,-0.16489138918329083,-0.1945789195323524,-0.19399671429924226,-0.13127418144389225,-0.1648760843709649,-0.162671757417856,-0.14249744447382895,-0.13822375607779946,-0.20260581853890436,-0.2139265211506114,-0.22949201606573588,-0.20009014392189783,-0.2004506218801403,-0.180456262874916,-0.16894850301199504,-0.19632323396402818
Перелюбский муниципальный район,-0.12368369865851925,-0.18962520534432947,-0.15167909045998051,-0.1582182659799063,-0.17498869497741865,-0.14967665100621552,-0.1891280994747948,-0.19651433931506013,-0.16396148094471208,-0.12887762652021273,-0.1452763988536212,-0.1528920100031783,-0.1589488106189183,-0.16020791042961768,-0.15710962064878942,-0.19696153923966975,-0.1398306260525093,-0.1616463720921999,-0.19600575235133277,-0.15600013476537633,-0.21156243524394114,-0.25690795392683796,-0.2104977988634804,-0.15389386349232836
Перемышльский муниципальный район,0.1080124263483686,0.11894686059917703,0.11399050461872129,-0.03547341172427032,-0.006299002736012582,-0.08305404781762782,-0.07153790805374349,-0.06862498773406678,-0.09148141612724103,-0.05383916928404098,0.019897377497366975,-0.05981983611139263,-0.025320419356031465,-0.006951777367671497,-0.05587711801849693,-0.06521635473991338,-0.10109611687136777,-0.09581723773428763,-0.17509705765885286,-0.0841359113398461,-0.14682107738424754,-0.10758177564578908,0.014468044310200767,-0.04242859262730292
Пестравский муниципальный район,-0.008837365862891744,-0.06015817436131421,-0.03948309043874332,-0.05804797135116502,-0.0395673464323778,-0.017394284935017268,-0.04690842171833154,-0.008081505111963594,0.013954739635003932,0.024520277897341458,0.009986675075280615,0.009469509414778088,0.016213704680760443,0.026046770611676706,0.0278802215366607,0.025195494401634377,0.00808411839996026,-0.004096519595492509,0.009220318083093204,0.006629858538669708,0.0014630580517600578,0.026198173656585055,0.030473494846413374,0.006009305163843237
Пестречинский муниципальный район,0.18728264060551503,0.13661024508456165,0.14779316355433636,0.19667262969905863,0.179079351694023,0.1540885750979637,0.17494259356749708,0.19850245059733673,0.2321654012560277,0.24579885291568182,0.2530888960194595,0.19186863369248286,0.24699373841500183,0.20228115843527839,0.17675677394056066,0.17004400119371255,0.17582084137548293,0.18153087049161698,0.17764589270015385,0.1755943020354458,0.17177319454462214,0.15716123059985776,0.13454630788462119,0.07974761672014807
Пестяковский муниципальный район,-0.21835828395073165,-0.16314726025312787,-0.13888102242840716,-0.17029156171228266,-0.12417388684251662,-0.11635310645667474,-0.20817414130788414,-0.18101618158905453,-0.20052278470137352,-0.15361775585175863,-0.13943673156600234,-0.1911624015534077,-0.23985746140334463,-0.17998165032407343,-0.129181668498056,-0.14103642463106958,-0.21512136967683482,-0.2494881142716867,-0.17386108108013687,-0.2860995432403559,-0.25985256482609564,-0.2572753597832218,-0.17025439664634767,-0.22305793854073208
Петровск-Забайкальский муниципальный район,-0.04045325277550482,0.0011363918315741017,-0.02733318821011821,0.007454693684755043,0.04813166228374577,0.03595871713276999,0.06302570100502436,0.07430178492790596,0.056739214504528235,0.058274312326824784,0.009342404459344422,0.0852576866885606,0.022506803064146652,0.0065416123886770094,0.04231048636568957,0.0320807675039827,0.023733761837586798,0.06009302230280156,0.0440142109084487,0.08864331990744034,0.041293849418131856,0.04840740680392841,0.004073823208548433,0.09047284494445407
Петровский муниципальный округ,-0.09696257515839868,-0.09081171116554287,-0.08705278297114383,-0.12974349574602861,-0.13116991963557822,-0.13990685941040937,-0.0983985320337819,-0.11758758056156893,-0.07407383695938563,-0.07001462956248616,-0.043835218911837615,-0.016143706764610855,-0.05092351054610589,-0.042954030366241014,-0.04550437387545436,-0.06580174257605975,-0.11014030041901535,-0.0923588139319218,-0.08372104208895514,-0.0985383813601679,-0.06424573823400159,-0.06742712239226023,-0.06704264034400431,-0.05416330655602941
Петровский муниципальный район,-0.12266454446820951,-0.12736383572386778,-0.1267098537676823,-0.11526899867807927,-0.12230184577162717,-0.14012910632764886,-0.13965306126742938,-0.16190766765582865,-0.12516314295400655,-0.14205117514408627,-0.14872115170829758,-0.11642823728718454,-0.1345357814510706,-0.12804470433708204,-0.137530863108978,-0.14957118833077843,-0.11332868530700324,-0.12935271177260432,-0.16177234718996658,-0.1536426788003311,-0.12971227399238217,-0.11716426455658002,-0.11151622911282466,-0.12460850227504139
Петуховский муниципальный округ,-0.160086887642521,-0.17261990739190125,-0.14887374258336017,-0.18819423858275108,-0.18273051891223702,-0.16113049586203587,-0.15625340486683648,-0.1937191675488421,-0.18515580467811255,-0.2075365513624714,-0.19552106180683104,-0.18865322755378067,-0.13087245419682958,-0.14745060138960042,-0.15915202556028163,-0.17486764681304479,-0.22899857062368945,-0.21129706979741947,-0.2476876981234888,-0.2838882013188524,-0.20704991199190914,-0.24320089892936458,-0.2607123659385131,-0.154773019559185
Петушинский муниципальный район,0.31074838126361826,0.2791301849146208,0.2864287824017815,0.3429722898977765,0.3665558729203351,0.3569550573381939,0.34829034063730013,0.36698860635506847,0.38804020501118863,0.38254515803548905,0.389839424329093,0.3755251316889048,0.397147350932034,0.37884654258161277,0.3686345283793404,0.36259555463851,0.3795465806659877,0.3651017885702359,0.38407693958980893,0.38783623306608206,0.4093904458704696,0.40851805062285784,0.42643006719010224,0.42179227869575975
Печенгский муниципальный округ,0.7933025686260411,0.7027900772813904,0.7271322290836704,0.8016414340694045,0.8149244784330207,0.8153053955650016,0.788512118302604,0.7693899474659354,0.7726853100292796,0.7473148962629139,0.732620745331328,0.7272497039475763,0.7477690263274912,0.7121532376253086,0.7227620079088144,0.7247990045859733,0.741056884929737,0.753740539638315,0.7730178822128462,0.7512532148114435,0.7550527276528438,0.7284176300811964,0.7217579239413165,0.7166697136185771
Пий-Хемский муниципальный район,-0.17898795580219762,-0.08079277467896695,-0.07350554983747237,-0.11453666616640312,-0.10891476498916752,-0.033446948309283187,-0.025576841789650473,-0.01838150529003535,-0.10820794954372381,-0.1269246068574965,-0.05924610583879719,0.009430723416519626,-0.12312495938509826,-0.15349003487709645,-0.11357283019076547,-0.1319962141670974,-0.028028172721002775,0.006194746141806817,0.08356844766822746,-0.00583740365023111,0.12898334305948111,-0.04376385306005304,-0.047439890340097435,0.1069790681085312
Пильнинский муниципальный округ,-0.05278126319420373,-0.039992218913550204,-0.022476996373059777,-0.02553286908758423,-0.02783715428714295,-0.027223223372802252,-0.0077213277234911,0.0028934275129213205,0.010740398972368226,-0.027538217539966325,-0.03431662942057301,-0.01074665409906217,-0.019436058377118925,-0.030072584448857853,-0.013163858366242565,-0.027189295095924493,-0.040520258495366335,-0.031014421461863506,-0.03750693855310061,-0.022746455634885976,-0.025116869312967083,-0.04245021005486471,-0.039679650142430134,-0.02349298995966187
Пировский муниципальный округ,-0.057878885077995434,0.036501819750414555,0.023674538351963648,0.015002648875931612,0.03899790196798669,0.013624581108709677,0.041433428351593804,0.03910218331237125,0.004084148868095383,0.035683744689377406,-0.031531379828988904,0.028334006442921833,-0.049424340163058744,0.04552719227692137,0.09422639809345235,0.03167225407863583,0.01904819497069532,-0.010396855451743292,0.004581042528542412,-0.010147927187468042,-0.009953775868146053,-0.002316179746937763,-0.08588015305172902,0.01990334744533051
Пителинский муниципальный район,-0.1335692523391394,-0.021638402659643674,-0.10872642986203118,-0.09441167332256839,-0.11059877005889085,-0.06593381699421563,-0.14440620114084624,-0.10878012747570409,-0.02062442338606907,-0.05757409514196077,-0.03899212536946628,-0.06469515047456653,-0.1891274324160861,-0.06253211879865184,-0.05935140521709137,-0.05732464487417843,-0.15970219152840315,-0.09469306107521192,-0.03593298304446968,-0.17529844645108916,-0.052831131602793846,-0.08926468679780797,-0.04108226433476503,0.01946682018062873
Питерский муниципальный район,-0.15006018978922064,-0.18005006305148363,-0.2036254014445209,-0.20877185241003282,-0.1731927903149053,-0.16767781635577883,-0.17766187121184807,-0.19221301715115757,-0.15949835224934183,-0.16127292133293203,-0.14613647523841422,-0.10266685282216592,-0.12728032982444581,-0.11155276899134137,-0.14149258758136973,-0.18567583283478228,-0.1570686859829724,-0.17232305990313534,-0.15755688427306147,-0.13833953034613167,-0.1148214878982401,-0.17468780847817555,-0.120501345030398,-0.13977392874836525
Питкярантский муниципальный округ,0.37013146135122454,0.3366417185717907,0.29130775623855243,0.35251323017250336,0.3596834589868312,0.38728411844184585,0.3728760497350958,0.3270053821830263,0.3351894261038719,0.34051490102597626,0.3146489428277697,0.27523214409014685,0.3170732640420919,0.28361749032544026,0.3003982377980545,0.3081989305790298,0.3444796708449154,0.31976479269037483,0.3262848851756637,0.3383540343210534,0.32764244362043726,0.34578708469369523,0.30976568926124237,0.28569379576920717
Пичаевский муниципальный округ,-0.1380011571132922,-0.17027262622496409,-0.12784786340839638,-0.18142806765967734,-0.1268227488294862,-0.15445664042514196,-0.23794065655015473,-0.21185846616504023,-0.2575536068346107,-0.20530663435370755,-0.21560962183617605,-0.20543710506860968,-0.12716466940331372,-0.14813746903608127,-0.17075586699162493,-0.1566984519060579,-0.24142697853407036,-0.1859666369054498,-0.09623690469728885,-0.16557937565088032,-0.20176700045003138,-0.17890180807828138,-0.1486616965676557,-0.18258186464370674
Плавский муниципальный район,0.1917117924950471,0.17497806839974572,0.20092737428797136,0.18842951610552383,0.19742627062856677,0.2146937122828998,0.1425663048530268,0.16883917767037993,0.20002949590382002,0.2122384015815122,0.2046377919354434,0.22461466915937933,0.22267496206485227,0.19795311645798463,0.17800842558856544,0.20097737220043932,0.15518482452136695,0.1523327260146523,0.16000839433092828,0.15989234398411156,0.21593478663826637,0.2259159041570804,0.22146847482914112,0.19276907403445698
Пластовский муниципальный район,0.11804801353228278,0.10118928117809922,0.1211981807848943,0.1327527035458509,0.12145403245858155,0.09551654054558512,0.09669084897459257,0.11353235196451905,0.0959330499112383,0.13933844402337847,0.10752350160623081,0.08798649524698021,0.1257291120564208,0.10092518936130901,0.1136459371379388,0.08265087936675108,0.08792670886131759,0.08115846176396424,0.07185814964869586,0.11845152015660432,0.12130795010870266,0.08575236575621048,0.1215089691289144,0.11143109345426794
Плесецкий муниципальный округ,0.2674842327078668,0.2650075181180416,0.24779617181412306,0.30768112321691277,0.31763918252817547,0.29824053885759483,0.27660482106840867,0.262908967246565,0.25198259195109074,0.2624230162851422,0.2516448003137892,0.24388237174940386,0.2636404089624236,0.2617926384916913,0.27249699055760424,0.25767190101421455,0.2959519781258457,0.29225033915561305,0.2590171251744202,0.26486472966414887,0.23470338376966815,0.233239344369764,0.24895762345180295,0.23585691350587368
Плюсский муниципальный район,0.05976685908962054,0.051967874005493186,0.03675470716451734,0.07835316868577813,0.04301584794527358,-0.023804247220681418,0.042055595290159786,0.0,-0.01680628260091055,0.02953840942018715,-0.04772665294992784,-0.10845413264330617,-0.019747633391324015,-0.07257706380204354,-0.038598164418738534,-0.0378198138875252,-0.014211394305313263,0.0,-0.02625396022142823,-0.016125519054243753,-0.028833030022086703,-0.010444811396828513,-0.0638828734988337,-0.04747937978714312
Пограничный муниципальный округ,0.2103520651800146,0.24322918632520718,0.21045637614817458,0.167965327375466,0.15802334493504056,0.15747798850275707,0.15068943629295362,0.16361987782648946,0.1398412595614129,0.132253605052993,0.09336092326589096,0.14773119288690673,0.1722307571014028,0.18048921198302814,0.16545603266765596,0.1340004741030878,0.13057685745563674,0.13747886683120036,0.12327777374953541,0.10317647256748863,0.08325069002590446,0.07804880123905633,0.11388836397278723,0.09984533496971615
Поддорский муниципальный район,-0.0017506171416030725,-0.04737728101101091,-0.047283738822372356,-0.04037640506393991,-0.014315373399888642,0.026501717812349668,0.013256200747134628,0.08195846447064525,0.0872496668909637,-0.027047636682404175,0.024283399277406303,-0.009560038976834662,-0.032080565629845736,-0.0429778192164072,0.013279640878170795,-0.06436140384750999,0.005769206862288101,-0.010768702502941707,-0.0374654869167923,0.02479304250775627,-0.12170402766835053,-0.041772875340965854,0.02555148276618091,-0.008045980895571958
Подосиновский муниципальный район,-0.13260049469495705,-0.12243468218246534,-0.12361275739850619,-0.09441167332256839,-0.09624032409243988,-0.09350048659625365,-0.08410913012920851,-0.10132121887778212,-0.1241577809390293,-0.11458974361654484,-0.17433347323922987,-0.19667624763624225,-0.1294804233473723,-0.16498042129796175,-0.12174529027466896,-0.0977931214218053,-0.13334112482201732,-0.12535939294441434,-0.10152605666093173,-0.12290879645160757,-0.1512195450142979,-0.13155035662500758,-0.18733881667122532,-0.19021564699530202
Подпорожский муниципальный район,0.24080611889779036,0.238177296670532,0.20464595658873463,0.2817260387017022,0.29976560572887934,0.3072687372791254,0.28740402434766743,0.29639435501604083,0.26277001859743443,0.2707236398654871,0.26506637550597034,0.2563526158210152,0.27743265929775873,0.2561641718087859,0.2800556055315315,0.27319614551770677,0.3315065480182504,0.30871759587583014,0.3178946033432748,0.31925969529675946,0.32577879965814915,0.28222847544247287,0.304481026469821,0.2948396151972883
Пожарский муниципальный округ,0.3170216360372766,0.3146173056316002,0.29863255415462575,0.31379082201618225,0.3195505522166915,0.3022829719654432,0.2924316870246333,0.2837995567307683,0.2998361059182564,0.293156842737762,0.29743869852560856,0.31435907768707416,0.36355619387898663,0.34766036764696295,0.3262247244505545,0.333201380507278,0.3033553064059493,0.2829285495887017,0.29705072987622216,0.30190379179404836,0.32832491045422074,0.3382622910035753,0.3561114509205261,0.3533062625990624
Покровский муниципальный район,-0.04587661969334178,-0.04675545489500621,-0.07866590039678201,-0.027750565140781447,-0.025787204817989462,-0.08331650812201374,-0.10067623330896502,-0.08386366149211177,-0.08308795245286582,-0.1009254961364725,-0.11782369444493135,-0.08124742679160768,-0.09984227967343706,-0.14160494132753954,-0.11282895549934224,-0.11420461181556618,-0.15264637285911853,-0.1115984468001443,-0.16544017787953536,-0.08810622554891978,-0.12848735407146883,-0.08368871093992247,-0.13068378976041117,-0.12837835186515356
Половинский муниципальный округ,-0.2062337457384107,-0.20310152528569958,-0.21836132613721304,-0.27020894452894595,-0.3499386716366022,-0.31267420339955265,-0.24644129805722947,-0.3117953293981497,-0.30203436609112444,-0.2056583960973839,-0.31485906589968415,-0.26548188348659885,-0.3036627023734795,-0.2749263160997728,-0.3322382599339644,-0.284776256673986,-0.28640638521036266,-0.3455068346433574,-0.28968039452678696,-0.3362505317095401,-0.3125340294050378,-0.28533075179170453,-0.24098765363711472,-0.3209225295196383
Полтавский муниципальный район,-0.06418876516828043,-0.08315379745421758,-0.0792080527548702,-0.07674211265958952,-0.10048319412185869,-0.11684158647941345,-0.08330304413664713,-0.06312291058008235,-0.07057547655909424,-0.018015033708403294,-0.09411206877537737,-0.0633593680084541,-0.08848456113998893,-0.13872105499879517,-0.09838710530880412,-0.1148667068976863,-0.08882939403432033,-0.07815712838855404,-0.0549859534845325,-0.07393742555144911,-0.1303498258150615,-0.0747263453522713,-0.04748269581064335,-0.06585445509213628
Поназыревский муниципальный округ,-0.14404310280716537,-0.166002989675885,-0.12774435445477827,-0.08589350020010933,-0.0879145034621498,-0.10138083193980663,-0.07767856288028874,-0.10233970447786511,-0.1301490080205152,-0.16323805489254184,-0.16147261996518303,-0.10788697951857706,-0.09675230277737512,-0.11902007046535346,-0.10846983154976719,-0.04119812136731582,-0.02875617737812597,-0.10245308196953751,-0.041244639652733284,-0.08521324224924243,-0.14433054013355573,-0.11288394291750947,-0.1026111271025858,-0.03325225849701141
Порецкий муниципальный округ,-0.2022030550648921,-0.2293671490917788,-0.1737593015312786,-0.18028476338614752,-0.18841484960961452,-0.20782887589586885,-0.24887489474723345,-0.19741044690792897,-0.20474958889300154,-0.2545042672247746,-0.217687065020856,-0.22760729698404347,-0.18018512991694635,-0.1682646733145674,-0.17707937388446915,-0.13759441420337382,-0.2684433105438728,-0.2307250576544284,-0.24681855519702545,-0.2319324567879928,-0.22371429377948004,-0.2333628119047617,-0.25780269585237114,-0.23489902072404867
Порховский муниципальный район,0.08612760996378377,0.030334125507646803,0.032531207705496,0.08085745975017744,0.07056225203357336,0.05999081007140461,0.06818941038068793,0.04917994149764837,0.04982038927906274,0.0562456854618425,0.022240497647606716,-0.011895055373674523,0.045151137588273826,0.039411766761928035,0.02208991118749637,0.035261457703350985,0.05032712683225782,0.027419967120678734,0.014979475652518559,0.0007124480807991773,0.04331651217867716,0.002958522087439519,0.0290866694631724,0.016102532254365087
Поспелихинский муниципальный район,-0.14526814277416378,-0.1297249791639672,-0.10411637585025524,-0.09723036698418142,-0.06807540197015705,-0.03800230872597332,-0.07198594788700063,-0.03944886906571554,-0.05691190805814017,-0.08116118029899688,-0.08927388358459787,-0.05649991771993079,-0.10990852991661626,-0.13391561352370296,-0.11087891309478692,-0.10709116761677429,-0.09384605069943497,-0.064677527568886,-0.07028847091137003,-0.05753113789801034,-0.07904917274187007,-0.0917084264894985,-0.050440707098728055,-0.10357368073072415
Похвистневский муниципальный район,-0.23016448329803474,-0.11027225752376957,-0.2011718230095969,-0.17178120894142168,-0.12909088799231583,-0.1512487135387257,-0.16310237440195863,-0.1209039894463757,-0.16692858321749426,-0.16340667473949644,-0.12112255854406229,-0.1349419406211112,-0.15110003682684692,-0.1325096928047369,-0.04253253902193599,-0.049007386529005714,-0.07603739190736292,-0.09312133387288135,-0.08092480759442466,-0.05317893819258401,-0.13118416121719534,-0.10208279847878643,-0.09999107772014071,-0.10722679183699668
Починковский муниципальный округ,0.04320427151446715,0.05725728180186529,0.05515493050397069,0.0973487956202792,0.09156841042506159,0.11232073205696835,0.09639635392629131,0.08854716085707715,0.14952625537447162,0.05036198439701067,0.00046455450059568193,-0.0034515252338476188,0.005636392406749735,0.03971842788189228,0.05974751343243945,0.07430677511955253,0.08276703451248402,0.09831231026743659,0.09296264999081849,0.08504952349935202,0.096437002206466,0.07842413435159656,0.06766666010364908,0.08576916741051832
Починковский муниципальный район,0.048873450496516924,0.03597737338687246,0.05437880076511448,0.04502147049634253,0.019569718860594776,0.012003216900396296,0.0010651354423547588,-0.01431408342681273,0.002511512412661787,0.01952365305829673,-0.0180041433127478,0.01538611438892623,-0.008129502552639778,0.036955086430072726,0.023631868967449066,0.01950405329495908,0.03078174953502355,0.021595792367790523,0.011077915992904863,0.04471683878179711,0.02534149214099024,0.014105743091541001,0.059622797066374744,0.05865653006823024
Пошехонский муниципальный район,-0.03824805865181524,-0.037576820868972405,-0.06321553682648151,-0.03412149804082887,-0.07356145245979562,-0.09620900414468991,-0.08033620516160589,-0.1141274588456529,-0.1102979294046893,-0.06819870262127914,-0.0774053571060005,-0.03749940766607729,-0.07171360481263278,-0.027211620557588745,-0.09450094199988435,-0.09278290496604669,-0.08914788710978883,-0.11926096794564245,-0.07776948090746316,-0.11443794776128868,-0.05319438820216682,-0.04448497124863415,-0.0965233087020092,-0.06706225101167718
Правобережный муниципальный район,-0.04693150139458169,-0.11847538522165024,-0.11806204159988098,-0.0644548272229084,-0.037442699740784846,-0.04925397262485731,0.03492194338774368,0.05250220368962566,0.10906156227714092,0.09926022045596916,0.13143822256939686,0.07930754201725065,0.09781608756490101,0.05575214163519604,-0.014847927474260558,0.07673139794907691,0.01195785603886712,0.046449399809114666,0.04805600700020207,0.0630625353521026,0.04570540906829379,0.08392533640703093,0.04454937401878034,-0.007114287734781399
Предгорный муниципальный округ,0.0744372912043989,0.05580898796558387,0.050878743178845554,0.11218197130619778,0.12365017932037681,0.12497559926430135,0.13064287680871267,0.19354979307582276,0.21122925972177065,0.21832002155777808,0.24322766975005905,0.20116534067106429,0.25920998474660806,0.20688706509953647,0.18462305378223398,0.18680308590791128,0.1607649779712812,0.16786823648929072,0.17577216779019444,0.21077725399866942,0.21960616787492526,0.21586000803906025,0.2251580942173117,0.19848586962059578
Приаргунский муниципальный округ,0.08719686887489253,0.12738240964807623,0.07550589630180227,0.139720456707904,0.1654764869680463,0.18527168413304906,0.2057378267426646,0.18643719819364968,0.14901661466013572,0.18317250899713855,0.16228889514263933,0.21395502888006313,0.1562871067042675,0.18398372687733833,0.1814770381539681,0.18543761119335755,0.17151720113673719,0.2060155664474923,0.2154964033573208,0.22434650185339855,0.15657155707178916,0.1871264032672677,0.16497946685879583,0.17424105206830554
Приморский муниципальный округ,0.3200665997497918,0.3159157729015032,0.342071656922716,0.3692803415700361,0.4192264235831118,0.4461499150318957,0.46857781481211624,0.4637403801517248,0.4968034076978718,0.4932479397256131,0.5305271135382856,0.44750797022203237,0.5455649952657708,0.48732572743588776,0.45517677014889557,0.427090052972261,0.4422697197319181,0.4358373706961238,0.43858201743042,0.44713564970087205,0.45379993528959695,0.46147438006810226,0.4264833649915811,0.38895977847235486
Приозерский муниципальный район,0.3696188473749302,0.33829971348374777,0.33173077393161776,0.3749570615565414,0.377561218194181,0.3978203175530872,0.39021331843889406,0.42402663254664397,0.43690045095333474,0.4561296643682997,0.42838703678724954,0.3957864709615553,0.433417186504478,0.41208218365199123,0.4017077640506095,0.41707973792958697,0.4693165800946968,0.46007654942024523,0.4468139940610598,0.4724357342143488,0.4821166885170154,0.48823284248895327,0.49489335953791347,0.4673030682028738
Прионежский муниципальный район,0.37931386080622964,0.3891170566208739,0.32405256322090104,0.5228853891696303,0.5303189673950364,0.5268393056251082,0.5173652170122089,0.5144708896507488,0.48318008301598425,0.3806873604573333,0.40259557666441737,0.40130611910232616,0.461219361326048,0.5086538126445959,0.5379303508861195,0.5477793219760141,0.5939604490096979,0.573955299629425,0.5864149134401213,0.5427312031855536,0.45666796691915934,0.3314091701263351,0.4010329905547465,0.37179971182382765
Притобольный муниципальный округ,-0.26140537733872904,-0.2913139977304944,-0.2375827862907034,-0.18118726337219648,-0.20949826856061904,-0.2610078935407394,-0.26299925428032367,-0.25852196372754754,-0.31966248858917545,-0.33325991073920136,-0.30750142773509204,-0.30362684154290953,-0.2923437682885943,-0.29995647890394395,-0.289690703310594,-0.2938444423890285,-0.28823722707659805,-0.3033250950562163,-0.3471494945620588,-0.3139993807691539,-0.29041309713293906,-0.3150855563956245,-0.3164911320081867,-0.29879380806804967
Прокопьевский муниципальный округ,0.13221871716405076,0.11877127568146939,0.13486271589458454,0.19460787838739257,0.17936417663033843,0.18036340263452288,0.16359795051833537,0.20324304414746308,0.18825366648132658,0.19929839316662346,0.1547147536496123,0.15036232950349415,0.20847285987483666,0.1480443190742058,0.15359895567533144,0.13845367690612242,0.14367787770169294,0.15803852603988489,0.13827139871100513,0.1641350602951981,0.1768375954717083,0.17319515516262207,0.15576473468842345,0.17063827547744204
Промышленновский муниципальный округ,0.0,0.02325913510075317,0.0257185292879889,0.09099579543699932,0.09210127011795421,0.12258560196771207,0.11018621767594006,0.10912950563800905,0.09512638140823348,0.10391781038344128,0.09479892046851468,0.0732126167497551,0.035712722410613296,0.026623868712171372,0.05888675982868641,0.07109095996340109,0.07488071000223506,0.1305784658295419,0.14940529194945285,0.1577980316390981,0.1525129602007702,0.15514748087414176,0.15373654921854474,0.14779983174517675
Пронский муниципальный район,0.04584038781340283,0.01710616396755782,0.03213433855686354,-0.009435222244736252,0.0017993925827717305,-0.0018855615130348724,-0.014797105235945907,-0.021760203952334578,-0.017859838449021836,-0.022838546678107363,-0.006807187792624347,-0.0180156579236197,0.026779464572097567,-0.02969690940334857,-0.009594600551094956,0.025976567800576333,0.01933403175983628,-0.03367461515561665,-0.01711439682615712,-0.0207636527596744,-0.012784849864289072,0.004171819979545077,0.026307235472145862,-0.02181149303155472
Пряжинский муниципальный район,0.2105667818621786,0.19066611789703636,0.16535694624763764,0.2126736258456603,0.19730639769373326,0.23837735772365143,0.20923953410679097,0.1207325139819293,0.1358461514703908,0.11576542870250961,0.1447938786161007,0.08601244439326727,0.05796717565844389,0.13582469099856986,0.13200450826200338,0.10488383000610746,0.2010565986506414,0.14163894678768152,0.1532148203661201,0.18964605549109592,0.12325136312391116,0.05184310668412628,0.015393020749035813,0.07027971438223446
Псковский муниципальный район,0.47919694348503405,0.42239306371727814,0.4282496499613657,0.4806247231922196,0.4750289484409187,0.5032035469512675,0.49938989779357357,0.5202557691809115,0.5327230630416846,0.5632372538203825,0.5513037089633777,0.5551084980165477,0.5620425327125691,0.5075295546049592,0.5252189872949646,0.49951820868460217,0.5370277808580521,0.5213096989901338,0.5331334363204281,0.5575320763643159,0.5790982290334767,0.5743616334652071,0.5977920962898633,0.5865873158334836
Пугачевский муниципальный район,-0.06396272538431624,-0.05847952947256374,-0.07311346984813127,-0.0724675613358734,-0.05282135092555329,-0.03830339263029536,-0.049631496583586454,-0.0195533712689393,0.006830325564523676,0.0070402726337448485,0.0017177747439891533,0.017042668750219647,-0.0006112469627979067,-0.011782371261720215,-0.0325753456103719,-0.03488950498322119,-0.04464666243927873,0.0017971658637687682,-0.015937233653142258,0.012277818328174206,-0.009301587753983043,0.0009736309085557338,0.00175377820916367,-0.006286844143355452
Пудожский муниципальный район,0.19013533394470272,0.20920465578034886,0.18474013934984512,0.2599702302291629,0.25529252970852134,0.24626215975602506,0.23853738339411557,0.23169851890278537,0.19724020657645092,0.18773302291924843,0.207549332381042,0.21670154616225368,0.2052846494024685,0.19551970642580052,0.21145933137913175,0.22897192153460644,0.25544986968759886,0.2599304339836248,0.23215813575833621,0.18537885715648628,0.20690703226656915,0.18853916545185712,0.17941221111563976,0.19955238670176279
Пустошкинский муниципальный район,0.031049482170322662,-0.009337507001072609,0.004589561142807952,0.042858787928061304,0.0056305361839417145,-0.029210604163063536,0.05463770949200075,0.03422498999643864,-0.004843821254013392,0.022935269873563868,0.029259659263635385,0.007139682709523143,0.00841747275207716,0.030035253630066094,-0.0013709729822313221,-0.008896102048600696,-0.011597123968362766,-0.05772369886087603,0.005256463202226058,-0.07398005947526975,-0.03952736597129203,-0.05635176009645981,-0.04453340855389776,-0.045613707604193365
Путятинский муниципальный округ,0.07123413459106231,-0.006497233023496918,0.04540974217817073,-0.11032211130616254,-0.057708317620647875,-0.08263425455963791,-0.13380944072863699,-0.15613805794881763,-0.09061729855348943,-0.18764407897989344,-0.13879591129415303,-0.15907009523293603,-0.16086085709054387,-0.04150397959810803,-0.12653965903521858,-0.025154530231711547,-0.02124472556127799,-0.09973925335565426,-0.02404301926183372,-0.07769618617025031,-0.043927319192826886,-0.044994309120426124,-0.040571995156707175,-0.09997171281807482
Пучежский муниципальный район,-0.16070912647785462,-0.1499655928332757,-0.1401377644904489,-0.1517096968724374,-0.20704045477651256,-0.13563820531385673,-0.18599803152326366,-0.2078304347351967,-0.1276249581065798,-0.1732923646240394,-0.15689595293777003,-0.1507500472382386,-0.11537987606302558,-0.10910989536568394,-0.13500927364812298,-0.14395443078678483,-0.1529858573309646,-0.13846684090455064,-0.13747477314961642,-0.20542452444869141,-0.17319956490417,-0.13150406354350075,-0.15999839033668195,-0.16643472482487986
Пушкиногорский муниципальный район,0.07704152332261849,0.0652087779760393,0.07474540786259887,0.13753456792986896,0.10681973085911345,0.10216747956323857,0.11527781513944646,0.08867344208553973,0.08797240610392087,0.0810703664638428,0.07766295128948286,0.0777148391539626,0.04709619047476821,0.04544009185007347,0.04929021013269086,0.07175850362394698,0.08150172117866106,0.047112620354248236,0.010998939527851803,0.0926574289046691,0.056263267912088466,0.09432082634727124,0.07492697898618239,0.03555885339129361
Пыщугский муниципальный округ,-0.3094902076065509,-0.226510891328779,-0.21773825551182924,-0.16269914135058983,-0.1356475598117406,-0.16945010621738454,-0.16977891646900645,-0.14061319226838975,-0.13657192716591382,-0.1465733248016452,-0.1688721439844869,-0.13624230176661456,-0.1995171362652215,-0.15179106977503665,-0.17603917763940302,-0.12270317928688357,-0.1043712541486368,-0.14458940512514218,-0.13591842384709096,-0.07393742555144911,-0.0836737284554605,-0.10636218067112146,-0.14833020223554172,-0.13368796065365096
Радищевский муниципальный район,-0.19213260652193753,-0.14498119453366343,-0.19705887812757972,-0.205682760617103,-0.12566300826045484,-0.13624689857892314,-0.13402133880645373,-0.1558692624199569,-0.1026741436788079,-0.15328382886735525,-0.10025711064423959,-0.10736373890316919,-0.15900850676554867,-0.1025235912850686,-0.1451820098444987,-0.14229984867784218,-0.17203498511006998,-0.20963195853144967,-0.15061677863254452,-0.22249045452382532,-0.199661625705291,-0.17744669796073786,-0.16581166189051544,-0.1215873519408639
Ребрихинский муниципальный район,-0.2647841083585263,-0.2453504408665914,-0.24227233027360917,-0.26522074831034637,-0.19804024501366868,-0.22892023907071213,-0.23629611254037286,-0.22877061288495604,-0.22233031273174042,-0.240988481866788,-0.2558385100589611,-0.2335736370120678,-0.29514441221762056,-0.3122744211657764,-0.2638474911931912,-0.20205873138003305,-0.2048511756774012,-0.18291860347538424,-0.15839855644469836,-0.18244826738713016,-0.24560343953164931,-0.30220924906724633,-0.34363338416183886,-0.30458206714976477
Ржаксинский муниципальный округ,-0.11591643728682044,-0.12288178440865849,-0.13814865160680512,-0.14356064129916923,-0.18853239295385826,-0.14614852033388637,-0.14714012763397122,-0.1011176461761778,-0.09315777179897822,-0.1161434124619305,-0.12453759325505409,-0.08078038506780061,-0.06985527458828678,-0.06520416352982927,-0.05622839579500827,-0.1144410240249929,-0.09261235700157577,-0.15132024534410426,-0.13299537997547795,-0.12295357023208986,-0.1499680117228568,-0.12504409275797457,-0.11485329879096717,-0.12151000643846643
Ровенский муниципальный район,-0.16488814394289975,-0.18034605239802737,-0.2089996516298438,-0.21890907034990903,-0.19685421629135114,-0.21546887963283012,-0.21653951410429606,-0.14906596846805265,-0.1621042546418625,-0.16239538188405156,-0.19467391522805677,-0.1846421800130127,-0.13692708059880943,-0.16111775555112118,-0.21464816645340967,-0.2416490993852154,-0.18422146237020165,-0.1834095938127387,-0.1731961874386201,-0.21328378239792123,-0.20795078908312092,-0.21553195672312775,-0.24192310740037115,-0.2651077504132431
Родинский муниципальный район,-0.23203439168314333,-0.19941360357008087,-0.2313066752909414,-0.18752767288620298,-0.16609872128706726,-0.1256752771636851,-0.12794710911734875,-0.1507223499212671,-0.14246763585343203,-0.17790132325084684,-0.14291499594232704,-0.14010851769561228,-0.20938789798520396,-0.20433874873582347,-0.19750663868813056,-0.19804059286028597,-0.1902449721998618,-0.18076110533536394,-0.13067218111710943,-0.165813025970877,-0.18013636532245947,-0.18983407898768867,-0.18027442308471642,-0.19603154906498688
Родниковский муниципальный район,-0.042773952236757395,-0.045564701214406256,-0.006030169026590926,-0.008877738004567703,-0.047600743306288607,-0.045607291112007786,-0.029434632395568983,-0.04386028835116562,-0.017910035472347374,-0.0329012159533324,-0.02312676514888068,-0.008453800469647277,-0.06832747377820425,-0.019141982346017272,0.005589035228201311,-0.01350224317321036,-0.011386593219569363,-0.04007959134762906,-0.04825928219437792,-0.05593871414449758,-0.04352243356748353,-0.04253490916133984,-0.019289226839493523,0.003111592327771362
Ромненский муниципальный округ,0.01504499709104934,-0.015795440385838688,-0.047570285459798356,0.04136621440654764,0.07481699977294021,0.10347495414479191,0.09833002134960189,0.10900578154258334,0.08140341969874854,0.019336378372605267,0.018187761060721286,0.07332178109678722,0.02999673168259065,0.06155449174185179,0.06788793112853853,0.04679794542395044,0.013683836577477848,0.04124543619177068,0.0039051653534247777,0.040771312209637145,-0.029631150048489374,-0.04054637430963126,-0.01397646790242213,0.05823659951211191
Ромодановский муниципальный район,-0.15667147773382517,-0.14962104246808927,-0.15896732593992624,-0.2281401949607833,-0.2109397968299458,-0.21822882618588046,-0.16282969422684523,-0.22030745174581057,-0.23179732648100604,-0.2030231941507843,-0.2063141681712679,-0.2423658849929442,-0.1514554660113241,-0.1461310266289626,-0.219703632469475,-0.1944994944998939,-0.19443256188175617,-0.1805651997612241,-0.17685858540612287,-0.19190166793855923,-0.16992774561618518,-0.22814834275079576,-0.20627435249300063,-0.30152169195211975
Рославльский муниципальный район,0.11620938774029277,0.11344520723356055,0.1201486085910144,0.14477339249266663,0.14311706884653042,0.14610715594067436,0.1353079157944972,0.11836545578166913,0.13032127553842088,0.12376936750835021,0.12649610864450267,0.1312480516843184,0.13560430122412548,0.10868209759921399,0.12279391683172669,0.12074491938855303,0.11641309634888408,0.09571519531378136,0.0987669179003241,0.10160386421593692,0.13026946821785046,0.12099782102202283,0.15138851330474168,0.1570330189585043
Ростовский муниципальный район,0.14875258679572312,0.12315167604500665,0.1367315408684,0.1577670354067653,0.18617575016119048,0.18539207661267731,0.17326856207072439,0.2010636572704847,0.22285752846002005,0.22394521576515203,0.24675552342077367,0.22138789986159324,0.24933784644322365,0.19510731209600074,0.21246692197959227,0.1895982381417891,0.20608241743377675,0.18384663232205334,0.17419686287760605,0.1979313232276052,0.2032237868502733,0.19276551595503832,0.21723972289145443,0.18576880454898514
Ртищевский муниципальный район,-0.07733000727176709,-0.08697542387249158,-0.07566474196105588,-0.10022355141498807,-0.07319477793170925,-0.10287871912940894,-0.09047986661195218,-0.06292696661942898,-0.07534900848332704,-0.057978707730931944,-0.039668748081473026,-0.0644027955536135,-0.04921035631802262,-0.05996397686627297,-0.07636836588737417,-0.07936111863127415,-0.1002214879574641,-0.09694267958896141,-0.11308276809044138,-0.09596370340889315,-0.07370392772983436,-0.07223644562755283,-0.04761112321722827,-0.06278663193444523
Рузаевский муниципальный район,0.0543600874701724,0.04078244459836,0.05747971198841739,0.10601314250395255,0.08363079907241122,0.047448303800043945,0.07967909075064838,0.059417228961217816,0.0948573472392713,0.08397146739967276,0.08660858844816488,0.08208868263203684,0.12113823172752092,0.10421588378733482,0.09878771030867917,0.10355381517988604,0.08023480479843315,0.07146178338527776,0.046799462332254294,0.059673900781426426,0.09106538820034693,0.06409957019787882,0.09283185458134646,0.13126856037704293
Русско-Полянский муниципальный район,-0.06198705371913249,-0.11864236265225436,-0.09566094271724879,-0.12199770009907063,-0.12345769255798622,-0.13006654560999564,-0.0973509968391788,-0.10341023194227361,-0.11222678288634391,-0.09855201470894137,-0.0512908487988426,-0.08222467400668343,-0.11749664220710798,-0.0961810753085981,-0.06540520068792866,-0.11747204694698432,-0.1060822767862355,-0.12032090030137788,-0.09487507524263528,-0.09118108559702165,-0.14264051090139773,-0.10600110466069879,-0.08681471176330469,-0.0948000359772152
Рыбно-Слободский муниципальный район,-0.19831779472193922,-0.21959044848420461,-0.18871836193831015,-0.25596685366447325,-0.2656015861707264,-0.24761580949531847,-0.2601703980798469,-0.3269236364034942,-0.31101144788238244,-0.33746566479400286,-0.24144934394121975,-0.30314955253535913,-0.289550946065269,-0.25832521488353954,-0.2758100067457079,-0.2606239720553134,-0.2452496537492035,-0.29368235014654864,-0.32557597582355235,-0.3118337058566567,-0.25661902239779977,-0.26761791411533586,-0.24661354751928322,-0.2533468248814241
Рыбновский муниципальный район,0.0896227591529275,0.09707036418004122,0.08215659219709082,0.07705217417089294,0.07851386165426533,0.06362338001965995,0.04648842315263657,0.10884079226651266,0.14535656886687853,0.11252876645013998,0.16367062884582317,0.10712872436025478,0.15340840274918577,0.11885098734070532,0.11627347598102489,0.10172691355279184,0.09510581781040273,0.07938524441982153,0.10741063663098771,0.12598497438048462,0.1990329758356637,0.19068811530845586,0.20760109405368432,0.18682055353378324
Ряжский муниципальный округ,0.10739374697110904,0.08805723421428979,0.0986748899309351,0.11177788554472201,0.08840983405082703,0.069723577423213,0.06641332639455833,0.08989333917656417,0.1003135325103397,0.08861326939327085,0.11913996147359107,0.09957245804791626,0.08988855247985938,0.10761857232205507,0.08808675931211418,0.0889600485600166,0.08092604906558876,0.07673843983458184,0.09572387831111229,0.10002877887150952,0.1168735225661095,0.10226701096825153,0.1483665136754837,0.12051901547525823
Рязанский муниципальный район,0.2834594633013978,0.2622349608433865,0.2410189031411729,0.30786569657611906,0.27714928520475013,0.2924886446517654,0.2789563181596879,0.31610109420217114,0.34333754128572913,0.35108843083254726,0.34754928108501026,0.3076171245323156,0.3324193984644648,0.3044384853215032,0.31807246451607796,0.2877242460806162,0.2924782447152747,0.2838215580084533,0.2928590980720447,0.3058191778151951,0.3309573466667839,0.34106547748811167,0.3658987146621566,0.3439054031189759
Сабинский муниципальный район,-0.12548474375123675,-0.14812936118173958,-0.15886054537388716,-0.21050592109253152,-0.17574277720811082,-0.20065996170233014,-0.17616871456777794,-0.21521809122524438,-0.19499458891357868,-0.20530663435370755,-0.2032347861758499,-0.2556250818051211,-0.1032805492726041,-0.17654999404358307,-0.20701043293595767,-0.15389063744591347,-0.22487248428527273,-0.2166136726141854,-0.2316037368967372,-0.23538358182783092,-0.21663005870999186,-0.26592201037536256,-0.203418567591644,-0.24482379639632512
Савинский муниципальный район,-0.12476393641584771,-0.11769652565515543,-0.08613397338565143,-0.09319821481735246,-0.16002524819730546,-0.11825409282606891,-0.1643030512912773,-0.1335445338333816,-0.10705483188032794,-0.13536071969676122,-0.11490047891653177,-0.055920063495598527,-0.09071235376285358,-0.09332500422021539,-0.10371506206099568,-0.06706374301398199,-0.09352605801082348,-0.14322035026714275,-0.19634581405151863,-0.14674102262060096,-0.10707491946057246,-0.11953999666813786,-0.10523805918074736,-0.11534166890380781
Сакмарский муниципальный район,-0.13915789524111588,-0.13276894994727684,-0.14339167730163815,-0.26758047672572083,-0.26668139699118143,-0.28217471674719086,-0.26185471031633867,-0.2613850733481602,-0.27246390877000515,-0.21212938755819088,-0.22971684833275852,-0.22201849922303118,-0.24582995383874717,-0.24513511832814672,-0.23507772687821316,-0.2659470742116863,-0.3017668123335202,-0.24917336842635684,-0.2963704566755041,-0.31351169482922714,-0.2706319191438631,-0.30468320508317426,-0.295536928522818,-0.29842449775086166
Салаватский муниципальный район,-0.1028489933970409,-0.12394445404640031,-0.09877308256471906,-0.07257555269666938,-0.06490203476035283,-0.09259927520120037,-0.06069702273219413,-0.07539663212586944,-0.09088725509212559,-0.10627324403593263,-0.12044094887027512,-0.08810829788626684,-0.040953550853078724,-0.09788858878092022,-0.05847069707086128,-0.06801128961618019,-0.08166740340053735,-0.05172156498793967,-0.06614219127446042,-0.07838111770387712,-0.06346540265012024,-0.07075418883859719,-0.08650309513826215,-0.10902017207535764
Самойловский муниципальный район,-0.17310986157739094,-0.1646615296164473,-0.2274683388205876,-0.16134096700026568,-0.18010439035677805,-0.20178226312849645,-0.1946856965116872,-0.1894298258193654,-0.1706645049055382,-0.17602103438599492,-0.1116220433831252,-0.09046290222347686,-0.12520048621838953,-0.10409023721510025,-0.18659021365825268,-0.21944956850930097,-0.18202190139541763,-0.19645970487097664,-0.1740986502732813,-0.17016890274405938,-0.19645943918467346,-0.1506662145700144,-0.14795148607877096,-0.10909655751632918
Сампурский муниципальный округ,-0.044767418758809185,-0.048466408001953454,-0.07482995588787844,-0.10305869798984091,-0.13983739304080345,-0.11007840636501953,-0.13090038623484368,-0.12017758459940886,-0.10782342922807509,-0.15272753156773966,-0.17427815891557152,-0.08409685564449809,-0.11520844259307772,-0.12411542619719285,-0.12371665913653374,-0.10892357351395177,-0.1543935220538568,-0.1108673858153768,-0.1117424649813401,-0.12120887656475077,-0.13689593015550372,-0.13192077844708727,-0.17856489571890677,-0.11803563605032785
Сапожковский муниципальный район,0.04401612461365545,0.06770669767620774,-0.0326364976009188,-0.0653121844718676,0.026798895212349905,-0.027372140004583656,0.01941006632151243,-0.005719572787796778,-0.008517011128065022,0.011910834336873677,0.10086644003103373,0.001994876568540249,0.013705426050560021,0.004774146881311836,-0.0033684767675037364,-0.012092558837158762,0.006761968060681411,-0.04545571898677814,-0.04070388549550863,-0.04101833678009292,-0.023087665740494145,0.03712982276331367,0.011687970398934766,0.023221434044964795
Сараевский муниципальный район,-0.07641420387652609,-0.09021639251719371,-0.1282620063971791,-0.10696320986681407,-0.10755875903192269,-0.1025575543691275,-0.11382922757156244,-0.10320623357355352,-0.056024990039912126,-0.08583166102553363,-0.031531379828988904,-0.0727896438917277,-0.10051772718307461,-0.054799249565840924,-0.09008451667314432,-0.13445363222503204,-0.11510181814989373,-0.1269826569884458,-0.08783202244061705,-0.1086831731365887,-0.04577387544071776,-0.04639632740637545,-0.024588523628912284,-0.04963641254756723
Саракташский муниципальный район,-0.07475644490082622,-0.0628393525308617,-0.047283738822372356,-0.07744727392663897,-0.1187326686580974,-0.10453971557311803,-0.12905356619695674,-0.11119316933455892,-0.13267944488680605,-0.13257710302065817,-0.14104058114797624,-0.14109995536132125,-0.093783695001731,-0.09112588298208557,-0.09108447130398645,-0.12194058452136147,-0.11430818584008406,-0.13172839706369466,-0.18441589884118947,-0.18002770567938775,-0.16625969932104212,-0.17073218344581065,-0.18330992113156874,-0.18926340397718988
Саргатский муниципальный район,-0.06696190710224137,-0.09232866887327695,-0.05173446522372238,-0.0669217132275115,-0.12748606210348967,-0.10486151766760976,-0.06528633720967747,-0.054391786655799024,-0.11266818655716193,-0.12292200523508967,-0.13341855240283884,-0.0917924900327396,-0.14331238684916237,-0.14402332219182234,-0.16496159593147475,-0.15138504769026184,-0.1688266109765859,-0.1267041959479851,-0.1092898985917774,-0.1487605762514299,-0.16849968396685,-0.1487804889499298,-0.0945471122358228,-0.11580297671962292
Сармановский муниципальный район,-0.046598260625044574,-0.1203694306878802,-0.15226231997732143,-0.18365826056138346,-0.20847844184275743,-0.2610078935407394,-0.2608918988326465,-0.24356498837604335,-0.24386864921964246,-0.2431777310992409,-0.22708933974143797,-0.26206673629799226,-0.15501672333639327,-0.22815815440101694,-0.22989188984584885,-0.24751990503352062,-0.2669200810033505,-0.27494045924712474,-0.24304400340625953,-0.255832743048213,-0.27737167223519066,-0.3199921734320963,-0.28712433657286773,-0.2650184686846888
Сарпинский муниципальный район,-0.15086110163932176,-0.16076402315567506,-0.16153348612921725,-0.11842980731516839,-0.1438200094393789,-0.1483871601763429,-0.13582428764567922,-0.06331889294229676,-0.14908488760950078,-0.13837136871246436,-0.10980532387798014,-0.025016666656389575,-0.010802613690454876,-0.10865252018301952,-0.10625120341529737,-0.06467630072138597,-0.12859615743779074,-0.12221313578002402,-0.07187458205730834,0.02525643454570492,-0.07175885232384083,-0.07507630161131118,-0.1896060560474755,-0.20414705062355587
Саткинский муниципальный район,0.1281237835684781,0.10377729743675879,0.11683118504530476,0.1581958334923197,0.17094806289375875,0.16056803484012327,0.17583685673485228,0.1854060537229767,0.1838735297119154,0.20964827739258318,0.20012139812637564,0.17830016939237403,0.23776271920090508,0.20688706509953647,0.22805528679487352,0.20956435908551008,0.208991264402826,0.22064667111562386,0.2135955989705156,0.23373032862311582,0.24050975311562617,0.2314698594714848,0.24452415793302507,0.20461682204262566
Сафакулевский муниципальный округ,-0.26872888664954253,-0.28157066851180623,-0.2775916572411461,-0.2504037369172192,-0.2947814607223087,-0.23080456628541057,-0.2944699547607197,-0.2952845652470586,-0.27824333327920847,-0.2513689866310749,-0.3025214319416687,-0.27858755738415475,-0.27295585394342226,-0.3037162293958904,-0.2475494839483563,-0.26128096633024533,-0.28319664255429444,-0.31468442428275445,-0.23867518771985274,-0.18883623781514736,-0.28227085031505084,-0.1696735749358247,-0.27791916002886197,-0.179093894591988
Сафоновский муниципальный район,0.13194004919512992,0.09926624666404926,0.09702288443400775,0.1443387988308924,0.1325573981966901,0.15764303223972043,0.14433259329745596,0.13038736971946108,0.15232464600709505,0.1506118688078768,0.1409673176461581,0.12815281930637568,0.14916248360865936,0.14615589298778708,0.15754331343561745,0.15740486697245082,0.15831638823496164,0.13797756665986682,0.15218664836520013,0.1390593226770349,0.15844769572058404,0.15037470099415629,0.13896116890242105,0.10694829556379304
Саянский муниципальный район,-0.07824665013171028,-0.025231614855856677,-0.010530750676082334,-0.03225262971927911,0.0018479799063495506,0.019752429654795733,0.026699949411918666,-4.599498655366574e-05,0.010691617294755318,-0.033987153174418694,-0.09436735968074927,-0.020890140899341603,-0.03830454268150163,-0.0016421113939504295,-0.030090765853826085,0.009611624644985994,0.039182289299748874,-0.020402128329727987,0.02004059244480061,-0.019592006462783473,-0.08376737456687522,-0.00806883223638799,-0.04675525188802254,-0.06227624183951619
Свердловский муниципальный район,-0.017268077632079937,-0.04805136260040577,-0.06559573856711509,-0.12182751147293303,-0.13776821466084144,-0.15203567254505046,-0.1648492904483554,-0.16896256206029925,-0.11443575219632685,-0.15089394305569037,-0.17954672890416745,-0.20832630628868998,-0.1477887755231908,-0.16149263840462247,-0.10648208098194978,-0.18532043974089873,-0.15653308037065372,-0.14562925018740813,-0.21974559379260405,-0.24459466998041002,-0.16656485647934538,-0.2078079740952461,-0.18876756429695085,-0.2130915031334073
Светлинский муниципальный район,-0.03073190750899535,-0.07555408199039704,-0.04948269759362134,-0.018397498345164465,0.003158946081819991,0.00745895039244715,-0.005109873152271405,0.007332083071759143,-0.05175792835390247,-0.03334532047322725,-0.0064329888079495134,-0.02674444207364779,-0.06256470910765621,0.009390166300908831,0.023956188911913756,-0.03681291876031878,-0.013282967499932852,0.005341174298497009,0.009932146325274616,-0.006594390877358691,-0.015405281987856512,0.018179393838549274,-0.013438466358209666,-0.05371150068028996
Светлоярский муниципальный район,0.027343105025085634,0.011648326726628966,0.005088144722542154,-0.05900638684436821,-0.030543515884886574,-0.11034805716886531,-0.11175453803070212,-0.040454110767369045,-0.05519096163460091,-0.04446261200563306,0.01081441355719548,-0.017457688916277192,0.013404009389985205,-0.020257586979921527,-0.06700207824515125,-0.05464846129657808,-0.1014646106572048,-0.10927005074284324,-0.1178778656736501,-0.07304253277231965,-0.009736332565630335,0.02009067896286254,0.030433897942886645,0.07040739568986432
Свободненский муниципальный район,0.2901040060200675,0.2531802847561959,0.21542574201474096,0.2634877538111713,0.2707462431754841,0.26581747435514025,0.2498254549077945,0.2559541453731953,0.22875864318873518,0.2268030682255997,0.17998777916473863,0.1807214780813844,0.2181816740017979,0.1925917764061662,0.17435338714477844,0.1963788681163976,0.1668427351960382,0.200912238215464,0.207644355582687,0.20143349945132627,0.2082366801058413,0.14817224944049734,0.16355933188050642,0.12798952370105887
Себежский муниципальный район,0.12072916944591228,0.07516323595287133,0.10435345016586695,0.13196083337117415,0.10882995746797341,0.10990026061244507,0.11341804149572354,0.10640403318776492,0.09700759669025416,0.12709603654113089,0.08865183792456044,0.11106076144429622,0.1252799564613749,0.08660870108889895,0.11123437531846037,0.11549831763671037,0.12702718582365513,0.10958688531817984,0.13363619428747064,0.1257056740260527,0.09577201753528186,0.09955181153101123,0.09736027626145294,0.09312847409244185
Северо-Енисейский муниципальный район,0.47082483222172655,0.4860096596883672,0.5099689989972518,0.4432593729718537,0.48700441877288725,0.5217783200846249,0.5556230253070709,0.5286133116681722,0.5122249696524239,0.5235380613522018,0.48574726697500736,0.42257192918168407,0.5062628316328617,0.5148555946970319,0.5416086049606115,0.5153869229741801,0.5676940077613626,0.5269252435915686,0.5941369595340316,0.6168194516679115,0.5867909445023685,0.5819203516928315,0.5598082128101378,0.5201993609151891
Сегежский муниципальный округ,0.3726175696805676,0.3546608545340515,0.3636735337602204,0.4134513456079656,0.4162774199393606,0.39068871137920347,0.3536075066933506,0.33190183873351486,0.3230555938452522,0.3617840774309311,0.3655384785218132,0.3149307676180353,0.390828865572459,0.3941438000663773,0.3951856382494814,0.37881015920907224,0.41905313499099606,0.3976810513485063,0.36588339392386615,0.3335436119153137,0.3348160311687316,0.3129110908786785,0.3461119422799257,0.30286587047177704
Седельниковский муниципальный район,-0.14938299580883552,-0.15485951974978818,-0.139142713477451,-0.14489486431230603,-0.15501099267706842,-0.1624933580832053,-0.11585620261654839,-0.11278794293181171,-0.1604241175182608,-0.19260916048054888,-0.20574319636176241,-0.20145408758995487,-0.24674194660601678,-0.19227936226600661,-0.11809445542159835,-0.16477159944091113,-0.16582500951028578,-0.14265439260453405,-0.12722014280535454,-0.12156651437087973,-0.19798051157151697,-0.14337875196081917,-0.22419525327919665,-0.15042475300917602
Селемджинский муниципальный район,0.3429327827268267,0.3425906598537125,0.32326171070661935,0.3852244800173832,0.3971230367907683,0.40554560849863464,0.409011156442455,0.4550828204835309,0.3524601672264591,0.35417516369775015,0.3386471451444155,0.3426061988640132,0.39268734628359425,0.31107211993969486,0.3511379925933902,0.32570820909938725,0.3158772303979731,0.28511346836962304,0.2961900552322838,0.3416513445076035,0.29069192122183907,0.2870527649737191,0.29516512823308183,0.3787413244968363
Селивановский муниципальный район,0.05013451651649703,0.03921500893415519,0.04349286435849464,-0.02656374387605709,-0.03034279328284839,-0.05576998020421087,-0.03431385757414063,-0.04964371572020099,-0.012153831676624094,-0.0547968065135489,-0.05698076457652057,-0.03526613092830466,-0.00438888175791341,0.00454732264643809,-0.05873482808137709,-0.05701205416450783,-0.10095796670191426,-0.056122486790972204,-0.10387103483879301,-0.08370530374588725,-0.03885560885339423,-0.06519355067792176,-0.07152700183843486,-0.08550566183279606
Сенгилеевский муниципальный район,-0.11484570968467267,-0.10306710026333832,-0.10108836445261282,-0.1922029903068445,-0.16535187381030525,-0.19383520143596478,-0.20067069546215244,-0.20044075225710856,-0.19045075710917025,-0.26117631273323383,-0.18966222019272294,-0.22559369219789183,-0.15817308482890624,-0.20461833606674595,-0.20059689166029848,-0.17291045350516576,-0.20393201103116176,-0.18690257451225634,-0.18480007095501882,-0.19709598511960458,-0.16037822417087533,-0.13996490152018026,-0.20121966615591447,-0.2239143962840746
Серафимовичский муниципальный район,-0.01640563687142027,-0.02649991018351905,-0.042139890559251825,0.0,-0.0174310258794641,-0.0047933856032358335,-0.07024469722939664,-0.043956405229362616,-0.04989032042363384,-0.07173128021016062,-0.03817112708608228,-0.047631868925117615,-0.0499595001886739,-0.05335597018512139,-0.05315889108284644,-0.027839560643927896,-0.02264883173813992,-0.02743644950976787,-0.07759687367479273,-0.017776648036164744,-0.02313173510568234,-0.0747700831876923,-0.08761645783092753,-0.06078302477247988
Сергачский муниципальный округ,0.047762395384999934,0.05679031938385393,0.05161433958595829,0.05229214253275494,0.06865532750566139,0.07533891977665874,0.07530534337265848,0.07349014858184866,0.10280807699069605,0.0765702265125654,0.0673776402213111,0.06366940825120793,0.05324677770213704,0.06013924544580718,0.05142198623510019,0.03509859125347958,0.04178057589333406,0.04983890339510033,0.05325575303593055,0.057807114098318735,0.07045019623480897,0.0768843725226418,0.08888060629010397,0.08652324417355928
Сергиевский муниципальный район,0.08247379253558762,0.050229845994408606,0.06736404825524644,0.07112989241130485,0.08233160304709308,0.054471352565069964,0.04856508356976619,0.06967947838857746,0.0652285842564364,0.024473695854711153,0.024464788721038744,-0.005457307276143908,0.026085157859023766,0.014074859553234731,0.03688349778661859,-0.009108881588522522,-0.03554781283760455,-0.042209517605455105,-0.039830976783736816,-0.055561932275807635,-0.009605889275665191,-0.010731949655871986,0.04345558118345316,0.05357322761003047
Сердобский муниципальный район,-0.027893787494550182,-0.05398208438521834,-0.03848860736954407,-0.04152739399502359,-0.04332179021342242,-0.0727156098700874,-0.05725653963730082,-0.05182115349532701,-0.025569432958194582,-0.02303392595875664,-0.01304884871609957,-0.019651503242227975,0.015562157232576368,-0.007594509921245773,-0.010936826330389948,-0.04909597618179262,-0.07084094604303637,-0.08320921092671085,-0.0950067841661042,-0.07087255000399573,-0.07111133368505662,-0.04890787545625308,-0.0247558876460392,-0.0538199154754011
Сернурский муниципальный район,-0.11039664406322203,-0.12916229627718856,-0.12748562893523818,-0.17992399133004255,-0.15757195927608159,-0.1807867259755902,-0.19869055281067638,-0.22548047167344087,-0.22417953966566806,-0.19388326733038497,-0.19224939823875076,-0.17657459404220965,-0.12151363372139379,-0.10763687922632492,-0.13481922280895198,-0.11052379976967686,-0.12232003556963811,-0.1250813834903024,-0.1500135443505446,-0.15998808347749005,-0.1353663120150106,-0.14614643286439488,-0.14031318216821376,-0.18616454807312266
Серышевский муниципальный округ,0.217882478995854,0.2591495379595141,0.2086835224982373,0.24262807783673068,0.21693271515430546,0.2662987152254779,0.25522464734861394,0.23650254604786447,0.20702900153152193,0.17173970138495065,0.16066786088433638,0.24148642527993225,0.1481969783989232,0.15999992153055764,0.1452684046294479,0.12440123059166375,0.15504224744038986,0.14518090494110325,0.1685456099472713,0.13353139262452274,0.1107631717136659,0.0976394134637033,0.12605361175703322,0.19327730455616887
Сеченовский муниципальный округ,-0.05518679147230543,-0.008240304756442995,-0.036691576714755314,-0.05311073837709834,-0.04052998108556238,-0.01931296311199482,-0.0516298887871649,-0.058772208339370025,-0.011854415535857754,-0.04921511601063955,-0.040200701572267405,-0.02714667851364716,-0.06153526139666354,-0.02417203347137864,-0.07038166168239357,-0.0695021078092175,-0.039480487151363874,-0.014909666637958452,-0.04809169379110223,-0.038217099108992514,-0.04518801274116058,-0.044060721104388634,-0.038491094097935274,-0.02219658642145994
Сковородинский муниципальный округ,0.21583434719949857,0.1943769999207845,0.22634483456036492,0.2610538636027435,0.2551793968715934,0.27708416201782526,0.2986723334097281,0.30195286137365684,0.2873738547490152,0.2571214796797623,0.25406248304308576,0.269118106046049,0.28802573474968085,0.23441022929852728,0.2632548686528242,0.28433414382390687,0.2535458141206579,0.2475599270072486,0.23739903933732798,0.23055975887507785,0.2318728875664764,0.22953593461410016,0.2021799449991093,0.2239925059187442
Сладковский муниципальный район,0.017912494689477754,0.007093625804621695,0.008164791796982485,-0.00518592406607965,-0.04129061092370989,-0.010341655055766452,-0.01696262721958064,0.026282065595067294,-0.09185970249452957,-0.009304177234154665,-0.04733682739192524,-0.02345219194051751,-0.03984011260014064,-0.10095939589587921,-0.008003043840535184,-0.049494726768585906,-0.09732686396017698,-0.05443749362913053,-0.055028137787759945,-0.08771712889672756,-0.09360205374496644,-0.054678478573363165,-0.09302272169672676,-0.11280827279987982
Сланцевский муниципальный район,0.3471368353133588,0.33111879863501414,0.3342771320585953,0.38665831885377777,0.38155749366048397,0.3771990023127305,0.38578109114382464,0.3714398409715418,0.3826403159865617,0.39155685635241433,0.39229071405433835,0.3624491572457096,0.3756604936699741,0.3897087932589205,0.3989814506721796,0.3756287590245897,0.43375468648161153,0.405969185011001,0.3895819635939368,0.39780731157429905,0.41398382636661424,0.3864252387869218,0.4178656213066194,0.4074722249210101
Слободо-Туринский муниципальный район,0.14371548483674346,0.14160014660696696,0.14164536093991664,0.12320862261583265,0.12463902266929239,0.08065558593609978,0.09091133954188635,0.0337359598224225,0.017740233114485804,0.030696433497533704,0.06241333809098926,0.07157371990654582,0.04923138806377203,0.061725900724102445,0.07918966566460384,0.05501458917832558,0.057151476308947124,0.09812702557698039,0.08503639170958266,0.04282189392612601,0.047678120541512214,0.06971777576641713,0.03942165948558696,0.053735515216482455
Слободской муниципальный район,0.049781578302228624,0.0009882400250855738,0.02451930197955221,0.016683238466283612,-0.015649464562995874,-0.07781925598605,-0.06850647325619086,-0.08526513326662233,-0.0569641042112945,-0.06544275517927645,-0.06577528766261054,-0.11059475948461461,-0.048996418252276186,-0.02880524639286719,-0.03764931590452392,-0.011025937578537537,-0.04156111208920521,-0.029497482017092125,-0.07419397146578177,-0.09335216764825915,-0.11265024871565998,-0.09786641114316375,-0.07442517275121219,-0.12884571439118808
Слюдянский муниципальный район,0.14261310081990963,0.1460527805849967,0.15503517520230048,0.133456062111863,0.1434544934564208,0.15043833046085453,0.1591818878255289,0.16127401914426365,0.13846839907722241,0.17000942310283484,0.16804011244471795,0.1634484112563488,0.16547818848727935,0.13463032824810206,0.14408291062463974,0.14043467465584136,0.14935828125547346,0.1695604303557019,0.16763438665140207,0.18597078719448668,0.1676302951350106,0.15058420551672924,0.1389966935120981,0.1361520994062726
Смидовичский муниципальный район,0.24959920748994158,0.21060732107394564,0.20036839236579773,0.25830378924437447,0.26713807812124024,0.28851493810076434,0.2843403817898764,0.2979661451298359,0.3326471416231236,0.3618838098157813,0.32474066321791106,0.39145460122235853,0.39265296134419536,0.3928830566758794,0.34309875086868225,0.357003851084464,0.34362394851883593,0.3510995595130577,0.34435792424402223,0.34193266220152907,0.3473690096720663,0.33745166011468086,0.31060386209364665,0.34327390596401486
Собинский муниципальный район,0.16591591992253463,0.1574363295831258,0.14602363437708377,0.08732100949179866,0.07056225203357336,0.08718444481856302,0.06406927010573149,0.07647713608112383,0.10254110181780085,0.10546553210254395,0.08826904651993317,0.0852576866885606,0.11180168819805658,0.12127621084145623,0.09528376007406969,0.07438508058922899,0.08422208148385657,0.06143951297501005,0.07767502753863198,0.08359381321972315,0.13641243351136012,0.1661732557525113,0.17722634324164233,0.1543659208491146
Соболевский муниципальный район,0.49541087511299153,0.7116859573479495,0.6147276159200441,0.7083476925152716,0.6444482797492501,0.6685016614846244,0.6528694730660902,0.6903145458142692,0.8524127094864262,0.9885803082470073,0.88959108818948,0.8527978658846589,0.7973383601985287,0.8125645796971597,0.7042736590473702,0.6642880196411216,0.6088113601173291,0.7555281594091117,0.5674901575155751,0.6546832288207192,0.8320549951611138,0.8837178944644819,0.8265152745517312,0.7275486072772779
Советско-Гаванский муниципальный район,0.4386019522354214,0.4534671177899252,0.46014580868796173,0.4861990462573438,0.49287933315787846,0.5160286995306897,0.5159279586111207,0.511110745473502,0.47588467970950177,0.4711725085668075,0.4554471952068777,0.4751294673135078,0.48654920930720813,0.4884729176455007,0.4938939491811549,0.497673851381208,0.46608320048498797,0.48374206798846053,0.48801696567469577,0.5001895969965187,0.4784138192275691,0.4669091067190756,0.44830816377772287,0.4760852697562772
Сокольский муниципальный округ,0.21979880024661824,0.179532753098675,0.2007038190129986,0.1677530356858874,0.14058274858828845,0.1552472278800714,0.1204668556931221,0.1320412294377178,0.11624236803982235,0.1493792283362474,0.16114258199460352,0.14037460406893132,0.14977641100910333,0.1351878750566513,0.14408291062463974,0.12603850118141935,0.13948681730011714,0.16075743457484748,0.10122356653468145,0.13995473204223075,0.18273774210287996,0.18253800115507168,0.2283144673371318,0.19443397741727253
Солигаличский муниципальный округ,-0.0880382270368294,-0.10093204347550255,-0.10684944770031812,-0.03677505458110275,-0.06339690926536257,-0.07912538715055106,-0.06429760863397505,-0.03830125740626933,-0.059839096390479796,-0.057422407617968574,-0.07304696030625024,-0.08430982551006672,-0.11738210778939084,-0.13877341513180141,-0.13330011499248684,-0.08706122084418055,-0.10128034679082809,-0.13294170627969137,-0.15298683341670305,-0.11146788994485846,-0.16554802787986134,-0.14539511802815142,-0.11958078894955548,-0.11911525828744729
Солнечный муниципальный район,0.3537449122237426,0.3983208030628873,0.3800647695816881,0.3013109672363825,0.30881381653891005,0.2749583732096692,0.2712494899450473,0.24355744045233507,0.21409927404878815,0.2157840945859011,0.209171576337436,0.23010438974607794,0.2765448168893574,0.25397459613530593,0.2486307309301523,0.23712323278682668,0.24122746545739382,0.21617768365677925,0.22739863952912032,0.23607822520470023,0.23667657621773586,0.24305918114351677,0.19639387892278748,0.21112642858313002
Солонешенский муниципальный район,-0.15617566117578896,-0.1816494473334238,-0.1413436261722083,-0.1569249089507032,-0.1407335006336723,-0.0870508977347324,-0.023060639450859455,-0.023406759495697926,0.0013304099131534741,-0.05565441786640335,-0.03277898075856989,-0.05352138575327814,-0.1324408086178117,-0.19034784763443646,-0.19180718059471324,-0.16104886414608366,-0.10951312998231799,-0.1269826569884458,-0.07028847091137003,-0.0649398264412433,-0.12613970553161735,-0.0720183288469638,-0.106372489251358,-0.09974465510659769
Солтонский муниципальный район,-0.39912493787636194,-0.28847336823985614,-0.31457848406618005,-0.3635930950709412,-0.34986960370826736,-0.3827572092791858,-0.3817697582163255,-0.32698741801527653,-0.3692709347855967,-0.3882379901674273,-0.34274623325217846,-0.3448312735652692,-0.32803456613330084,-0.40863772132566467,-0.39511901328050314,-0.3090092048113089,-0.3018793932511734,-0.3137888182895008,-0.3356341306914459,-0.28979601468282645,-0.3435595610152653,-0.3387233275625885,-0.3462846825448924,-0.2860851746560584
Сорокинский муниципальный район,0.08325439461454742,0.0713038238570558,0.06292604489698483,0.08649231831597426,0.09365382438106273,0.1553299374454813,0.12530213801990442,0.14815352202727006,0.13066747599193995,0.2113886525925679,0.14258028626070818,0.15090119520426093,0.1254147243239352,0.12280914913833563,0.13014729464028285,0.13896764585902766,0.11240358696792718,0.08773335442173646,0.10945258686493098,0.12175220084554006,0.062431617962728225,0.10985967383520645,0.024078112663906026,0.018391478992255017
Сортавальский муниципальный район,0.4126300640740599,0.3787790459394742,0.39096811139880217,0.4435172378520864,0.45919410199417143,0.4730239872927342,0.4734669513067864,0.47770090907130225,0.499829037973619,0.4840231872907843,0.4622310633448752,0.4445251754649995,0.47872402520909674,0.440823042696449,0.42474905580275824,0.4142967015123524,0.45863808666347516,0.4626538040103849,0.4727796575228407,0.5118149979686262,0.5396458176275143,0.5228963217287408,0.5296456554172853,0.5133771603467476
Сосновоборский муниципальный район,-0.06531973113366263,-0.11065873095853185,-0.09907477202798809,-0.025996631237447332,-0.08589687508310462,-0.046669533554894116,-0.06256968245548578,-0.038874898609435604,-0.08732968342278014,-0.06886330733376234,-0.09615622320754014,-0.05211793468497383,0.0031521709968433953,-0.04407271852365646,-0.04674343712837725,-0.11870602906844674,-0.09540175908915494,-0.13177503559179193,-0.14691032516769553,-0.13511643020474473,-0.022867348041481605,-0.06169061717623947,-0.04756831224905156,-0.05871078655979112
Сосновский муниципальный район,0.24807012360899883,0.21508267418412075,0.25109679767004955,0.31851307843502497,0.31227495360458235,0.31515937142934014,0.30988305988647724,0.3561274663474858,0.3964009285629366,0.4286802678935242,0.4487653266305216,0.4182517126234586,0.461219361326048,0.41599844110496953,0.4361138881350346,0.4276126986716431,0.41287459735645804,0.4181529014478951,0.38790383836928655,0.4134837647737566,0.43808544435005814,0.4229800059424633,0.42186256856478366,0.408633599116472
Спас-Деменский муниципальный район,0.053606829594397,0.11674983009947226,0.06855553775790746,0.03255814313613037,0.05672293914537008,0.08740576699816316,0.016588548112190793,-0.006830375456859272,0.041671690129993166,-0.062186252021540156,-0.011496528156010655,-0.019292185941226947,-0.011472009457063947,0.045657828694185554,0.023591321577681512,0.02053751693668282,0.03420675540153617,0.04937206814056161,0.01839559755716813,0.08828089601249012,0.06311913947485692,0.06945275976925913,0.054958447688949974,0.023154510839319187
Спасский муниципальный округ,-0.1677047827405378,-0.09205761474210838,-0.1173959726627416,-0.1469867937171827,-0.17186242600381796,-0.1258943832118895,-0.1703830963132713,-0.1719077509904121,-0.08448197980853145,-0.1845390221466925,-0.1205982021794707,-0.1692205930149715,-0.13903148308232716,-0.12566461318402133,-0.14671928916338395,-0.13474313765528123,-0.1754024918827426,-0.12637942270644587,-0.16562863488833734,-0.18064415542269252,-0.11419375664316966,-0.15501692605776185,-0.1895073734599393,-0.11534166890380781
Среднеахтубинский муниципальный район,0.04112088449599405,0.051780124650329995,0.03270754344920768,0.08432527041533433,0.06683582190907522,0.05880737798062441,0.079422340353414,0.12236170951987368,0.14672001177089378,0.15364590147562396,0.1784729510410763,0.17918429931882152,0.16032944807036031,0.14698251823905295,0.1446578711119475,0.15017234710763816,0.11767202938441557,0.11648761920343809,0.10981039422526706,0.15090999395483884,0.1963118857213022,0.1740481209762912,0.203746116031855,0.1909882303486814
Среднеколымский муниципальный район,0.38564127954838945,0.48916701377916993,0.4605194631768814,0.5380125721828133,0.5090424928765369,0.6642846532756597,0.7133067954838896,0.734899659164526,0.5068336419422401,0.5076891462865376,0.39826798075123016,0.5853038148844085,0.41300695355208106,0.4886686479297939,0.46973892862837197,0.4900813867473133,0.3872064098849961,0.5888807792667574,0.6757078050576535,0.7325681307244718,0.5471735819771375,0.4856639101754201,0.4113667512370398,0.5840697199508718
Сретенский муниципальный район,0.08379070529754706,0.1170137287639168,0.07955209587079004,0.1517876228438837,0.1515187145705159,0.19262906867499652,0.19080338489460047,0.2048182610654603,0.12988835635766982,0.12566566187571482,0.08588393529085536,0.1833325308393281,0.12190484356637832,0.10982616898329844,0.09562338912693846,0.12934208058576502,0.12390625655879539,0.14472115920775686,0.16635051594325745,0.14801168828605604,0.10848627733878047,0.09476394145366918,0.07704570400410304,0.11884791747907819
Ставропольский муниципальный район,0.19720990819113382,0.1445565102932278,0.1675164411482477,0.2128360030482579,0.22683610239547214,0.20281564479918224,0.19576825913235218,0.2758377589143244,0.3235552013069327,0.34603519275176176,0.36104713859708326,0.3072716317698312,0.37691879512925297,0.3282214510406458,0.3136831069413315,0.3256777579658401,0.3187261488273716,0.30880766027193474,0.2974066545425931,0.3108805650819253,0.35164985112408154,0.3618001914815334,0.3712355244034793,0.34305521784884263
Становлянский муниципальный район,-0.020076158103496056,-0.02695689056670325,-0.027099177023316656,-0.10959339129857959,-0.07918313432576873,-0.14246568597207698,-0.1650132203959931,-0.09771394962895741,-0.14354850178907697,-0.18407983260814653,-0.07625128888789412,-0.13413566958079315,-0.1771409875357186,-0.20988917926647233,-0.19498074696881496,-0.11685562643385516,-0.21718812663861442,-0.14303166212091512,-0.18427187234006404,-0.07146776281014056,-0.09772459849898496,-0.02999318506954829,-0.08980225105090689,-0.14056191980604105
Старожиловский муниципальный район,0.04685243121523719,0.022582708539715668,-0.012143022716143648,-0.04498833085288645,-0.040783460086185386,-0.041319228040011424,-0.023914488940617318,-0.07118985053898541,-0.05368105584700089,-0.025087716411723804,-0.04743426953572971,-0.12251720774115071,-0.027464042899282504,-0.012566666935242665,0.026829928569982897,-0.06431642667341819,-0.004756549210794603,-0.028108972758182915,-0.07264711428457105,-0.04378607581842431,-0.03074070789261185,0.032700787753588756,-0.04872485218221101,-0.08868151310753447
Старокулаткинский муниципальный район,-0.3355398257419324,-0.3272113164863093,-0.3925231653991563,-0.4267311669696845,-0.46356025796449707,-0.40445127646219703,-0.36141230823961124,-0.33056569659370183,-0.3373305507280584,-0.35181756022758215,-0.30901926258252743,-0.33843971508256665,-0.4176069617226972,-0.3105942191463029,-0.3479884542710643,-0.3547307822800043,-0.4126084432017372,-0.343487506104875,-0.3720328032998861,-0.4323313475484678,-0.39981834749727696,-0.4279582580211674,-0.3861404446471486,-0.41199321924908894
Старомайнский муниципальный район,-0.19754255080430916,-0.1466399016946447,-0.14528591622636355,-0.30053656440901655,-0.2694178991602456,-0.2927343409766614,-0.24709363314337196,-0.3196790698938905,-0.2219608773479429,-0.2716443502504955,-0.25643882223931413,-0.26614587717751625,-0.26111746083019405,-0.25291088903916403,-0.2527210360070171,-0.2383785820341835,-0.27911635458190354,-0.34585341505348133,-0.3683904438832073,-0.29478144001792117,-0.28690724567288584,-0.27624784195574215,-0.24213110490515177,-0.2880017582490382
Старополтавский муниципальный район,-0.11336048737095972,-0.13192247265286383,-0.13673773506098819,-0.11684815415823913,-0.1253319007026601,-0.1545130117997715,-0.14119935713126708,-0.1300812360441519,-0.13104798549425034,-0.12806340473551003,-0.1688721439844869,-0.10941466362878849,-0.11486566379630325,-0.12685395065648208,-0.1738138225188255,-0.1069972885329662,-0.12982768468703831,-0.12009038463681776,-0.1143801042600554,-0.09491827054807267,-0.10697906515903632,-0.08289467499013448,-0.11457859867020304,-0.10069106921445226
Старорусский муниципальный район,0.18049129328219138,0.13983931813337236,0.1438171717009773,0.1374908013806344,0.11951224238157643,0.11920425605333484,0.10327326797873937,0.09316707667605151,0.10013511241976403,0.10172109595583123,0.11753002077620955,0.11302099730021098,0.11960324271280953,0.12526501525984024,0.1143497581741979,0.1056809906382199,0.11467019267589329,0.08807032580107865,0.10176466280890928,0.10738175317676735,0.12557088809109018,0.13261775190598968,0.1477680590785635,0.1406549324627786
Старошайговский муниципальный район,-0.24298990670907727,-0.16968666581912117,-0.20250939217741504,-0.32915712001812736,-0.35021499106361453,-0.2964307233832244,-0.40971376503030754,-0.3613113506056216,-0.3085246367745391,-0.3067669890614404,-0.3073750454284472,-0.22647721456430325,-0.35279787258394,-0.3217863827455947,-0.2620114392679618,-0.09644531836879722,-0.21543111104527135,-0.2877229546904978,-0.3181942423100299,-0.3232014821307416,-0.40322835562709436,-0.3666159976440664,-0.2781347818290598,-0.43183721244736084
Староюрьевский муниципальный округ,-0.08255464955689895,-0.14070415000502834,-0.1357460598316198,-0.1641183361958518,-0.15047429441173854,-0.1514734957818753,-0.2028817687330502,-0.16412730422206323,-0.16634610417026963,-0.18195881945953296,-0.18065944738995654,-0.14634385327815913,-0.10729741416845329,-0.14297113354255941,-0.16667673613581968,-0.19368015811649286,-0.14462933001605194,-0.15117757503117524,-0.18696379340032898,-0.15706512224824998,-0.19924108214655156,-0.13665572369671253,-0.15312387049575804,-0.13690301929444537
Степновский муниципальный округ,-0.2093001320915242,-0.13406827504604202,-0.22193731973083253,-0.17734226013709709,-0.22060345843225626,-0.26056903581763713,-0.17401586120667645,-0.16071867113678806,-0.13403163394854545,-0.11651879790674613,-0.11850352189953561,-0.05129329438755015,-0.11412337923885296,-0.11104334462983978,-0.04909535458882175,-0.09472834075494418,-0.19488769349850266,-0.16912259164901577,-0.11344048585494271,-0.00787061343232942,-0.06898671970401082,-0.09545224688051945,-0.1124750676220092,-0.12876780546667987
Стерлибашевский муниципальный район,-0.13308475620563165,-0.21320692570241562,-0.17408448716093972,-0.19879762860464112,-0.31712211227545595,-0.2537601267309455,-0.2990834292776885,-0.34215480389518405,-0.3721282836830042,-0.2815270354117292,-0.3429426390271395,-0.3402538493312388,-0.28277171869204665,-0.2880315554484323,-0.307091203880816,-0.23309335498604078,-0.37878864559100833,-0.3245893958017909,-0.31654905411334155,-0.39138978235997435,-0.40033232116744166,-0.34317538971073525,-0.366455589109437,-0.38551140439220966
Стерлитамакский муниципальный район,0.28831790143521197,0.18019352788112108,0.19228421345304625,0.2766360026418724,0.28439103207323413,0.242668639349354,0.25809234118036706,0.25381541211337755,0.25523487619753205,0.2673312712580618,0.26702503071450323,0.235161878923293,0.29479845678000594,0.2620732319486887,0.2885535322019219,0.2652377319185,0.2584759802285177,0.2645537379682441,0.2583697861773846,0.2698046575799111,0.30103877416081026,0.28540657370478684,0.302944441903918,0.25041219490673505
Суворовский муниципальный район,0.12194976956928905,0.10132330847519277,0.09337883716994355,0.1110591074365086,0.09913498560837652,0.06117284330596107,0.0568288668610748,0.06882114607546264,0.09566423270531921,0.09614306493168279,0.10819094698391929,0.0870896824593057,0.09767754823105435,0.11003032978105232,0.11970477050928707,0.13801292173847912,0.12434744925685948,0.05352701053191211,0.09419887892330081,0.08893316448031818,0.10995334578197458,0.10574196737026043,0.1426843794158703,0.10796328988391757
Судиславский муниципальный район,-0.030021621999008374,-0.0765676046013617,-0.08668019084343115,-0.06659960016304112,-0.07115433460468523,-0.06428416201653953,-0.07283279343812232,-0.07356326937464885,-0.08464295424077406,-0.05787753923471506,-0.05491688178002718,-0.0665347696905858,-0.014360694020201237,-0.07439199084476122,-0.09349756692710542,-0.06580174257605975,-0.08923890376589938,-0.08833160247504779,-0.0866557311075642,-0.12645211607460283,-0.053830404941759724,-0.05562203671507859,-0.045515538145833645,-0.14550098194356664
Судогодский муниципальный район,0.10786968815376419,0.126337295461326,0.10718068361575206,0.07802807870265305,0.06346098402721978,0.0629432775246741,0.052661554445366576,0.03821718834332977,0.0432784198362679,0.045812386012554995,0.04501929775658553,0.04363088848121954,-0.006846892008184113,0.03778927961611167,0.01209084818246886,0.024043325728378306,0.03858172475103849,0.02327471824985672,0.011591111038020685,0.0494762343338202,0.04574654694188318,0.01961320004244449,0.015714551236914787,0.04480310048708347
Суздальский муниципальный район,0.2047099975395863,0.19632885480200457,0.21608646222377992,0.15226211870094808,0.1841533411880789,0.1849505666414295,0.20732076153216816,0.21869987806987368,0.25725743026524484,0.2816250027356766,0.27714865262593413,0.23078849064654072,0.2842772603482775,0.2611259133156647,0.2630634078059817,0.23885184168744367,0.2696317800484813,0.25363742562780445,0.2620632345127376,0.28650344022187824,0.33015286628675256,0.3021979283300844,0.32223553225701096,0.3008906862388372
Сузунский муниципальный район,-0.016028552804140617,-0.00893838506402389,-0.016995494284488544,0.027587614896658508,0.0004379881813214581,0.08274768346977446,0.037870743665861184,0.0598938630669128,0.051695067617851365,0.06047859131826705,0.04621793943968555,0.08374646014878984,0.03541786762445831,0.03237660605698167,0.03166825749886648,0.0351800277940999,0.03629628441061428,0.05205339953115562,0.07767502753863198,0.09391980486354967,0.09436235327177478,0.08086037175903904,0.06529852943732983,0.06826658040416334
Сунский муниципальный район,-0.018023323932206736,-0.14967845928549117,-0.10796506647728421,-0.17219870812739835,-0.21606198706430924,-0.18211870821971843,-0.3022127346226817,-0.28881723341369536,-0.21142801818363566,-0.2540118079966014,-0.20397525270357342,-0.28289064617140625,-0.18931201940322673,-0.22918931856204772,-0.27100781470672963,-0.2421862717230141,-0.2856860638050662,-0.34990575358490084,-0.28245208774240105,-0.36583482751479224,-0.2611377324938342,-0.22646711352935966,-0.36128670829140574,-0.29005932510283294
Сунтарский муниципальный район,0.2362967166843326,0.30205085857629044,0.30566926483895784,0.24852061531413128,0.23794775651972344,0.4297535500764731,0.4083029520189072,0.4079762872314312,0.366912777621927,0.32418311630086194,0.19634845590417171,0.4286094516786143,0.3071596467741955,0.2854006332435617,0.32343456918201063,0.2797535460638656,0.2416852061879613,0.3968841838199051,0.3734974338530126,0.41122926793460124,0.30625158911806416,0.23964756879853155,0.22453866700465142,0.4152571914392702
Суоярвский муниципальный округ,0.27007690177208765,0.2589206089646563,0.24548279770652037,0.3036489342709494,0.2904891685879054,0.2797168009291102,0.2494283644923101,0.2528514877960468,0.21298413593490118,0.19824182768845944,0.209473099029303,0.16068482882921664,0.20200302974200923,0.2214557872004903,0.21578478617577623,0.22544363278892376,0.25021307090871936,0.21515621627962922,0.20475300649305161,0.20153060725725247,0.16156679261110796,0.2033532626057628,0.2117055650768993,0.16144300843648196
Сургутский муниципальный район,0.4846634950120361,0.38306865108499366,0.39530251206118194,0.4410002143540659,0.441446746546756,0.46538009914440615,0.4776428037037519,0.4539150053327088,0.4246252459403621,0.48514053869639717,0.4506324640815098,0.38633257731216375,0.5407136324006707,0.4410283242995394,0.4542282534523938,0.4759797897655922,0.45153471505580356,0.4674811339649878,0.4769763882506446,0.43077301740551555,0.41560501018561347,0.4116961620538291,0.39175077967923855,0.3230012831574349
Суровикинский муниципальный район,-0.05194348493302137,-0.05038823692744643,-0.06021194964446153,-0.05517822393874461,-0.03976992936545898,-0.0491524961419465,-0.08749169046660121,-0.007108269025412284,-0.005091585185807546,-0.010123632101537439,-0.06965357414665796,-0.039737683094378085,-0.04643272513204444,-0.04012719014806798,-0.05825064117577661,-0.038477031252956095,-0.04386350890116475,-0.05297083820273407,-0.05566111597114798,-0.031697609875372734,-0.0011202551906208669,-0.014719376064171286,-0.022081418855893986,-0.01445326206702191
Сурский муниципальный район,-0.14263615961744058,-0.18212383064402715,-0.21186651325778705,-0.20518939027098604,-0.23484531768349903,-0.2659110967258691,-0.27616492298728623,-0.2298118578451156,-0.20221136307871213,-0.24610420556924417,-0.22435240398141332,-0.22148087793983073,-0.1876519618422492,-0.16907393126922798,-0.22182628088107492,-0.16726114464228026,-0.21028123870982007,-0.21788370758385156,-0.19251467045034865,-0.2329815389374108,-0.21497358874881733,-0.2360316699865468,-0.19788059848998785,-0.24517382921547615
Сусанинский муниципальный район,-0.09465846027497449,-0.04380704981070771,-0.10048386088274697,-0.13352421858593466,-0.08224366122529858,-0.1149432808246118,-0.0878457533417496,-0.06749262417363866,-0.09570471549026394,-0.09734107397602898,-0.14468552514911082,-0.09609357193212986,-0.09149325518584739,-0.13783135194390006,-0.07345989123266428,-0.07104043043635144,-0.11165177043667818,-0.12175128467260876,-0.13917120417474038,-0.18692510488754444,-0.18764099387231603,-0.12513608484671934,-0.1076445806500157,-0.14419469774000326
Сухиничский муниципальный район,0.13634319876228318,0.13081488244093187,0.11650694396922567,0.09250771930414459,0.08461527134058322,0.08096745245975612,0.08347983412128634,0.026506044810732377,0.06767385526194047,0.027543465707230652,0.0402995775210826,0.026276627731160573,0.09541201798354493,0.09269230666793149,0.08686952001236392,0.062411719745878,0.06658126348786375,0.029208272085911702,0.053974755545571185,0.038259321850137695,0.06421011479368488,0.02028956124509662,0.0710563002009561,0.07279840663210813
Сухобузимский муниципальный район,0.017495914804261048,0.03740703432424475,0.02846687979226914,-0.038339265755663376,-0.019612808864239994,0.004818589769671533,-0.010573729648113428,-0.03248784162477314,-0.022791162285209055,-0.05197692448987645,-0.0262225216755283,-0.0066390611361981655,-0.03560976416242667,0.0023671882497460217,0.004928260445755228,-0.01551341225436964,0.0560501112918228,0.0531394286503879,0.05336931412245427,0.05604915138566291,0.016231348998742234,0.015825090163369637,0.04836825481924123,0.02762849245988619
Сызранский муниципальный район,-0.04615411227219468,-0.019770988484847152,-0.020987515554026004,0.040016165985486296,0.05262126738115569,0.04823108270498544,0.048874004775251834,0.11767059973196581,0.1745170737621855,0.13074682425560624,0.15184462491542483,0.12345732663018083,0.15972196736088584,0.09890427843904526,0.13574486668536068,0.1055291995025307,0.09131376897530963,0.11192897816951053,0.11952940484997399,0.1308254065847887,0.1626287331323848,0.1771467869442187,0.14797931924624486,0.1372871733079375
Сычевский муниципальный район,0.13207939288656867,0.09437494475836772,0.06510483460862737,0.08842486389512061,0.06924595472348472,0.0991975262970115,0.04498346536150599,0.06542351254655365,0.09656000917942542,0.050452765569058755,0.09441847534313474,0.09452678767651967,0.11743218030139069,0.08393020279379648,0.1033283113889869,0.09626440211853726,0.0764629582821641,0.07571565435988781,0.07878269269397542,0.06795759815629765,0.07193402478401545,0.06432795022323212,0.09443027880138288,0.11280873606680153
Сямженский муниципальный округ,0.12471407896419784,0.13458136523640896,0.13732723993885365,0.07019404469899904,0.05566456755818372,0.031615858501085725,-0.020314295568338636,-0.0635639249201958,-0.0743393636330989,-0.09188374815800593,-0.11354617096914232,-0.1389830758409385,-0.08094697626470015,-0.056871589400003586,-0.11482937485871325,-0.09213526651069515,-0.011849819387498073,-0.010355547646627272,-0.05874734244682678,-0.045234961465057566,-0.08554831893786918,-0.06988329829803241,-0.05642629930454035,-0.11093156070728227
Таборинский муниципальный район,-0.03385220564761404,0.04848879198191902,0.014604080060744096,0.009744961053790746,-0.02508818341944341,-0.002079153615081708,0.04347623925828081,0.024488423573460594,-0.01640521977907028,0.03885710950662791,-0.06255483252955507,0.07760615334641052,-0.009876497139387652,0.051389001033083304,0.11201413140572036,0.09484615246056904,0.01372489506529817,0.09344648211381035,0.08712449577445547,0.0070231103428639585,0.030868218652109647,-0.0010964690736887661,0.05742825174610111,0.1414282126964146
Табунский муниципальный район,-0.15012177562449835,-0.10257399009801738,-0.1254698639420475,-0.10948132764630714,-0.12136713779979402,-0.056127551786188334,-0.03955438015671042,-0.043283781008749855,-0.04158038073547843,-0.03923598919128857,-0.07941561006963482,0.01090353481410311,-0.05242493181587804,-0.07429380242109751,-0.08885866466610182,-0.09204278096149565,-0.09412041166873486,-0.07758263160982004,-0.09255107340736046,-0.07735389624734701,-0.059024511753221987,-0.10500881735723233,0.018082651241819292,-0.02514219994099065
Таврический муниципальный район,-0.022783692112525955,-0.0487778051396166,-0.05111112843386323,-0.06821120405738235,-0.10328582611696646,-0.09456177616256944,-0.06696942260278504,-0.07584309392359678,-0.12728889895700668,-0.11223705297941677,-0.08516710163194396,-0.06198370862149005,-0.10996536909019028,-0.129444357244358,-0.0902662522483837,-0.115623924160559,-0.07806054646954408,-0.099107084997204,-0.09478727893002414,-0.08349006946254,-0.10736253750579294,-0.07193109545396581,-0.08361414004113499,-0.10970785118555249
Таймырский Долгано-Ненецкий муниципальный район,0.7601522470319164,0.7261395127457,0.7374900237201434,0.7863871318312725,0.8035911321404186,0.8388995156292562,0.8952006484165018,0.8509509822252017,0.7514923724371929,0.6835297616331708,0.6702581540423331,0.6915993897708379,0.6745933912283011,0.6569972683821028,0.6584464812658144,0.655940380090339,0.7349477171307459,0.767364650476738,0.8283017659938885,0.785912875582838,0.6843670372187685,0.6257851842409305,0.556982263594854,0.6106213697047895
Тайшетский муниципальный район,0.16249772823417885,0.18147253785434536,0.16878682031549985,0.20464374594557988,0.20882817791432196,0.2811399251087945,0.24381616952036822,0.23250079449099914,0.2553494696772898,0.22153829183481122,0.20713391667613124,0.23286901059523757,0.15650485303065764,0.17476531632794767,0.1824115044513981,0.21733191764385928,0.19877306465788713,0.2308242119929762,0.2418291777587207,0.2711943439157629,0.20511972169247272,0.21994011423294602,0.2124980366389284,0.21574639668711093
Тальменский муниципальный район,-0.07778822367247606,-0.06215523199372086,-0.067981619187643,-0.08234284506184153,-0.08435984019722653,-0.07297537037236523,-0.07517781135196344,-0.05619030457892649,-0.05258909723292149,-0.05424227318953001,-0.050313092671082416,-0.062192020256448544,-0.09328046593802064,-0.1063180862378239,-0.10132315659678603,-0.09315317248855948,-0.0907874557241044,-0.08214349146527589,-0.08826803727202837,-0.05644131090495108,-0.06364895624828648,-0.016574625921204955,-0.017252100560767758,-0.019888247399832082
Тамалинский муниципальный район,-0.09233057701457348,-0.14990815952768521,-0.12186198455171215,-0.14896653117524927,-0.20961831657997188,-0.1768590365273024,-0.16862649488447445,-0.21493293909465194,-0.16280031035442022,-0.15283876627308324,-0.1306612464510284,-0.13471791122751853,-0.09451102879606843,-0.11701991594054384,-0.12885103533253783,-0.16890764619923004,-0.16395970364841794,-0.1774847386792242,-0.1387124254356742,-0.16754373716369564,-0.1826661170523387,-0.12449231786812298,-0.14975166658291883,-0.13654964158889982
Тандинский муниципальный район,-0.047431570859092886,-0.06015817436131421,-0.0890671828763967,-0.0052364048959940845,-0.04255961441879563,0.04074664028284758,0.024351258178667123,0.0971816348215544,0.05641304904255939,0.08265382841774915,0.0903938135950213,0.1630160651066408,0.07455161981748404,0.05876496994499725,0.14109498608768334,0.05225651807849552,0.05277820534738886,0.11681504076161531,0.06880653029569217,0.1867923314151252,0.18266599837145847,0.11414155859787378,0.14790890414921876,0.1747587844122549
Тарногский муниципальный округ,0.05731740899093296,0.02653814276433586,0.0713160347012689,0.06775673390724357,0.06765500913915723,0.050988944353679955,0.051694011050333444,0.06675813765048311,0.016528493635583175,0.04690617884788395,0.036319517261866,0.011368182851580144,0.040222976158935,0.007627732783269892,0.041912444725278775,0.04929010846316295,0.0719798589862286,0.06228495150050328,0.06218758049091733,0.03806876217579891,0.04739067571867395,0.023426662993900393,0.005211525984551102,-0.014314291146463987
Тарский муниципальный район,0.05886775812995104,0.02069596116691841,0.03921020256649399,0.03876091549478389,0.0623639915047427,0.06715247607225017,0.0841615845418282,0.07766943736357312,0.09184820526820836,0.06666057579591111,0.011411798865497147,0.05906645055415183,0.08170998136342611,0.03197940411870981,0.041036195017721155,0.04017567208074624,0.043535592099054554,0.0605933590783696,0.06499757091261316,0.07595307193249567,0.054878282558922464,0.072817029891322,0.05422404880005871,0.045130507751901305
Тарусский муниципальный район,0.24562700762951017,0.2246847794641429,0.24094731861771734,0.21947086839439756,0.17781700804680511,0.163402468927071,0.1999501387060949,0.1720196938880445,0.14735848626424541,0.17418915750554298,0.17266430753319817,0.11828756336826629,0.14810915895564136,0.12397744416496614,0.1494959832961662,0.16826343735303517,0.13912469526103521,0.12040962009092837,0.11163322297310962,0.1426018278004264,0.1545812132648301,0.14427989772168637,0.19636033594584568,0.15671100019081052
Тасеевский муниципальный район,-0.052725389468808004,0.0048822683590881155,0.02429706494061179,0.015942150020519463,0.026798895212349905,0.032691655513094275,0.07749460826801347,0.008381664476438289,0.012787083571618396,0.042111977486646524,-0.008633415735735284,0.03258771585719167,0.05820741589984024,0.04408906421000047,0.044020262324465875,0.019628125339618663,0.04783034558870014,0.030953750155223503,0.033799068317490466,0.008241209080876999,-0.010475832784205608,0.012824307708758198,-0.0016341875598282485,0.006519795756378954
Татарский муниципальный район,0.012326325473523525,0.024658850559630352,0.044321057854386225,0.06935103228489226,0.07391324914658348,0.09897879885240712,0.08454486500134628,0.08382121425781364,0.08113066762868826,0.06554348191089154,0.05496435088255325,0.05473880051611424,0.06185197946981269,0.07500608227812933,0.06781034559044485,0.04490457768609524,0.05494753193224078,0.10149384526585159,0.06488532276926762,0.08650311776649033,0.07225456329144819,0.06207994485673041,0.058237328864459315,0.04634098342029169
Татищевский муниципальный район,-0.049657132340783505,-0.048362630500822235,-0.06515813371730594,-0.10662793941217608,-0.10696269843284512,-0.13122245601804394,-0.09898665453363442,-0.06464277947756614,-0.09424078484684095,-0.10877158420585609,-0.06240644623028402,-0.0500164443263138,-0.09899861135375865,-0.05894823274643812,-0.07220961198964382,-0.09486744538503444,-0.10561954946318508,-0.11935309139112427,-0.06396906474014763,-0.09757755672407953,-0.0785832329328624,-0.08625156860182415,-0.10188766894117052,-0.07187127626696288
Таттинский муниципальный район,0.1730295664564121,0.17845806196890912,0.1901022849672067,0.22738303289108508,0.1531070780544308,0.2981329946299276,0.2797622752773403,0.30595761812599775,0.2112691774911717,0.14240682143594263,0.09648803872831913,0.27442901481753523,0.08704532420171773,0.12791540633827303,0.16798616720079274,0.15920485305855436,0.17522713119337574,0.25239946778246036,0.17019719365181452,0.29597236731006404,0.15354762144154677,0.12601989277462344,0.053218207096623615,0.152338863353366
Татышлинский муниципальный район,-0.1511693155422087,-0.16910104856181363,-0.20479855316701467,-0.1707084393051943,-0.17818293644819505,-0.18997283708389467,-0.18655625415694033,-0.17365715008078197,-0.18729420763138194,-0.19116327954272982,-0.19371468254059643,-0.17098434376228688,-0.09748179973742133,-0.13527133382729417,-0.12291825590050998,-0.13846591614678694,-0.1254295787112607,-0.10986304882157327,-0.16478085789709418,-0.12349101202216772,-0.16880552554329853,-0.13094871365880856,-0.2268037502701219,-0.15457314348168616
Тахтамукайский муниципальный район,0.34945650112453386,0.31346169537696333,0.35249881025789165,0.43558980477164333,0.4384056581904652,0.4382969996855284,0.4490744293229465,0.4850336120987979,0.5367958001454056,0.5290094910832526,0.5303904249556695,0.4990415060533877,0.5146679119071589,0.48387623933480306,0.48273516631879154,0.48793476943028047,0.4579010505679886,0.4768634530002114,0.49210154901556535,0.5100096431774954,0.5150197272376964,0.5055434126569391,0.5084633632358173,0.48778130951946963
Ташлинский муниципальный район,-0.16626417618404155,-0.1840830440234278,-0.18794858128777214,-0.16761577596235888,-0.16208380336158612,-0.18339444048899978,-0.19931246095793043,-0.19043088257389407,-0.14605605425134094,-0.1817870424257002,-0.17937992786961487,-0.15879470164786547,-0.13226642549765444,-0.1514198056163263,-0.18574002231399867,-0.1791466435003244,-0.1722822100118222,-0.18650838874711262,-0.21389356360242928,-0.20420966412968156,-0.22199228937182447,-0.20930797437649495,-0.19862718290114323,-0.19415846062790365
Таштагольский муниципальный район,0.3040054250736208,0.27609653153282565,0.33772720708604353,0.36290767709786564,0.3582896831590734,0.36436399538490605,0.3546805553924077,0.35603082153321,0.3489184968577401,0.3566510750267966,0.31888028471977137,0.29914702980916097,0.35588025000688184,0.3214696757003974,0.35303566486567206,0.34674004884007736,0.3616740824090492,0.3895175155679649,0.38874325299460466,0.3974082427296288,0.4147520831728855,0.38493488441396906,0.3980215997551486,0.3813174383336815
Таштыпский муниципальный район,-0.0035043043188274225,-0.04592695443336403,0.00018216595368691912,0.008998710925876452,0.01937876984340292,0.058260705833623305,0.04635572382699671,0.05040521733797121,0.06642889832880883,-0.01471534127349905,0.013797777789475774,0.02390922046256705,-0.0153426823669367,0.012095551664581095,0.013279640878170795,0.006180515374913043,0.01466877530363142,0.06493192724759389,0.07014741249897938,0.09381166363099602,0.09686705088678416,0.08526796891394817,0.06949620780104837,0.09658582908046753
Тевризский муниципальный район,-0.05939637869504111,-0.08670581668852329,-0.07247666755371895,-0.11065862280681493,-0.061842263152374954,-0.0868401384737183,-0.045937689224494704,-0.08787308900526902,-0.07907757357846634,-0.03142229036950006,-0.09738472459054748,-0.032511866155036984,-0.03677132712301656,-0.07115685249058146,-0.022928694057210208,-0.061845792260784904,-0.050934069083712785,-0.007715391003930705,-0.036885344351208715,-0.062197266548320584,-0.08086841522613142,-0.043933481150871145,-0.08739368610419262,-0.051942387483075336
Тегульдетский муниципальный район,0.09460162140176287,0.10051887511039581,0.09582347158885263,0.08238477821521961,0.061357356782355765,0.03455985464596445,0.02579725933437338,0.01279607990959164,0.006046472888685983,0.027914919488720713,0.0035252135398273765,0.01969513921573629,0.03836251050601369,0.07513292412765438,0.06392337369692491,0.05836200602842467,0.0419402501581736,0.05561736084596802,0.09117833329287883,0.07338086503182772,0.005882243619735661,0.021839487039725825,0.0031790049596285286,0.10848576396418608
Тейковский муниципальный район,-0.003983116872863235,-0.06304994535042496,-0.12789962190326953,-0.04069017977627176,0.02257236630398296,-0.14257708796628954,-0.0965341701652136,-0.045928839900545526,-0.07057547655909424,-0.04361454131550779,-0.025173653879729585,0.075357331216237,-0.04196201674359479,-0.05460669191830014,-0.00016607847245886376,0.04353266930806576,-0.04809110786693438,-0.08538858777615665,-0.012373611189023137,-0.07049010019587065,-0.05015618157987589,-0.05699607617725455,-0.01021652131809958,-0.12089145768870324
Темкинский муниципальный район,-0.01398400243088993,0.006062267512675135,0.04100416047394262,0.03972663261474274,-0.018719685851612766,0.06380466259436979,0.05230982878775059,-0.0030402160779399168,0.08851411792648634,0.11716756612922552,0.13736910074164044,0.186586788649592,0.0897954599458135,0.09766496733731067,0.0431060946501578,-0.0015616759531393853,0.038862033092048165,0.06715151409125575,0.08738062925798928,0.09153799211718905,0.13223328923495536,0.17616034197758346,0.16394054170647365,0.13072780871907952
Темниковский муниципальный район,-0.15927855556057757,-0.1287686065558411,-0.1321009818528065,-0.16476947423051946,-0.14488847572969554,-0.1728892933743289,-0.14612073220808597,-0.17754959215441168,-0.1725963070576011,-0.14646278481369102,-0.10887229457537728,-0.1352556661138813,-0.12930655566024285,-0.12081849347660345,-0.16017479443063998,-0.16437384673840683,-0.16151064286318828,-0.16757452883683044,-0.16064648508295676,-0.16087129097243924,-0.17335319440133468,-0.1749295120058072,-0.15746268579881395,-0.1655048494824527
Теньгушевский муниципальный район,-0.18732690733620672,-0.18147161159389924,-0.21378233060152496,-0.1661916124175864,-0.15757195927608159,-0.26000507302423337,-0.29266776056818955,-0.24862412029141723,-0.2546870889626174,-0.21573597792218457,-0.14511521685192896,-0.16086200455479194,-0.28027500697976393,-0.19665282952986907,-0.18789190604191042,-0.28259193252564074,-0.2805480728881413,-0.2511684339277078,-0.2941175994227123,-0.217999613704718,-0.27176147986489063,-0.22799538687826626,-0.23008681467380399,-0.17950361312109386
Тепло-Огаревский муниципальный район,0.06320594339729091,0.09536410899531056,0.09329586338960993,0.07253202388050184,0.07549427714390156,0.06814561447096246,0.03527983718657879,0.005687045230486021,0.05043004531126449,0.007324646302659943,0.06402726180176188,0.06286082249706837,0.030885840162994782,0.12727353204335934,0.1053480607290993,0.067982984921926,0.09393181983420362,0.04191211595528266,0.052460464133737617,0.059338136261120056,0.039722432338502145,0.03970764710219754,0.04618782332032545,0.017079341534250503
Тербунский муниципальный район,0.07029588608392245,0.031963414731402295,0.050012642310571565,0.04880690351274808,0.03533970447311496,-0.001933956025107264,0.01211242846185634,0.0358237823608043,0.02675777462978246,0.029955452590199272,0.03564715792772155,0.03961217919860083,0.11298490486472446,0.08681765693729027,0.07195274132436325,0.05441565526275838,0.04437212888574393,0.018550552205429227,0.006605937509021942,0.028417212723576668,0.038562963907642356,0.02596091634992348,0.057466794075219596,0.0417202211309089
Тереньгульский муниципальный район,-0.21290043709660011,-0.1883113801329479,-0.19092100600065187,-0.20297223102067008,-0.27273719239038563,-0.21092559109090914,-0.21584930356268828,-0.20179050781887042,-0.20082410751077617,-0.31877600951017016,-0.22226108220141505,-0.23853150537285472,-0.17908817082102502,-0.1799270875086183,-0.2556652848082308,-0.21719359315518716,-0.21537948082092662,-0.20365038800642665,-0.19833992964142944,-0.21839360533749286,-0.2594617544478979,-0.25507294672726033,-0.21514403721024777,-0.28951022652584335
Тернейский муниципальный округ,0.2501771705989597,0.25398591654933256,0.2719944411554387,0.3272759742504583,0.3239610528122956,0.314242587162024,0.35136013175510605,0.34155803751926506,0.3119645090636922,0.3663615034942662,0.3343657625901937,0.32920233526380116,0.36238728667400366,0.36124948821002967,0.3532398149458533,0.35945038957026476,0.3385631939956859,0.3255087018947673,0.3841857061768206,0.3865996405269865,0.36126777406288113,0.3487697644316192,0.3789502050569453,0.3398179056394284
Тетюшский муниципальный район,-0.12722884282513292,-0.18610565030486548,-0.167331537482438,-0.15364025587143715,-0.14331429201225454,-0.16630787493483723,-0.16353881739852127,-0.17667109871406694,-0.19793514973862436,-0.1793852570885921,-0.2160132312630516,-0.21412987241596326,-0.15246320195125485,-0.18107353229093448,-0.1635915986529035,-0.18116664216719158,-0.16459744312893498,-0.2014977501948767,-0.19421020192109673,-0.18511290543122527,-0.20392961964350675,-0.14155346420531778,-0.16653467544236378,-0.1728053361573334
Теучежский муниципальный район,0.12072916944591228,0.08229143611487899,0.08001467919660321,0.2616725558617592,0.18147748311464795,0.18775685456393454,0.19344165663730273,0.2540651668198759,0.26045463163374727,0.28068803196548053,0.3015715050692389,0.30221958505400615,0.2812452686183011,0.2487284035350985,0.2234175205068425,0.23655746190893367,0.2449812848838846,0.2531932068110052,0.2683720172661008,0.3263985894178951,0.2759325829581112,0.28969927510434346,0.3169273336209386,0.31548544468227036
Тигильский муниципальный район,0.6073348704644381,0.7202628572704519,0.6483434124859091,0.7286176643624493,0.7214613710712339,0.6839761431385902,0.8701104478545556,0.8602366445424892,0.7931930709953523,0.8407569703340023,0.7966356788345479,0.7972461333582306,0.7145829596976583,0.7779151850113255,0.7190875372787779,0.7189593625466468,0.6510652351256319,0.8048019782987357,0.9828883390167817,0.9436451879536651,0.8795191745257203,0.8260670338499025,0.7479510627707864,0.738424986615728
Тисульский муниципальный округ,0.03530513501544341,0.04120950100002041,0.056317996822160765,0.1113736364319351,0.12502569535568675,0.12557220714017525,0.11494744140115287,0.07485673574362472,0.07185844279510611,0.10012437536629548,0.08788610852993273,0.08999244211726776,0.06591246227424463,0.07694922486563094,0.10242933391525177,0.11071497110271444,0.1094231809170072,0.0848457260815696,0.10417799131023919,0.1412275877105813,0.10670746789836016,0.12473090981839796,0.12835411600669921,0.12964542737468143
Тихвинский муниципальный район,0.29753164081622074,0.28204280833291406,0.2921242772242767,0.38056741581849884,0.37826172024927907,0.3802418358164328,0.37086349454911094,0.3801889689689908,0.39719671095845754,0.42103294229077903,0.41202625429211004,0.3885385289582022,0.4350993836522168,0.3820865217391578,0.4085463914193088,0.38077179260890937,0.42091293915368233,0.39748876214495255,0.4029865939470998,0.39527718172067416,0.4311424242805195,0.42883890580283435,0.4316132852055521,0.41645472872298406
Тогульский муниципальный район,-0.15853298236667435,-0.20668151758045283,-0.19257617879232036,-0.16945832752528212,-0.2153976355375331,-0.13420094691276852,-0.18082143150221697,-0.1498136719850489,-0.19535419335257487,-0.2152030393455444,-0.2063712832867992,-0.1785385881268695,-0.18391157669841185,-0.20467426291444468,-0.19927856675584543,-0.17526959627331173,-0.1970650749192977,-0.18882645839008028,-0.16638281828491408,-0.1750154008788627,-0.21134962400670432,-0.17788300871787222,-0.1950982645044732,-0.17692518453315031
Тогучинский муниципальный район,-0.02159147390378635,-0.0065967553165720005,0.0,-0.0012059696954285215,0.01703668049040985,0.011334831503605258,0.015266068041659864,0.0087464781974802,0.011861721274975423,0.0032408759659983133,0.011871083308420793,0.018350562458739006,-0.020994905146411114,-0.0079160311788673,-0.005036116610332542,0.022724933975119654,0.0037807228399060477,0.020514992470735294,0.029427772600358892,0.039287717073035466,0.04063250107013161,0.0319934629834524,0.050466320706584966,0.013909659894766335
Тоджинский муниципальный район,-0.03478470893780816,0.09063426391997176,0.09196734573666276,0.13967678572508113,0.1923791940226689,0.1940622469926847,0.16642658444648184,0.20189088047990644,0.24363141100974417,0.2996164925287186,0.20766259762949701,0.29300266196863234,0.1353819554755713,0.17595094360622276,0.2447704111475364,0.11999708806444076,0.19020608744518697,0.24625050376472934,0.18440886552278535,0.23401236745232978,0.19297996714186283,0.28146300134701185,0.1623454238150277,0.3043068111243077
Токарёвский муниципальный округ,-0.04515549915176109,-0.07353011325686332,-0.07443735638340065,-0.0791308217215736,-0.11495773734873893,-0.11450988789296801,-0.14194670142484433,-0.18333393551002786,-0.14400395297827728,-0.13957817083369228,-0.1057168203175678,-0.11405565269442519,-0.0771443759977668,-0.10616602967248845,-0.09742558878592611,-0.10835939860477062,-0.10612856129713144,-0.10349533877624673,-0.11684520198327242,-0.08702577511211551,-0.09322382103278315,-0.08078032304396565,-0.05181551398308315,-0.0839028883193631
Томпонский муниципальный район,0.40495261836883323,0.49309973908023075,0.4877056034810394,0.5072235028727494,0.41730414701643426,0.5402395089722845,0.6042891276935762,0.657351741540225,0.5159699058389755,0.4792456855027343,0.36673062339581897,0.5794864119283041,0.4720447771936076,0.5168690364568711,0.5281855846284707,0.5354122801244152,0.44784433107702704,0.5710495275557932,0.617382421118009,0.6474564211298013,0.5578794732879029,0.46400405396504496,0.48267457410347525,0.6123679003135596
Томский муниципальный район,0.3688860855629983,0.34968995701224515,0.3746934494414109,0.4461886696215416,0.46986976125154634,0.49160129611119174,0.47836101911305207,0.49579276390836924,0.5358729449969957,0.5398077049381715,0.5288308531113195,0.5085756394760761,0.5351530239514783,0.49493965887905844,0.49786366324012654,0.48612078049055896,0.4833024604925509,0.4989488237694051,0.48889888635900114,0.47706605626477305,0.49579635888697027,0.49283043747573174,0.5139232418939628,0.4752552263973868
Тонкинский муниципальный округ,-0.03824805865181524,-0.031691289920820154,0.01693539696510804,0.04069141802484211,0.024569134106339874,0.05415111100870362,0.04909460436583046,0.04033986193918082,0.07597989388260373,0.030372321907707445,0.02019341402588104,0.06964001260717012,0.01295171398312256,0.03844736198789889,0.06846963087154379,0.028521098435572156,0.018394546773551568,0.041206205890281566,0.05060232666579445,0.0470993680358891,0.06638850122936901,-0.017358988254233765,-0.021705894682328974,-0.0668059299498367
Тоншаевский муниципальный округ,-0.01543627926414537,-0.028278230394057857,-0.004931066516238758,0.034549159940509,0.03590337586762615,0.025325053284806387,0.05393552391061718,0.03812864575428776,0.127720944698142,0.008413996825996861,-0.046606313808412736,-0.023211720615563536,-0.008694372775890358,0.033170536938486705,0.03708354179696727,0.07065878237097678,0.05001042057466165,0.07427440401558805,0.10270187000028308,0.06547597753350054,0.08775751718380498,0.06158394148900115,0.053837306327046974,0.056263797656253445
Топкинский муниципальный округ,0.06722809545427211,0.04495030134684619,0.08905504545893805,0.14490373376976073,0.16531146365812965,0.18903711079001084,0.20127707765309566,0.1991810557129181,0.18375044521425288,0.165609908428479,0.14092696007809913,0.10705836871242624,0.1548487905934266,0.11836523603581739,0.15092501429924177,0.1676573227075071,0.2098690201055149,0.21890745463704775,0.25698121849303845,0.25352926861045866,0.26993443324536237,0.24965798050790156,0.22685140928537173,0.19845778801544967
Топчихинский муниципальный район,-0.18783841629876719,-0.112427371225019,-0.1521562529428575,-0.19068263242588301,-0.1962617290124946,-0.1412967136994645,-0.1150761105261271,-0.10555473110469649,-0.13459558614034783,-0.14100627170257418,-0.13187988649375448,-0.09222176670814441,-0.12589328689271362,-0.14039794057750576,-0.12771826511654183,-0.13861124034109906,-0.154587838304165,-0.13233486765679814,-0.12703878625788612,-0.10344421686727756,-0.1464221743622538,-0.12573423978667897,-0.15003620208064206,-0.09974465510659769
Торбеевский муниципальный район,-0.033194491181591346,-0.015393733124600573,0.01559106982233871,-0.012023990473071677,0.0019451474718916728,0.01176455911066654,-0.004830478505517988,-0.007896053769227862,0.0063404896497587515,0.004096999680594848,0.0059762518330508385,0.0028151410521619624,-0.0009679803084079452,-0.0075485867507030235,-0.01564885490668466,0.012947741166996707,-0.03382404598112565,-0.019776463540500444,-0.015491085727427745,0.012199592490139466,0.01053768585879844,-0.02561133142299532,-0.01207406865207794,0.011576567828997852
Тосненский муниципальный район,0.45940678903170173,0.41190402654358316,0.43393198790043463,0.5203218966485945,0.5302330382864984,0.5361789332212403,0.5211419792789957,0.5304821420266901,0.5503383448169377,0.5714120550498549,0.5602063985709727,0.527467889027351,0.5713172412847527,0.5199358158949448,0.5368387933678829,0.5212138891033948,0.5489025954147007,0.5296730940442753,0.5306940102520397,0.5246432447253024,0.5507301361208867,0.5460372998880647,0.5555545779580413,0.5358522934832362
Тотемский муниципальный округ,0.1432563058407066,0.13656712025975004,0.14602363437708377,0.10858435983498538,0.10419160845284381,0.12279922697119439,0.09002246940653791,0.10180346554593633,0.08049395667394066,0.11129095764023944,0.10216784026928494,0.05046679788248909,0.07455161981748404,0.038491218751715905,0.0959251848135505,0.09415546519931439,0.12269197200946635,0.1506814300750854,0.0882948565254118,0.09543255547619367,0.09839028042730469,0.10475557583900752,0.08843230980919436,0.06188088315512985
Тоцкий муниципальный район,0.14316444473463363,0.08160823597899203,0.07875258395124263,0.14707359097662653,0.153274127543229,0.11731600555666333,0.14188303881491038,0.17777316086443307,0.19106809943651726,0.17623246837892736,0.2136473713034146,0.22711373331143037,0.22881032454458605,0.18105980370210517,0.19318113045189733,0.20586382376786005,0.21682995615735834,0.17286747115945467,0.18527176425211067,0.22744218616534617,0.23959519635783444,0.2493100939154207,0.2585543525268488,0.23488259747978546
Третьяковский муниципальный район,-0.1533294768512672,-0.16588626951234353,-0.13137355794044403,-0.14049288790202752,-0.12081771742445468,-0.09392486727208293,-0.0799345987305049,-0.11939987879222613,-0.10125454202080064,-0.10722931783266709,-0.06950413082276086,-0.08857877542964232,-0.14437077467066395,-0.15492578530320067,-0.14623863546511373,-0.11984644259189992,-0.06185591984586125,-0.03651149649081731,-0.06793537764856694,-0.10476237690699186,-0.10865784340303719,-0.13261568941063473,-0.16716171031157678,-0.14645207974055374
Троснянский муниципальный район,-0.05585913573788304,-0.050180293487313676,-0.10548197806535953,-0.039226739385471276,-0.0816624962373389,-0.0996717037130459,-0.04346657814800281,-0.1791988503622246,-0.13657192716591382,-0.17892842747808935,-0.1799360395511691,-0.11651621898704789,-0.00438888175791341,-0.06364865086930394,-0.12132335923069348,-0.23394564289785613,-0.1313929642666789,-0.1777777074313196,-0.12165841835594904,-0.1741196180698541,-0.1664631270794601,-0.030620734509660963,-0.1747169574087355,-0.09167979134496562
Труновский муниципальный округ,-0.01462919843154964,-0.05408644673137886,-0.059873401047413566,-0.056877820693737036,-0.033911622625524274,-0.05684307875119465,-0.0723843741087169,0.0031227064317302933,-0.04389608999107608,-0.0712698009044459,-0.0324909346692035,-0.006048009638409013,-0.035768079685594145,-0.08277344305544787,-0.075383011752022,-0.03532631973703282,-0.10095796670191426,-0.09550234086041165,-0.04939123913318788,-0.0042456169318594306,-0.04965825250184608,-0.027570359204974082,-0.05215951123449791,-0.05675156671821924
Тужинский муниципальный район,-0.23116578507389285,-0.2268209592361341,-0.1658788699684859,-0.1625809659782007,-0.15467002546344588,-0.16619379781858257,-0.1538186681034226,-0.17442347558765903,-0.1906893921180579,-0.18052824498305853,-0.1715163365679171,-0.21884583030182547,-0.18992755555463248,-0.20115696592928245,-0.15091075339727134,-0.15477646427549274,-0.14867811368349848,-0.16174248435139305,-0.13208367822111988,-0.19199761420872186,-0.1502682368939876,-0.1696735749358247,-0.17466834410326548,-0.24903229850898434
Туймазинский муниципальный район,0.13837600149509477,0.09621760050097627,0.11711480977117894,0.1702128528640987,0.17936417663033843,0.1640995759612256,0.17084989817805507,0.19985920063586526,0.18841703847972902,0.199259281012516,0.19275284326320907,0.16374761835976237,0.23948751455840345,0.17196779012092733,0.19905025260211318,0.1791111455543124,0.18831146244467512,0.17979052300667675,0.18464125766897688,0.19789883829249177,0.19829159436095445,0.18385594737764244,0.19424485690771398,0.15580293445476023
Туркменский муниципальный округ,-0.1836899596360908,-0.1250642749920896,-0.15688715877652193,-0.14785972420005855,-0.17847382861651973,-0.17553403705356097,-0.21028752207448775,-0.1568372646466596,-0.10354874742976072,-0.1611607445421921,-0.20107348400361502,-0.1870940861829169,-0.19097483733832554,-0.20719421384895753,-0.20125670642855908,-0.17486764681304479,-0.2070503838262745,-0.22349110362944202,-0.16200706142646126,-0.14655762891966084,-0.13226492375116194,-0.22463626319848196,-0.1904452514564703,-0.1417056108975192
Турковский муниципальный район,-0.15215623888903096,-0.09962042453131659,-0.12443771233057177,-0.13899138611843043,-0.10696269843284512,-0.08378911033103442,-0.10756642922293125,-0.1770004433212815,-0.1095274285410337,-0.10706990870881405,-0.04943392879692965,-0.005929841248315526,-0.07105732915331053,-0.05986719486764969,-0.09158482383551991,-0.11808884766874428,-0.12425058355004914,-0.09016420998313635,-0.09650069893931068,-0.08517012672117907,-0.13808175963385594,-0.05772680328320767,-0.07905328018567914,-0.041107423379051156
Турочакский муниципальный район,0.0092852157472052,-0.0029705933321189093,0.05597352558210389,0.01781850846160893,0.05759640202126981,0.10438917026819361,0.1389033708161076,0.14545296438918243,0.11320893199867577,0.1101371360126926,0.05584358776163256,0.12352653796702562,-0.010082226708595599,0.04639777954298019,0.05755504524544186,0.07152295085903937,0.13763862238746327,0.16728047911243848,0.1737271430233065,0.20401981926878676,0.17068462083140723,0.12816451239062943,0.0888432559249992,0.13153882659090677
Туруханский муниципальный район,0.4873367703864151,0.5084994082598318,0.5302209365454242,0.6317407285617787,0.6356966679885492,0.6872611773005737,0.8094360868353085,0.7651832810730941,0.6637513254480876,0.5882268115894327,0.5489180006304846,0.5372853011041059,0.5439110771711615,0.587437181905468,0.596545013595474,0.5784460385345032,0.5976996286831469,0.6839681886309723,0.7650982212567978,0.7129645586587827,0.6354693473937747,0.5527620226772036,0.5339867623797971,0.574880294990356
Тутаевский муниципальный район,0.16285808859844053,0.11564950209074354,0.12486303255399989,0.15738095985985545,0.14921528982679888,0.17421426719417354,0.16920811843315597,0.1803879435585607,0.20164291993887673,0.23075249044038948,0.24041832043713995,0.21761537817530296,0.2793985460251367,0.2215288305517511,0.23316499149553316,0.21539567708106233,0.2398857324572834,0.19642116252994235,0.22692144162609829,0.22301684072103534,0.27154402544636547,0.27799572980447884,0.28228934824075047,0.2713595128265318
Тындинский муниципальный округ,0.5041569115709539,0.4596051804033294,0.3550567652897332,0.4361743722083986,0.48280827306426843,0.5230388124164147,0.5056691772490183,0.5171344458352056,0.49117721760310573,0.44447526556501415,0.5004471542507059,0.5195812298843414,0.5562492966152011,0.48855680674416213,0.4927024920403973,0.49787894803372446,0.5048638316030924,0.46023137214853094,0.464232596944381,0.4691965646639975,0.47335688461257597,0.4025927887694234,0.4414536252581982,0.5109968419840261
Тюкалинский муниципальный район,-0.07939363655096976,-0.08057841240590591,-0.08226933001843584,-0.12671777482949054,-0.15239987692890544,-0.1202131705096754,-0.17285854934732292,-0.13359710039580364,-0.1772361415348218,-0.173405910667082,-0.22377104241629198,-0.14806767878214977,-0.17908817082102502,-0.20266286431475855,-0.1695746482304017,-0.1761242756948871,-0.16410683820323335,-0.14402267232448196,-0.1322659520881082,-0.15465893905039785,-0.15352646679968274,-0.16712788322265126,-0.16499287797963014,-0.20877805287968876
Тюльганский муниципальный район,-0.13278206528102032,-0.14812936118173958,-0.12733042574808806,-0.14338674337681212,-0.17394551899177202,-0.19453905506347446,-0.16016135599756076,-0.16727571633314753,-0.19188342211066534,-0.19998669546729708,-0.15847362646904983,-0.1770886007356136,-0.17029517277708095,-0.17954523113652243,-0.19664711946035318,-0.16194105751381827,-0.1528888500068355,-0.16849340207280505,-0.254977258123251,-0.234382029337878,-0.22927721487912578,-0.256278429197204,-0.23528992766657275,-0.23641617569981577
Тюлячинский муниципальный район,-0.20428138275980245,-0.26024568761498834,-0.20944881226846412,-0.22675323218643406,-0.16042519106794018,-0.3417510826932286,-0.3907011283076489,-0.33422106988823685,-0.3219050229121443,-0.44365904286946645,-0.3932267490633592,-0.4202369498161307,-0.4100585934473546,-0.34461798914909636,-0.36614380313961803,-0.3868092927016793,-0.31891171143338504,-0.28696009501967445,-0.39832385460122843,-0.3456606626756198,-0.3308297580328965,-0.34644140034917825,-0.3787205925113817,-0.45553348610521205
Тюменский муниципальный район,0.318371814658823,0.2717736228178982,0.3066417502864027,0.3935935837751998,0.3957477459619927,0.39856635628439285,0.4164630071142845,0.46032117714511855,0.49081509556402203,0.5270105321282852,0.5055330777977698,0.46770066622676865,0.5322564187160399,0.4764603387773807,0.49665166430376395,0.4743801880137184,0.461187197826348,0.48066265720527745,0.480563148307791,0.501916878876882,0.5037643203708857,0.5051761211825418,0.5083406020920194,0.4820032626138939
Тюменцевский муниципальный район,-0.2548871203583509,-0.22323006880006524,-0.2059171215163058,-0.18299471054457683,-0.16013950126798093,-0.09456177616256944,-0.15095867101055482,-0.10453296745189178,-0.08711447924698845,-0.15133814073095664,-0.08375138696531614,-0.11238942412336073,-0.1852589556381652,-0.19576551802533437,-0.1747033703906773,-0.15143411660756634,-0.13034917236093158,-0.10831287297656189,-0.09998049542504717,-0.13072976404098036,-0.16758272007172792,-0.13912491827045415,-0.1758357161897237,-0.14245563560454322
Тюхтетский муниципальный округ,-0.09087839703761169,-0.02817652685977201,0.0021838043255701933,0.014705780831596016,-0.015550581936592422,-0.010292851951879456,0.03635275069644983,-0.004933500104959521,0.013225114386788306,-0.03344403715642663,-0.005825213946444308,0.04890202724913806,-0.0602905040988837,0.006088713830211034,0.018143046258801476,0.012739559631945951,0.014422631554440457,0.06462539034581383,0.027370917310346243,0.00651185283492417,-0.029320694341373965,0.02056793000596535,-0.058241966412367674,0.00743802262291382
Тяжинский муниципальный округ,-0.0550187760144869,-0.037166269698268195,-0.01885026621564201,0.0297347951086806,0.029827193163981747,0.05034612326537946,0.040276947482551506,0.04540717983902276,0.020932188235498472,0.015207437115167366,4.646516275208512e-05,-0.017417845897764295,-0.008437574027658101,-0.03341289947397641,0.03648328967306114,0.039040644191247864,-0.01772187647747181,0.009237283123061601,0.05147494362337568,0.018088500564166665,0.0380241819562368,0.008688503062334263,0.009709011331409556,0.05694339833612183
Убинский муниципальный район,-0.12994124013619235,-0.06389276040242109,-0.07763169774864309,-0.11172499024334925,-0.07094529357962287,-0.05965904456765969,-0.06974775342351158,-0.08196480023796582,-0.03140360723175917,-0.06661565620361465,-0.045633125078984094,-0.028434923458314998,-0.06941852183799213,-0.08430942750210768,-0.055262678675049415,-0.05772669084684878,-0.039610399460737966,-0.0626733442559928,-0.09790877802437414,-0.10740392110390928,-0.12760633986931147,-0.09438115292351945,-0.09827820824568612,-0.11534166890380781
Уватский муниципальный район,0.38268141599563954,0.37416495802482075,0.3805318337803669,0.40912435177122397,0.3900957855954985,0.38344004490925343,0.3653803390675421,0.3618450715420245,0.3061728473231451,0.2931924495671545,0.2686602377903249,0.28000782984457473,0.3179999622828138,0.2949818307010297,0.27618895290904,0.29264632328604456,0.29337885190957635,0.3135396247769098,0.2807809688356784,0.2864737088448681,0.24661916742322987,0.262663944187036,0.20377941218448647,0.211292785641211
Увельский муниципальный район,0.019005191938974875,-0.04349719647214201,0.01805429071981024,0.03420951074633827,-0.027687015408398352,-0.08247687751013366,-0.08431075319557024,-0.11227322189924216,-0.10415048153615203,-0.0583328780905763,-0.018288046030658478,-0.07354792179477343,-0.07951241411181265,-0.03709544931334108,-0.03902975700204436,-0.06900492142188241,-0.09796939002753469,-0.08436502345813679,-0.09417292047643677,-0.06938606611345399,-0.11000289812856856,-0.12495210913099442,-0.10773550627291861,-0.10308001295910074
Угличский муниципальный район,0.1833633982987397,0.16396143219324522,0.1657043225948005,0.1892194876660529,0.22442777307730388,0.2386817717290466,0.21821994993299043,0.23202680035235979,0.25862891129853693,0.25401588712160894,0.24983674312057502,0.2383137262887267,0.27306305392289687,0.2213462121688785,0.2462644029811205,0.21906117127474367,0.22984763536615915,0.23874421330746642,0.23818595764860362,0.27526165591157614,0.29685526892950875,0.2920660682956022,0.30985552710399666,0.277424160053684
Угловский муниципальный район,-0.28353879757353617,-0.20279872437498447,-0.22872706424138656,-0.2281401949607833,-0.2830846609158115,-0.24619372992836652,-0.22474338471633537,-0.23730601090779757,-0.2402883558313782,-0.2679555780537246,-0.2657900411769081,-0.24701670726852143,-0.2364329111628738,-0.26133931249355946,-0.24452295974896288,-0.1932707415294015,-0.20525996464579244,-0.241232672642667,-0.2505048178189355,-0.19810913199193791,-0.2218847624900011,-0.2453772911243277,-0.27002713721306115,-0.2983783435496665
Угранский муниципальный район,-0.004515399847052848,0.031149101942409274,-0.021638890443291814,0.008451106680706033,-0.0019001686635284898,-0.010683343488055996,0.044894867859898824,-0.006691457626532227,0.04906953279815163,0.013042322836263054,0.04559660087895345,0.03137421551866737,-0.003264309743471472,0.01869297702613082,-0.020637450692305492,0.007269703199904498,0.04469062558403181,0.03625083334004309,0.06113648988774756,0.0313761926902032,0.060406751924432456,0.0845222845275817,0.02690347915472202,0.09100453526301422
Ужурский муниципальный район,0.15012194979955318,0.14780271167455084,0.13370786639443288,0.15139923142676714,0.1510584538874813,0.2352517596006365,0.2312102697226699,0.22954377855519326,0.22773827498278365,0.2534973493863717,0.2159339433801737,0.23639908176583546,0.19188292497070059,0.21427153226976436,0.20108954363581333,0.19074896619135728,0.2107797209020763,0.24054572577796485,0.23799715372092045,0.25352926861045866,0.24971025613248976,0.24984768583286687,0.23375771561360636,0.2671211097467676
Узловский муниципальный район,0.1890391070475257,0.15405180208949965,0.17461751695245198,0.23304764034701186,0.24116553366887672,0.22824090816617826,0.24185353168749302,0.2649577863602275,0.29808094969760823,0.3141219712028054,0.3284947736803989,0.2852908053133696,0.32766044816432327,0.2944047868466573,0.2898282296339225,0.29845217367325105,0.28749474221925553,0.26627806551601907,0.28742251629135396,0.27877332756267137,0.31039604986471936,0.3020178995249907,0.32179179121699697,0.29210719862984647
Уйский муниципальный район,-0.1020269146660695,-0.09509762576907654,-0.115809442480165,-0.09706434136051101,-0.12555262689271807,-0.19577199225180486,-0.14237400620647733,-0.1658088429546467,-0.16030834997934917,-0.18718346174466483,-0.13943673156600234,-0.05121086774721384,-0.16884720872319292,-0.15679001658160807,-0.1187955046873359,-0.1482007216682355,-0.1379175736731888,-0.1351855366900825,-0.16083404076409913,-0.1536888500495035,-0.16443070932786874,-0.17357672409054636,-0.12516314295400655,-0.09250589630727113
Улаганский муниципальный район,0.05410906455046138,0.06581069951290708,0.08997125408541606,0.1333681693409865,0.18411285125994326,0.23917624692978023,0.23777055419512294,0.1738381224161305,0.26409610286549245,0.2407084500384329,0.20747381508754614,0.17508452152367404,0.03241523191131179,0.08514478632007005,0.07577020214636043,0.16633686071089215,0.1630307864886209,0.21456262702595197,0.253981510029357,0.3114896933222493,0.3665647294833114,0.2647841083585263,0.12547765781742548,0.1212170110424946
Улуг-Хемский муниципальный район,-0.16070912647785462,-0.10213587399024249,-0.11412331684757149,-0.11116360247808643,-0.08287804483718553,-0.08399922747211441,-0.04327302351660478,0.053418254267327825,0.05071129970771793,-0.022936231546799135,0.0364987367614269,0.05447928654724521,-0.11435171580794723,-0.11671255463491192,-0.10842355988883767,-0.07149332899481742,-0.040086889041129226,0.0444961978912346,0.01285323946934902,0.097086756083554,0.033786711447023166,-0.039997051441874376,0.002853417882558773,-0.008322204915007347
Ульчский муниципальный район,0.13259015369910365,0.19486532092015274,0.12582735278301982,0.14503405806022052,0.12995339681062923,0.20529698678403996,0.2534281536202627,0.3108231500925047,0.1999487563292739,0.289089330796628,0.19623390180587386,0.2211682265463093,0.14701076469745367,0.18606702150782617,0.16788087263916118,0.2004943137409736,0.2137085721600247,0.24602677224162228,0.3046164485014238,0.37169461946306726,0.27049315674107355,0.3732108995907648,0.3136512786314647,0.27825420782908417
Умётский муниципальный округ,-0.16626417618404155,-0.1350863170999208,-0.12562477861019516,-0.19019660568484476,-0.16219829188423596,-0.167220960657124,-0.1652864967073704,-0.22767269592742245,-0.15655318221702608,-0.16228307911567086,-0.1376754629976631,-0.10383900776763433,-0.12220388396450232,-0.07365581255821851,-0.09829549246461866,-0.1246599869748799,-0.12297882812087657,-0.10526513026670692,-0.14903985701269384,-0.10186471495939387,-0.17059146810245096,-0.10726544150391959,-0.10891829232655859,-0.1322015531826377
Упоровский муниципальный район,0.06156263948940399,0.05809726505159141,0.07702514034823693,0.1045215156764332,0.06865532750566139,0.09208630718078226,0.10777627758905517,0.07532606908557327,0.051695067617851365,0.12406458291230393,0.08238115511822208,0.059177170046430305,0.049667571946423905,0.061683051232934716,0.09070640051485057,0.05169597994722608,0.06864315999536608,0.10226919652033395,0.05857923227962658,0.07212911610172412,0.06908473417526295,0.09745533615071267,0.10149953858359595,0.04856182760033789
Уренский муниципальный округ,0.01075449239290549,0.02287266166599089,0.03288384810410783,0.05761585507788425,0.05368286310523551,0.07726333129942198,0.06883840986263401,0.06671511301887456,0.06799636902916362,0.06415655016272126,0.04555220477692323,0.04942388956388655,0.05029727963755626,0.07568238630255486,0.08255925071834191,0.06253058105468057,0.09002118971991813,0.11079521193303954,0.09894775953779522,0.10324789603727069,0.09651520663287627,0.08295453504634231,0.0825485069747316,0.10219798588151541
Уржумский муниципальный район,-0.08931240767950932,-0.10005743972454972,-0.10969165638417522,-0.08436244128335169,-0.05977315419982432,-0.07448331335628389,-0.0856222949493528,-0.06537903003233403,-0.07068130786409377,-0.12703300794161265,-0.1735593509998523,-0.18407720824657225,-0.15579000357002926,-0.14097502004686824,-0.12752959477024284,-0.09426479835569346,-0.10900239288473834,-0.12819021832602573,-0.10400393403494768,-0.14262277757623743,-0.11289126484080647,-0.13614401247674657,-0.12933561075980649,-0.14095614830598358
Урицкий муниципальный район,-0.033687736471508245,-0.024319437222040108,-0.028035550517454766,-0.05778190776039693,-0.10344775632539971,-0.1801503176113748,-0.14966626372242153,-0.08531522217444554,-0.08593168341016799,-0.1971337925978336,-0.18467551704484642,-0.11449459572666854,-0.1744091600665545,-0.19804083186247112,-0.145566108178393,-0.17210860922044624,-0.15235547787015769,-0.19541537029064315,-0.18431987886896017,-0.2916493870262151,-0.20577946557678573,-0.18454824052543906,-0.233793191819041,-0.19262098967203478
Урмарский муниципальный округ,-0.2651986161364803,-0.29138015498631553,-0.33194614940651057,-0.3172241353500098,-0.3340413928942052,-0.40141593410138476,-0.4180544476917287,-0.4140335866896976,-0.40951649704890514,-0.3599947778540322,-0.3555272228349935,-0.39225980920466696,-0.3697523856975522,-0.3708186536852942,-0.3945028703158471,-0.4245185749075251,-0.38709099472686326,-0.3814318007975146,-0.40345084806631526,-0.4740663530463127,-0.3884502342665428,-0.3840426725207582,-0.4007206962805885,-0.4020633663514026
Урупский муниципальный район,-0.09099449386249248,-0.12282588569710917,-0.08281344004100966,-0.044883277800998655,-0.08557867397732366,-0.05225217087151535,-0.05863131277079958,-0.05191803863806577,-0.06514025038743654,-0.09146518487036026,-0.031195753042821295,-0.05790953652714137,-0.004337737402961395,-0.03709544931334108,-0.0332618346749598,-0.14118212289023369,-0.053829061894283825,-0.09856554430072606,-0.03378315585629288,-0.005399409655693077,-0.025867835665211558,-0.05871628474663204,-0.10283731515629668,-0.03626617798439469
Усвятский муниципальный район,-0.13830543218029767,-0.17256115816296713,-0.08509202236231062,-0.0340175803435514,-0.13514595746041103,-0.03454634375258436,-0.07692768055832033,-0.15018773349580883,-0.05807827166055901,-0.06838611051510846,-0.07379705410313875,-0.15590763871637847,-0.06685644460994311,-0.014090881451714665,-0.13686416467007234,-0.08581969867068473,-0.005425949285996268,-0.07370238510808136,-0.10653238038830715,-0.07791017688387036,-0.11115724388707093,-0.053050790387393576,-0.09845837219536868,-0.1289236293859677
Усманский муниципальный район,0.034537380659111605,0.001481994046867996,0.011862320471887955,-0.006499254557423839,0.0007785130794140116,-0.02588397067393089,-0.03849444558070125,-0.012449541796812014,-0.006976599881578949,0.014031326142911027,0.034974346222330865,-0.009994967714687775,0.026085157859023766,0.02146256693194637,0.018102275695143888,-0.00957715600588216,-0.0053422497672208635,0.005788374224641402,0.002631685397810557,0.01161270357136246,0.01978405109448822,0.03313279561499627,0.03359670598783815,0.026995338499018473
Усольский муниципальный район,0.09917190333278114,0.15979870148963293,0.15046119197421426,0.05723652837821902,0.031054824462216857,0.042136881018373984,0.017317444322312525,0.04786547782856232,0.009617817894428171,0.05217604385140362,0.06937382210270471,0.09149426604253996,0.075213089248642,0.10429801256530524,0.1089286844494719,0.10172691355279184,0.13524175895060786,0.08089456475766532,0.0718953071034143,0.05481298782992283,0.07597330320687412,0.08396265610623921,0.09454170148344154,0.12085290022741546
Усть-Абаканский муниципальный район,0.1360194169883684,0.0941499981822318,0.09312989517214199,0.13328026884429178,0.13494200160906544,0.1346899734927156,0.1190281543864895,0.1733354835515648,0.20119948776665275,0.1945546814385768,0.21690696093383366,0.2251775033570329,0.2078939407832845,0.20399227740353787,0.21397640686108232,0.17914640337714616,0.199728011696795,0.1629480921263422,0.18371136487173878,0.19471018458536982,0.17459795287820334,0.181455310563452,0.19760067736632259,0.20472845410346885
Усть-Алданский муниципальный район,0.1263970301351094,0.19815526519667692,0.18987629626568037,0.16949249858815563,0.10116070410979461,0.30013858229453305,0.25058309903170795,0.2825174386349403,0.1312297962264939,0.11636051500758171,0.05562385100538236,0.24966423774269764,0.09184149646521078,0.11410481694013264,0.16239022108650225,0.117487770442807,0.056128820461481155,0.21936716437128823,0.16143633460007933,0.24949582563743,0.13997536037759062,0.0216011932223239,0.03007745523727756,0.16812305999685684
Усть-Большерецкий муниципальный район,0.6639172053640365,0.6376769035316219,0.6233357793376921,0.6009131664261158,0.5893754851322619,0.6601496367972128,0.692011330462746,0.6729604301924539,0.7775912887981349,0.857563058995817,0.7684642033251237,0.7503849874023665,0.7337369452449565,0.6478591489436223,0.6203572761759357,0.5994151904638017,0.5876201508729277,0.6252370798459097,0.6209078659869807,0.6944134042175722,0.7366286275897309,0.8891875532429676,0.8576938931039173,0.75489928900625
Усть-Джегутинский муниципальный район,-0.31267331092357153,-0.30698255176982414,-0.3087936267060396,-0.2624747511614913,-0.24923048637722367,-0.25077634879772503,-0.273846859361603,-0.10366528843866973,-0.12644924484514952,-0.1534507784211545,-0.14500777661545783,-0.21539176347838485,-0.13383696940306677,-0.12649182861739838,-0.1766829810539896,-0.1498651042729353,-0.1918069607773365,-0.2031493608903805,-0.1653459626919762,-0.1499098695626273,-0.1391700066743784,-0.15071340330135286,-0.1568894556312106,-0.19033991948360374
Усть-Илимский муниципальный район,0.0907366955800164,0.17348292732879678,0.018725026542124823,-0.13536245439768457,-0.04169651686058451,-0.028067377654874548,-0.02733719621812014,-0.06351491372112683,-0.003457476525362324,0.014266659022354133,-0.043155772149470195,0.04890202724913806,0.08011321213297151,0.07106598355065685,0.08263570039537882,0.08129094287988714,0.0396224741845046,0.019833889056917187,-0.008983777434512064,0.014738805136369493,-0.012654008335001521,0.05990333301887851,0.0725380352415339,-0.006286844143355452
Усть-Ишимский муниципальный район,-0.09401775197918205,-0.1159185498561861,-0.12992029563038265,-0.20426497643755503,-0.12964487393524138,-0.16887805654787513,-0.07397966833009306,-0.09847496536797706,-0.15223774642234744,-0.09681503503701805,-0.12553804090714848,-0.03352358190876359,-0.0853739659528685,-0.10333187624950924,-0.044223449698185036,-0.13050543507929824,-0.11221042966908534,-0.06620514500145802,0.002671506204187324,0.05083191143845589,-0.023263954855098135,-0.026819639730252476,-0.09275395265730246,-0.0426072629631431
Усть-Калманский муниципальный район,-0.2587243184337513,-0.22032963787353665,-0.22512675175449992,-0.21218091140318585,-0.1783574615948016,-0.15858012467603189,-0.18176569241054885,-0.17283673818801937,-0.15482477249941873,-0.1714207139060946,-0.1452763988536212,-0.17994380640110208,-0.20976466408071204,-0.22930395802107562,-0.21882482965244243,-0.22013261070057588,-0.2037788990294338,-0.159390389183244,-0.13390791368847843,-0.19666209334468832,-0.2098612120797867,-0.1961845569226508,-0.21747527686324375,-0.19590656729133293
Усть-Камчатский муниципальный район,0.598022492640883,0.6582359343674931,0.6604636252427287,0.6864204435998325,0.7023290026823172,0.7922353491148666,0.8171812950946791,0.8100201445237225,0.7595530095075897,0.7826775006081093,0.7623692592388114,0.8009616132045778,0.7617020296600057,0.7535653450888447,0.7473258337634512,0.7123202997904965,0.7195398976353928,0.7607955131124928,0.7857459427697382,0.8138997934330519,0.77224869297868,0.7608187259799539,0.7260923757106461,0.7367543340176308
Усть-Канский муниципальный район,-0.17645550747186256,-0.18998382109140444,-0.16539511602855228,-0.1202971158221029,-0.09575809941998159,-0.03324718802096349,0.011791937650331263,0.05402848879066724,-0.027138775422178796,0.04027955221784829,0.015354768533105911,-0.0007050252926088518,-0.1224340732962439,-0.13992603222383515,-0.08099457279517175,-0.07494207770506911,-0.05089026994654766,-0.046825699507580865,-0.046208257009581644,0.03152966696437964,-0.0007323325116761481,-0.011963476905117787,-0.049968553425401296,-0.05233926299565361
Усть-Коксинский муниципальный район,-0.060578245619339555,0.009544967915608993,-0.008461641723533475,0.025778456150751694,0.027793566697555505,0.07820181593917042,0.08959892005670689,0.14174770705739448,0.13395041630549187,0.12102391162238035,0.15100594997259975,0.14254992187720994,-0.0032132228702312915,0.017484463574207965,0.0619742073227556,0.10321152525698274,0.11151039747795544,0.13455290577850398,0.14295443562789956,0.1735659374980898,0.16934041253105825,0.12365548671503745,0.0888059041647935,0.12412513462728292
Усть-Кубинский муниципальный округ,0.0853492483755467,0.07332727821496299,0.06974560930264673,0.015991573007159587,0.006162824309548398,0.020699130473394334,-0.048560832669746645,0.015426347627085946,-0.055347288984389564,-0.026557296376413575,0.023330564522135333,-0.028475207866240027,0.0025936394125967155,-0.044644446587254194,-0.008212314532938692,-0.04198950413009683,-0.021159691547621762,-0.04781153358154988,-0.032091352444661325,-0.03333373589480182,0.005197048098088075,-0.013978238796335418,-0.023459548576422407,-0.06347972113358402
Усть-Кутский муниципальный район,0.4425934287500759,0.42252267294563595,0.4457841523406483,0.5220514849607198,0.545300414535534,0.5614564759208758,0.5789544393656012,0.584546514955484,0.5732231533684988,0.577941615672751,0.5634121663947855,0.5256872329518334,0.5341386737943967,0.5013924555469327,0.5154977165610148,0.5120310881210592,0.534640679807346,0.5386353164532256,0.5619060870741279,0.548536035417774,0.5380630419130128,0.5246752111134398,0.5308467413432219,0.501169564679131
Усть-Майский муниципальный район,0.40134007680946127,0.46827804596947686,0.5479929247026831,0.48610639504277486,0.3668594705546049,0.6184296721180846,0.6058577554662019,0.5626729914686255,0.5049011018352161,0.465134528782146,0.5887207163015677,0.7289700125149494,0.590261787802687,0.5477543559154672,0.5320705079679691,0.4615967483880432,0.40588127191624324,0.5142456304460232,0.6088616083187723,0.5567609089147254,0.4636262184725499,0.38158729998445473,0.6001468590424217,0.7024700258289318
Усть-Пристанский муниципальный район,-0.3156485317242783,-0.2809157467515444,-0.2423303635266798,-0.2461552593328893,-0.1805707538956014,-0.18851370705001003,-0.17948987338270506,-0.19327266422055622,-0.18973519357237656,-0.2180486661175589,-0.24872231916757137,-0.28102197186692557,-0.2783224731158853,-0.2881531433870581,-0.25277449050388867,-0.27013764055589995,-0.23529879621974992,-0.20164778395275462,-0.23392170215732477,-0.20727394338240934,-0.22414525860864742,-0.25554448421012843,-0.26177253036328096,-0.2197247445654238
Усть-Таркский муниципальный район,-0.01656728786727335,-0.02995783379184047,-0.04095294679972383,-0.0028161949716434265,-0.06127283127468708,0.05470003376161081,0.027691968251446042,0.006235691915790653,0.016188943293983016,0.040829632451750086,0.09340324682954027,0.04325599157347604,-0.034976752588827154,0.0636949951491328,0.004184366540309625,-0.0030834888947914862,-0.009409767693053794,0.022275697207309264,0.002313061848834508,0.012590660501849982,-0.01952448150207431,-0.0028451834012610533,-0.017584409278621038,-0.01497457509253941
Усть-Удинский муниципальный район,-0.02838442451477796,0.06386472289918999,-0.00036443149091347493,-0.014364720220827465,-0.011307852335933788,0.0524566998689906,0.07164588390188165,0.06374193405393669,0.022958140402092653,0.05434858023592781,0.06993723902445126,0.1172782532677914,0.020064190748271926,0.08635789642261749,0.040119294078440504,0.025565552587227813,0.07101103564318834,0.1020477289275199,0.0608359752541805,0.06015869503305815,0.062391160796748224,0.041500390869300574,-0.02120541504557316,0.018794867460815823
Усть-Янский муниципальный район,0.49873179835013204,0.6405729228796027,0.6749928570267176,0.6559552421791626,0.6605439317120485,0.7758281625300221,0.9377981201133636,0.8796225488778422,0.8231437842846034,0.797129527196649,0.7491884901276418,0.8770499715348077,0.6401317873618737,0.6514293912279285,0.6957592847878704,0.6327360444519794,0.6465835567877676,0.7884350611685278,0.9419897655936023,0.9044053656504598,0.7965787851308423,0.8206866538652839,0.6783424523708064,0.7944480973224515
Устьянский муниципальный округ,0.1429806972032246,0.16873351207691556,0.16828656055481162,0.2129577686496269,0.22279302259647693,0.23731117835222548,0.22708351368185653,0.21999260757085004,0.18292949450728102,0.20902874666727733,0.1874506446501183,0.18704154081750168,0.15157217611511697,0.16993179456522256,0.1930442285419005,0.20572650357127564,0.2331169611320565,0.21894029805605086,0.18950905872762647,0.16792478563240998,0.15601908104440199,0.1647285167581387,0.1564980645625731,0.15837852050699475
Устюженский муниципальный округ,0.06658365374154762,0.06585698616616043,0.07550589630180227,0.05723652837821902,0.07069832188297198,0.04956499886606913,0.033220196447731,-0.009752116665763921,-0.0017272439954343355,0.04617711657190071,0.029395029162088804,0.03270140605153493,0.012901446307742148,0.028397469141628662,0.049448275413981335,0.06474673614271786,0.07704120466978104,0.08390638843336085,0.041719140475187544,0.018788181849027197,0.025929110206167394,0.06200365265757135,0.09695281602948924,0.07769010052336256
Уфимский муниципальный район,0.2302523732319841,0.1944584033153518,0.2114522268528809,0.26695449585258935,0.25052989597068986,0.25033180136646394,0.2806025820387372,0.3215847739750224,0.3609162205126921,0.3644402096741519,0.35929684643495996,0.3340080776682388,0.3869286103909513,0.32720337183810955,0.3406802273479652,0.32290281602936055,0.29378230923392046,0.3046864240861087,0.30016078377293276,0.3280256503634398,0.3516195549792638,0.3639179090918887,0.3663516132206244,0.3266640189571586
Ухоловский муниципальный район,-0.13587382003992587,-0.08036409607418271,-0.12253103581055491,-0.125407569281613,-0.15808494056351385,-0.1920777317393192,-0.11997476016782826,-0.09898263113174899,-0.04864718341489116,-0.09676244635934772,-0.04758045055682025,-0.11190761250238168,-0.14578370319961387,-0.09397567117677852,-0.10874750648675935,-0.14810290302392382,-0.13648518229000572,-0.11443636695445569,-0.14027313266089614,-0.13652242177363938,-0.08180264548840022,-0.010690924856374906,-0.038491094097935274,-0.14210029062005347
Учалинский муниципальный район,0.18181790531012787,0.11894686059917703,0.12703144684782508,0.18884536840078425,0.1971465447580929,0.17051470001086066,0.18307807407168042,0.2193649191052458,0.20514315484963674,0.23336419918661377,0.22825106562693342,0.2099004127896258,0.31183054441682856,0.21790676494360461,0.2214565726412463,0.21474942954577436,0.20153309707700195,0.20381732415541087,0.21211110520062526,0.2230801980245687,0.2127373418677756,0.2007002133610687,0.22101040460551147,0.19505408003593772
Уярский муниципальный район,0.012692731298241,0.030573893413464504,0.008300308454446181,-0.006094969126406724,-0.017232917810865445,0.04130296853085369,0.061763266951892604,0.007240763040647025,0.026373657853561383,0.04818076022946727,0.015903716396845624,0.015810145388091,0.036498577067952453,-0.01215137495594476,0.026344805662668946,0.05505450535436118,0.018476276167573857,0.04777540132940494,0.03661287710061245,0.0547005335143691,0.035907691219490445,0.03493735457631608,0.01659822738696448,-0.03120090317625923
Ферзиковский муниципальный район,0.21822342683413787,0.15362792958400107,0.15183167205245418,0.11625858127486133,0.06910968709364873,0.11967576209520381,0.04436311794707137,0.17027554120078037,0.12941192868986562,0.17751241735571632,0.11471673026901463,0.21840249469343753,0.2118157572740227,0.2220399846758454,0.20698007828920417,0.20497090523885753,0.21162222352154458,0.20910491067545145,0.20380907282381067,0.21474602121034003,0.2334084882026506,0.25743791486240575,0.23724136535305185,0.23007835399899612
Фурмановский муниципальный район,-0.013124388129849507,4.943520281841529e-05,0.013256613094378977,-0.017783875908238045,-0.006152062760726551,-0.05021851314687886,-0.04613176035217137,-0.05429466155859686,-0.05847897900147814,-0.04756168476490252,-0.05075296462656276,-0.05298453950553572,-0.02961227143757128,-0.033035967694164725,-0.023821152840231008,-0.036462931881255045,-0.024054912201588508,-0.06603044199612285,-0.07427997817435816,-0.07975238977339849,-0.04699176503395641,-0.06272724477425129,0.002934824590516527,-0.02300226121764659
Хабаровский муниципальный район,0.45836838473118213,0.4235589424684214,0.3916148523092282,0.5125315950778795,0.5209378735906327,0.48156528444264524,0.48500156788768223,0.5048839891330577,0.561424431207433,0.5369377028288564,0.5162936633401873,0.5666832702833577,0.5691002965921186,0.5232633359071723,0.5264213971670841,0.499594983134104,0.47510527070451936,0.47386456897982576,0.4796985557857685,0.49087822831006456,0.5040244931270621,0.48633795810827074,0.5420432487270137,0.5780552978980573
Хабарский муниципальный район,-0.20246260992975884,-0.1962203488608658,-0.19092100600065187,-0.16482868962653896,-0.16621367042220214,-0.12534670807908022,-0.1307947617298595,-0.12542994332910773,-0.13753327538935878,-0.11705530738900727,-0.12822841258767603,-0.08635664725574621,-0.13710227842680567,-0.1678872436063692,-0.1627118761974593,-0.15472723108246456,-0.14539926412848025,-0.13382928721292942,-0.1429411502516409,-0.13779405099263542,-0.12005177731677108,-0.13512137491260923,-0.1493724118139852,-0.17073144809522667
Хабезский муниципальный район,-0.3597766151837902,-0.30852934248812147,-0.3982042303201201,-0.25104902312403254,-0.23533792853089963,-0.23942030501704892,-0.2440727512369989,-0.14778549024795673,-0.1738275815821293,-0.13656389184081164,-0.1788241252763818,-0.17970946618490657,-0.16433578719438202,-0.1838632395400932,-0.1954349368784669,-0.23789695090080087,-0.2102298736842556,-0.18976507770068451,-0.19004917404782695,-0.16726287773199466,-0.1832866248544498,-0.17039523189144212,-0.1730168962828209,-0.19000856049452963
Хайбуллинский муниципальный район,-0.0012198033916810402,-0.06521108263306452,-0.034614830794433615,-0.020138142822947458,-0.032905029355166704,-0.0019823528793203593,0.023582218761426077,-0.0022562459208828045,-0.00538898295751622,0.01685167209438987,0.011136126913372735,-0.013044776990202678,0.04932833425871053,-0.006401192357204266,0.010284459646280553,0.025853280973617387,0.030014553196085814,0.02821516417264114,0.03449361997375,0.025410850852374267,-0.0070873243940532404,0.00510101911720362,0.0015907657383493756,0.01993691857416202
Хангаласский муниципальный район,0.2951671076948372,0.3586405805141144,0.33587345759182874,0.39433863935016866,0.34689695999310644,0.4495142714932516,0.4314128723869093,0.42847135125802005,0.4057116138899737,0.34910386939141347,0.29553877222391733,0.4082542193562002,0.2737603770054271,0.33140037452325366,0.29580690394865705,0.3035398135937193,0.25860454798390187,0.3489389537031524,0.29953954630712687,0.3253124095197677,0.31083795511480083,0.23875288571226783,0.19151836280071066,0.26609806491900656
Ханкайский муниципальный округ,0.17396533285047688,0.1880070314645117,0.15456701039974163,0.1611067944519764,0.12365017932037681,0.15214067055101133,0.15375344457932272,0.12897337089786376,0.1330443651163371,0.1276003865707338,0.1460393839097982,0.1726165625882654,0.1445900421403863,0.19202772878559493,0.1838633852374123,0.17536674893670856,0.18104424009570153,0.15824793550595828,0.18600132820421855,0.1774527918840647,0.15254993082761104,0.1363432081475917,0.13158027215469303,0.17544867750619275
Ханты-Мансийский муниципальный район,0.4058007348943331,0.3499338637017235,0.34958115962051295,0.25706184233320606,0.28384147079248123,0.30953969134573533,0.33994792683262887,0.31566512323763973,0.27145226708971926,0.3058237495332641,0.2856005432303732,0.3421891672886783,0.394748281990573,0.32120526533397076,0.33267520372415404,0.36312367717521,0.328633928669511,0.3793863370372055,0.34214847938860693,0.34263561039507806,0.31747455613224496,0.3226586204279336,0.2741298222104174,0.3123329200537359
Харабалинский муниципальный район,-0.1667024020025547,-0.1566503408286053,-0.19357059907204643,-0.20075997669250611,-0.18606687952411782,-0.24341723578007546,-0.19869055281067638,-0.1822847623278374,-0.1643100952065666,-0.19835546877293275,-0.19670827397669122,-0.1494761617156506,-0.16277656648868266,-0.1819478970660242,-0.215368813007478,-0.20469473238952318,-0.19417980046191374,-0.2242070330898347,-0.25204478013754006,-0.20693300384716906,-0.22231493940688907,-0.20511363058323617,-0.19336322874885603,-0.16066730074349067
Харовский муниципальный округ,0.15212696300257278,0.13302454084309012,0.16036457921538094,0.11621387355159385,0.11713381145647084,0.06371402541493687,0.04578048984578231,0.013658481524442934,0.01298178762207769,-0.025087716411723804,0.025507139997124284,0.06447734072262534,0.09119093882144824,0.05169201166241777,0.0659853504229968,0.07105167880853003,0.08272871519762859,0.030081391957230252,0.037882278921291146,-0.01620599871305295,0.03015815450766368,-0.004026277883562912,0.03209561939351424,0.04967040286874358
Хасанский муниципальный округ,0.3528142120839668,0.3477016420640062,0.32730823474185655,0.28467700936617923,0.2901614728322741,0.26859068325405744,0.2965390359692268,0.2498824813046454,0.31272218052309775,0.30402901711760677,0.2924913618938092,0.31846796893274565,0.3511960657318074,0.34533980709292855,0.326194764147953,0.31610069402141505,0.3194824755360415,0.28888734720623077,0.2997170821106465,0.2892053019923022,0.338260810510965,0.34051701821189617,0.32267907647824856,0.34536118403845784
Хвалынский муниципальный район,-0.055747046963457336,-0.06147157915754242,-0.0876243606653535,-0.0803273193897418,-0.09238902219379597,-0.09228139440382144,-0.09474968451564614,-0.06645984566198848,-0.07025804982909811,-0.06350792769177183,-0.07489821042843126,-0.06356796643637885,-0.10542841353943899,-0.052298887634256275,-0.08009460423332548,-0.0669284524773488,-0.1133753064403713,-0.07926285839351443,-0.06584363924955383,-0.05009367412339216,-0.05929863456195683,-0.05660943671373353,-0.06841862203995497,-0.09280646739459542
Хвастовичский муниципальный район,-0.03237295595998724,-0.024319437222040108,-0.039957001636656386,-0.03168228256981287,-0.043728521623778605,-0.09828518471958958,-0.09449501774573577,-0.09038716917098988,-0.10251024059979486,-0.11839784175815105,-0.11058351384747311,-0.11212658900707773,-0.08976493540681396,-0.09577973079912283,-0.14015434716753283,-0.13262204160357882,-0.11514852202398806,-0.13144861156408538,-0.11013646891881024,-0.09666126632683358,-0.09142916673037682,-0.03632856047313204,-0.15531476487564433,-0.0995933119356689
Хворостянский муниципальный район,0.04198525470361858,-0.009636953028163475,-0.02345567523481762,-0.01706845863616735,-0.03582694579169221,-0.01503787736454143,-0.05446372075152439,-0.058869769315057496,-0.0004438635932118018,-0.04786210535598734,-0.039620402702073676,-0.027307618402947043,0.0019839762326085975,-0.0010031920585973353,0.01773526580214657,-0.005243362683103214,-0.03184538050418517,-0.016820283600635477,-0.03700963228508236,-0.039616737078301156,0.006866390379812515,-0.034478343385872634,0.020964959081938517,0.0007189195975580986
Хилокский муниципальный район,0.03074114155428198,0.06853795291941722,0.029130670058926,0.03948529075282714,0.07183151784314035,0.10686640919774071,0.13546978702628643,0.10541110769971063,0.0632865667227982,0.07754255930374754,0.06228236518036567,0.10399309722047967,0.051942335166275555,0.03083104482109711,0.06466306189369497,0.06482579377577302,0.08272871519762859,0.09273878118102274,0.08639232412071784,0.1028907276643043,0.0675564198494687,0.05307553510894181,0.010719173649363256,0.06442079160498082
Хиславичский муниципальный район,-0.163951024579033,-0.12204363164816812,-0.15247448780286632,-0.10512061184136812,-0.039314175464673085,-0.10325354176237411,-0.1517133473441472,-0.15726778881647796,-0.08126792090287083,-0.07419610635278495,-0.12364330349819497,-0.10880330989795617,-0.15370945593291907,-0.08550019916352625,-0.16932873651146885,-0.14864102401628898,-0.14289914262812253,-0.0972580304193702,-0.18942168518930025,-0.19257348522953244,-0.11622323305852156,-0.11803166628642003,-0.20072058943746462,-0.1594213949898151
Хлевенский муниципальный район,0.050789642903724896,0.012136846521396905,0.014244933031070772,-0.04514593112638643,-0.05915325543010397,-0.05006615541062054,-0.059319408738184976,-0.051046410090314964,-0.024204590082355537,-0.03517315845279434,-0.030381128084625786,-0.04607263837656461,-0.0026003838744923513,0.006677441968040654,-0.03571128906997423,-0.004692363453276727,-0.049839665752557494,-0.05781032394755492,-0.013425178525560355,-0.0342347475460425,-0.07111133368505662,-0.03594982837947569,-0.021622464013166365,-0.04221423035424188
Холм-Жирковский муниципальный район,-0.04299525237597379,-0.0677471435897079,-0.04024145619695929,-0.02367996825379315,-0.02628680514812487,-0.04071533289811313,-0.03038946871369852,-0.031300728780882636,-0.0028144692075482425,0.017743125926855896,0.028085685227145163,0.0020730259902741466,0.05078140048357227,0.07496379808606868,0.05307689815383476,0.014445370201386254,0.03826127612021679,0.009156268823995006,-0.009789839061260963,0.04694826498331928,0.054878282558922464,0.019095673806246438,0.01960490447011587,0.078323633440748
Холмогорский муниципальный округ,0.12872977356488136,0.15035807933424117,0.12891495072081582,0.048902551528124505,0.046181438783012396,0.051356085248119854,0.027737036642736967,0.00669266765833143,-0.0573295535875733,0.0131365557801697,-0.04529273265185907,-0.06098441637028529,-0.01487740978636154,-0.03298886120994737,-0.004869227424363132,-0.03480216492464727,-0.01886650216150798,-0.005164369212325326,-0.04507989531266254,-0.038999008241608735,-0.03715584104389613,-0.07424535537819743,-0.0588479221095799,-0.06289603514006892
Холмский муниципальный район,0.03928798341770978,0.04324736810654528,0.05842529789227946,0.06267556560028886,0.14011742570927233,0.11150015717665873,0.03822758384985114,0.020891459126973544,0.07976579025574715,0.10154860037560276,0.05399629659591909,0.08230507039976054,0.015010516086219283,0.0978716258761434,0.11830415843409448,0.04025669622598471,0.03404584140971778,0.03845625326356483,-0.03287500305909852,-0.029207660224743748,-0.02366071902808997,0.02068720718639483,-0.014266280975020251,0.003998843273228303
Хорольский муниципальный округ,0.2055302890049031,0.18657228158220285,0.1754204074010417,0.15226211870094808,0.11079258103447742,0.10208025377924201,0.11279734753997595,0.08293260740784802,0.14164028343392587,0.13663545869954596,0.1677651227550978,0.20723060857848985,0.15659193828717832,0.14812292615674494,0.13972403558794433,0.12160423460460734,0.10399844960573645,0.09214243379100573,0.10830674221633885,0.09611614398254886,0.0921655847749765,0.07797371770859307,0.08914201979173342,0.11348156011811739
Хотынецкий муниципальный район,-0.07150607851168544,-0.09037871700419942,-0.11877984310732081,-0.10305869798984091,-0.12373309119925757,-0.09509284362061798,-0.16922997864987543,-0.18195367304107002,-0.1660549918279628,-0.18276083600114745,-0.1960296944437534,-0.14322132556853084,-0.11675240287119593,-0.09242477910315472,0.01655176126667257,-0.1371105744416603,-0.13505483971754906,-0.11985992209748453,-0.05709735159166485,-0.19252548330944563,-0.11356641918744081,-0.15104378678518415,-0.1621083992718244,-0.2159775080225419
Целинный муниципальный округ,-0.26298989077692525,-0.27692998565152216,-0.24768388227720628,-0.1996556821017581,-0.288721033584201,-0.29825150682291657,-0.2902492297313035,-0.3441643336285676,-0.31289747834849635,-0.31340634170664217,-0.3385002197528113,-0.2764687482919541,-0.2992571056559097,-0.34442501966983663,-0.30196832837678755,-0.309239010626408,-0.3052062451171622,-0.2612039060971174,-0.31408633567067135,-0.30891746465829506,-0.2972879617274451,-0.27747913845221284,-0.31263325352681726,-0.30045739440365615
Цивильский муниципальный округ,-0.10885891014298643,-0.13854407640478783,-0.1455492889793426,-0.17584431204550022,-0.16696116204772693,-0.19718292723013953,-0.20469964118731454,-0.19411002156984303,-0.1948148351757144,-0.163125657455085,-0.17871300181810668,-0.18450090714423162,-0.15912790975076518,-0.15465975002535437,-0.1506211221923106,-0.1866919381907124,-0.1386345395046309,-0.13186831917394848,-0.13674207173844266,-0.12398392086641685,-0.11178307132355236,-0.11320205966903885,-0.09338119282123536,-0.17117839363625897
Чагодощенский муниципальный округ,0.24902091014638472,0.23019790676205432,0.23581569771778987,0.22878222159004302,0.23468109847754093,0.2331498346106855,0.22501373174838513,0.20747549798146103,0.18329900573025526,0.21605336160424038,0.1829331752405423,0.18720390220182814,0.20665227016309728,0.1785086362070505,0.17835582875342837,0.2215987713913492,0.25241457399937417,0.21320924584263068,0.1864321841227241,0.1888268533481252,0.20396152203681162,0.2205588354536534,0.23298192038462595,0.19353132298798315
Чаинский муниципальный район,0.03156317201569614,0.06913787448613107,0.055068723607366366,0.11092427900548252,0.07792868462152036,0.0759211092733878,0.045116346897811965,0.07417367560777777,0.04105666941279473,0.04963543818395877,-0.001581101519857242,0.007916894888699844,-0.02615640874585523,0.03422813189010121,0.0306622009541222,0.03150880196973915,0.027020902349963904,0.06757191500704174,0.07248963868362956,0.07316008198706925,0.04352267649236552,0.064442120679848,0.013179695633727562,0.03671494197734049
Чамзинский муниципальный район,-0.010924993417644302,-0.04608224599358124,-0.015097916597090588,-0.01004374153329124,-0.007132070679224611,-0.0034838183007650514,-0.006368115972698263,-0.021713199322370258,-0.0020236427527304812,-0.01539380022852832,-0.024554385073466634,-0.06988822689091911,-0.02318138110728185,-0.032894654898054654,0.005630319158438368,0.02190005559790187,0.011052580691059077,0.007453450654582028,-0.012494889462169922,-0.016125519054243753,-0.008562955059803201,-0.021082770951041496,0.015513606797377122,-0.025352933293834923
Чановский муниципальный район,-0.042663320529598536,-0.012386061299924478,-0.013757898375642341,0.03459767183806228,0.004177399575608476,0.050483905431992326,0.07539128725135846,0.08407495696407352,0.06647503549461042,0.050089591423065016,0.024419444444612637,0.014383143969624257,0.02086243465415727,0.01927433339158746,0.005382590007707577,0.035912658377563744,0.042498909390580764,0.08997768842282738,0.10162039909458898,0.12685728553682907,0.08483434702012005,0.08358939642514862,0.07025753254280787,0.06046344847415597
Чаплыгинский муниципальный район,0.08051961730820167,0.06377196282305952,0.07038256552282718,0.04866341433397636,0.05566456755818372,0.06012726985009742,0.0426329753332908,0.015018655836430028,0.041671690129993166,0.052357268933450385,0.02727212586023775,0.05733024280747223,0.06390816668559296,0.036955086430072726,0.03684348418198802,0.04824576389523649,0.026412987277238287,-0.001268127228094329,0.005296179626958164,0.048646859333402404,0.05837777748328854,0.030774118524943717,0.04770684053581675,0.07889347010299375
Частоозерский муниципальный округ,-0.1980593132988524,-0.17863053244107796,-0.1725678581192831,-0.17806207301683585,-0.2363238788202846,-0.14358026477671793,-0.19789959231746224,-0.1428390663126322,-0.20826538326433663,-0.2216171247633003,-0.18629766814870052,-0.1963426521891094,-0.19560833650016818,-0.13945434646261923,-0.13031609856866844,-0.1286810551023514,-0.1815226751856578,-0.23371598397648086,-0.21805590051711654,-0.23078472343512324,-0.19645943918467346,-0.2594826341710821,-0.2803475900288479,-0.19021564699530202
Чебаркульский муниципальный район,0.012378677383070524,-0.02710926377978673,-0.04924344597155006,-0.057675502142080504,-0.07429520511326082,-0.06867205848196001,-0.06915174665112644,-0.10025292423211418,-0.0901315603568218,-0.06835203374012977,-0.06855817471428338,-0.0663255515380552,-0.03402798591424272,-0.019792600456151277,-0.02902172724524732,-0.03506420798855636,-0.030857514000569353,0.029168566699871334,-0.0035597901719803815,-0.014396771161544919,0.07429558451023688,0.12734295173646437,0.14218875155143884,0.11323694920113603
Чебоксарский муниципальный округ,-0.06639533484912619,-0.09967504098726998,-0.10852334294013133,-0.07614582588219854,-0.05492753412008611,-0.06526331641464367,-0.07848012597114895,-0.013661098328983101,0.0047714003800987115,0.034300873629138806,0.03133332001662659,0.009585858384252077,0.03752907498773794,0.03347911768990386,0.03572245271574559,0.023425546008970954,0.0465200156348935,0.04629328397084542,0.048550576259488665,0.048458269045243085,0.07800675619120234,0.07387311568328947,0.0743965955823267,0.0136394352689031
Чебулинский муниципальный округ,-0.004941430314675088,-0.05033624701347783,-0.01852543268996598,0.05813719445792387,0.058606827863906474,0.09428652809038418,0.08339458262933341,0.08757847461458823,0.005409139860615753,0.025218748275671388,-0.014085069429611963,0.022225718381452708,-0.005873207046434459,-0.06035119855552651,0.03836287671739136,0.04021618497398016,0.05813381395842576,0.09508344814027758,0.11874967771495193,0.11485756258673518,0.12031573509828242,0.14582462489305748,0.09669343668574726,0.12249035586649804
Чеди-Хольский муниципальный район,-0.2548871203583509,-0.1837265377807924,-0.18050138883602784,-0.19007513590030456,-0.3121216018056199,-0.01931296311199482,-0.14612073220808597,-0.11572692259246864,-0.15834234957740279,-0.061475303383023316,0.05961552205828369,0.020462657865740752,-0.11383803182644492,-0.07566931845640745,0.07653964010991743,0.053696460729602435,0.026372446462767485,0.014327997522936897,0.10050164909068116,0.09456840678885392,0.041830873080733966,0.029198570696264525,-0.010340250516286176,0.026995338499018473
Чекмагушевский муниципальный район,-0.04937866613085795,-0.07977496288626718,-0.08851966040185388,-0.10847331949689121,-0.0880208072785571,-0.16585164453057288,-0.14456681361007284,-0.17185313155134097,-0.2110016958165719,-0.18224518010408275,-0.17372518389595015,-0.1501129016289191,-0.12053659407356676,-0.12081849347660345,-0.12254275718687424,-0.16805910987339168,-0.15599776147814737,-0.15771370192369005,-0.22508186558818366,-0.21918205459727957,-0.1991359738849443,-0.21749753455526566,-0.2289057222829296,-0.25945411948837993
Челно-Вершинский муниципальный район,-0.08653446735496395,-0.16956951492864114,-0.1317891639519324,-0.14721950068198808,-0.0776037710072135,-0.1319386897612329,-0.17318907323068267,-0.13760026613158338,-0.1614666289065525,-0.11378706798816474,-0.15580935063592172,-0.1254424824093885,-0.11235553640154627,-0.1730216961778499,-0.0879062620452995,-0.0453378198849812,-0.11669097482927526,-0.10544682456654897,-0.10942351995357846,-0.1391128024627175,-0.1758144816658067,-0.1807966222004005,-0.07008106008141723,-0.11691868328914445
Чемальский муниципальный район,0.1142255412628117,0.1394523794583229,0.15818956767708592,0.1609357958195492,0.20506840302922313,0.20175032480653954,0.3005952788549582,0.35937573652634747,0.2678752540319813,0.23804062949207427,0.20501639338622368,0.19370909529593483,0.12895709064951966,0.10092518936130901,0.13389459315152408,0.1761450416848085,0.22902035492055894,0.2349698326471774,0.3009885005045927,0.3343091676185246,0.2918182830317537,0.24216754652723793,0.20813165081912288,0.2150009006906881
Чердаклинский муниципальный район,-0.12951882815754878,-0.14007838555647112,-0.12924628393928117,-0.17482698752102976,-0.17946349541247564,-0.19659479570698224,-0.18176569241054885,-0.146080732496646,-0.14937110072573923,-0.17556573872051295,-0.12843972855866603,-0.16233469109275944,-0.1726525952125808,-0.14893059531691577,-0.16854222514024464,-0.13730408225514168,-0.1416034637751693,-0.15804881454860364,-0.17276898914091632,-0.13014331990552996,-0.15101919440005496,-0.11461208014326374,-0.12285260588172875,-0.09025448822681348
Черемховский муниципальный район,-0.015974695257339633,0.06539402319492815,0.04082928179557932,-0.0010048737216976633,-0.0011689072049829718,0.08527904931576558,0.003238194993189225,0.002618223401469777,0.019966004585457497,0.01989809724708458,0.06576911906154059,0.0688362421499562,0.00897276189529883,0.06804746628307612,0.03371747971271155,0.039608319172026896,0.051316187898386545,0.06898469517291694,0.009853079315943702,0.0816617272423894,0.0763723455106522,0.047595011935364084,0.05356649757440124,0.08893874217179842
Черемшанский муниципальный район,-0.10367174849752026,-0.16828176012647234,-0.19506408608803838,-0.22329421801464377,-0.2279129872311625,-0.2317176137968744,-0.2522680581064254,-0.26611519622909086,-0.2699418393372959,-0.25913290510558795,-0.2715649576850989,-0.30947885590276236,-0.20907403463872676,-0.20657763918185346,-0.2888036377759047,-0.230381524966921,-0.29302432221900077,-0.2627445338090748,-0.2521989068814037,-0.27155269052189723,-0.3117691210096467,-0.27576644267924166,-0.24249520467250996,-0.3350417534010557
Черепановский муниципальный район,-0.0007953551679911186,0.010866198319940068,0.0075773406402070975,0.014804746638990451,-0.010815677899381981,0.031709452024481166,0.03111139028204768,0.022781478589784854,0.05971637630719684,0.03217675018549038,0.05355596193446566,0.06363266853373162,0.059311778242893354,0.05342174182342063,0.07241624075328623,0.06782536187711052,0.06568515371289863,0.06841218699903706,0.0727866720649395,0.0877370137677147,0.07545431004194114,0.0689225169813934,0.06495430193780294,0.024759432943875836
Череповецкий муниципальный район,0.18115481928357902,0.17688527906119766,0.17480873982328937,0.2634877538111713,0.24977183202959985,0.24811062398267048,0.21952288171340584,0.24830496771204835,0.2502565026481349,0.32697530688068,0.3109785903641029,0.2428386905299451,0.28607675161626034,0.2614768767137843,0.2732238381254337,0.2664016129460727,0.26526739536321386,0.25131897064870756,0.24261261898586284,0.23714079171507585,0.2622781355324211,0.25423248174164215,0.27954603142434387,0.2258248848312583
Черлакский муниципальный район,-0.05328426725678703,-0.0491412243996443,-0.07149776286980192,-0.0726295527506835,-0.05806935638465838,-0.045455634260619604,-0.07293246949103249,-0.05692035595829559,-0.012702994217571373,-0.06574859675572498,-0.0837008627768494,-0.05546469950702182,-0.057913537931925774,-0.06729820115981333,-0.06540520068792866,-0.05938124684196566,-0.048746458830818185,-0.06397996465094558,-0.07286181252701773,-0.0713827107156817,-0.09053304592993072,-0.07459514332282424,-0.12534821675271246,-0.13306183556471396
Черноярский муниципальный район,-0.0897761489202118,-0.07907916175026486,-0.07699201264871469,-0.12648978964753965,-0.1176370182800568,-0.12907682759881745,-0.15462958854250886,-0.11222176436456088,-0.09679049192700795,-0.11501810087304065,-0.08896909845575252,-0.08597254892185191,-0.15056712980650744,-0.12256863547889374,-0.1283788917921349,-0.0994687874255078,-0.17639509705630374,-0.21200431913228002,-0.2931001146641403,-0.2380927948034106,-0.2680950629196257,-0.22301164995594114,-0.15961523021896262,-0.16659653057742752
Чернский муниципальный район,0.08193677492315032,0.14001124283077893,0.11731734962158669,0.1401570616746728,0.12747115638519624,0.16434549775933327,0.1534752859873958,0.1322830284233394,0.16168035502515465,0.15479151757407905,0.1634338957612691,0.20375556004932704,0.1641826837070468,0.173501650380242,0.14138336790720807,0.19315076347174553,0.12173422338208795,0.14213557680853128,0.18404356871507055,0.1224530699518862,0.18560327884412153,0.19316709550665045,0.17177505692146688,0.20266124103107686
Чернышевский муниципальный район,0.18991618468126248,0.20078753836699903,0.17327793202339592,0.1885542899530872,0.22753420977722172,0.23750165091522923,0.2525286950336554,0.235703475832457,0.19740211712122857,0.19183948055748168,0.168000832832794,0.20078103322037677,0.19268119402974904,0.1936813671660289,0.2223211930934994,0.20500526300629396,0.24119476167192744,0.21719810870294332,0.21501349041713702,0.22759987259044756,0.19266037054106988,0.1762624331450855,0.15813738060259652,0.20935022918187407
Чернышковский муниципальный район,-0.1133011243363029,-0.11204021378537732,-0.13194506074856882,-0.07847878953155174,-0.04754969555110122,-0.03805248308187181,-0.11362156481513175,-0.010774421587511185,-0.037272018939621177,-0.03176717742240953,-0.052857249824000974,-0.02517726407914722,-0.10593779465241404,-0.07179324952588928,-0.0899482366629396,-0.03275186647700323,-0.046258406738697744,-0.06323933682612193,-0.07041698083893877,-0.008709020508090859,-0.058522148351247694,-0.09625632089864666,-0.12027112655204597,-0.11074025735697646
Чесменский муниципальный район,-0.0786479457486422,-0.09547827777617357,-0.06394356850374727,-0.08392542609011855,-0.0776037710072135,-0.08499788724868118,-0.07552754031558351,-0.12111163064313502,-0.10502637801739922,-0.06830092075486505,-0.0825899759730504,-0.08384135166150486,-0.06305271237069654,-0.054077349493582005,-0.04813649816947141,-0.00774787423314649,-0.05400478565698208,-0.03198478331418997,-0.11321689725703088,-0.10063793597623416,-0.07055665122653387,-0.025944512051623292,-0.01795838863101018,-0.021356573771877052
Чистоозерный муниципальный район,-0.12921721452232582,-0.07833037848802427,-0.11157398594054335,-0.07929389621980043,-0.07518691489460672,-0.02896196545868257,-0.03038946871369852,-0.037441412125433615,-0.060991411623790626,-0.052077497757586855,-0.0204198894606904,0.0,-0.08365618091849214,-0.04688686743196868,-0.032532455687352524,-0.043618204831275875,-0.039870274722076715,0.0013073499431222046,-0.043452283994104945,-0.01834107314387623,-0.08358009111281994,-0.046736506854314186,-0.020163552935535733,-0.056932814792954645
Чистопольский муниципальный район,0.054259685863661034,0.0034545758088899703,0.017114504116440443,0.0466524009677034,0.05778019176631943,0.03712294293777596,0.06784310502247948,0.07877530281590239,0.11703218817741501,0.12915386646749205,0.10952450277414805,0.08187224803051407,0.13382414944116405,0.10819138032429798,0.09475521883554805,0.09088742561183416,0.08994510359038266,0.10101356447708731,0.09165203381369835,0.09952709463537168,0.12454487671495862,0.11869358957945764,0.12234008920132844,0.0900660673992224
Читинский муниципальный район,0.1182834904919492,0.16789795053097478,0.1049277384743732,0.08414062378230192,0.10353349720829463,0.14016298003923033,0.12889295266696976,0.11271086173512934,0.08376415988806585,0.06308147390794616,0.11508953229474805,0.16749673109376495,0.16058968401908835,0.12871717026176022,0.11372004689452275,0.10264078156247436,0.11095174864869328,0.10969679354492001,0.08855069045404029,0.12967835836990105,0.16955851504010155,0.13517384531701104,0.11472583921608326,0.1298259056425799
Чишминский муниципальный район,0.07753212824832012,0.057910663073068136,0.06830033806276248,0.07714515850310022,0.09276694569227217,0.06701697165685694,0.08484287049536832,0.08652448939928803,0.0916682682456802,0.13342397803393702,0.12124136524241891,0.1413608812927567,0.1514846525931155,0.13235710148202884,0.1133494431768316,0.11026181600262852,0.11165931780585403,0.09879388985776849,0.0845962347131497,0.10510311794724458,0.11840485780659016,0.11790028216730697,0.13984890576451292,0.11893914032134134
Чойский муниципальный район,-0.09833590072086018,-0.06063080138862276,-0.10588695934051096,-0.07837015882154397,-0.07162483674369469,-0.03569700550997901,-0.058827863309490525,-0.09366495128419139,-0.023649076596868213,-0.04941571781672849,-0.07419733430462117,-0.022170345906962652,-0.22107064271460786,-0.05783693362015718,-0.08090453948278409,-0.08591161043545625,-0.07437697013785893,-0.05785363930502285,-0.02424753078677,-0.048554604332680995,-0.018032598820802548,-0.0621224147562458,-0.09890892412910013,-0.04335802716908077
Чугуевский муниципальный округ,0.16564648707704066,0.19050268582312846,0.21277848699423352,0.20115906475206025,0.2157565211819623,0.22793329867399947,0.24758524584835406,0.2175534918340869,0.22289698475231745,0.19164244010443987,0.18119023853268246,0.2299799574681849,0.17420061042765234,0.22750030183532743,0.21176171517366527,0.23798791074818126,0.1946358115645257,0.181803591567828,0.1910274613959846,0.1971513933817537,0.22684009539022298,0.20123138660242823,0.2060409536565686,0.26756672503088197
Чудовский муниципальный район,0.22115928683034447,0.1702357657395055,0.20982884987298966,0.22120323794313457,0.21853794620197142,0.2238485145742608,0.2275264815739284,0.192222401205564,0.1918009984921234,0.19726252996246707,0.1700021284563178,0.14729199627179668,0.18466968212847235,0.21474964044164935,0.23300056919292267,0.23335649888771748,0.23837822741987402,0.2065144937641339,0.21999238061502702,0.19105351525897518,0.18928060675323088,0.21251826263651985,0.22860682225808482,0.2109877765578947
Чулымский муниципальный район,-0.030404020736288118,-0.022244800171781876,-0.018432642488544815,-0.041475047566347456,-0.05251350074354377,-0.020742062776186287,-0.03354691285243305,-0.058625884720036936,-0.04116925991155718,0.011816485813358923,0.037618131509697506,0.006750849980461382,-0.013121664434740055,-0.026649770182288535,-0.04448384376267178,-0.04980497607855483,-0.08031330705280837,-0.02743644950976787,-0.026376933720795748,-0.03497254321012022,-0.039796195221532216,-0.012004553945113017,-0.034131022001460565,-0.05147355576703916
Чунский муниципальный район,-0.043936324714239916,0.021663968599362704,0.016666676074921227,0.07449171095782958,0.037639365230804245,0.12710470924931094,0.09264447885932015,0.06903579823246808,0.09561942281128744,0.03591403739241983,0.02305815918130527,0.10349895630967687,-0.030189411462512084,0.02226520676813415,0.03964057703096202,0.09000129352017616,0.0744171389516719,0.05986201317691453,0.0975725421815099,0.10110296975108213,0.062391160796748224,0.06740598651179042,0.06043010129090298,0.08677447678487304
Чурапчинский муниципальный район,0.22098932719534758,0.25306514149866643,0.23498786820338502,0.2193902199811113,0.17989292209239416,0.38561031309857086,0.3308033398822232,0.35419279318736585,0.22612711440240751,0.24097108956719104,0.14816520947021417,0.3930680380598339,0.13529300333176586,0.2198840632809791,0.2201249258634661,0.20658444559270706,0.17756500758315852,0.2872016005578111,0.21385354699541992,0.263922466034197,0.1600635015879064,0.15030485639835334,0.14254279651884794,0.3042815493491613
Чухломский муниципальный район,-0.13502415075290486,-0.08643628217299693,-0.126348031211851,-0.04682854799198033,-0.12842650971519376,-0.06315160076291804,-0.07787889342635701,-0.1030022768116794,-0.09169756224285663,-0.04571108279128211,-0.05570262066050624,-0.0493991984576958,-0.10412783940717496,-0.045121136461855116,-0.10150694634183566,-0.060859245095567616,-0.05792264773270439,-0.02420624219133849,-0.03155552406179041,-0.031656741003143196,-0.08283130785057935,-0.05249455735420305,-0.05733372077762944,-0.017689792411459848
Чучковский муниципальный район,-0.07818933533014771,-0.06120876015947374,-0.0796518506861652,-0.1112197270747064,-0.162141045984459,-0.06397515444339597,-0.08658181829141043,-0.10821621286818939,-0.13770302105417898,-0.06819870262127914,-0.021938636786314802,-0.056458488408686947,-0.17168477515155445,-0.04373936137601042,-0.027740387643120812,-0.05705670399819418,-0.060528368540172295,-0.023578193517860058,-0.058408660762035325,-0.08517012672117907,-0.13059514632753988,-0.09326664865105627,-0.041465137161852184,-0.10959320515504523
Шабалинский муниципальный район,-0.165450837383613,-0.1290497976833027,-0.14039978466750114,-0.08830419608596785,-0.10864341665765131,-0.1101862579613293,-0.1107705663311247,-0.12391901486285484,-0.12874597162008605,-0.1187203183813903,-0.1688171309188693,-0.16824722159695327,-0.1576363961848788,-0.15913856316416108,-0.1190760620631579,-0.1306496069323959,-0.1290222837196584,-0.14994195088385176,-0.1319925537450235,-0.1489903292679493,-0.17319956490417,-0.20232714323515566,-0.17369657394759308,-0.16756791528164783
Шаблыкинский муниципальный район,-0.01931936040263693,-0.03819296383362847,0.011322071944432466,-0.11990072860323231,-0.103123922125679,-0.027918357462363375,-0.08471412132487366,-0.14395386403923283,-0.12098078637652776,-0.17215761272922592,-0.08148032186947596,-0.15902419103498744,-0.17896636072281602,-0.1745400523070888,-0.20395123511851665,-0.15389063744591347,-0.18217171787051534,-0.19700717284533198,-0.15456999634748492,-0.16918365787794798,-0.17391670457223718,-0.23860461433808844,-0.17851609499664534,-0.20658617879358587
Шарангский муниципальный округ,-0.07458510933971141,-0.039632108818858924,-0.05610873614454448,0.02327937362996302,-0.004488250289798046,0.04518862426627024,0.04830021798750117,0.015788600846045497,0.020690729825535215,0.004334681805641338,-0.0659241747320447,0.043368475404044204,-0.05135225807397781,0.0038665410829388236,-0.025608463414325655,-0.008002922055995398,-0.03154462216124365,0.022195732391784517,0.056090918523995725,0.038906953256228505,0.04985181154401275,0.00502025345871715,0.013421387477803748,0.04447558599163948
Шаранский муниципальный район,-0.12494408954649572,-0.16886689765048146,-0.16927171594069002,-0.16910143958430623,-0.22919766608524128,-0.2546320749675548,-0.27311595422490953,-0.240225891515351,-0.29485730179076164,-0.17102414703689206,-0.31492272975455293,-0.30506007691843706,-0.16679950865812643,-0.24420374856526195,-0.2885819942885455,-0.27523403979855665,-0.23440384735635433,-0.3376830589010087,-0.2280866755413289,-0.30563338945710505,-0.31831916950660677,-0.318707436486779,-0.38499995411265076,-0.385561760662835
Шарлыкский муниципальный район,-0.16607642389134725,-0.09689339802539187,-0.14633982368545695,-0.12905762466289872,-0.16168319672332743,-0.1897976290238752,-0.21280655930280545,-0.2101545011952144,-0.13747669990350175,-0.25956600642713035,-0.1934891143898625,-0.2293786894661327,-0.16902808961362048,-0.20333288109024394,-0.20736794973028516,-0.1566984519060579,-0.21703297161257318,-0.21074172458562046,-0.25112051819754555,-0.21657269388674472,-0.2832421402071521,-0.2196186403452156,-0.2229700757304638,-0.2818543378740017
Шарьинский муниципальный район,-0.09407598122774985,-0.12419630444859386,-0.16813948775665466,-0.05189345277334567,-0.08844613558525083,-0.09127543799867333,-0.07343099883980919,-0.043956405229362616,-0.1297559593616473,-0.15128260522987347,-0.08440843381617569,-0.0645698450424117,-0.09753793693675128,-0.0736067532700595,-0.08284204431309838,-0.08077751710442627,-0.04242931842955677,-0.025547399140062765,-0.09628086557211724,-0.09779584490900639,0.0003013928678807787,-0.00827343581766371,-0.031052344665173592,-0.005770039363467205
Шатковский муниципальный округ,-0.06080352158334712,-0.028939555612106815,-0.022803116248297783,-0.03865240181583829,-0.06864872176799963,-0.06583063379235021,-0.08013538178509094,-0.07907347220179517,-0.025468269579251412,-0.09198841635990185,-0.07866129156060708,-0.05335617159404826,-0.1114443227158528,-0.09157530997025098,-0.06301465547936758,-0.07104043043635144,-0.07307748302827832,-0.053790174586136885,-0.08713479389572498,-0.12246116887027547,-0.09934033805117615,-0.08961976891427703,-0.054312179220387335,-0.05237535039935004
Шатровский муниципальный округ,-0.1981239273912081,-0.174266288665768,-0.23228292942424034,-0.18341691869946608,-0.22352086158335105,-0.18107613644848009,-0.20811708485050318,-0.22329304275610262,-0.22405615142440993,-0.18069980590190227,-0.19185526518559293,-0.19173139161143382,-0.19251695280909864,-0.2286736035690975,-0.21192469928865876,-0.21175822908908515,-0.162685443526966,-0.22569166233326854,-0.21825453983842458,-0.17167209731497124,-0.22064903365578736,-0.17599370211252818,-0.24938602333594595,-0.18550469981427575
Шацкий муниципальный район,-0.018779141060450755,-0.018662285050206506,-0.028457204814035464,-0.0872625007698602,-0.08145124722678254,-0.04580953603129423,-0.043950628692330795,-0.04964371572020099,-0.04745729217540173,-0.05747296756944209,-0.07089980446173527,-0.08388393112543469,-0.08809520718451758,-0.05996397686627297,-0.07278990438400967,-0.07844837669130911,-0.08392831324900207,-0.06306515114374456,-0.07221785603622166,-0.08810622554891978,-0.052241120920101025,-0.016162050620362578,-0.0172105697345053,-0.061875403718087085
Шебалинский муниципальный район,-0.1062030228439319,-0.11697384168674319,-0.09225872799808066,-0.07647102913709602,-0.0816624962373389,-0.042024233608541905,-0.02310805641191571,0.020981541101631862,-0.03578890822717895,-0.007859716488997748,-0.026604201069474698,0.037804132902227394,-0.09866134322239972,-0.10424197844601224,-0.06726847259916724,-0.07471482047162858,-0.005300402634787815,0.013158618974793868,0.029427772600358892,0.050417871722368446,0.053899489658594035,-0.06454393284688642,-0.0758333757651215,-0.02401903812273254
Шегарский муниципальный район,0.03238452729801189,0.03983277691065368,0.036095960077609845,0.015398335892667703,0.032186686495901284,0.04689538483465938,0.03434009263841986,0.045319271615150925,0.008885020284752798,-0.0037304553281316544,-0.04204053941090358,0.015424670092283321,-0.04451425931581632,-0.03313018732018236,-0.06239581622521051,-0.06310280701664972,-0.038831178642089625,-0.04755426576433486,-0.027607501167603132,-0.03612130841399441,-0.0365750041757007,-0.06775281639477093,-0.09414337089395453,-0.06794156520330752
Шекснинский муниципальный район,0.25124964523048554,0.21448445685387263,0.22652641833453835,0.2302592382853792,0.20483046830152674,0.18651504135730157,0.1527198938433365,0.16627188203281484,0.13855425809676447,0.13409214810807413,0.1601929143068972,0.133100602901985,0.1594180885627754,0.1452497568083828,0.15487991229796805,0.15870118345515927,0.17815733177601345,0.158771267397535,0.162149540831809,0.16046582553878252,0.17148302406743277,0.17107665508785175,0.2156616576660486,0.18576880454898514
Шелаболихинский муниципальный район,-0.21001915686348838,-0.15111495219203164,-0.16297985038297114,-0.16329022778463376,-0.1638025090267181,-0.08200489491228424,-0.1268418749320528,-0.19277058616476594,-0.15724538344448113,-0.19771535702248322,-0.22545792296056,-0.16880331781592695,-0.2456997370275733,-0.1990970036163393,-0.18964686424799204,-0.1529564485243231,-0.1591163684302206,-0.13785664116255347,-0.16125616970730583,-0.18816692574732485,-0.1840628014477108,-0.22397594571417123,-0.25405905171320775,-0.20536587104047577
Шелеховский муниципальный район,0.3109425899608951,0.2705296774664703,0.29913923389320907,0.34599693413945154,0.38135805872547124,0.4121246851667042,0.3783501094245665,0.3956975097688318,0.40429748884957917,0.43580655676599633,0.38292466271049364,0.3918251284338812,0.422029470275298,0.36388194504985627,0.3745040139715172,0.36200842451361126,0.3774369353871627,0.3679071574456323,0.3800715392129863,0.37341323135712834,0.37725239801380717,0.3867285573702688,0.3793972323330532,0.36159433073854963
Шелопугинский муниципальный район,-0.11389491332115043,-0.05884649233479777,-0.07198709542996795,-0.05342853498994238,0.0032074673948159216,0.06226271217547641,-0.03134521761565878,-0.08106659658476545,-0.07929105492634392,-0.08458406508474248,-0.06825963754418929,-0.017059330149107765,-0.10525867747860573,-0.07694827972081342,-0.042575860008795985,-0.017786189235623695,0.010723186361897064,-0.03295608768329572,0.05616641301293335,-0.010387946390157055,-0.002630275539239335,-0.02940782735747227,-0.1182015417997313,-0.013307329134955026
Шемуршинский муниципальный округ,-0.3543228825327436,-0.3121703686938275,-0.35590746921796956,-0.3307636582744653,-0.2822451658550449,-0.31770532747678004,-0.305351863267763,-0.412295483565023,-0.3293481246373009,-0.41527533993471977,-0.3839747213075544,-0.36307191317453835,-0.26888307248323073,-0.3947438793553726,-0.3846958655740451,-0.335907257708568,-0.4192332820940692,-0.42799742958724885,-0.3877361118892768,-0.4748936145399263,-0.39654796079327426,-0.4341417198393618,-0.48870207803001264,-0.4351655299663353
Шенкурский муниципальный округ,0.11592622194482871,0.1010105501677927,0.09772532026232561,0.06460756912280985,0.15773237538087415,0.17559301842637254,0.13922592545159596,0.1460493028885761,0.09422931922652467,0.1038317555664694,0.08771586678624566,0.056960447669762715,0.08292932213261395,0.08174862783895875,0.09626459612674765,0.05939584444409718,0.08165517778910569,0.10160464654387269,0.09106898591437407,0.07877487866060662,0.06996848132043176,0.05430644652335026,0.0407550453061063,0.021815105335031504
Шенталинский муниципальный район,-0.08387949638528447,-0.13667200097504306,-0.10852334294013133,-0.09000613725826945,-0.07047511098338965,-0.09132835785156779,-0.08567277323108335,-0.10540139998584586,-0.07678552278957262,-0.09713062519322513,-0.06975321543809265,-0.09217883074712319,-0.07182302597479406,-0.07468661397480858,-0.10261039472966083,-0.0777187824956993,-0.12072191537051857,-0.09838509588592714,-0.0875705047648907,-0.1555374502616793,-0.06502668321707361,-0.12458425920961247,-0.08926651283549525,-0.09213030944839495
Шербакульский муниципальный район,-0.11472681068923052,-0.11248269166870273,-0.12758911111052562,-0.13117390651774308,-0.1517198361002503,-0.1626070138201019,-0.14066588152512338,-0.07957138099519234,-0.08528711122262678,-0.08671631749828812,-0.13458739750456417,-0.10227643962991806,-0.1700536997906994,-0.18935594806559308,-0.11227141239146476,-0.12251247606818794,-0.17455955145846502,-0.12420152976709886,-0.13761221445094307,-0.14093462843573157,-0.13748866912074575,-0.062295186007538916,-0.11714540578146071,-0.06647647080894181
Шигонский муниципальный район,-0.05367566763640852,-0.06901759000483132,-0.047283738822372356,-0.08354319439845881,-0.0996224236792127,-0.11950528297977492,-0.06944970563431063,-0.10412455413194088,-0.02148048003879488,-0.02235026541840668,-0.04500105990661041,-0.06173379192575368,-0.022347874078404217,-0.027680070465439854,-0.027100333003275523,-0.05888906579889763,-0.057702135702879076,-0.10177393404766022,-0.04328549918781377,-0.04287642101102307,-0.038229042416856984,-0.026861331585754655,-0.01804151415059252,-0.006528111140923443
Шилкинский муниципальный район,0.16461298814211744,0.19575995722885686,0.1695944039539068,0.18183599390820682,0.19906309555436685,0.22276672333172343,0.21896469023924148,0.2004239703189814,0.18095645868142185,0.15858720810961024,0.1667823989589543,0.18924740021260966,0.15117825992663292,0.1748801159071416,0.19526656564471878,0.1780528324065358,0.19600539337143275,0.18798798723452848,0.19188467024475564,0.19111893031754512,0.17636840841988288,0.16438422341681225,0.1491404530654119,0.1711001559163563
Шиловский муниципальный район,0.05536354949807887,0.062007884560463467,0.05670538518383417,0.026023128413479313,-0.004243805300925274,-0.027421783810288147,-0.02055075249881,-0.013055136579255944,0.01740109403999135,0.0016694096553173665,0.029891228734712172,-0.008137956967475546,-0.02971718121525946,-0.019513712288498297,-0.002036364340058938,-0.02045148184601331,-0.039437186798460644,-0.0471256330959644,-0.07148853963074231,-0.042050179536273546,-0.02502855739521692,-0.041730557150485126,0.054958447688949974,0.02385698122228419
Шимановский муниципальный округ,0.4427976910235447,0.5444730399287234,0.31794017573024114,0.3347058576686752,0.35402833728637084,0.29655434906671907,0.3612239365829346,0.3840495534785582,0.37930535138241517,0.2913035383367397,0.2452295266853053,0.28086562772309875,0.2688299556970932,0.23340023750903072,0.3034065897722016,0.2825234986444283,0.2862449763876498,0.20184812972036958,0.31524721354738183,0.23219338683412794,0.1567556479395602,0.13176426679016906,0.21645100156495012,0.26175817988696615
Шимский муниципальный район,0.046751272953050815,0.002320816783740298,0.0058129137341556,0.024260150483788934,-0.012884440335556135,-0.030753545513887204,0.014307317083655846,-0.01632235068749388,0.006487465619452237,0.023867931757996175,0.03864686916052662,0.023679818817516463,0.0471933438800729,-0.006584687013436508,-0.01577537579334276,0.007897541573081313,-0.003085006824104397,-0.023159713431404327,0.06000909405243959,-0.06625047032402875,-0.003105324672571186,-0.016450835457039403,0.016276980948029873,0.009102283854463877
Шипуновский муниципальный район,-0.13763614920073586,-0.09238288851706855,-0.10796506647728421,-0.08288827978682711,-0.06849232922239246,-0.03249844213528341,-0.05539379400064526,-0.0607252385973851,-0.06592995271071622,-0.07718256653033784,-0.06865770691303297,-0.05911343064684971,-0.16631830564132244,-0.14470783897604633,-0.13292069834102982,-0.12805768842269138,-0.09627218084051492,-0.061064193496696006,-0.09307678970791144,-0.06976809383633409,-0.07199021062947963,-0.08709255570461494,-0.09347083068432838,-0.0639542169906484
Ширинский муниципальный район,-0.01333922243971486,0.0050790316043496375,0.01433473188170531,-0.002061079025470036,0.0053884933411758595,0.06058200133899305,0.04400846085242982,0.09287371707794634,0.0639805774384179,0.05290074720769766,0.043018363319891506,0.03908516996374267,0.020413500864350453,0.034448323457654695,0.0465200156348935,0.035017148080408234,0.04644054648874807,0.07207058824408108,0.08774642046844683,0.11535161630748014,0.0710921220341838,0.040643392647707444,0.023679531607172066,0.03532747520261381
Шовгеновский муниципальный район,-0.16745409334338568,-0.25238848152152293,-0.22575444443395654,-0.17035110501516648,-0.21636411099784425,-0.21044854874435437,-0.08992207140973996,-0.17475208066208836,-0.135385653901535,-0.19928727246274036,-0.21273142505303433,-0.12802026161459779,-0.19264042484283905,-0.06856649401275128,-0.19301497098862974,-0.17145758383250254,-0.06745096108462434,-0.1653051475968219,-0.08918428769062992,-0.05711183309921353,-0.12887916522350729,-0.1590534980827023,-0.1962897455569106,-0.19046420741747738
Шпаковский муниципальный округ,0.2192881402074356,0.1967350121529421,0.203791906296388,0.2894256426958641,0.28123610814595423,0.284707067536516,0.2803925715374387,0.3344069491476933,0.36660525878397543,0.36228263991944587,0.372894168958668,0.3698609223441469,0.3880691963609699,0.3576862367941782,0.35341476756329904,0.34784266692446053,0.3119542852906374,0.3344143701122704,0.3421201214547658,0.3889371259744756,0.3917347829994391,0.3775052649644799,0.39321198226060616,0.38363028030429724
Шуйский муниципальный район,0.007077245130918897,0.00424252029957195,-0.04024145619695929,0.08497126526984111,0.08680448253548789,0.059217186059580484,0.051165865269824806,0.07083705960210729,0.11259232770695249,0.11559533897976948,0.13383918410693596,0.11102572228803531,0.07308537857099928,0.06018216113793606,0.09713145757743291,0.07313145666887877,0.06743766122014527,0.07991376570510589,0.0961591656075953,0.13356603725720717,0.15166225832045654,0.13400311347597693,0.15991317800165206,0.1090693827241278
Шумячский муниципальный район,-0.14367588326696001,-0.1556101188207979,-0.1801195741206154,-0.14570787248717032,-0.19182922862573903,-0.147323181355544,-0.15820547142315888,-0.19556310403643984,-0.23080310530919412,-0.22621538314160006,-0.1736699032082445,-0.1420472455059123,-0.13273151474503742,-0.17058630057553437,-0.14087103894908815,-0.182532451621487,-0.16283239069972133,-0.19491845117884843,-0.23125147360144638,-0.17506256957772415,-0.16144041288509214,-0.17029898086870077,-0.17049641605748533,-0.16243835256690708
Шушенский муниципальный район,0.15189932294604702,0.16017784841360516,0.17534396941132435,0.2082386679102033,0.2228319763000055,0.2288558434251886,0.18700583914281665,0.19438325273916313,0.20401797892220763,0.22710742432458275,0.19897958480296296,0.20780330983499518,0.19280717828188365,0.194882298031672,0.18213471657293923,0.17727602363896722,0.20302918712144447,0.18863141162896468,0.19181875718405905,0.18092817808796013,0.19187870413068886,0.21061306217848497,0.21130909366720552,0.21292715767221537
Щекинский муниципальный район,0.24309478269353413,0.23086529318392124,0.24030282720652885,0.29467558912987535,0.3082775180580821,0.309327008348939,0.31080031972215494,0.32544539713460274,0.36892639581736475,0.3831311146263623,0.3755149835500724,0.3532784226926875,0.3661724230537686,0.34375745163706384,0.3561517033233237,0.3479617960903987,0.3432696422173347,0.3317773923170062,0.3456586454792987,0.3486606534920842,0.382465575272148,0.3867836963204372,0.4031628586527791,0.37834260508447315
Щучанский муниципальный округ,-0.039956659943824135,-0.04504742414928131,-0.026444236880143634,-0.04226053185777445,-0.06142809872317834,-0.020988665820517838,-0.06237239515521509,-0.05424610254724804,-0.06840839941406252,-0.03413532693311616,-0.0857238240695839,-0.01761707686688574,-0.06191440832063577,-0.03096537871909355,-0.028679876118081538,-0.012775793982021,-0.05172278177029099,-0.008292329946828048,-0.06537466607901266,-0.01323255657371547,-0.028921678574956644,-0.06272724477425129,0.000856880599201304,0.03579017805649087
Эвенкийский муниципальный район,0.3463499205405842,0.4416173275117732,0.4993831071019237,0.50522568164887,0.5486243612579216,0.6012100430281091,0.70953063085115,0.6936070141083075,0.5337644887317357,0.5317620698512293,0.42756926380996063,0.4952308888863257,0.47214005612274335,0.5118824462908531,0.49533700567279304,0.45586530983952755,0.486736600207875,0.5695703399146517,0.6884848875952034,0.6606318422883657,0.5352430178868346,0.4773886234707696,0.38396777704892493,0.4922709845319435
Энгельсский муниципальный район,0.19263024693210973,0.1687752718330433,0.19756878621464935,0.2449499536953823,0.24112728763211777,0.22973915089280084,0.23769749216542735,0.25879869287507873,0.2898492407136608,0.28726428421658845,0.28031332350442995,0.28015577853623874,0.2983566405628526,0.2761763646307518,0.2744235604389367,0.2727467505883059,0.24966193701786565,0.24966418412038216,0.25302093981063756,0.2647431971388574,0.2880803223103907,0.269538106157281,0.28312010473842975,0.27633367571869627
Эхирит-Булагатский муниципальный район,0.05094076498546585,0.07236204935782098,0.03859689374628772,0.0025578668308234853,0.05911165818280395,0.04102484309449039,0.04812360195030507,0.08386350918031482,-0.00533941051978104,-0.0008596399593319148,0.008098709142537075,0.048156036912416766,-0.016791583008510358,-0.01733177507039052,0.024523495840169218,0.014445370201386254,0.03239497835837568,0.04430066771052665,0.009378545931523874,0.021233218287253663,-0.0014652017273277806,-0.04317038123254591,-0.07104478891016797,-0.03491765583106776
Южский муниципальный район,-0.044268679450585324,-0.05575772721649308,-0.029441756805237418,-0.02249796539243043,-0.042610408069601036,-0.03584718948563115,-0.05094706185725251,-0.040358329913889435,-0.04895782281681882,-0.0881751069619483,-0.04504966612335437,-0.04746762485806677,-0.08620621278981844,-0.05129089561284417,-0.05688737440205216,-0.05643178767200574,-0.055939787799944796,-0.08828694665973735,-0.08513296547145188,-0.053638372261437084,-0.05156077164791206,-0.06575689435412002,-0.07161470190426655,-0.0356271776431516
Юргамышский муниципальный округ,-0.06232546319782806,-0.08406750582984479,-0.031319779799583,-0.05581523425861867,-0.04220413108468257,-0.04399080258058241,-0.0919011145035924,-0.05196648472968768,-0.10776850982228936,-0.1168943243187126,-0.10293173419114865,-0.09488740309459054,-0.10186999243308925,-0.12153876927046348,-0.13800734856136287,-0.11165491498123536,-0.10867751413127102,-0.07365837780286277,-0.11165317528084806,-0.09906285689666561,-0.10492041691552778,-0.08311517729527651,-0.10514736034616412,-0.07006977207563203
Юргинский муниципальный район,0.10056289091826187,0.04343672618323424,0.08500535826276412,0.08934381268244884,0.08228677306479426,0.12454923275319452,0.12132908399067333,0.12467873663318052,0.11197534297978606,0.15085821467872407,0.0822099735369406,0.09110114915668177,0.09304855325057737,0.04909179351265891,0.04632185064207128,0.07512867688985736,0.032556158195127693,0.0588603565072745,0.05192991993454221,0.06335988890766941,0.03178637739112489,0.10460936097600637,0.05931508108579564,0.07181081515981269
Юринский муниципальный район,-0.22086703287331844,-0.1550326849209327,-0.2156453169985948,-0.19445737054570067,-0.19578799180934325,-0.21774828797384593,-0.20600828124207204,-0.23288405688208513,-0.16314851998013147,-0.3153675111918659,-0.28587152902643354,-0.28773427950496533,-0.2519693500411684,-0.28469366735465584,-0.23902437340912108,-0.19917228022386446,-0.22377853475831344,-0.24896359288541525,-0.24457251035285488,-0.24535345292902555,-0.2387456428020407,-0.14826253720203653,-0.233019896252733,-0.2365897114920088
Юрьев-Польский муниципальный район,0.13245088116574344,0.11688178813700745,0.10951021038595954,0.08640019911366181,0.10887361319888633,0.0909843786946265,0.08433194954926826,0.09471626366288177,0.12515734208619556,0.12064317679958236,0.1278872708983254,0.1253934356570472,0.1448103501318485,0.15407905661740173,0.11918898373883557,0.10738705516213187,0.12184477966456164,0.0912472453686739,0.08902563703147948,0.09175475512381759,0.13599906284351881,0.125948326181879,0.14427580726222367,0.1565938767425621
Юрьевецкий муниципальный район,-0.14796852492327162,-0.17320758959029092,-0.13793950127924504,-0.11223050883192265,-0.11228561578604257,-0.0916459357931565,-0.11170272590147157,-0.11794977754894376,-0.12137040038529712,-0.17562263934359024,-0.1129737462143563,-0.14304060811976882,-0.1591876165902022,-0.10682510850696225,-0.08677363082216694,-0.10329609664822392,-0.09741862812633428,-0.10485643875499129,-0.10884462295880759,-0.08456670443658787,-0.0484371130723833,-0.11438452296854251,-0.07143930946323174,-0.10399159005048553
Юрьянский муниципальный район,0.04264573993022047,0.030430039568722478,0.03846542147579157,-0.0588465871263395,-0.08377744441636992,-0.14586904239684984,-0.13486938041131502,-0.14778549024795673,-0.1563802067502813,-0.15133814073095664,-0.12522200192637634,-0.13145278476638822,-0.09272161938273626,-0.11252139082027846,-0.12010544639511878,-0.11028831171960718,-0.1400700151327232,-0.10722007621905405,-0.12880841713919366,-0.24651803950587414,-0.16301047069198304,-0.18181839579616899,-0.1837022703273803,-0.15501292359872032
Юстинский муниципальный район,-0.0972254064368343,-0.1161406240298728,-0.14297122215275238,-0.11876905870369825,-0.1412939759313847,-0.0842093887716846,-0.09806626790630624,0.043515447900723814,-0.02926891772989748,-0.021764642445250004,-0.06656960831203129,-0.10657939096108926,-0.03629597918579108,-0.1539152275489286,-0.16982062043678248,-0.07140273287226861,-0.10363225822566946,-0.08703739276634082,-0.08265798537565416,-0.021248873746914754,-0.039303396788515244,-0.16991406939358633,-0.0461565775062347,-0.18192437540695394
Ютазинский муниципальный район,-0.025389839748969578,-0.0473254473969007,-0.046997274270401235,-0.03656667783519296,-0.039617988318292774,-0.13392478773286243,-0.13885419029585577,-0.14986710077783805,-0.1808335859240806,-0.16887409528637498,-0.12944408968445842,-0.1944385244180964,-0.12462351874334843,-0.12731972890270882,-0.1641295880528162,-0.1474184403004184,-0.14998299751652766,-0.1805162293638194,-0.2192483287400897,-0.22516491503530567,-0.219414829962858,-0.19184807942284365,-0.22429741919673418,-0.25418547338238895
Юхновский муниципальный район,0.14417445308419907,0.13514295671497933,0.13752572746456515,0.06906987014620825,0.09054630168148314,0.0802990479164567,0.03052731748098836,0.019764749225684497,0.05328578564767383,0.0,0.013247672338728478,0.03931106507407378,0.01806578880422549,-0.025433509565498724,0.02013877037095213,0.046999156716605484,0.015775673028619153,-0.014121562816342248,0.018003532939898648,0.003872757260845461,0.0003444415775035736,0.009372291275530742,0.036198512950889494,0.033706327141159065
Ядринский муниципальный округ,-0.1682063501491715,-0.17981333463704985,-0.1773421727436606,-0.17776208801383575,-0.18004611020406713,-0.20776941756127876,-0.1820435859791001,-0.18593399782728603,-0.18254839579348214,-0.213546822239163,-0.2301846845986013,-0.22800066867618973,-0.19852297686930953,-0.17921804169091793,-0.21485401248130742,-0.218766992546227,-0.22206188544346794,-0.21849389777872297,-0.23261088775234207,-0.25384035433324037,-0.24258021337300306,-0.25439222932959105,-0.2695994212099624,-0.2426825147426257
Яйский муниципальный округ,0.008339539518274819,0.010621657688297148,0.058554172175595554,0.10075998306376732,0.12309083502939089,0.11257972113770975,0.11672191829305767,0.0995993100300403,0.07176666178453317,0.06285735413740312,0.041236387528703844,0.062971122697558,0.07889043062332668,0.010969197104284234,0.08259747628742886,0.06605038852874223,0.10643386548567335,0.105732467243012,0.15448144498131278,0.15512310157305897,0.11867260054566842,0.11631177683309701,0.11144475716208291,0.10340312175964606
Яльчикский муниципальный округ,-0.438111834157743,-0.3567173189149031,-0.4530592761611345,-0.45024334389226084,-0.4600070331539463,-0.4711925693443231,-0.4102024724090434,-0.4542150283996893,-0.3571469960000435,-0.4644054273715561,-0.4709426881174892,-0.5020544925901973,-0.5117426343758726,-0.5279564668202799,-0.5396906547381519,-0.4620307735499658,-0.4624398989183316,-0.45334096898702647,-0.5130640130609709,-0.5743440058651306,-0.5352509250312654,-0.597091940433975,-0.6070342762273437,-0.5489875369152841
Янаульский муниципальный район,0.0011124355537361907,-0.05356474388148236,-0.0266780948358889,-0.016710941841839855,-0.028037374530079262,-0.0531686678806782,-0.031058397019974038,0.00018395879374999424,-0.022387692439105322,-0.026949549384630345,-0.04831167636754863,-0.04886456004558504,0.06548330841600247,-0.006676446969457572,0.012582933815297181,-0.017614478567676173,-0.07334620391846514,-0.06123803095910674,-0.044453577414989454,-0.02311107167797921,-0.009649368481740694,-0.03057888562597455,-0.015467830704215757,-0.05439832630781005
Янтиковский муниципальный округ,-0.24983901631665084,-0.3251562397252208,-0.3320731093508176,-0.3584053897986852,-0.3885959298016566,-0.40011788819907146,-0.39076961442211555,-0.41361616634135245,-0.3925076564193102,-0.46076630280954767,-0.4898735419243394,-0.5148142516714085,-0.4591250388728607,-0.4689194899142066,-0.4475645404491573,-0.4399834705137966,-0.40959450145017584,-0.4361843888490071,-0.4332367994083093,-0.4686741364729059,-0.4131380840562908,-0.4154588687541363,-0.34946396786109624,-0.5053611292939131
Яранский муниципальный район,-0.06684856696837826,-0.06257617385734271,-0.08207154520766302,-0.03818273448822218,-0.032804425733351295,-0.08242442399704686,-0.06494017099698723,-0.07049866315032283,-0.06550870053240665,-0.12481313101820746,-0.09769208589617939,-0.10705864159655576,-0.04717979026817787,-0.07145052387441453,-0.0671796665958233,-0.07303472017859036,-0.08801087732271284,-0.10776632532222052,-0.08144444559165365,-0.10947801553470171,-0.10851383764255829,-0.17159915200026,-0.16431908836900178,-0.16123047707278992
Ярковский муниципальный район,0.06762446864481575,0.07905349006393436,0.08089719905804493,0.06977262732568512,0.07842385670393348,0.02173946725800846,0.04352060187834361,0.03173288777657035,-0.04158038073547843,0.0017647203683139878,-0.03691678496870665,-0.005536047433665203,0.016514275768086506,0.04133779055714548,0.02872773051650057,0.02671596974027679,0.018435412305525034,0.05084963276119581,0.013798791505758246,0.015947547217136204,0.02785742771838251,0.03697337720604743,-0.02237359073851586,0.00804970579011588
Ярославский муниципальный район,0.42136252377092553,0.3740629362941039,0.3930300629810688,0.4463172332446419,0.4510421346636502,0.4511153063498572,0.4425771433271244,0.45834546611834703,0.4883975916669421,0.4937142353071682,0.49895299669153204,0.4597713479199985,0.5258662372171887,0.47368287411917365,0.4868003684656177,0.4693549857053405,0.4704353958279892,0.4501698293938716,0.45355916758273196,0.43884739642204984,0.43841883325129594,0.42849521321924655,0.44457277120213057,0.40402571651655883
Ярцевский муниципальный район,0.08081298715188723,0.05552843058976187,0.08140114665816256,0.11956141846613555,0.11648416549066276,0.11967576209520381,0.11018621767594006,0.13042774032159343,0.12572276845447838,0.13024405903636804,0.1510858540877038,0.1360438953515768,0.13884493176527712,0.1453285838618683,0.14988917044043681,0.14580759278796585,0.16818052803769667,0.1518060128680041,0.15779445926562374,0.16792478563240998,0.17532096643005346,0.16819925098563004,0.1804692756438513,0.15811541261662576
Ясногорский муниципальный район,0.24197191135224827,0.23899510149442804,0.24019537157664672,0.23670061244570384,0.21261322363495871,0.18651504135730157,0.18808135587858743,0.15731268593870062,0.20031203308961132,0.22199720040533322,0.2245458481529532,0.21944054074377561,0.2507654550451264,0.2246282514361937,0.2240813768727108,0.22736053405017387,0.23116986218843927,0.22287369764685572,0.21288589862781393,0.23498322611207456,0.272397043870793,0.25044818205040364,0.25245224212405937,0.27659342272657206
Яшалтинский муниципальный район,-0.22358091837153715,-0.2574918352870288,-0.23010202865164509,-0.20063721705572135,-0.2959587008844302,-0.24224724888593485,-0.2706227181132146,-0.15152481084436076,-0.19409614316418455,-0.2507553767449746,-0.1658509106720647,-0.2364462059726442,-0.05288116681164645,-0.2498050234934439,-0.2468584172860826,-0.24751990503352062,-0.28701629346580226,-0.31334131590467607,-0.2385231311545173,-0.01503967711851395,-0.25717578428512944,-0.20004403722058584,-0.22531965286612454,-0.21738107671945706
Яшкинский муниципальный округ,0.053606829594397,0.017543449886630924,0.08517268027436486,0.12178690565341732,0.14749473294921422,0.1402889272675072,0.14204384930009972,0.14322348659652384,0.13481255964710748,0.14103965395214502,0.0926411484819738,0.09320787897124205,0.08522327693177267,0.05424231670373025,0.1031036427742471,0.12093178986916797,0.14180129829858856,0.14390724476538708,0.190862529265182,0.1935362841668713,0.19305097473970534,0.21804901487574924,0.20501059111049003,0.16722530288120296
Яшкульский муниципальный район,-0.20832047619891547,-0.21565730673736816,-0.20150604761163748,-0.1752457605222748,-0.10280019276059882,-0.13768710267209627,-0.1025226717470833,-0.1404014624348644,-0.06471933067165736,-0.11855906707087449,-0.0799188053703439,-0.18955201897642837,0.07961957649655993,-0.024919382751809493,-0.08654725843862998,-0.12729100095401868,-0.11561568077302553,-0.1980531719943226,-0.0976005912607576,-0.1840176411487775,-0.16083330976010224,-0.2492234497118062,-0.23070359100914573,-0.2287672112015411
городской округ Абдулинский,-0.07704372860616004,-0.08983773781870319,-0.09350819713631786,-0.07695903240013635,-0.08504856370197444,-0.11218361347973627,-0.09144406449944498,-0.09538377279830357,-0.12048007702783714,-0.14701560698488159,-0.11182987877824146,-0.10271024147603924,-0.0598579079746866,-0.09924663541470835,-0.07399620409468177,-0.0908874327265945,-0.08705678715697296,-0.11944522332411722,-0.12889925191080565,-0.1525352078736102,-0.14298822468678374,-0.1416469877031652,-0.09602889333809372,-0.13922270422854055
городской округ Богданович,0.19864490941579405,0.19441770244638157,0.2070186128512077,0.23574894894551335,0.24829195242660163,0.24244124603373685,0.23908475874305068,0.2536369776964751,0.26428540000577705,0.27783568406732506,0.25528713471075015,0.2352547222502448,0.28920855725437455,0.27260845811446366,0.27249699055760424,0.2573132969581451,0.2589258950736557,0.2723366081415559,0.2502891217642773,0.2675953138850442,0.28091996188868684,0.28296277972219386,0.2933401992029765,0.2600433434973919
городской округ Верхний Тагил,0.20436441025375807,0.13185532992716986,0.15989890339494295,0.200214059853991,0.19910298466265175,0.11838931251812923,0.09664878356287154,0.12232101196375567,0.10347520325796111,0.15147381398406878,0.1354636818852999,0.12394170542386185,0.18914717545829163,0.15130133139091662,0.17274791423256985,0.202046171971201,0.1427761155975542,0.1716286121276802,0.11576693280062322,0.1345702098514998,0.11288104154396628,0.1444204261086508,0.17749983816659842,0.1375259721508968
городской округ Верхняя Пышма,0.44988691224056865,0.4014030824109174,0.44101910641743025,0.504862012220368,0.49948823325935443,0.48594244092436334,0.4823449168457916,0.5065482522488036,0.5251401158562956,0.5426694937020766,0.5310190377918715,0.5068553407096665,0.5755932662243026,0.5275484214954513,0.532874924991857,0.5230403736294278,0.5043360806892689,0.5150519934263436,0.5085872344710101,0.5159833482714316,0.5355203369694266,0.5267625689653492,0.5455979233074757,0.5177332181576872
городской округ Верхняя Тура,0.12984756046343726,0.13458136523640896,0.1799960273721748,0.22722300088434366,0.2150893966600158,0.13367628866186898,0.17564251971498201,0.16759525136809472,0.1398412595614129,0.14991355909969606,0.1446330551998649,0.11936535573683216,0.16370724445706486,0.17789843825516272,0.1413473247274748,0.14813783232774824,0.12944379569220565,0.19450464798135236,0.1302420310835668,0.16598141092126717,0.2107162944169989,0.1481022508404397,0.1358656868982031,0.12155066286475069
городской округ Верхотурский,0.16164135155641723,0.16956837604258723,0.18292106127214858,0.1701704934444166,0.18172103903223125,0.13982704319219685,0.1565704037314699,0.13898974619896975,0.10378637660625145,0.09990840663772715,0.11301664900203434,0.12463326838365063,0.11280296263088019,0.12763463702852462,0.11948375161127167,0.13230230476409943,0.1285657040215611,0.1475470176760183,0.13768012519500417,0.10081663165542132,0.13023166460760116,0.12566200858212717,0.147134010658295,0.15260349529598471
городской округ Воротынский,-0.09053018741190044,-0.0355257484649627,-0.069298724673299,-0.0712264981791435,-0.06656549618255703,-0.07198863922845433,-0.08345413577401217,-0.10458403084710888,-0.05399326315518849,-0.14320734010894753,-0.11131037125967325,-0.11598844486211668,-0.16307622787356202,-0.14481319085140854,-0.16859136398205266,-0.15187584524612596,-0.14189124736389758,-0.10781185955258721,-0.14978162802491468,-0.15055405124413035,-0.13398672961252167,-0.17880473483644366,-0.15431397845999584,-0.15625334550115966
городской округ Гайский,0.048873450496516924,0.014137286309285457,0.02966138521003181,0.02978354111761128,0.05759640202126981,0.044033756370273736,0.06792969260587434,0.07289167893631898,0.06490517645949012,0.0885695793305672,0.09484118321602253,0.03942399349639558,0.12339129684789185,0.07246586075977035,0.051145901120250414,0.02111579039352307,0.021495577494288653,0.016019159593003707,-0.00745404805927663,0.0067478503187121675,-0.010562868773641654,-0.018309303375851016,-0.009268439052480204,-0.07036367362073115
городской округ Дегтярск,0.22894636752742414,0.2028883794758105,0.22135656664801573,0.23356463147025686,0.22364965375235712,0.17177652983128233,0.1623775980393578,0.11787501928336397,0.0870237037219983,0.10154860037560276,0.14378830766878892,0.08392648787354595,0.12581891897161412,0.09944083663752679,0.10725186330871317,0.11632460876353434,0.09586250506984406,0.06692212998656721,0.06757580681067843,0.04335284054054078,0.07764821187726056,0.052498023398278804,0.07481334907866888,0.0184587217048513
городской округ Жигулевск,0.16105498677562835,0.13773083825414822,0.19820405089848236,0.23598694973997247,0.2509844586513452,0.2351372229965225,0.2446509395534182,0.2638985764317301,0.288778557035295,0.29514887526900146,0.2937045125945783,0.2698059359698437,0.29099920446109806,0.29826801981908524,0.3241253325029163,0.31656175724134883,0.28097883670201895,0.2804300520135765,0.28811119062054225,0.28831538469587414,0.3330891813147101,0.3110690867332675,0.3234474207342579,0.31092860154423896
городской округ Заречный,0.372909647083155,0.32012418513392227,0.34129493271783495,0.3420809447990969,0.3573026674398516,0.3322472337073119,0.34149685854442247,0.30957523681229304,0.31149518650412844,0.33393895610385016,0.33702304177288944,0.3207150010948805,0.35990325416889135,0.3465974458004766,0.369352166519592,0.3621258781195724,0.33894883052321134,0.34129626820875814,0.3153054733277596,0.3139514290746277,0.32325735829986435,0.31859393337897224,0.33918608472738043,0.304988637941463
городской округ Карпинск,0.2767302862628238,0.2672805907742877,0.2694929632850176,0.3132035582811916,0.3046589339544301,0.2724970821778179,0.25216868494948486,0.22371371345801627,0.20791051779648306,0.18237724870630956,0.18783580815678746,0.16447863683391795,0.1801720506499116,0.16981642548016396,0.19136565733092503,0.19155020641467502,0.2042176624476717,0.1845607116151946,0.1589531289699515,0.16450460324197458,0.19503714315287723,0.168885098548607,0.1912486756361833,0.15919663596533695
городской округ Краснотурьинск,0.3886642782157388,0.3434676836421904,0.37322067205024645,0.40216198055027164,0.42481204957019614,0.4117727583638473,0.39870832564528413,0.40310129482311474,0.4016282282312531,0.4189314092807752,0.41696878073917176,0.40541290105498007,0.45822895732262303,0.40435545783811655,0.41782936709206275,0.415550026468571,0.4173544113647907,0.4181529014478951,0.4058642937747159,0.39236628249470407,0.387914701077527,0.3959495124108834,0.4225048809112337,0.38339690262814585
городской округ Красноуральск,0.22039424089027548,0.17961537382826265,0.16693846213206065,0.18780541323311617,0.17279259029558247,0.11490760941575395,0.11221768538396226,0.09676420285690135,0.1281981784866737,0.12136222092488502,0.15040646551126713,0.1174523449449083,0.20316736786423384,0.15173218860758553,0.13795345209768684,0.14445794185081695,0.13258397426848312,0.16769540253044468,0.09637673822331472,0.11199430748013839,0.13780160942794417,0.09173206750507212,0.12806684223281906,0.11173740031487256
городской округ Красноуфимск,0.13444526971206727,0.12459300756049885,0.13155389667452333,0.1581958334923197,0.18762935616696197,0.16602434670923394,0.18854193775515604,0.18712403761470497,0.18608646398110906,0.20394185092957784,0.1775396072695017,0.18320213999258073,0.22747269438222872,0.2078131111346373,0.20964310593704738,0.21607548676053945,0.19027491530673224,0.2226119518005767,0.20634590704604072,0.2145223968982517,0.22484737845238278,0.20771546383896577,0.20730253212474814,0.21464175986218592
городской округ Кувандыкский,-0.08336086900742146,-0.10988593339302355,-0.07502631345563948,-0.09435648416170572,-0.062826591686715,-0.07365106363334384,-0.06360607983388,-0.06783712084280857,-0.05004582126624335,-0.06876103170084136,-0.06453542339288454,-0.06821009258201016,-0.009825071359633952,-0.026649770182288535,-0.06270518798203639,-0.05835241715670847,-0.0646939333688259,-0.04101620004141182,-0.04943318808132524,-0.02509853912324367,-0.050790268289830465,-0.05266567302881775,-0.04257203837751433,-0.0678316086360411
городской округ Навашинский,0.17587869806366108,0.14365767230175308,0.15678884374081647,0.1279478630220705,0.08349647773078672,0.06742342983113403,0.07134391897065662,0.03289070764228619,0.07575136946377548,0.04499125554353611,0.06685624112194688,0.05965681290618008,0.06962410108203443,0.05368094348376218,0.050751361542813456,0.04691867705779629,0.04981242821651932,0.045473275724814854,0.021604742452826287,0.021543271773964534,0.07325558441649882,0.03787260510360824,0.011607273174876198,-0.02640726670140836
городской округ Нижняя Салда,0.3001654454324978,0.24698211665811876,0.24555405830656518,0.25161011543489487,0.24578254082117468,0.19346533895848594,0.1990392189938106,0.21354933402971632,0.18448872505583402,0.20405863470455188,0.19221621861926153,0.1847331597225601,0.2861532539304932,0.22956742980852063,0.2512498454857397,0.23495826116831253,0.2430898154965888,0.24115621659939812,0.20637838881565074,0.259655987934412,0.18881722297406434,0.1701526778135527,0.20071151595404224,0.1809507546601754
городской округ Новокуйбышевск,0.27040051327930037,0.21603907817828016,0.26401655564657744,0.3244119412596831,0.34338116980054423,0.33352837513702127,0.33680976255931405,0.36517062700032454,0.3964672679552912,0.38417196822020294,0.37650399286675906,0.33859549830060587,0.3826658372964573,0.3443713152816912,0.3647215299465252,0.36197905895647153,0.3538446019707937,0.35841089593141895,0.3497195647656124,0.35764454024712045,0.3804071142735772,0.363156047290623,0.3779436624455439,0.3496434313797234
городской округ Октябрьск,0.024554279171706384,0.007093625804621695,0.018188473880023537,-0.01370265404095683,-0.014414133955002129,-0.027372140004583656,-0.04797731697120611,-0.0447256730205563,-0.004645654297704027,-0.025675289263178414,-0.04665499811503615,-0.03555008931002668,-0.027045413903110216,-0.01659007282982472,-0.022673852057870647,0.004334567544141521,-0.030342492529957354,-0.04208159401830258,-0.0866557311075642,-0.07619953198140372,-0.033943130235405405,-0.041857517094793906,-0.05599448307881261,-0.06742853796496817
городской округ Отрадный,0.2119827568686663,0.18575149933068147,0.2056476075415059,0.2621749616229394,0.2634046408931443,0.26526190849703823,0.26501253716405593,0.3041608552051205,0.3281470188683411,0.3124119426927834,0.2980252189240069,0.27097117609631205,0.3125013602285147,0.27330225215485093,0.31024902719630987,0.312558795867103,0.2771056090551003,0.2874776445425713,0.27536909488411965,0.3058483395608196,0.3137685217397266,0.2908226830954579,0.3077572049911712,0.29557889252367353
городской округ Пелым,0.1655117434266309,0.10658085043787224,0.1886324446890164,0.14338202742625406,0.12674243397474072,0.1488995807030804,0.1824219440572108,0.08174656863784335,0.08362811472085951,0.06804404137415254,0.044930452303193036,0.10226253470908198,0.1782139366239548,0.11019362841378921,0.1824806894521167,0.16626543469036292,0.2400494548499612,0.21989228827977492,0.14913016986229088,0.13127691306115707,0.10848627733878047,0.14252162459578166,0.1620330377032566,0.026295070034167978
городской округ Первоуральск,0.26337895308796,0.23333467219474358,0.27272286172910576,0.3344902319940086,0.34078812117142476,0.3067712778651064,0.3024460522522965,0.31596696953309156,0.3452944206885462,0.37627349705230273,0.3697529393739778,0.3286105609098122,0.3867556807901611,0.35679343653080586,0.3714447272292798,0.358301556687449,0.3305200155994097,0.35597971847365883,0.3296213855240282,0.34350658045786275,0.360126906880172,0.36106500128865626,0.3775239704932716,0.3559726425883394
городской округ Перевозский,0.012745064029759945,0.0010870103348121773,0.019171933950349995,0.0375040873697543,0.02033315052283058,0.000965577248775773,0.011196467784124309,0.009521265739373064,0.042569886706321114,0.009785836488619637,0.040433461265564574,-0.0035301076078617655,0.0008652941267239811,-0.010491929567299607,-0.003076925504478467,0.021280949979347596,0.019578969710112304,0.018229460490848837,0.014271232459426741,-0.02847410407480666,0.005839432651558951,0.00510101911720362,-0.02815104966251525,-0.045613707604193365
городской округ Ревда,0.3170216360372766,0.28263922241105455,0.2953159137784862,0.3362856935507459,0.34651840023636993,0.3322472337073119,0.3238560841513749,0.3419175205212248,0.3563691923545793,0.3925889813311514,0.3941722411546156,0.3568746107698413,0.4453293164675518,0.38927656108176834,0.3893241375865628,0.37805910480898497,0.35141638668526554,0.3755464847919434,0.35575221539310675,0.3690427144163344,0.38049542099230393,0.35165791502159927,0.3887666101302525,0.34945027864359623
городской округ Рефтинский,0.3147027944185279,0.25567180529685096,0.27639157452776963,0.2887110211327766,0.31387657692490656,0.22839467743569308,0.21182967425866117,0.23715585617563129,0.2185078043335551,0.19388640301678706,0.2163831460529959,0.13737579452905635,0.2945709082353343,0.22017666413892378,0.24681596602740186,0.25786744903817294,0.27511593574723214,0.23813224775168962,0.23139813698841927,0.2129876244147315,0.2229540578640865,0.25013217635967067,0.23872146472554334,0.1892325522627729
городской округ Семеновский,0.0783656046282939,0.06839945835510797,0.07008536977478386,0.07169098093773663,0.0899681255885234,0.07246780390189933,0.09019183892889693,0.08968311823357844,0.10222954067140577,0.09510185008707417,0.1098159811963999,0.08565310700753415,0.07459888214705224,0.0736521005192774,0.0587301795418238,0.06126199812934985,0.049099330967381505,0.05084963276119581,0.04083796500679604,0.08672097478053153,0.11114857272818846,0.110223257317978,0.13956491570225715,0.14685406545626734
городской округ Сокольский,0.000900638454565339,0.017980544670306742,0.001911089447283132,0.03100141972387327,0.018041104824526144,0.031615858501085725,0.004622789297558327,0.007560346671555251,0.0046241719549318105,-0.012827772046701824,-0.0237451502322088,-0.009006766752793993,-0.02798757571057031,-0.03624442566971453,-0.012869437636895853,-0.037250574682223814,-0.009031672030348048,0.001429826417584934,0.006209222305660234,0.005015907354783522,0.03827288662073158,0.005585476131118483,8.163931753912834e-05,0.0006162484360849874
городской округ Соль-Илецкий,-0.09291203999176467,-0.07747531216829096,-0.06773790102212196,-0.09127074223779807,-0.07084078945161565,-0.08263425455963791,-0.03849444558070125,0.05158531319379733,0.061526247557901925,0.08677664127510454,0.04843385950968937,0.04845449983061556,0.05594687577458046,0.01851403012814501,-0.022334163718651823,-0.04657424148557432,-0.09325186003817088,-0.10576486905002191,-0.05705507991157077,-0.009188426054405952,-0.006523687621342589,0.02255402797759487,0.02048515099596493,-0.010984769810297834
городской округ Сорочинский,0.012797394022706854,0.014186027566331916,0.020957568994692366,0.0278806838187986,0.02532876002711859,0.012623460723807156,0.014444337796835072,0.04615408789421949,0.021656213849363226,0.029677443136087334,0.02953038073801295,0.03209490893275735,0.07526032032670038,0.05311925494688374,0.07938142389641278,0.07946182832271553,0.06693169666579024,0.043948617011590585,0.02706008076900801,0.026722427632607904,0.03603231475272928,0.026514429193692735,0.03189794014721414,0.043885789454341406
городской округ Среднеуральск,0.329108114106079,0.31299184698477944,0.32730823474185655,0.30738573496383204,0.23082425938621043,0.23563345356305554,0.29153203298471375,0.28473412006353094,0.35557478768453166,0.33670407640732236,0.32329560054310846,0.27561860603588784,0.3103008931401501,0.27035029738139116,0.2310253899617063,0.24140603676354822,0.20258739343190868,0.21029822823949296,0.2168151767677049,0.2522994074297351,0.3053635177602594,0.27531802241360026,0.3290737703580806,0.26402253051217706
городской округ Сухой Лог,0.22493343629685292,0.19217659970123613,0.21682008414795995,0.2243781627441379,0.2559333741372001,0.24777136620004647,0.2584860067486616,0.24765890329849327,0.2808047725057392,0.28349631463917824,0.25690569454616075,0.26368860850887366,0.28504339714116256,0.25170934899811215,0.2531532867714823,0.25234482990081375,0.2373938461880023,0.27006115245844775,0.2474251282740827,0.2550951511208126,0.2613169634915007,0.24484006887767507,0.25280103324927694,0.2544563669745141
городской округ Ясненский,0.046751272953050815,0.03363785597898605,0.02024369755046429,0.07798162864806635,0.08609016490165011,0.07587633749750822,0.09597549621207158,0.09601238593067052,0.07405866370470982,0.033239375894758894,0.0743900488373086,0.05618343247887303,0.0272255501783647,-0.002144405977446695,0.003150261672660193,0.033019715543000316,0.013807006983890702,0.012391732295164104,0.002870586454093882,-0.01375427826709874,-0.03474534081412628,-0.044060721104388634,-0.03155777808508198,-0.061729684227847414
городской округ город Агидель,0.03504928238516136,-0.010685720822248612,-0.013942621752910611,0.010639726734602561,-0.04479697933055249,-0.08741983335965209,-0.08426034361774093,-0.0996937964568545,-0.16494953716993344,-0.15746595222941195,-0.17306201725103243,-0.1261973502323599,-0.07697937310984138,-0.12406382794120141,-0.08040950110720146,-0.07885900747157493,-0.0978316711116225,-0.1640519542000547,-0.16285248912230088,-0.13525240754206358,-0.23188025322528816,-0.15421156324567775,-0.20072058943746462,-0.21968208335938577
городской округ город Алатырь,-0.09116866437586602,-0.14423852832797301,-0.14412789946362636,-0.1432708282265729,-0.12285208238724721,-0.16107375022434134,-0.14119935713126708,-0.13892060749955526,-0.12393450435423325,-0.13301323670254384,-0.10773310638258415,-0.11339759919286507,-0.07406880239590485,-0.10191780601741485,-0.09459220785739042,-0.1040913997239894,-0.11444819284066199,-0.1455346741245389,-0.1392170936270567,-0.1431252098155511,-0.13393749399546628,-0.13521429876158209,-0.09823317232953599,-0.1107785150993923
городской округ город Арзамас,0.20591861339008055,0.16697802573266962,0.18083262475146178,0.24380936636597106,0.2635542463091394,0.2600244469026194,0.2605591389920434,0.2741258783977436,0.31319092771469137,0.30828187487115777,0.29460475849174195,0.266182038264855,0.3075715623747701,0.26543422660507154,0.2728446792217163,0.27322823742894364,0.279091331422876,0.2801211621612403,0.2907118945750007,0.2934363904850432,0.31894687216295026,0.3089257184442662,0.3209629474065956,0.2984543223201772
городской округ город Бор,0.28302024510271906,0.2638310697176163,0.29168207778512745,0.35902240995523016,0.36723040920223404,0.359790406567738,0.35295661331924677,0.3836422278787808,0.40294727211582426,0.40661014640120996,0.4034650609287418,0.3819060214588337,0.3904154003837821,0.37120359229925803,0.367140189346161,0.3630356761191411,0.37472206624806326,0.3715790630513425,0.37957997767597007,0.3881317135598028,0.4131864917001167,0.40470718370190717,0.4294900858092525,0.41031633555138036
городской округ город Бугуруслан,0.1213396557406714,0.09207811202533556,0.1127705955539664,0.1663507790981562,0.1691823299639914,0.15508178822380891,0.1688950926450996,0.18291929918479077,0.19098663304135854,0.18634724081954523,0.18775878732261297,0.17761197195086886,0.2388059742509867,0.20269060550135443,0.202921356624719,0.20497090523885753,0.1730588432906348,0.19096458258611193,0.2035485204513101,0.21090552490700354,0.21537944317878122,0.20609838182395812,0.21457529145382814,0.21701522236624626
городской округ город Бузулук,0.18820517015893756,0.16496797480464664,0.19160757257315986,0.2599702302291629,0.2643393077524774,0.24384268178760493,0.26387435457630737,0.29523100718073714,0.29976303588059316,0.2940466333397733,0.26905086973122927,0.26908818966233916,0.31803701235599213,0.27451523468067407,0.3182838778147623,0.3114165560269271,0.3000614248087956,0.28867295538905147,0.28769205403575704,0.29225467153751516,0.29242920570473174,0.2884833586095823,0.30574467859212007,0.28579673467505806
городской округ город Волжск,0.14178551456577893,0.09090514428280194,0.09958233100953784,0.11334841378928218,0.08756288635493625,0.03343935403851006,0.011562952739437193,0.016422228384783466,0.030399543952496444,0.026288789551093927,0.057160995294520234,0.022225718381452708,0.13029901248266818,0.08191661036916997,0.07700101887161104,0.07411098461476584,0.05966433640071145,0.04722961362726785,0.04527425804055163,0.030608467805079087,0.07405568047070155,0.054268003467123904,0.08914201979173342,0.05901171824096885
городской округ город Воткинск,0.24720122395361166,0.17763058984887792,0.19939874956587644,0.2664160135902609,0.25984491816463695,0.22589299230532234,0.23065856586330113,0.2471920414990585,0.28296211014735384,0.27917260681528155,0.24493859643378002,0.2275192419964327,0.2837406151345405,0.25170934899811215,0.2771334184118128,0.26678927245666273,0.24507902226362255,0.26618408791394543,0.2621861148274647,0.24965007283429408,0.29794274704723556,0.28711368300852236,0.2949827851236275,0.2643643704029621
городской округ город Выкса,0.2774534392411869,0.2681127578609317,0.27690964662045303,0.3600039019016599,0.3658808813321013,0.35221153688988416,0.35341228316178785,0.35144558310805074,0.38418611910369904,0.3869314862443609,0.3706514408624013,0.36774887476907914,0.3386086634982206,0.3403258059372032,0.3501146754951012,0.36809779282342525,0.3671674896953281,0.3725371874553627,0.39441113138343376,0.3854153802819962,0.39849342741599614,0.3818920893358122,0.4064579340031873,0.3802877890254823
городской округ город Вятские Поляны,0.04035758394752342,0.008271019975172322,0.019439982558102642,0.03031959044698418,0.018757933604831578,-0.0034838183007650514,0.018409793436436672,0.03706552273056829,0.02281356557231895,0.038673421041746536,0.04377474252438063,-0.009164813297831031,0.06748445259439073,0.027644073285122417,0.024361440984247196,0.03077293668163783,0.017004124106492213,0.0037133048196924534,0.013720029642211529,0.0,0.028234272693008933,0.028488763497410474,0.06361451189299672,0.03178401447177848
городской округ город Глазов,0.09160760718915739,0.07190208890630956,0.09702288443400775,0.1475503283683679,0.15831422985055355,0.14885795999260942,0.13328231147201564,0.16002064073412647,0.16230935179607542,0.162003234204958,0.15048641754009218,0.11368520525667236,0.16201977245158794,0.14181475195023907,0.15406171264719326,0.1300829585600134,0.15129231000917542,0.16054855001761936,0.17824741657873844,0.1871207602147127,0.20188745242718298,0.20586715649384502,0.2167139777999889,0.18440272299777938
городской округ город Дзержинск,0.3547119223783177,0.33260874179616806,0.36072484822670603,0.4171311720680553,0.42928988229004794,0.42458590560451626,0.4200007826178549,0.4432247419982236,0.47349218731007525,0.48696090973257,0.47664363303308654,0.4607844816785267,0.46012713210634715,0.4410869684468697,0.45430733088241837,0.43879761051666755,0.45365251862696354,0.4472465375670964,0.45051038473337357,0.44845137277919633,0.48400280487304315,0.4723397651452359,0.48744965228949155,0.48030992548926577
городской округ город Ижевск,0.2810213638103214,0.2557866488226743,0.2837231623119649,0.34093886251642225,0.3440025022333746,0.3239669094597897,0.323185528235415,0.34908017526860036,0.3590585709365506,0.3666593047306872,0.3512842962389371,0.3312005066174475,0.38186671281635753,0.35356633891430356,0.36728397286594117,0.35735793783941716,0.3430924419806054,0.35552142332356595,0.3566469949735396,0.3579767569662131,0.3769570555620909,0.37778348325634425,0.4051520956327419,0.3701927542987047
городской округ город Йошкар-Ола,0.18899523296613197,0.15078333981268877,0.16901762505571405,0.1947318837611185,0.18988632955772644,0.16056803484012327,0.16544532639502485,0.19426964004471614,0.21620667259011128,0.20933856000721818,0.22476854877001173,0.19118971411837116,0.2548387804327632,0.21878604692001957,0.22178920744456576,0.21260361561250818,0.20621790043086818,0.19396601810803737,0.2009065971611914,0.20627737497330223,0.24463179834806326,0.24442693109034863,0.2740677528168156,0.23917868222726213
городской округ город Казань,0.3950401147009366,0.3429766450857983,0.36796999579372525,0.4315860886671299,0.4356072222295886,0.4183747055118765,0.4198181008489872,0.44867226065950483,0.46955359949302355,0.4827573084400214,0.4864902727531959,0.4340274511201798,0.4990239009504869,0.454195224883545,0.4519322835845241,0.4490516132170512,0.43556044653675485,0.4365245469574379,0.4395600629617604,0.44857779343144166,0.4663311891499795,0.45389829441996454,0.46583116143993486,0.4283295666244733
городской округ город Канаш,-0.08624554186683753,-0.12556860382517065,-0.13033529797072774,-0.07907646946458158,-0.08865886759690333,-0.08221463745408464,-0.06622653571028891,-0.06140970132089052,-0.04168318735631438,-0.0463109028632509,-0.04194362140346186,-0.07485519420984588,-0.018916982320824616,-0.050331846915570466,-0.06279359749495761,-0.0685983163427526,-0.07133255517899073,-0.0744948479478289,-0.054311246534757274,-0.04134841063711292,-0.024057640685377635,-0.032799293333512836,-0.022707606022821736,-0.050428491796898456
городской округ город Киров,0.35113676588144926,0.31248560940390746,0.34142442865508116,0.4113900376103228,0.41099883418505456,0.3816608608874823,0.3839837488339377,0.40926006293042505,0.411380879127627,0.42771587266564204,0.41347163011074173,0.38872435075563416,0.44904122487122144,0.4063610498559598,0.4222754554548196,0.4105832212359797,0.40290884108683045,0.40474260904801973,0.4071937629806115,0.40710034518625093,0.4206225252831395,0.4194908095780203,0.43595180157400293,0.4093161308806934
городской округ город Кирово-Чепецк,0.26284932442674425,0.23325637285633327,0.2471205081266774,0.30023292025552273,0.28946931783478647,0.23974649158018124,0.2342575414703436,0.23428537112777548,0.2467953600935715,0.2807601378169018,0.2581268713375291,0.20566992474602586,0.319554884664889,0.2809712133279483,0.27123164811369094,0.2618353210277675,0.2647564417850017,0.2497597270431129,0.24057439373060419,0.24383394457165686,0.2421335694399538,0.2569671715500359,0.2830893482834167,0.23382601609923626
городской округ город Котельнич,0.01400022867339068,0.020453812825660833,0.022428321348945346,0.02934474147136079,-0.0013151167234823902,-0.04252811349424057,-0.05143474779717927,-0.04669962710510056,-0.060153232518718625,-0.06010561388543856,-0.0828928227349035,-0.07135890808126533,-0.005565924446454318,-0.019792600456151277,0.0048869475210011615,0.0,-0.03792285443768151,-0.052281391025857715,-0.07755372652141901,-0.06633508701048996,-0.06977137737968064,-0.05377863919823689,-0.05134271089675835,-0.07084144793658709
городской округ город Кулебаки,0.16119033224514467,0.10893332272719825,0.12554618876212942,0.1317407581045451,0.1434123216061245,0.1484000178102125,0.13660215257778496,0.13850932341768996,0.1637754741657229,0.1675093209900762,0.15690167672642907,0.15298656140346445,0.16530555145620696,0.1331154180556542,0.17152462973631621,0.1697593239446178,0.16575005078496297,0.18734414857858184,0.16442161397296395,0.16046582553878252,0.18194827782101797,0.16579507342974686,0.1945137373583652,0.1758796191202734
городской округ город Кумертау,0.1146982427606229,0.06289031268822498,0.0945397477858343,0.1588815282136231,0.13850827863327808,0.1203183668083323,0.13615744759178305,0.1470027054158063,0.13808194223749481,0.15883159734140762,0.1655624786927561,0.12856607091360672,0.20366595521044495,0.16065994912037418,0.17407435955411543,0.15628724630632007,0.13451430102015216,0.1275602464422576,0.13552074848520768,0.13747317014284022,0.15073676079951426,0.1436472754814897,0.16895204406445608,0.13360844445047526
городской округ город Медногорск,-0.036322494829605034,-0.03614062858271616,-0.05048817995072241,-0.008675093493007324,-0.03875742484925304,-0.027372140004583656,-0.045840667782679034,-0.02227740075724327,-0.017608891121547288,-0.026949549384630345,-0.04029745079834868,-0.05844903397761314,0.035712722410613296,-0.007181277288355048,-0.005286502623407685,-0.019160937057071337,-0.02103215408331849,0.010532620091748157,-0.018781030003951926,-0.027496865510126867,-0.01926104630560843,-0.03616021738952924,-0.013521216989230922,-0.061729684227847414
городской округ город Можга,-0.029421004983490207,-0.05586227504721997,-0.030802971782254218,-0.006802575928739785,0.0028192309539498694,-0.02623101214886958,0.003653774617298211,0.02215186892696508,0.018708568621544686,0.02102058929703432,0.006991902167346353,-0.02441465592241876,0.037480027730696364,0.024624800944417657,0.030984249183626744,0.016397238592411156,0.014586734118910982,0.04171607980558889,0.04259954015692813,0.06795759815629765,0.075813641688951,0.06717830844758943,0.09647105797388633,0.07241622885109322
городской округ город Набережные Челны,0.2652914274760878,0.201596076574047,0.22837669186837495,0.2890495897431773,0.2994048553642177,0.27264419508724025,0.29436665877656054,0.3173074073866893,0.33892051103765475,0.3517266894161182,0.34781184303472834,0.31040548422610037,0.3972842669000727,0.33590562193333895,0.3437466290902442,0.33314093197918204,0.3314169034588694,0.324681718564511,0.331830000014838,0.3415950714708149,0.3622574722857319,0.347652301814799,0.3637446409308822,0.3240668397637254
городской округ город Нефтекамск,0.2263292280006759,0.17048592208852575,0.19089284348147295,0.2565568604823998,0.2620197287259902,0.23528993555360778,0.24704250499378233,0.26798798493691756,0.27512887974748423,0.2755551813686008,0.2692283792728336,0.23509997858282006,0.32350534299700584,0.2651895355263374,0.2838761093487481,0.28376271523692864,0.26101213786650845,0.256298602550757,0.26276959020753843,0.27095279802086836,0.28426352378369124,0.26814221605082267,0.27431600727891237,0.23214402118273725
городской округ город Нижний Новгород,0.4182625021308706,0.376847791209892,0.4052525392122668,0.4679991609366887,0.47096451868967826,0.4661380309365146,0.4539713387220239,0.4804925360088994,0.5101548204539004,0.512161374370093,0.5085554963524697,0.4655153023780585,0.5067537948511678,0.46561865898932275,0.47837036530472155,0.463110753219258,0.4699672066710203,0.4641712744987192,0.46941453937252753,0.4707803705829363,0.4985465996293641,0.489676526622711,0.5047000303393077,0.4761065438624996
городской округ город Новотроицк,0.06896106942299518,0.05365603384369422,0.07778389770875371,0.14107331209327434,0.1627087479297149,0.1693736125938674,0.1584703409717747,0.17835053919799115,0.2129442865655129,0.20848634225275475,0.21315939246450455,0.1836910180272504,0.2408892248742145,0.19431954125905015,0.1901649504850127,0.20083937930685458,0.20302918712144447,0.19655551695712248,0.19747146054916875,0.2121232786226237,0.2242625529373221,0.2186689069038863,0.23920363256143418,0.1881549659516022
городской округ город Новочебоксарск,0.16510740350603292,0.11052807809309506,0.14397493773427783,0.20103585387649048,0.20109541409244613,0.17084048597236645,0.18515940070469838,0.2143291769865936,0.24119375382169927,0.23589369558016315,0.2344450905180917,0.20292486253518405,0.27116231827045034,0.2259380569718239,0.23234260950211372,0.21549767799915998,0.21545506283032978,0.19638757110247163,0.2143692435194513,0.202048356354668,0.22529436730229513,0.22785683576630866,0.2420276773124037,0.22138858760832747
городской округ город Октябрьский,0.24276221149944988,0.199127988493089,0.2231435513142106,0.27182609872832586,0.2786607783682218,0.2495794124964199,0.2574836439526287,0.2838341857672191,0.2844101212418799,0.28869597492965937,0.28248761859212834,0.24556837677764065,0.33376973899190787,0.28464661463156027,0.2890200734293007,0.2676932273204766,0.2616531840758398,0.24807045669287575,0.24758099105280884,0.2664736427808254,0.2731838001808402,0.2568102078554162,0.2822277832588931,0.24345638955339766
городской округ город Первомайск,0.0007417611869193763,0.03478442594980713,0.046279837073402774,0.023230309527702886,0.022810285935854324,0.004241583454676956,0.013850445730680505,0.006509902419772118,0.026469700880911162,0.004952391074290574,0.009480497396111787,-0.00746712056720078,0.009477302773813534,0.0031398628785570537,0.011926765812750872,-0.013801522766714314,-0.005007521730622244,0.014610056555733664,-0.04370251337233988,-0.030798880291614594,-0.013832198858130695,-0.038646156268518084,-0.01472187128296909,-0.030070919652654737
городской округ город Салават,0.2148087060839483,0.16864998733266034,0.2010391331868906,0.26027995960559913,0.2544625915289984,0.21286045969730516,0.22549459879791556,0.23983721150341886,0.2717529059495565,0.2610267272469713,0.2691218773290718,0.2386221968939246,0.3257137431731323,0.2702111669463836,0.28428235300677684,0.2700461316629781,0.2513468027892216,0.2284521941792068,0.22328727651187918,0.24721018095569924,0.25699687170017604,0.24728362244744062,0.27120838800928126,0.2290983887637772
городской округ город Сарапул,0.13606567794644064,0.11145717892311957,0.14555123062056197,0.20558457599064006,0.21559959074105883,0.22616270544776818,0.2257904020908832,0.24005430391327387,0.25075545677389854,0.2601070516436792,0.24918504143204956,0.2169852385785358,0.2651258867384172,0.2488350190264299,0.26879134709441743,0.2533928763727964,0.2479742276821444,0.2672486506045022,0.27664155241334143,0.27856357402231247,0.2830961706241162,0.2783645066986402,0.2932184187729412,0.2439931726254123
городской округ город Саратов,0.2706027173038503,0.2382552116653116,0.26977121447807484,0.3155871748042465,0.3073830476143584,0.2991004765651084,0.3041908652986578,0.31874637693139896,0.3481181488376368,0.346575423038054,0.34419555925942547,0.33591273344542394,0.3598677232481027,0.3321853552661196,0.3363595435229527,0.3405488193850257,0.31742392729600155,0.3169995262210854,0.3209116344386338,0.33135713595444294,0.34499298808392176,0.33519000292237955,0.35052059959561177,0.3384028570964883
городской округ город Сибай,0.16087449764960837,0.11256212699249168,0.13911221096076787,0.1556632628686181,0.1872661527085011,0.1590860041872375,0.16838621666285114,0.189105594546918,0.17414430261863778,0.19061720342157606,0.19962677241477778,0.18404937674816146,0.2659068317214892,0.1981026715319203,0.19986646812831488,0.19203760372275092,0.1766584208199955,0.16700376782431192,0.17981635853261047,0.20798328330016247,0.19825627676749136,0.1916268306784481,0.20074491329895672,0.18818333836794032
городской округ город Слободской,0.058617864333513126,0.023886836046015603,0.05061899167299089,0.03619724562620341,0.014209315482441198,-0.024645519075320976,-0.009216655104925309,-0.0196471798994029,-0.010707483453115785,-0.023718054210615236,-0.011355527521274666,-0.033564071836899245,0.03463116289315593,0.01914020422499796,0.032994704223488824,0.033713154415600854,-0.0017914805332921446,0.009480286647809422,-0.009104645265685107,-0.017454262379533958,-0.0044020614006381464,-0.006310967384566268,-0.001552414724718787,-0.008218611966141154
городской округ город Стерлитамак,0.2162186915767883,0.17713377771644367,0.19618475472209163,0.24805048797932194,0.254160624969499,0.22102567478096447,0.2415624426485774,0.2662978436895127,0.2716401769686936,0.27808875252369347,0.2732317148233978,0.24050180981577007,0.3194438989264441,0.2707675725804357,0.2752751208959907,0.27277885692449466,0.26902763687997755,0.2636747550204248,0.27866807942904437,0.28911634589207935,0.29870966726121573,0.2833603028525715,0.2918473660468557,0.24410049467214812
городской округ город Уфа,0.35441448037731504,0.31638424981956526,0.34623624462737546,0.4025313993914743,0.40335358654140485,0.37567410643944044,0.3790481232862728,0.4104506664627614,0.41903078052689935,0.42706204385208935,0.42471697397719765,0.39362288172705284,0.45993426187526865,0.4099973073094816,0.4212407096920874,0.41293018104591894,0.39371356674928926,0.38610553705713,0.38445757089860955,0.3978605087229461,0.41021938444785633,0.3938438742674091,0.41266450468383553,0.37498236318126743
городской округ город Чебоксары,0.20137875216516754,0.1554493079810797,0.18780234993509026,0.24160316447044394,0.23844642355474122,0.21807833688379574,0.23308378936405028,0.2745104332802111,0.29309121231239743,0.2889820672679111,0.28587988259459607,0.25465435915811874,0.30723455314127257,0.26396518122020574,0.27151648979111975,0.2502782729337003,0.24745435893729173,0.23967754456296397,0.26089511781417585,0.27113396291160896,0.2844903509585581,0.2804516774993022,0.2948004087590981,0.27279440173840896
городской округ город Чкаловск,0.06260869074167275,0.07254597431695586,0.08692787316928197,0.09839613070383457,0.07905372130387178,0.07820181593917042,0.09660671638157758,0.05976389447580566,0.09157828759146014,0.06929198020883653,0.05816983368084827,0.022302302719992895,0.05315021066039449,0.060053408535884145,0.05688852231394215,0.019834877878242452,0.06552922653057713,0.053410751739709994,0.08690490056074829,0.0729024401446079,0.10480916224355852,0.08887667090866813,0.10242114667050295,0.06640962911176906
городской округ город Шахунья,0.0028051993942561637,-0.01168557092804079,0.0222501635006207,0.02807601539476856,0.032657917832079164,0.023014766771947137,0.04210002097709875,0.01655795349639888,0.04313675336612377,0.01534847752347801,-0.0014414919610299393,0.015193313570854627,0.005636392406749735,0.04002499498964163,0.03520154632687067,0.034039312278896006,0.02357115360112161,0.0477364263708111,0.04523609811228724,0.03589381139951442,0.033911599568243744,0.012824307708758198,0.03426751591730515,0.037704812385152664
городской округ город Шиханы,0.012378677383070524,0.041351812615261,0.053299842502438466,0.12391872383509117,0.10313842246818616,0.07533891977665874,0.10790107219808931,0.14186744602658408,0.1314459890713522,0.14368942985770516,0.17633274748857986,0.2574730980483846,0.13977522620408855,0.144697793381658,0.1538837545380609,0.15808924340618624,0.11526386268702282,0.17575218760751632,0.12377179260287186,0.10435430798517586,0.127657660612428,0.10566893468810257,0.15103758685532398,0.23018717976904668
городской округ город Шумерля,-0.05675629852095021,-0.09070344504731764,-0.08276396325797997,-0.07181985796136559,-0.08478361390841016,-0.10416441063345339,-0.10823741430578515,-0.0862673884244387,-0.07774434670578323,-0.05985217342991689,-0.0769536065650005,-0.06862936222045413,-0.03962816961201021,-0.08128924944207583,-0.09354315305069782,-0.11033540489346016,-0.13319844772382794,-0.12586927776784584,-0.1269481203164844,-0.160220430884376,-0.12189858966127787,-0.10794342295319836,-0.0867701891569439,-0.10856198191842914
