mo,2023-01,2023-02,2023-03,2023-04,2023-05,2023-06,2023-07,2023-08,2023-09,2023-10,2023-11,2023-12,2024-01,2024-02,2024-03,2024-04,2024-05,2024-06,2024-07,2024-08,2024-09,2024-10,2024-11,2024-12
МО_0000,0.23627840219769425,0.20032381491313345,0.21557871356156433,0.273422323813568,0.28146625135354775,0.27935656894555017,0.31907312938035304,0.264879939502082,0.21960645327511763,0.164143775494205,0.12808880539496847,0.14103287318150137,0.3001199624353834,0.0994374563582241,0.20626792249737136,0.22095770790563485,0.18897302348161382,0.19053253145512627,0.19284920239024217,0.19677635171696828,0.1310394924168019,0.128050963810324,0.14814561448166685,0.10135159529534477
МО_0001,-0.5569654582087473,-0.5495800354539924,-0.5891045777840098,-0.5307846591959731,-0.5169840373138861,-0.4997618978976952,-0.410599456084773,-0.3754709925791584,-0.4122096318493025,-0.5409587676101388,-0.5732722781538069,-0.6414894708989998,-0.41420492509863394,-0.7192312148412334,-0.7306436126284392,-0.7302850946700534,-0.7762003895501888,-0.6728424346734023,-0.5754206088189857,-0.49261637252659796,-0.660479940699009,-0.6282805013014414,-0.7549655485113433,-0.7588824354264023
МО_0002,-0.19107345266636422,-0.31483330979638247,-0.45777690410448635,-0.515862968088113,-0.5662649396479029,-0.5261466724971839,-0.2702415580582862,-0.29715492941116395,-0.19821759956659868,-0.02682492151571836,0.009102970176661174,-0.2012634571915779,-0.09080365794818235,-0.42134902935021756,-0.35352566266785246,-0.5978281110796271,-0.6275364539382693,-0.5427136763001421,-0.45781514331850737,-0.3540174904376947,-0.29068654404889394,-0.1921311102829506,-0.11443099614115404,-0.19090454363213283
МО_0003,0.10197409306753968,0.07008922291481312,0.09007040183328563,0.08781068795098435,0.08574792240039741,0.06520473672371097,0.06859734531718509,0.06193973345141579,0.035380363430586925,0.07167168586722994,0.06694083889065894,0.16227735007607613,0.3467128199683298,0.08896891736998214,0.18506143439979716,0.10979550723240195,0.12704979505606318,0.08819220456508248,0.09361264323384333,0.0482864006211603,0.08586280984377836,0.17097565286387884,0.1707421865214176,0.1914883045914486
МО_0004,0.10292051250944745,0.08832304343007102,0.06715911058282487,0.05432456537440977,0.07352572122413648,0.059228919834810156,0.11114744407964317,-0.015062551569265281,0.04992159650158179,0.06747223065820407,0.07873925653367664,0.08832486336851986,0.24681051941971432,0.08723338530471025,0.25977365711556644,0.0971520092444198,0.11723034687434364,0.07045397111698115,0.07736861075722956,0.06903702490926733,0.048005970226357775,0.19634438055841663,0.22153476431348373,0.2576033969772453
МО_0005,-0.4817112090417641,-0.5777635927727438,-0.5288136233258154,-0.575704906631195,-0.4678593445115382,-0.4797933149908964,-0.39607922444778865,-0.42246702330773367,-0.3715591030422445,-0.5456545451542141,-0.5386792501143169,-0.6624334402812035,-0.48151627230196326,-0.7755299959687534,-0.5969491372181572,-0.6793771920356626,-0.781630302241,-0.6466547426201394,-0.6498012186282445,-0.5788230456893242,-0.5484643271479914,-0.5636964887531679,-0.6825476184533485,-0.8014350077211763
МО_0006,0.20246072963955442,0.17958299619116147,0.20981965443635353,0.25043362739974917,0.3267134057165517,0.30942633876915515,0.2603808033146091,0.278859376539879,0.2211495620741708,0.17569043917214877,0.1536615080520125,0.07161847041913205,0.2864861957935272,0.09837680694855422,0.21563947652891358,0.25145105690530656,0.21320476114148335,0.23184047238046546,0.19899337649838067,0.21973409433030966,0.13409087268946251,0.15923637856785788,0.1522210024837527,0.11644184874764996
МО_0007,-0.18311068678155706,-0.29955687991135527,-0.42880337427587634,-0.49675671134387045,-0.4559628341172264,-0.5098063059606801,-0.3604118037522017,-0.18639980425384373,-0.18408970558091653,-0.13319146334018228,-0.09900746891970691,-0.12062538441915116,-0.07561665745423518,-0.3818528277703592,-0.3884018091414152,-0.5246810252668954,-0.5955606800476207,-0.48070105532876894,-0.48341225385181374,-0.4191121392711512,-0.22116345100756796,-0.1554432551864231,-0.10058882860844598,-0.12786701663735478
МО_0008,0.16975989696085136,0.1788812548966625,0.1912169012419067,0.22831071216821464,0.3123998971147568,0.3077348661809207,0.31173207707314177,0.244516724281425,0.17350682187686672,0.16849970517250235,0.11190179374622211,0.12207095138955992,0.31234733682177485,0.08932350913386067,0.26247402622550986,0.2265163034265374,0.21643892299950096,0.20081532740620034,0.20682002145218803,0.20739434246412358,0.1291320110780294,0.1467039947206228,0.15795632974442064,0.10571820812370802
МО_0009,0.19945424443546678,0.22050458001926643,0.18338125256320126,0.21826399140722863,0.2739634570455607,0.25057878692769897,0.2926413046834675,0.28776071995382857,0.21401120928186756,0.17136843510353117,0.14312166435320428,0.13943695860058014,0.29692550560282527,0.11363039828407473,0.2491138976866747,0.20518411146768756,0.19394962184349573,0.18529806241229707,0.19264957265414395,0.19629848676949635,0.128793141957253,0.18899421478843514,0.1198893543222379,0.11889153332721492
МО_0010,-0.19019863375828372,-0.27466784916321174,-0.42794593900529065,-0.585328698951912,-0.4588239243308987,-0.4916648911938921,-0.37676745207436113,-0.28844812261179165,-0.18051750749591555,-0.08318584502077364,-0.11466949023041195,-0.14125431194726445,-0.06159682551950674,-0.38218478516671084,-0.43638501447865075,-0.617428140616326,-0.5750364434377051,-0.5870667062265031,-0.43062208851407746,-0.3236361630611917,-0.29057912667638597,-0.12318424218629787,-0.026863543977114546,-0.09716982286962583
МО_0011,-0.5371127467340102,-0.5917083970533685,-0.5621983417608867,-0.6399376162064776,-0.4926052347204788,-0.4662579097118531,-0.38371110466787073,-0.42926427244019116,-0.5005166744374367,-0.5903885357980343,-0.6336659728846818,-0.6758346516529112,-0.5547382063077677,-0.7162118872838406,-0.632681776605132,-0.764020482409677,-0.6856428668357903,-0.6636609957927444,-0.6054190509005082,-0.5436427711002416,-0.5930671929630584,-0.6125361034922534,-0.5944085203876934,-0.8078460507062761
МО_0012,-0.14832331369749063,-0.18974878363790637,-0.41377928327277225,-0.45476388565376347,-0.4922949968667094,-0.4442337788683517,-0.35768277031512596,-0.2524743294067715,-0.18552547229742977,-0.08308940829026845,-0.1411612041603867,-0.1277773825860269,-0.03266221949882464,-0.4203499950983485,-0.4341235177863023,-0.5401952047701499,-0.6300722623224413,-0.5363852943240062,-0.5484620296657763,-0.35239554231323744,-0.36496610527321316,-0.19693771115723813,-0.05034955718961065,-0.14444164475290755
МО_0013,-0.5765558151548884,-0.6748430995212669,-0.7642367915262884,-0.6248293399647409,-0.38823800273902087,-0.4432205537409786,-0.4273851295432234,-0.3643418216677041,-0.4990862174217092,-0.5016055321333521,-0.572822893584414,-0.6572059199969971,-0.5005383208908256,-0.7958411840935149,-0.6545651441950984,-0.7503345407041326,-0.65813751903781,-0.5618602365940291,-0.6397083349810746,-0.597293836356739,-0.5572365319958159,-0.6051403786328056,-0.5774100274210845,-0.772875924993766
МО_0014,-0.09037505314115357,-0.28839630002952177,-0.4123733200448747,-0.4495037450512154,-0.510426623091405,-0.5051097465185421,-0.3733540108605524,-0.2275646681344785,-0.21697653931563465,-0.07480262654252456,-0.12865056929766538,-0.10848828560922108,-0.17184411187268012,-0.4664738823920054,-0.4901322944934403,-0.591403006597055,-0.6078187040562266,-0.5809762443606026,-0.4853408890550934,-0.34533864244369283,-0.27719809584345434,-0.17747671962587397,-0.07663006074620426,-0.15374240521635585
МО_0015,-0.5213299066078445,-0.5718912545816597,-0.6011894495937717,-0.4959008994315557,-0.5136134619040167,-0.48031892823088995,-0.43708289425861757,-0.4392089656716127,-0.4832618891520415,-0.5311792296600171,-0.581330786317805,-0.6361861309810593,-0.5375215240477225,-0.8513502092768022,-0.6429722168994996,-0.6789452929775486,-0.7110107048294392,-0.675952891208464,-0.5637794629570134,-0.5435103741967051,-0.6964321117825811,-0.5989721920972713,-0.6344993064206932,-0.795733878723544
МО_0016,-0.14098314047848426,-0.351848632112052,-0.369255028977296,-0.4621744665156342,-0.5060564973657566,-0.45292668916798107,-0.4518083211714128,-0.29191193257081594,-0.16609733323449838,-0.1431867835056444,-0.07852385728772937,-0.07450893080864418,-0.12313828845383235,-0.4685097875512465,-0.41325563371167817,-0.493909182002513,-0.6666203126021806,-0.563845734450334,-0.40235383226464805,-0.40504161351566204,-0.3365763937420869,-0.15407954220658482,-0.12572758289638308,-0.14774499252163054
МО_0017,0.20663828217844582,0.16841495798594153,0.23355066804229985,0.23264266022161095,0.32909610933324274,0.2846993585959279,0.29347428782452667,0.28359467417536344,0.2349674202562575,0.17637462074341848,0.08762536807129351,0.12364392475379127,0.2776221032638606,0.09126420272445124,0.21879667581001172,0.23085851889509712,0.18970565080132396,0.18925609965838852,0.2246886524584646,0.20829171096452015,0.10044190554182286,0.18360239514553633,0.13871993619838463,0.11167713744143448
МО_0018,-0.5271361311067189,-0.6307012234256533,-0.5924535349642088,-0.624327181926347,-0.5298406694622013,-0.39683263532399415,-0.4514358178663702,-0.5082348486891952,-0.3404914500213927,-0.35927296636812045,-0.5980602305076683,-0.7497427894369544,-0.5556028257851278,-0.8273845928973511,-0.6974776371516107,-0.7715853286886887,-0.6740502323345137,-0.617081715210924,-0.665921139989468,-0.5179492169862652,-0.5213914997145341,-0.5869751626761985,-0.6644673551278366,-0.757849300119533
МО_0019,0.11346669938780884,0.03482889131416833,0.08085596724625077,0.04571529493250459,0.1365197929590245,0.04942686245758665,0.11703931322343486,0.028824980725213223,0.07464487944095666,0.07175886593076797,0.043788019407120515,0.10480418424726778,0.3358877379990197,0.06767976966468936,0.15719427121554652,0.14264096659758074,0.06424281361962159,0.07003949965075229,0.07676070804154023,0.049454413749920434,0.009569905217412966,0.1718050477832147,0.18837354616876212,0.12869171856032935
МО_0020,-0.11718311472765564,-0.2827609424907713,-0.451257465939241,-0.5647656743603413,-0.4625234881410645,-0.45349083777912647,-0.2601073512320564,-0.22885048221120563,-0.13883805077793276,-0.10697857985291215,-0.07442868190492469,-0.12939738398863732,-0.02600469933405236,-0.45586416813332953,-0.4400898673618343,-0.5775179547789762,-0.586093271253425,-0.5138722017307433,-0.4935594060231434,-0.3559621967002151,-0.2727705365134607,-0.1469657379486673,-0.06682190025657064,-0.27032013565653656
МО_0021,0.07020784497124488,0.06327654946054118,0.006313565785347919,0.028520060085325483,0.053630359094965385,0.04861890483616982,0.10039166163965696,0.05458538212295316,0.026102692828738228,0.060468221780624276,0.101334645486304,0.07020353632471199,0.2721949263764287,0.09414998957151255,0.20130706721871583,0.1625923921131882,0.09090610270953903,0.1013596372533545,0.0481559977108752,0.10026144070673837,0.05171895496613921,0.12086631499432521,0.15715076861779131,0.22620651987318574
МО_0022,0.19478604013766976,0.18346859354583778,0.22131888124581778,0.2667538151157096,0.2579924080869791,0.2673183355265998,0.2877488646486661,0.30199561929367924,0.22536063026790565,0.18275897827391852,0.0985340960364649,0.09049251844981576,0.30726453863180225,0.08772416711139464,0.25824614089527564,0.21817865612566756,0.2114005034165629,0.21807117436170032,0.22596759751051465,0.21959898616987417,0.08032400168184495,0.10963344705829847,0.16756789258280946,0.13478948582725536
МО_0023,-0.5916129544663171,-0.692709697046503,-0.6110586085838445,-0.5511126532505841,-0.41937902722967557,-0.439149888709089,-0.4179923500700333,-0.4322523632219628,-0.420465735188456,-0.5017025991927326,-0.6285501625216412,-0.5504631048627804,-0.45082020687172353,-0.756271011227545,-0.7340239649909535,-0.673164960377731,-0.6710469689834433,-0.6211798027650257,-0.5287175956463148,-0.5211404964279467,-0.5870250369966108,-0.563727865129442,-0.630561526624307,-0.8399296958848659
МО_0024,-0.5364007496201211,-0.6275275246616783,-0.6800023975162066,-0.5135637336030694,-0.4228089863071052,-0.39700373729938043,-0.3866458443979557,-0.32006457609508665,-0.4204356407418963,-0.476599500153581,-0.6324703357583008,-0.6330513221810037,-0.5370593305541096,-0.8782060512470409,-0.6905413006913275,-0.7199024047854365,-0.6131502311261059,-0.5985964175495582,-0.5906285870439305,-0.5404696880809556,-0.6218151299066186,-0.6057188785378287,-0.7017224568938261,-0.7583017332795023
МО_0025,-0.17842080645808167,-0.34366835425866604,-0.40225360039588054,-0.4964418795206811,-0.5674241044483619,-0.47237224818134926,-0.3155833871034215,-0.20328907660435114,-0.11331270271300475,-0.09874493437251175,-0.1409015297117211,-0.19774874513288587,-0.06228950348664597,-0.41984005001323155,-0.371180323979873,-0.5143546419288132,-0.6230144863618303,-0.6235754144970471,-0.4879700501776085,-0.3302819997960693,-0.2934169552838295,-0.1602510422712573,-0.09478865378337176,-0.20040735368820073
МО_0026,0.07616701386699098,0.0960926245084881,0.06386446875305651,0.0647523450857399,0.08928116325590807,0.02046917443898799,0.052565451173885336,0.1050705098561675,0.022164719054844184,-0.0013227754520848123,0.014004082245788751,0.100355599205459,0.300439691235054,0.07386519513053358,0.24437884555849543,0.06298281839881703,0.10319352269632276,0.12715287386477492,0.04537491818534356,0.08922978487668942,0.035452897880174916,0.13051266133512307,0.194267246903161,0.24845860732548175
МО_0027,-0.44871246971627343,-0.6165148879712294,-0.5207573389309825,-0.5958757407188795,-0.42157420201633755,-0.469629699796835,-0.39285362393844103,-0.3693221085105787,-0.2620956158036112,-0.44417508525623184,-0.6131599937327739,-0.6044509938921525,-0.5581702538295463,-0.8375609545503782,-0.6425513771058924,-0.7143616472040382,-0.6890994937327477,-0.6426078228819634,-0.5743717026682322,-0.5316607586992035,-0.7208740954470994,-0.5622445458675749,-0.6967020680159273,-0.8228640961771259
МО_0028,-0.15091332594632867,-0.290296492569162,-0.45044271956067305,-0.47885119161129097,-0.549642810648475,-0.48374261263244556,-0.3788064079367395,-0.24752151697377656,-0.14319160504252437,-0.14061718063351236,-0.07812840949470612,-0.15188069730517562,-0.15175154980913774,-0.5133549090037199,-0.42316634016124866,-0.5671925206539505,-0.6218621446435701,-0.574926477603821,-0.4661833927167649,-0.30106526319455895,-0.3297778215049547,-0.18401414166418206,-0.1486370006976614,-0.1686923773450264
МО_0029,0.13235741773814524,0.07380885633219947,0.0008732508321429577,0.006309427538077728,0.05609394088646269,0.03792017784687829,0.054751026072207054,0.06309463534810078,0.0476747145121994,0.09365704633333216,0.04957891767262268,0.07361276202389178,0.31387843904968626,0.031324258695503815,0.2196439018502403,0.1462444469036921,0.08689223176585159,0.1279580110251466,0.06054211777325236,0.1624329253461081,0.05127671192019001,0.11903254936834173,0.20615269448369666,0.17334669280538328
МО_0030,0.0724563209443474,0.09866003847984928,0.09259170881643541,0.03876418240876234,0.11070719692173547,0.08937727721236932,0.11009173758674784,0.07781960387244524,0.09792996579944457,0.005752905177809353,0.060322240384209636,0.0734721431184564,0.3030889487278934,0.060250044217385224,0.2029684154321476,0.19963309779802607,0.08622391257078554,0.09272349732637508,0.07224026123436822,0.10289537886909095,0.058220155810115415,0.1707927646966425,0.23901433312026832,0.255055868743046
МО_0031,0.20799748942021168,0.215705136899496,0.20022516980057325,0.24243590312041086,0.3224129542920888,0.31457048209300886,0.3104387881424717,0.29049992115063183,0.2295242247893956,0.19141875862988122,0.12712449755813182,0.1057692696438064,0.30502508943600937,0.027946792975630075,0.2549290792456933,0.14896381943994008,0.171368360739363,0.2239441646824183,0.21996283647415282,0.18021024492818682,0.09847940073210282,0.18198963793739686,0.13785238199832506,0.15589339021007653
МО_0032,0.20176669071850206,0.21207492271640938,0.2555799479542564,0.2468139802925915,0.2835602853806023,0.29505656029077976,0.30549437876276997,0.24547720891524172,0.2145922491827026,0.15256879158474668,0.13982446956273797,0.1135754734389316,0.2926523493143982,0.08443504188023532,0.25173380488611485,0.23426835993803152,0.18584338431408298,0.1940770400111731,0.23250583403686775,0.19521208308688998,0.08438459971774392,0.163455072352777,0.15680038075043257,0.08042067881688197
МО_0033,-0.13939760757343755,-0.264232409004606,-0.40772701490953267,-0.48681320656755567,-0.5521265679172682,-0.45422325648169526,-0.367516232918236,-0.2649696325091888,-0.11952395205162425,-0.04113048222160032,-0.0353249144089407,-0.1018084771783272,-0.08046306694186889,-0.4209024448667851,-0.3920006535727065,-0.5535067099705184,-0.6124947725841228,-0.5408570540675655,-0.4775770921382101,-0.3681427250434375,-0.30191254810168644,-0.11177886283880056,-0.10478431473416805,-0.16664064495704167
МО_0034,-0.5070778413805392,-0.6184599998641023,-0.5781979414527143,-0.5787124343951895,-0.5709994076969647,-0.3928495277548478,-0.4244437524285942,-0.47035059930197853,-0.4732904852513027,-0.5377916220323868,-0.5751881013023237,-0.6665934126832571,-0.5569202253573593,-0.782088347131193,-0.6709876770408627,-0.7001135330603816,-0.6825368665919029,-0.6125003505751163,-0.6965985260873762,-0.5711309661842332,-0.7330362520363014,-0.5937701829581616,-0.647832745635629,-0.6984725256596729
МО_0035,0.2255577756364513,0.2079697001438312,0.21323523843634717,0.2538966602196382,0.2930488122479318,0.2972232562957995,0.32592931982578754,0.2616166150394843,0.23582246339436885,0.18096066083854012,0.10224147807637252,0.13236111851957588,0.31227959120477955,0.08859719824013901,0.23202489535743887,0.2047479555727243,0.19508437734940998,0.22576068192943666,0.19129974638078906,0.21220906550338192,0.08788633099211296,0.15049744647633823,0.14972593972125914,0.15993758686319381
МО_0036,-0.6094475862666684,-0.526117198394715,-0.608518228934841,-0.5770959686673116,-0.5033413576819807,-0.4427284264043987,-0.4070907704588489,-0.31489332306984785,-0.443861856983224,-0.4301276353895087,-0.6100151232458515,-0.65591347972601,-0.5936767545898398,-0.790322259387942,-0.6157251472541709,-0.7197837355836381,-0.7128725743935327,-0.6990379321286255,-0.6026654916761185,-0.6325487665570861,-0.6696696481477691,-0.5842338769925952,-0.5816504371373412,-0.6102885963376803
МО_0037,-0.5699110577441946,-0.5279529188869496,-0.6038227256141226,-0.6052169469054292,-0.487629030765083,-0.46186894313016325,-0.3938867289601369,-0.4080124902840545,-0.4909437827619296,-0.5639206241245738,-0.5451345230711393,-0.6667358919102302,-0.569883071958138,-0.8126481640691594,-0.6482348324547154,-0.706897729441275,-0.7358310362903868,-0.5819924361927811,-0.5122415838494216,-0.5281812208048677,-0.5753425732446242,-0.533475179457362,-0.5910961312041856,-0.7200441805435247
МО_0038,0.11295940779099922,0.10233885667977916,0.043004115920521,0.0784509081221767,0.040410623436546445,0.030814060817984767,0.10610963692409037,0.08714380653949938,0.10164905312744921,0.054026626506411546,0.035291971604760164,0.09226918489604863,0.30257311181128976,0.07976318228348767,0.24196356505334116,0.13232973864180053,0.10187654061748574,0.05065091332762961,0.09271785947340838,0.10071723673595478,0.03554525524849872,0.15026816185220326,0.19852983465839635,0.19752939493483446
МО_0039,-0.0777232265012735,-0.29759357279405485,-0.43245831738487617,-0.5959905042224172,-0.531724098072818,-0.47798779965979854,-0.3828455495864844,-0.1903897224250919,-0.1609436874442629,-0.048763692675839465,-0.10463153123094138,-0.15291167858170063,-0.07962555758516032,-0.4348594013229796,-0.3539217683220812,-0.6511382570125459,-0.697787169878131,-0.5955340125848565,-0.47462467101966865,-0.3113670705979299,-0.2664101375471546,-0.15250511446337356,-0.06414229865249688,-0.13904122790566653
МО_0040,0.2054862444074601,0.2231673506285219,0.22869536525292666,0.2329637774330653,0.3175635017744174,0.2994633717762394,0.30623339042166187,0.3022311134030655,0.17069144803871694,0.1390589500615036,0.09759590589150235,0.10561802300385104,0.2932161009020291,0.05641216753722489,0.22756820387177612,0.2047152423737657,0.25498611072898925,0.25094363161854183,0.20217726137512315,0.19618715472484816,0.0897373616259145,0.11641620990060986,0.14519538090160822,0.091077944297135
МО_0041,-0.5448243300737499,-0.6797282191713965,-0.6541090725497174,-0.5902232098029678,-0.4909482734621946,-0.44409116937706017,-0.46543096444860055,-0.3448615456359416,-0.4610488846020804,-0.45509646826810446,-0.5783287010661109,-0.7217202623598418,-0.5558885122043886,-0.7948052583021283,-0.6573331760767669,-0.722965321464816,-0.6264393449282846,-0.5929315454259001,-0.60403356481849,-0.5154029629641634,-0.5273360745524194,-0.4975489492589009,-0.7090010910655362,-0.7970757949570135
МО_0042,-0.0891801247226276,-0.3359869747352455,-0.47560411830944993,-0.5315402311459732,-0.4791467356146555,-0.4715607309459866,-0.38143398735564205,-0.27262652462918346,-0.18283965900492127,-0.135481847794928,-0.01583440150191251,-0.14250034919114185,-0.04060333750047107,-0.45457435011259406,-0.4301118355315179,-0.5868959871973107,-0.7237936734973527,-0.6289275504165275,-0.5476305334963882,-0.42896259870655484,-0.3331479844401777,-0.08413705077288469,-0.10668149309034192,-0.12862649353892763
МО_0043,0.10733847368577898,0.11022580425083994,0.048897336297795135,0.07314774204216867,0.10294646959257392,0.03735262570472564,0.08378889600833261,0.07892283441591985,0.04054052580297096,0.02849380504890142,0.034335586886115266,0.10207746706580245,0.3093224689577525,0.05361774587954926,0.20875071093042408,0.16028396247605947,0.10986122790335706,0.12686613141434222,0.11751776609803599,0.07058523724768939,0.10854724168317453,0.14141374758077596,0.23540129142748434,0.20767364759647933
МО_0044,0.19356210021289044,0.16776026198328609,0.21981116977995718,0.21300577326261205,0.32295314971127276,0.32758696246745167,0.29026837370063774,0.2788114568096578,0.2052010601693599,0.1548429388619592,0.13682720849629604,0.11211247071835828,0.3331012251359695,0.07691403091862803,0.26725809116748245,0.2238803442033923,0.22175318908235475,0.20596563951699842,0.20942107297778456,0.20114884294500612,0.09600029927276488,0.15957900287692084,0.16053796474134607,0.12290607786012764
МО_0045,-0.4637335207947668,-0.5272506866574069,-0.6347575841266622,-0.5790019486464004,-0.5404387878143009,-0.46379700150843384,-0.4293939876966917,-0.3065923166859168,-0.4028533922548405,-0.4976408204036922,-0.5181158386423821,-0.7614316578957148,-0.6407837567185943,-0.7732815126443278,-0.6849580226946284,-0.7033936115795569,-0.7693480946242648,-0.6444687695177471,-0.4910253884784357,-0.5116990725812176,-0.6155404215546874,-0.6175258748032988,-0.6673297396178803,-0.8572090338591565
МО_0046,0.10273820900638597,0.11211353273384006,0.02865566634181249,0.03758670664718444,0.046361103603340226,0.025691508627472714,0.06860713369450622,-0.00059486299097955,0.07545521758758511,0.08479251011504196,0.06232635920195584,0.02506104550862176,0.26961961411400104,0.11438057881636787,0.12461332226878241,0.1327421490260985,0.05591548310937888,0.1044468368582141,0.058954922567791,0.1127426008524548,0.07500346797210611,0.21242981790934934,0.19796684874359194,0.2169153799036252
МО_0047,-0.6148345774470219,-0.5401972485545343,-0.6540357920377744,-0.625692272772497,-0.5103711430938525,-0.5431089845811528,-0.38796801379430157,-0.3392225184964701,-0.406391608597124,-0.5661842422074059,-0.5839872319516832,-0.6157994422569697,-0.6339780652736255,-0.8668117460962037,-0.6441542648964216,-0.7024111548827303,-0.6824297103520003,-0.5503323435940626,-0.5677732200731924,-0.5200146530493512,-0.4884884724509124,-0.6062634072025759,-0.6874952352053363,-0.7293593194868002
МО_0048,-0.13101723501642581,-0.3147243483795883,-0.4639983537599761,-0.41969868903440855,-0.48288206517811716,-0.4967562779376262,-0.31877423044823416,-0.25002383222265756,-0.16446143428112592,-0.07781054777199081,-0.15877500732222316,-0.1402957038818773,0.0004444926326101495,-0.416364144899946,-0.4377220525954133,-0.5786380391596264,-0.6341389390343881,-0.5839656864645235,-0.4903180476075022,-0.30231878994550776,-0.35466198959661277,-0.10265527593166546,-0.120091507387869,-0.16517113260396066
МО_0049,-0.5969311990006929,-0.5332863733767503,-0.5537286016256111,-0.5496750382806059,-0.5849964921410677,-0.4235087137608584,-0.37916376085896353,-0.46785939449934943,-0.42225316896052867,-0.4685126395468071,-0.5499930035440439,-0.6440378190585019,-0.5255170561329603,-0.739392875792662,-0.6266797496049641,-0.8592686742817328,-0.7189002172002219,-0.6515396353524263,-0.6788057876348521,-0.5481999006593945,-0.5615878601913025,-0.6499015722775816,-0.6307810500899187,-0.7965403132639786
МО_0050,-0.574177404674634,-0.5258482450107209,-0.6431382406397965,-0.5745439401175787,-0.6028196591544397,-0.3718488892444167,-0.369273892925424,-0.39672082427523314,-0.39226097427199313,-0.5572303354458619,-0.5186702301475687,-0.6691001261807656,-0.5502821027277509,-0.8376562261535909,-0.7170140152377762,-0.6811823960111756,-0.6902329469531274,-0.6107196769050773,-0.591640593472782,-0.5272490630171518,-0.6449681860080805,-0.4840865872275746,-0.7259976178459357,-0.6877022732210065
МО_0051,0.2291632367964489,0.18687102305947256,0.267827932195404,0.2641032436276305,0.3230299451308767,0.29781155306518414,0.3018620703221977,0.26858386541848134,0.2275195025359089,0.19543635896537204,0.12496359877621721,0.0946543634924808,0.31479680554504874,0.104981695420582,0.260364555086948,0.2368420540747369,0.20041906628431505,0.19632900932098707,0.19304838111600198,0.17074955556182836,0.11746041380060035,0.15290984250058237,0.1387332305391844,0.0519226074751149
МО_0052,0.05758947228792621,0.1203742590214798,0.055985466155037855,0.06824696374609474,0.03936447967108592,0.09781320894251166,0.06268185508820778,0.0706384135531799,0.12680049819332417,0.1076700610347121,0.06066246820445187,0.08168569526204728,0.28974582254848613,0.0926904682475822,0.2047964266631137,0.13131052704179957,0.13533094398466794,0.07688343105733253,0.14819601392321324,0.10334625714295065,0.11159920722377592,0.16806262539876649,0.2329439242513356,0.18389571726941512
МО_0053,0.06939621970112952,0.10054021812983471,0.10558084343089114,0.05863690847640335,0.04249324251783193,0.013844293483055381,0.024188592824261335,0.008908538270492983,0.060311665220286415,0.09592817566827172,0.06945696323531969,0.031669858088022806,0.2937893590840357,0.0725095508943081,0.2708331131974031,0.09945371400431746,0.0795951783854214,0.13148530822700444,0.09270769137249069,0.11752337243587974,0.06147718850774986,0.16724134887716602,0.22738339296220822,0.18134945924816392
МО_0054,0.12135075374599857,0.045558948972818314,0.08577528534187806,0.06279144231498002,0.0625962499245798,0.05397148621196557,0.04832648030988196,0.029786161852822346,0.046418662188463244,0.029057198955880992,0.07954336076586088,0.06497973598358797,0.32087148358380446,0.041949148755421106,0.19096430322320934,0.12442974914544891,0.13106990832964271,0.09021842617916676,0.07285632705576184,0.11558556346247784,-0.00517611502285753,0.15604903502822154,0.2639805323879951,0.20960444400702727
МО_0055,0.20316335116541495,0.21487676677162781,0.24115456485057152,0.20424410411092708,0.26996063535859705,0.3014569351463887,0.2919090622486209,0.299012547203672,0.21340540281181397,0.1287220187504321,0.09597703608210928,0.057889715562614796,0.29362575355169085,0.08279099794739864,0.2387821103223544,0.2435096567248305,0.229808025617805,0.2115010241964761,0.16771837637928044,0.21580445214083,0.12382864613985234,0.16076664956825404,0.1671625796159404,0.08773842203279436
МО_0056,-0.0682266607445765,-0.33203284282741485,-0.39273355588974823,-0.5795863736945446,-0.5331663914844409,-0.40681011681252954,-0.3658474354594521,-0.2120611219548909,-0.14486796087964393,-0.10449978888857636,-0.05254570359564781,-0.16386714502463917,-0.1473032239791987,-0.46714085506590663,-0.4006258992960081,-0.542533463687997,-0.6804076701100019,-0.6027808801189405,-0.4984746402652611,-0.35359003135305933,-0.3403701690123153,-0.16227012227292903,-0.1340484657925476,-0.149387713641298
МО_0057,0.21798751400183392,0.20099799001700802,0.215401664066869,0.24699192420950666,0.2872756628453068,0.2743144676813163,0.2874021693080575,0.26007577867984466,0.19643941461367298,0.17065382464595125,0.13593162789466362,0.08114126993926263,0.29881083852166945,0.08215996458736008,0.2541015382287277,0.2216733005821645,0.1767656432888387,0.18966100668645502,0.2110007212405165,0.22403443892589436,0.06843769414882139,0.16149334976114638,0.17132542473553158,0.10797446643789144
МО_0058,-0.12656877635092378,-0.32177849593765195,-0.4274771209488577,-0.576929006650337,-0.5897295363303936,-0.4297542306325326,-0.39481123964839604,-0.2638791399603413,-0.20980386655922167,-0.15670025077192484,-0.11405322459673961,-0.18358387980399016,-0.06095485975687254,-0.41690971462865356,-0.40983958259109166,-0.5488097963053598,-0.5546146119033093,-0.6165109301044076,-0.47740318094528966,-0.29366365476770717,-0.2347520330947308,-0.194005823921934,-0.11739826404840237,-0.12592420019708506
МО_0059,-0.12825371198401925,-0.28584521144254893,-0.43140986071516885,-0.5274445029463202,-0.4844270414700258,-0.4775598276809223,-0.35711458738119717,-0.24251407791560275,-0.1814690375681529,-0.07901628769331204,0.009470069343661791,-0.22548025761160595,-0.06311319870906118,-0.4654188549325937,-0.39957746534330596,-0.5564915290093833,-0.5872511491388863,-0.5267869162822603,-0.46750894158644485,-0.2936891560519239,-0.37910554121980056,-0.07351718603150914,-0.08990156030647256,-0.13713530980196786
МО_0060,-0.6015755907327254,-0.6412564207994897,-0.6087134349269672,-0.5985064590349829,-0.4951053239508916,-0.4107390092676617,-0.4876675310058918,-0.33890487855685514,-0.4206242042740911,-0.49692845705469857,-0.6513525289544457,-0.6277484539871026,-0.660784019526881,-0.7806537448433808,-0.7625867368741464,-0.7132430309617224,-0.7089867313247336,-0.5848301766105344,-0.6001336174491971,-0.5876159816282929,-0.6493558836103883,-0.5319290408603194,-0.6207862485653663,-0.7700306384753137
МО_0061,-0.15803473299056137,-0.3563428163251583,-0.4071635049437212,-0.5824850942258291,-0.46588394536022015,-0.4623199989818936,-0.25993337055646215,-0.28966344830917556,-0.15845266007003822,-0.02836995461164804,-0.05944413098129964,-0.18224927410175873,-0.06711500254172265,-0.43493127713123414,-0.4113953337483096,-0.5863010453818909,-0.6212981562086135,-0.6377292743536813,-0.46980084822244805,-0.3209704206516175,-0.29443040197400805,-0.20173731357154168,-0.06536277186810757,-0.16566804251206335
МО_0062,0.07322854344772267,0.0783310260742418,0.03090416407347618,0.026666909583052956,0.06495070217962962,0.0915046688401393,0.0478175831632246,0.08114361143853621,0.040877618351025546,0.0696152848425875,0.06561757177875016,0.12567399881094055,0.2834678327475153,0.030217673293213565,0.16649467974973042,0.12721152657362111,0.05384370734305577,0.09261608828105494,0.06523529618635138,0.17186217673117987,0.005908217542920369,0.16345203807874142,0.17021651634868284,0.19083200860346672
МО_0063,-0.5335108298236229,-0.7159864954629374,-0.6041690437948031,-0.5025091914544024,-0.5319306682698208,-0.45197437447388467,-0.3481604305844783,-0.39579350714407013,-0.4500863091985625,-0.6005261841845577,-0.5457472312654517,-0.6585593078923893,-0.5907128195447378,-0.8067436098914325,-0.7171654629408071,-0.7423372331483709,-0.6727137316529017,-0.7102262045414207,-0.5388350946948144,-0.6227933617269308,-0.6571608192295919,-0.4994258695947238,-0.59123335894229,-0.7458689397743843
МО_0064,0.06679308991371613,0.07087087027838734,0.07812250559450185,0.058554910386577674,0.07835891468156397,0.05372706904920932,0.060571431598695824,0.018677839589473777,0.04153178217204889,0.0896155796366358,0.02880940791652975,0.09379563546198,0.2749195550309462,0.08073403367522936,0.19629415525863614,0.18748966134114475,0.10651300108910533,0.040955632837352596,0.09934518148050486,0.07738442454252414,0.04072976425570829,0.1667576133206623,0.1893026844619481,0.2324197233046359
МО_0065,0.07177369453335025,0.06818064290164294,0.05623311935048925,0.04046005096573779,0.11406078923677754,0.07351593328004391,0.11830100351020967,0.1299665277756521,0.026105593478902733,0.06428943183684943,0.03457342734376034,0.07615412297571034,0.280609697586403,0.04567887456913766,0.1763965325036878,0.13883932003629695,0.05481395391180577,0.10557353658479762,0.051675735009569124,0.1849110493332784,0.0444981218681022,0.15950357197496068,0.165194871519871,0.2568168015587755
МО_0066,-0.4846067694505045,-0.5848721331824169,-0.6833504770731835,-0.5871212206818797,-0.5653303056522532,-0.39184700414049267,-0.35894677864808955,-0.3828238802183339,-0.5428570829343542,-0.5359101629314225,-0.543408710655207,-0.5922567028197872,-0.4846201364007232,-0.8926740955173909,-0.6729038297598517,-0.6651401657684488,-0.7859450677374511,-0.6437023097438903,-0.5775087390830809,-0.5679472828133463,-0.7166338415818885,-0.6118580848017388,-0.663966368537162,-0.7581527596265438
МО_0067,0.07810485361600072,0.07345867488213997,0.07473305768652239,0.07070285156548017,0.07195223968464326,0.04236257662069498,0.069773306037483,0.004309723881819494,0.07133815825366696,0.06215996510334243,0.07105024264099136,0.12830433003599317,0.24092770699262545,0.01817850469751825,0.21616726605034664,0.14295434573804933,0.09642081475915454,0.0664459155554944,0.09913895135929174,0.12860314552012042,0.07255912421558008,0.14951818896531144,0.14082442542541962,0.2287111350560611
МО_0068,0.22623966110638172,0.21680536741846446,0.20564961143693417,0.2576693258420786,0.3208177591536465,0.32842743428064836,0.2886843950020115,0.26824295026839096,0.23465433163238814,0.16856083489345863,0.098990762377964,0.12117556165576104,0.3098814969736523,0.08831793841930669,0.25166306306159036,0.21675795791052188,0.23540320760179156,0.19689494898934434,0.19866583447354103,0.20367853080153608,0.13030052212369903,0.12463135476322407,0.12132704963446983,0.0702804138073212
МО_0069,0.09598985313635033,0.053199864963188404,0.06438774285639504,0.07727055911314018,0.06183876094685736,0.061590505154036634,0.05802254765729664,0.08210063111156707,0.07128094645731409,0.04141884713179245,0.06479988424105088,0.1307946027397744,0.31131347900169537,0.03548465906075293,0.22762169252578168,0.11062953271881781,0.13369089856222693,0.11103269300589957,0.0879049054096459,0.10534096553347183,0.05176868771621024,0.1776987612594496,0.19293176196999084,0.21270114493414383
МО_0070,-0.49698508516467754,-0.6278082538955019,-0.6468199866337407,-0.6573728386043332,-0.5624823906576992,-0.556384532886236,-0.3629150757899726,-0.2971501050385825,-0.3497718525984723,-0.5680435884297967,-0.5415540336573912,-0.581795569909767,-0.5629191260122628,-0.8080010738728145,-0.7883760976407306,-0.7025791181937642,-0.7562062759300741,-0.6333253330796538,-0.6692610051079466,-0.5257661423471305,-0.5728001150404936,-0.63473217238381,-0.704447226094933,-0.8585502915266545
МО_0071,0.19647681710052467,0.19228232049315253,0.19222207173732286,0.2532538130949664,0.2946077573571255,0.27573639015176177,0.29511514537376193,0.2941981327378649,0.23176762948462404,0.16481211223472414,0.13371941478828653,0.08966499682749252,0.2989556663118904,0.08950512710241654,0.23787463434801737,0.23064124266338482,0.190228959794581,0.22510520681912105,0.22144942515944344,0.14511562291704294,0.1365275556398835,0.09362616685806024,0.13521200411865664,0.1315419446471715
МО_0072,0.08549039462117847,0.042763460005298626,0.04311213430543148,0.08823638580600779,0.02343990665388418,0.08852177750059553,0.06534962191858007,0.02616534174540064,0.03953365226779226,0.031660127783981196,0.09584619286881946,0.12145513510104422,0.24793733887779013,0.06528575723770658,0.18205758082031132,0.1819731504456854,0.05081253291960408,0.12843660095121834,0.07820949894658646,0.06576594803898317,0.03772142987675586,0.13329447749439538,0.16581655499338765,0.20847885460685767
МО_0073,0.17724677676819134,0.16030687500402152,0.21564893056732082,0.2081363140403667,0.28856394763306703,0.2790690515525984,0.28878227204605444,0.3127913039910766,0.22083712195291128,0.1723200536446008,0.08580934849214295,0.09980397328248891,0.3026143168961788,0.06606810223442672,0.2654326213883511,0.19787814422621608,0.200110306170167,0.20318775986408788,0.213698662916455,0.19064901909387721,0.10730356902826266,0.14985621632955493,0.1328452294819531,0.12073686133195771
МО_0074,-0.1390413411984852,-0.29720029051186714,-0.43992080631626074,-0.4802307046972114,-0.505389173746206,-0.47973275419458083,-0.3512238413438933,-0.17779455884137008,-0.20796042474926146,-0.06950718692635505,-0.1828265630424788,-0.1457098657094189,-0.013070386572310966,-0.4154645104091461,-0.4158485653024844,-0.5807718066946208,-0.6164834520810416,-0.5838896919587473,-0.5066448506144265,-0.3505662722074856,-0.27739837904319486,-0.16782396068937544,-0.1371553192095547,-0.2346587815354617
МО_0075,0.10673074716141961,0.10310873733839543,0.08287405948402693,0.0863843281982497,0.08372107168276521,0.06641237259270838,0.07611780765897613,0.05919100107612785,0.0411024495929837,0.12860143649078815,0.056300907447459636,0.07950596947454613,0.3125324675975758,0.08494915325213626,0.1658094042623297,0.1768481990288162,0.08848966920287182,0.0469817949541973,0.11487186456271026,0.11939424737827053,0.02010339563859631,0.21065852792517958,0.22381902810483822,0.20532816534619514
МО_0076,0.14271556054740486,0.09152797299427284,0.07508175390381133,0.037620209935729676,0.09854055574955645,0.06895013349145529,0.06744308908653984,0.038237611042646336,0.06092500006185553,0.06008289444416626,0.029855207281038076,0.05532793026843308,0.316466774258366,-0.0006631286582639007,0.21411546649947866,0.12882535965928987,0.13056290466979448,0.06550568153605241,0.09899286755965164,0.08871656499325198,0.061452100001618604,0.17944813864504994,0.19017843556411407,0.23553069534989923
МО_0077,0.18193113023989937,0.20980605602995261,0.24169525444004059,0.2573941878045307,0.34193606252912545,0.28198232297845216,0.27862360845960055,0.2528853397893709,0.2329177419404882,0.17737109215008218,0.12338244761193806,0.09042409497308412,0.31364561016392933,0.062064584939674816,0.27045035616552937,0.2790808444070336,0.21316665181890215,0.22657095537675254,0.2005550543509056,0.16725455410924894,0.10066705430907597,0.13272091334314062,0.11859289310147858,0.14548218280192948
МО_0078,-0.13766237547095095,-0.27846822947718053,-0.4350633675856326,-0.5190073092157483,-0.4573737767040651,-0.4687583474293522,-0.334183685018429,-0.25349819807400387,-0.16803229205769554,-0.15657802927264441,-0.18620967908764108,-0.16486326808121987,-0.07381383199693126,-0.4864564528561903,-0.4240525630454606,-0.5562037254228773,-0.7039656603429592,-0.610412165721792,-0.45891523054775263,-0.32348889841266093,-0.3314806221242428,-0.130797355928161,-0.06400775736774733,-0.14916612567214038
МО_0079,-0.1523883076725383,-0.31237478523471296,-0.447876252351163,-0.49337967460162524,-0.48815164506792286,-0.4422887024374553,-0.35013649001457203,-0.21290746814630523,-0.1505624751101049,-0.06891391400330349,-0.07226680577828937,-0.18658185724755683,-0.14839946155148986,-0.37327153714725547,-0.4124072192155843,-0.6269332637623428,-0.6462781199893328,-0.5429322076478194,-0.48639285954248734,-0.3594537043612558,-0.22929835105573382,-0.17902676380350258,-0.13683018069236041,-0.1717935850298442
МО_0081,0.07104482403196322,0.07620329742508503,0.08339226346883244,0.0828183352856211,0.09065788759105153,0.09242548995177735,0.06415372557206744,0.05197214576350362,0.13814665765525547,0.07400398750029247,0.04827499046370676,0.07865438794071622,0.2712317754581317,0.10549060146898981,0.19702183190384304,0.1469887256615987,0.08941024623024951,0.1022545000488968,0.05380601834557375,0.06835681164609575,0.06476857461248109,0.17537182125844453,0.21403107644678165,0.18135043694202757
МО_0082,0.21535478462385704,0.1890369806368728,0.21281168708855702,0.22531436747428302,0.32963033196745783,0.30991954014521284,0.31830646100014803,0.29771627038212145,0.2759618755742945,0.13322811138649193,0.10656978280144713,0.10055973427173726,0.2812918718496942,0.06500701554061195,0.2412783032368857,0.19760000163844893,0.21253847623821898,0.21594275909217053,0.21615858129686316,0.21361338956375064,0.12478157863821515,0.14711063942863767,0.18995585268245208,0.11572360629165779
МО_0083,-0.63370604112189,-0.6498367140075327,-0.7030354990855958,-0.596787833110545,-0.515349014554058,-0.4883860522091332,-0.2988602096207238,-0.3601466884388742,-0.38473338169967164,-0.5332930383955752,-0.6277540118017519,-0.6510606124510971,-0.531428269992718,-0.9058890237610395,-0.6969967962429742,-0.7152123224489202,-0.7137857477468952,-0.6839766045925622,-0.6181776180945597,-0.5617520132496505,-0.6194857476313249,-0.5653336001705238,-0.5935582867768687,-0.7654665255755191
МО_0084,-0.16682312403659516,-0.2761495057603689,-0.398268676321349,-0.529460483248366,-0.4643400649149907,-0.4282814490353051,-0.3037439839130709,-0.1745251898914102,-0.1890028219747908,-0.09974553427526978,-0.10664860872820903,-0.15832373477986295,-0.10204421646106532,-0.4944337315170806,-0.41896639060291463,-0.5890880543244137,-0.6142856008706801,-0.6055689210105673,-0.5191921201309455,-0.3295993131734143,-0.27929676439599227,-0.11396399909531318,-0.017469495725462636,-0.16915746278334076
МО_0085,-0.1291736055094166,-0.3367581858564339,-0.47417877059923796,-0.4487792880470778,-0.5328949951909703,-0.5092226255402892,-0.3569753993880802,-0.24926572269529856,-0.1904464366861447,-0.11250039139709322,-0.05792468788695082,-0.18664053639183464,-0.1318205990513075,-0.39730750655184544,-0.40298169196655387,-0.5831745727684439,-0.6810120207456603,-0.6035921136001541,-0.4773939637711422,-0.2923443639931378,-0.32679690446303944,-0.14051607320860882,-0.07789825998637134,-0.27549973763665214
МО_0086,0.22248081114080698,0.1802651877346566,0.22988236985342247,0.24912710096093882,0.3252988928236942,0.3082695969425373,0.25866078365197254,0.25707645701615256,0.2224729931965843,0.16351303574229803,0.13088952901412476,0.128670567068621,0.31047729902594234,0.0822731816415967,0.21034462429558332,0.21282245096714014,0.21416499185025017,0.19309984761258825,0.2230377443312488,0.22162668647633055,0.11525878109559784,0.09330322083886777,0.12197121737554184,0.1487587671331383
МО_0087,0.07861286258790123,0.027224742785515232,0.11298166780624008,0.05782988116270005,0.11423325723907496,0.06296080472831633,0.08075945897621395,1.5932783204801435,0.07795175379450292,0.13049977147371372,0.09898962692184021,0.05207212127279348,0.3129120183524403,0.11163794383638326,0.24403417488672474,0.13036970190013086,0.12626383981904077,0.10814199979720485,0.156383864241187,0.07812392814293112,0.042817638105020706,0.14815947126365003,0.18934844255268857,0.1789334263220379
МО_0088,-0.6787155787743373,-0.6214529004053784,-0.5975424466492107,-0.622315656843405,-0.4124896941749352,-0.4642959766783683,-0.33485506248154273,-0.3745248115062214,-0.37971793427732514,-0.47277728630179183,-0.5093575356400226,-0.6501039198993244,-0.5152725915708896,-0.7947567987228155,-0.7023957180068638,-0.6956668106463617,-0.5913089771484543,-0.6568269310800012,-0.57022761435584,-0.4900201060275382,-0.5670130847646142,-0.5949873584120837,-0.7667705321722789,-0.7249139984667323
МО_0089,-0.6515555164218014,-0.5262210651721606,-0.6075366560745419,-0.5476708635745098,-0.5543643102604427,-0.5425901409791631,-0.3863687960336897,-0.38927600414052677,-0.44561534107984535,-0.48250629996183214,-0.4394249726335886,-0.6111746100374926,-0.4876036966821644,-0.7708766008276502,-0.6140083379078884,-0.7254195102376322,-0.8057663548421026,-0.6527363906255292,-0.5506140734986786,-0.601399073326764,-0.6328440463362952,-0.6301616664481671,-0.5724996344322548,-0.713276288628828
МО_0090,0.1145552149980702,0.10539707887301297,0.07480676858036794,0.06335590189221385,0.045529505154373595,-0.010941214890781481,0.07150511880019828,0.07165690934683866,0.09330504148963392,0.10931693249950136,0.11695939139303313,0.06954159300934215,0.2889442218455791,0.09180354966972715,0.2839102910229059,0.18757082750332188,0.12489742132334847,0.06867608914418888,0.05271235219744064,0.12429121673188348,0.025019817470003147,0.15018995218803965,0.20061176858379426,0.25342141148863107
МО_0091,-0.5583166686386338,-0.7216804086478525,-0.5907881172510816,-0.6326056572233067,-0.507127202129503,-0.4693000023562668,-0.4130917150316371,-0.34807880305348426,-0.49768154368962314,-0.5125900752461892,-0.543594871579332,-0.6836051261731626,-0.6205189624388279,-0.7796456782424812,-0.6318267135784215,-0.7181656869747464,-0.8010705693818139,-0.6080085966402873,-0.6741952530694881,-0.537469089728603,-0.6683989400489363,-0.6535651435864,-0.6696965978783957,-0.7599140172205185
МО_0092,-0.5727922160099723,-0.5702827628084641,-0.6383138185571475,-0.5486450209845195,-0.49520009506921703,-0.4998426276439769,-0.4427035094323628,-0.4699706470950922,-0.4065016408786466,-0.5044687413610376,-0.6964065436383766,-0.6796866310444152,-0.585130328438078,-0.7342895657967841,-0.7731203756951626,-0.7879834665792984,-0.6475298073030533,-0.5754689261020296,-0.628450005934786,-0.5845133447114552,-0.5932139789841617,-0.7119281691453168,-0.740660781249689,-0.7647858094416922
МО_0093,0.1415057133626263,0.07367713683438204,0.07895234990898636,0.0914428915933101,0.14429158456868763,0.03734659027728604,0.0664975831778456,0.11659885829895877,0.011361126181130388,0.09300429013364564,0.03930997087222643,0.10255647182125394,0.29223360147206456,0.048653172772249675,0.1784600928608917,0.15146028231951725,0.12118168630827775,0.07641764171501286,0.0813117358940918,0.1177592022191174,0.028891092206643876,0.17953381796983514,0.2286353999656452,0.28374283777745823
МО_0094,-0.5593870130186289,-0.6226220168026284,-0.5775620560555179,-0.5566993561225022,-0.5360131110202264,-0.48512290116066303,-0.37234997332984676,-0.4289750441794524,-0.44156499917273884,-0.4822597256300494,-0.5279998329940874,-0.6831308182149218,-0.6321978500768637,-0.9089033187812277,-0.7509520984358034,-0.7815743125025918,-0.7107588273893342,-0.7027510916551094,-0.6263386069895631,-0.5916133478201129,-0.6460511418542279,-0.5294479627218962,-0.6145037175528856,-0.7499426686353559
МО_0095,0.08117820796132591,0.0737520597806931,0.08575664025548946,0.0749542856169576,0.05385651738732555,0.05574646714016218,0.006054097829958138,0.0682886151837927,0.07989158169563382,0.05377479921060413,0.1243552467272675,0.07304514738507706,0.30603538535316943,0.0763187783933077,0.20494422066733797,0.13973818635176194,0.0945286573636821,0.10574849011458021,0.1205404282203375,0.1005564728952617,0.08249913756218241,0.13629003432944486,0.22703377063563934,0.1827743031001372
МО_0096,0.22361828650379145,0.24812701672664872,0.2208007822248561,0.20034256815257478,0.29264570632952136,0.3218886120104525,0.3172681292270756,0.27775031393277416,0.23988225772861682,0.17710170224966326,0.1456918181680127,0.1312717094881659,0.3287422733520877,0.09373460217081231,0.2653765525478722,0.21578953448252136,0.19380841265629023,0.24904414547197717,0.21473634325527158,0.2195564318482326,0.11519624185790889,0.14284850514671632,0.14775264248142683,0.1397548643173696
МО_0097,-0.12636727322080432,-0.36211465909095963,-0.43131225124082917,-0.44080071420982314,-0.5045076784676361,-0.5394840103509111,-0.27968948712251773,-0.218362325767691,-0.1571466907809249,-0.11515817209185286,-0.06380563940128603,-0.17608012804761053,-0.030143442696020983,-0.41332343995886767,-0.4128862914245808,-0.552533235729074,-0.6247240615691521,-0.5319815745342424,-0.509819499581246,-0.40384825266169955,-0.2607560205525541,-0.11188574482546443,-0.08569440028169595,-0.1639399092470537
МО_0098,-0.16139849132548356,-0.26215642452631904,-0.4245247980479636,-0.5315770083506184,-0.508431456483855,-0.38663927473051096,-0.4248104858212365,-0.22566650198837124,-0.22151059353336144,-0.10463079618148896,-0.12444481599912294,-0.23780192390575827,-0.06051219605931024,-0.45021277387552594,-0.5066418221465252,-0.5247711043115277,-0.5603250929810262,-0.5142022056507489,-0.46084752867111334,-0.337128922045407,-0.23220736063242065,-0.06983993453454573,-0.05956129826714118,-0.2179105481209671
МО_0099,0.20583198484632703,0.21270452206461243,0.1870501206059405,0.2535806511611387,0.3490670015140047,0.3100498326406811,0.33567485511540696,0.2764303365618481,0.21824452412984208,0.1750380612663136,0.1050207814593005,0.09360773221053975,0.3236343554407366,0.11400552735001668,0.22744923820624585,0.24129205203531434,0.2040984293753496,0.2217049641534068,0.21961662251751868,0.2233458298934714,0.11437580560694549,0.18278205807115455,0.1537212414249769,0.12351866941140699
МО_0100,-0.5822449330675123,-0.49178497618398076,-0.5925191034739576,-0.5620046933008549,-0.5896680439119688,-0.5060998684681159,-0.33751233084481136,-0.37325127622809084,-0.5167272865134347,-0.4348248675492794,-0.6049859074528374,-0.5823350381121095,-0.5444704109055145,-0.8028381111042915,-0.6290337161709143,-0.7607905751353279,-0.7526706298500354,-0.6531320049951344,-0.5498422190174423,-0.6194529162016842,-0.7074274788062827,-0.5543871329458625,-0.677750012652762,-0.7703604400451702
МО_0101,0.16466887974322653,0.19033461289174447,0.2230911140516607,0.26280099512118227,0.2881825616697249,0.3303986317293166,0.2925154730029753,0.25911020592756984,0.2504560416474746,0.17164183651197362,0.11029681983875683,0.10978057333161573,0.32536973584818973,0.11588273688519912,0.23093550093258663,0.22108339974265512,0.20764076544082144,0.19518399045326618,0.20929854867581632,0.20356527774001876,0.13552563114841476,0.1787273187313385,0.14094879666259885,0.10675592108479925
МО_0102,-0.5073671883878674,-0.6289773491655737,-0.5865783420473356,-0.6020498889365715,-0.5577286822383218,-0.5128066029581433,-0.32705358043919297,-0.3954169060998858,-0.3390205950770717,-0.5124211770342164,-0.5632365071786261,-0.5332670512550326,-0.5929479642084932,-0.9079641704003052,-0.6236519385361365,-0.7572563818622484,-0.7040636076636488,-0.672602994497808,-0.5777927199507378,-0.6004358639302971,-0.633022753205994,-0.5730824129702246,-0.6980165413381254,-0.7857533408814508
МО_0103,0.1948574311100586,0.17533789049425863,0.2147912403283101,0.2465693687667816,0.29561618616264873,0.29182357946603155,0.30580856006844037,0.25965717271062694,0.23353014192685606,0.19613219596073073,0.11204970657508007,0.1225872005847819,0.2935159211886553,0.09386842739345624,0.2785869551420568,0.23210526680459864,0.17036933811127675,0.22398870529253756,0.23506952459499786,0.19902689713102362,0.1326341376920368,0.14077650734207658,0.11782220143933309,0.11385836433866814
МО_0104,-0.6284056395279656,-0.6117064773639012,-0.5516682365019303,-0.6931427098554241,-0.5732335931470853,-0.5165663795722395,-0.40257250822629587,-0.4058816714250302,-0.35108148068718315,-0.43902194754388546,-0.5530331199317704,-0.6456193716887508,-0.5204171381260885,-0.8561725631709862,-0.645120927422667,-0.7715181393105546,-0.6612594397632261,-0.5839999588692866,-0.5806576288940981,-0.56171970651911,-0.6040102533963445,-0.7386490978030853,-0.6324881861001383,-0.7564168392911466
МО_0105,-0.5431132091434989,-0.5643913010743304,-0.6197487957124412,-0.654664907400667,-0.5163288868926603,-0.4615869931101191,-0.39365981966169805,-0.37949986377846656,-0.36906984752605965,-0.5410410916501771,-0.5690117444269589,-0.5884044024750335,-0.6268092018221889,-0.804091111366315,-0.7172503701991495,-0.7344514458162514,-0.7482686646190597,-0.6517846197602513,-0.4991380782771575,-0.6161305716298706,-0.6825062489357698,-0.660669907806227,-0.5612301826930057,-0.7738661246752212
МО_0106,-0.5418637565080324,-0.6198570737745346,-0.6632314935543597,-0.609412096898831,-0.38634657306456255,-0.39536122126544804,-0.4420534061303627,-0.35521712698963626,-0.462614438405307,-0.575557745940781,-0.5268212213519696,-0.5948962450737678,-0.48777601442293417,-0.8365667078662966,-0.6963202318005965,-0.6784276489096897,-0.683453487590933,-0.6629889575400814,-0.6721544500044114,-0.5472152938639105,-0.5700752668500222,-0.6554525937497591,-0.6156631279406124,-0.734172054642471
МО_0107,-0.11857094566268778,-0.2587767127129794,-0.4504810826547967,-0.576770841924608,-0.5172965850209525,-0.431899769980463,-0.37709159868045816,-0.27341975911450866,-0.2272001901053997,-0.03019556046653271,-0.07407117093594273,-0.12360495278757355,-0.03736468420548178,-0.4119429169261011,-0.4324467226512567,-0.5649043921073851,-0.6348279146842692,-0.46841754916601275,-0.45296930504519395,-0.3575232652425484,-0.26671375450160184,-0.17757003466240384,-0.04472377763859825,-0.20669180786406116
МО_0108,0.1100415593574251,0.11872836837167888,0.08746730248308232,0.060263313170977995,0.08140910511602328,0.05295881156512294,0.049701730222023954,0.048452698765583335,0.10141481564640031,0.058920759036476866,0.0462855487615812,0.08399337290231301,0.3325232933149884,0.09766171978822058,0.22476302603760878,0.13544221542461088,0.10851638056858626,0.06100289406214898,0.07141992019172072,0.1297181148521389,0.0842679857646047,0.1278857473389241,0.17838931346659592,0.20889511339934863
МО_0109,-0.07953158120520065,-0.3702783392804996,-0.41156915539496275,-0.567134199180936,-0.52132904373466,-0.48204199940411385,-0.3722317762768945,-0.267009863746571,-0.15405789401335923,-0.12171168531379273,-0.16559801198712165,-0.12320600753765198,-0.0459588129907047,-0.40128427898693175,-0.4843029482946388,-0.5463971018391316,-0.5906861858683072,-0.6150552620801957,-0.4748388563698871,-0.34362191340090575,-0.21164759912552178,-0.06015543646764776,-0.17147830211537496,-0.08049196380265577
МО_0110,0.06755222474415135,0.11616923830920634,0.10503918558284298,0.027558506611134348,0.09588307638551719,0.05142603214375363,0.08363258502881976,0.06885737073009324,0.09291728899798102,0.06443884431141278,0.06482321476027408,0.132364227799874,0.3169240518398304,0.09934792262291303,0.18801555052288244,0.11180996794995046,0.07428384216581563,0.06168508624025115,0.10279431919168225,0.12990350173920717,0.053385746711061444,0.20027061328217854,0.245109188866806,0.21293601630696202
МО_0111,-0.5816763920678021,-0.5209490942474453,-0.6190612171856262,-0.5913463047465619,-0.5262390046317194,-0.5094542836290206,-0.47283848675651363,-0.3559524159648557,-0.4602083524668181,-0.33376280254862856,-0.6321004463658255,-0.7157700111550138,-0.5145716911946572,-0.7366077714569528,-0.6847519622533369,-0.6873038055832321,-0.7952056603312734,-0.6771826612598169,-0.6448816454553814,-0.6476613460684053,-0.6181767371106339,-0.707714560378573,-0.7137108953287843,-0.7776088290998278
МО_0112,-0.18182830963002417,-0.2777993926134581,-0.4104792653016833,-0.476340516080592,-0.4658604546851315,-0.4218323511070885,-0.35548817853978143,-0.233519350127537,-0.13388562835164564,-0.0946351947529287,-0.1229874889896383,-0.16769849341215348,-0.10877603560985882,-0.4181465781914451,-0.42643417540748096,-0.5848807779679674,-0.6442151328735672,-0.622223128453923,-0.43605213264768494,-0.3358265408072203,-0.3198456262511833,-0.1047933679640689,-0.127321998773942,-0.23650906911226421
МО_0113,0.12564566505532504,0.07063612979240119,0.06365727345066752,0.05866461402686518,0.11536271925404762,0.05525316319772422,0.03102917110549086,0.0782535117820391,0.04247741270902061,0.11881457716291521,0.06982584518312684,0.032431235871198894,0.310233122058742,0.1357314545610926,0.25523075934700223,0.1980964800546019,0.06072270090195353,0.10767429968997178,0.05754850493999264,0.10735266221289486,0.019851082534842135,0.13800936977096612,0.1837677061329437,0.23259070721922548
МО_0114,-0.11654811132519605,-0.2825829435285083,-0.4767193296999981,-0.5245580432760004,-0.5258004633113469,-0.43267783241376456,-0.3082840484267315,-0.2034026027189686,-0.18455495320509385,-0.209882787540149,-0.17777819251815785,-0.09753571291527585,-0.09212389724945425,-0.46504023611844225,-0.3569671567066255,-0.5077474301229632,-0.6167473912237931,-0.5855433029851707,-0.4804898348096973,-0.3298847356529926,-0.22133173421546815,-0.12023658097866097,-0.07586288506060157,-0.13347823966896932
МО_0115,-0.19536391623295835,-0.26346125700277945,-0.43448522316424665,-0.6127362737489221,-0.5810825856730713,-0.5081895671422902,-0.33416251339571446,-0.24110604354659237,-0.14697150814138737,-0.02226372334110316,-0.15786330118734782,-0.15549812620591297,-0.06389627876410842,-0.4644621760493717,-0.4215404986407574,-0.6223518013058715,-0.5613290914095828,-0.6010717614438299,-0.3939497797060323,-0.3402702205451895,-0.2442114828522861,-0.1392673927077972,-0.10613379967258751,-0.2036102173606551
МО_0116,0.2041875663693542,0.21027417306706653,0.20755728980598143,0.24169254965152653,0.2914051876732753,0.3432443907169631,0.3044119780883392,0.30367668499320466,0.21579644399336573,0.1725983862953928,0.09491003298608369,0.10394178411787003,0.30251895771313464,0.1182787571118844,0.251711020071518,0.24960648316809575,0.21865221109152877,0.24745681945289277,0.20923140538271667,0.2512632747440211,0.10301351751139798,0.1392495814811614,0.12333192763599854,0.15765547739317753
МО_0117,0.21819403923438685,0.19723178451117818,0.24822291392175444,0.25794728167107905,0.34292971442192943,0.26629445266986806,0.30089939132028576,0.26352161428041754,0.18023523708134803,0.18861917756028923,0.11592938330292135,0.1276758600549588,0.3455037029839403,0.07949380665613504,0.23884830486484887,0.22430535933871631,0.22558257594713815,0.20357453215739518,0.19779301778617508,0.2246026059358126,0.12029422804644163,0.11368425290501882,0.12302514864039615,0.14105970123856082
МО_0118,0.20984365344360612,0.18867028055803914,0.21983426683958562,0.2444581714247569,0.3183218322000201,0.27008584142748937,0.28938761071316144,0.2782311570565401,0.21771219899961025,0.1788498171174293,0.09674716647179693,0.12002580948065322,0.3201399366848978,0.0962950514356713,0.25005359931322424,0.22001440389291638,0.18914060583204062,0.21346882081480167,0.23560636678642588,0.2010782503989823,0.09492536178271216,0.1447338763898074,0.1515499905752975,0.10356470401839957
МО_0119,0.21151115344329163,0.21437107439376568,0.24102212359237818,0.27266462741402364,0.32352433948186565,0.2785663280417072,0.28813590455504645,0.2712566124300775,0.21068538346473176,0.14464609892547564,0.11250347853552967,0.10339297728284613,0.28487130950212425,0.08024289076958624,0.2708403815243585,0.2259168367692208,0.2552738104085801,0.21831895638399068,0.2046109342500717,0.20354147818408208,0.11785128113855237,0.16328389730853665,0.18906721114695912,0.09412857466246471
МО_0120,0.12078037812408482,0.09298155740780878,0.02879131387981282,0.08055017687923183,0.11911374939445984,0.028936752358411866,0.06673466885308876,0.010176573798442945,0.019262910646343556,0.0936177453455489,0.055866941662841896,0.0662182115600185,0.30639598382782474,0.06172114785035632,0.19382850095737503,0.16534763216215254,0.05646350569536729,0.053148771430214126,0.08383074089656084,0.12970627395283252,0.09518446444172923,0.13739119110659992,0.23217641606144213,0.1821097800108351
МО_0121,-0.07552850231570929,-0.33900657371852994,-0.3695633205461135,-0.5383519101907606,-0.41542594580185366,-0.44381203352744514,-0.39605210371574806,-0.26654756534190405,-0.12309892821946455,-0.058195685943948305,-0.10992834026193421,-0.1526144608000255,-0.045739578370898926,-0.42973931430740464,-0.47441376281761016,-0.5908727889281042,-0.6083205423745177,-0.5251878826827046,-0.41056648933069084,-0.3077900707576333,-0.27384199502679785,-0.10718272250885086,-0.1315740803904415,-0.18637828244210475
МО_0122,-0.18154210504556012,-0.34360543713004965,-0.4093605125123343,1.2396011289328275,-0.4684497046132776,-0.44562038944584614,-0.3457056716864635,-0.2233933595331017,-0.15605350027751186,-0.08378580683967485,-0.13614549270040932,-0.13961255501299874,-0.04933699226521959,-0.4617985085107268,-0.4206002844843617,-0.5832979283276707,-0.6387856079612284,-0.6188043535466985,-0.42457478929051007,-0.29634384059968966,-0.26383627129915865,-0.0582474398703976,-0.11247387424490185,-0.058978547427349426
МО_0123,0.0881831139178555,0.09440484003206429,0.0639909087387256,0.06859898021819788,0.10615349040693012,0.05123455268014254,0.12030428030337781,0.06911168019767722,0.06514166602017823,0.03490692718161981,0.08241440907957553,0.09546148418387723,0.2812649810139529,0.05409928854883539,0.28810605208334117,0.13526353388653334,0.04760594383995986,0.059363084018691836,0.0776613059478084,0.11702399120888174,0.07468355104879265,0.17764147927074347,0.18470929785473267,0.2158472621199934
МО_0124,-0.5843847766961776,-0.6307000758699228,-0.6618957983592182,-0.6570740072980232,-0.4560482789084901,-0.430534182265216,-0.35057324674184187,-0.38563017884150597,-0.3821979148287298,-0.5748038342305986,-0.5346423913329339,-0.6440448959056937,-0.5087231469678706,-0.7940722804528857,-0.7373342028273413,-0.7908179153621475,-0.738630997767487,-0.615061219911583,-0.556696288239733,-0.6213061674401033,-0.6730807171852398,-0.6317349635950933,-0.665466350037752,-0.8188516809417887
МО_0125,-0.20545894683758625,-0.3265291445580427,-0.4192523195287823,-0.559316239508151,-0.5005879443925085,-0.42512275003587163,-0.40748263203595947,-0.25391585649662574,-0.1133559070783825,-0.11703219826312328,-0.13004650422729291,-0.10786095946630425,-0.08832178283552317,-0.39083145037961486,-0.4055149527989883,-0.5720676140588914,-0.598537718876683,-0.5609891987887714,-0.4343704734570739,-0.36090506910309195,-0.2836853827969872,-0.13959590513233522,-0.07673812071657515,-0.2212562118095427
МО_0126,0.2221446287467863,0.21324077462219293,0.19690395851162634,0.2683586944783336,0.348289026610372,0.3172877887156549,0.33474628883110036,0.2744794695913253,0.18647879221474994,0.130530224441344,0.12643895529634364,0.10104365980062724,0.2800167387308026,0.0853037468133131,0.25958307027521776,0.1928769250089939,0.19686007648186354,0.245106206326005,0.18890648212438954,0.2208540442742848,0.10302682633870042,0.1654946933621133,0.1694795347738367,0.12586061930171688
МО_0127,-0.49512382337995575,-0.6572976033896207,-0.5603273642971409,-0.6402892202998505,-0.49628166507281435,-0.4520524579642995,-0.37515038729726946,-0.37074799833971106,-0.46322879869822486,-0.5542327346132563,-0.5341793332371125,-0.6436091585299994,-0.48260978492743867,-0.8153100921147107,-0.7582396631343453,-0.6676094425423909,-0.721546819941393,-0.6262069111041768,-0.6235738304224796,-0.47069396805932584,-0.6678539900209888,-0.612444667003361,-0.6422286618895452,-0.8053582557535037
МО_0128,-0.13535609504847734,-0.22917931360304067,-0.4423209594055315,-0.49628675315674187,-0.6059332194351796,-0.4690220307009376,-0.3679331339764662,-0.2783979302566184,-0.1110881576432714,-0.11335120991352277,-0.11419881607669957,-0.16948850703012575,-0.15274633454726327,-0.48029070899091586,-0.38422982899926694,-0.6427518538176962,-0.6483779540852126,-0.589795981594202,-0.405460911605509,-0.30822709696863626,-0.3076204465503771,-0.0849547300635276,-0.13452467920221167,-0.1398850518824144
МО_0129,-0.20293196602890262,-0.25072541943017335,-0.43894781879662226,-0.5532326355556609,-0.4776413423491679,-0.45637109549273447,-0.37520137976044765,-0.22349988592038983,-0.17766593177497647,-0.07548656689131583,-0.08941083411149187,-0.15683771422688153,-0.09372899217129849,-0.428949619557228,-0.40066341872272737,-0.47588186183323344,-0.5801485232286563,-0.5347675813499784,-0.35166529850276085,-0.3183329085177764,-0.2659478850157839,-0.10897467497528446,-0.14526268548569732,-0.19800510948852512
МО_0130,-0.16882364685967488,-0.2677511736129574,-0.42966945546663027,-0.5065635288990382,-0.4524576191876992,-0.43293883313337744,-0.361880282661069,-0.2724578300353322,-0.10893518716228634,-0.06934581541217533,-0.17134998932477075,-0.1669269495948953,-0.0694530811959897,-0.4038580627029962,-0.38626950864648535,-0.5469975878954774,-0.5943154388462304,-0.571241707247486,-0.502159853824395,-0.34942182323014137,-0.2845739780026477,-0.138522447948894,-0.18032696255990643,-0.19614837742895297
МО_0131,-0.14632865006841556,-0.30491053237796883,-0.4325754247982463,-0.49257281108582696,-0.5391140914755841,-0.5325865512395929,-0.36933823417288636,-0.21509344994013269,-0.08684405484894775,-0.06901633308478061,-0.16583026698770986,-0.1636954816136349,-0.06580832443339979,-0.42790760671089423,-0.40110138632635994,-0.5950357858009276,-0.6151276165985546,-0.5569942661515679,-0.4421789481650258,-0.37119997425300255,-0.299139900157968,-0.24528798515108363,-0.12976252508527786,-0.2012256397506178
МО_0132,0.18141339761868025,0.2072264421834369,0.2221235513433797,0.19900916041717132,0.30791732438045294,0.27868462670888583,0.31592037267038187,0.24713501700469998,0.22030902138013886,0.16174936688696384,0.1273993521179957,0.11537718150825427,0.29320498079692037,0.05583323421180175,0.21772720524877087,0.21025433716239128,0.2056720312088789,0.2027438337196159,0.222916488340406,0.197874402146752,0.09342118707409064,0.1490168923053563,0.1520501813561097,0.11753267833850778
МО_0133,-0.07344171091225604,-0.3204121063018768,-0.42564161944139833,-0.4950475080452339,-0.4968927223616717,-0.4874895885210897,-0.4173817295931883,-0.2660914085223247,-0.19729427293712476,-0.16936572989352072,-0.13892687025977857,-0.19628446086922224,-0.05272223786494301,-0.4109675778912667,-0.458828740027311,-0.5687629731650219,-0.6920550465850859,-0.5935807773499207,-0.4592465102690788,-0.3059737320039275,-0.3138555087359052,-0.09506108352704956,-0.16553172324270626,-0.23015415599752664
МО_0134,-0.5050987102087561,-0.5161618652910605,-0.5913387502250202,-0.59967168389481,-0.6190179406775016,-0.5660871201163342,-0.3929360383959555,-0.40549896562127863,-0.47633005887959357,-0.48346273495696757,-0.5720401988598098,-0.6056800939789309,-0.5332485128246951,-0.7516537269885983,-0.6875817436230562,-0.7216826763329625,-0.6498126801459794,-0.692229127977301,-0.4504784863351947,-0.5341461796626739,-0.6049842861699446,-0.5693183805994213,-0.5537442732578288,-0.7111237688155256
МО_0135,0.046857317008633714,0.12885315102241002,0.0656973487735808,0.06064386560156976,0.042707423405085265,0.07043810501545167,0.04746145618782194,0.06494229079847891,0.04850413427604927,0.11992724206910665,0.12932724584743127,0.10087769591460116,0.3014315042351381,0.06619023180280159,0.24113333943572357,0.13330025528190248,0.07867538822402587,0.109667513720618,0.0630593682725955,0.09949132919692971,0.010600331951703623,0.17846875307114374,0.2622811152293085,0.22727080999893978
МО_0136,-0.09010490949008876,-0.32749981814883355,-0.4132495016966544,-0.5498188628927867,-0.5050664258168922,-0.4365764035874431,-0.3513386180152871,-0.3021636670642529,-0.20694734064992382,-0.15554801990820089,-0.0874416129953719,-0.07184501061229653,-0.02157536991665232,-0.5108506593536806,-0.3658305309212846,-0.5208978112619107,-0.6795373379217349,-0.5859352440110328,-0.43138488983733936,-0.31695390715109895,-0.3376974275637714,-0.11270559171630268,-0.19040407022539085,-0.18916193106206336
МО_0137,0.2245642231700291,0.20428208349021126,0.2132637089850462,0.26198036304417016,0.32310220129614997,0.32345190318200423,0.32369344205549844,0.2943995378380162,0.23436706175827027,0.17272320644702432,0.12312749441426618,0.10813804157327844,0.27406089843615433,0.06745245031629032,0.24163107487928848,0.2267611191362846,0.23465388084755645,0.2140728481060883,0.2304817755463695,0.22504513365962708,0.10809250561590567,0.1664726223925186,0.14266242379528116,0.13747770184358465
МО_0138,0.11408429652673036,0.051034526838733996,0.08076998572154714,0.10687257827110663,0.07564811153394224,0.06808349537458724,0.08337905002202284,0.030838514683736662,0.07234834291327807,0.0203618034559927,0.05109071365102302,0.13175398983298514,0.310214861603324,0.06825918656089058,0.22134698132799535,0.14136508395925063,0.09169286153395184,0.10001428361227305,0.05738730891232002,0.10183407239702724,0.048671609558834206,0.10977494147944,0.17644143436637272,0.25268024222686236
МО_0139,0.10655069581630983,0.04704139043734301,0.029713614881480055,0.0540642964130722,0.1279206385656373,0.04904930042760469,0.10621267149196889,0.07249512478323439,0.07116461817225073,0.022105242737893604,0.09798512449555652,0.08943433968995151,0.32540494650239893,0.05296842133370383,0.21326463111593696,0.1537279400100342,0.08669450696612202,0.09244608360325302,0.07121642887631907,0.08115218763914811,0.10620415688085316,0.18881162870829193,0.18122916470240646,0.22268737798278515
МО_0140,-0.5777157462257065,-0.6589521589023377,-0.564319877564257,-0.68285954585048,-0.4629159576725641,-0.4776008829428129,-0.40998384539477506,-0.3671082711615554,-0.39197835917227586,-0.5280565228399166,-0.5419104867976969,-0.6472323605046846,-0.6028813666187318,-0.8215671695843039,-0.6189174943225506,-0.6320861866803114,-0.6671608665779036,-0.7028242583836466,-0.5666705138757084,-0.5103660083780515,-0.5877403496458928,-0.5563254648636562,-0.6294379430620349,-0.754369756340683
МО_0141,0.18963773786394889,0.16595548880875555,0.23003529531855094,0.2479144948417673,0.3147586818509147,0.2705002354588082,0.31910692727287326,0.31386294385168867,0.22127789322507674,0.16617932708056316,0.12751736154070237,0.153529976449434,0.2778353090633505,0.09062281916056492,0.2312782160720399,0.21099198152733578,0.20484582272983154,0.24185525749586922,0.2464320617425919,0.21242166342351965,0.10518954710921058,0.20443359549788553,0.13898189500318736,0.09961226567482129
МО_0142,0.04176070504139062,0.1286317865567259,0.10497161392807008,0.12996337949988224,0.03939934200379902,0.09839716869610804,0.0691067504408327,0.08612020816267751,0.007593790203738848,0.10621931269698948,0.09345493938301885,0.09831499976457181,0.31886555352390644,0.054428661762019104,0.19056994812318884,0.12926451298314312,0.035733670612689394,0.10616248263676908,0.11495614955757105,0.07958365573747095,0.06848574587537826,0.14937682847857126,0.21390332591628258,0.18680673157861527
МО_0143,0.06850624169612374,0.11831128606009678,0.07400812860319661,0.11809248194199284,0.08247434151416755,0.02686970326122129,0.10381091118292574,0.08086120658305518,0.07883329034776665,0.09789487838306776,0.050275548027689965,0.09566470153860074,0.2943686779494392,0.038671124685818015,0.20004544618589293,0.18325923512820985,0.09843564957721185,0.039927887975318654,0.03253315878214735,0.1505672619928351,0.055330085089378755,0.13792073654640014,0.19583535410694175,0.16131481618542587
МО_0144,-0.4694270460150687,-0.6193705735985233,-0.5476402732472838,-0.5950719788457448,-0.437782154622969,-0.4521300423620058,-0.3567448820972956,-0.35164117983830323,-0.38987374645939,-0.4693426401393346,-0.5894393030409795,-0.5571291528273026,-0.5854254762301245,-0.812858063288159,-0.687237151340117,-0.6957938889254187,-0.7245019217530633,-0.62756976869575,-0.5996429882586511,-0.632006679442906,-0.6235481344989857,-0.6506014459495599,-0.7343203851468569,-0.7439054733646877
МО_0145,-0.516187636389672,-0.5733830246139942,-0.5876518142832214,-0.6942840156151409,-0.5773095997467639,-0.366288695473477,-0.4517669532446007,-0.3570537805858862,-0.4553851808552807,-0.4827557270350926,-0.6094594773488797,-0.6248238296749626,-0.5332399211094945,-0.8354879340875296,-0.7404900510845334,-0.7025272167179697,-0.7636642294104679,-0.6219330318691867,-0.4598766135466583,-0.4854005510079098,-0.5881083544671206,-0.5998535441851089,-0.7445387283745877,-0.816863459194165
МО_0146,0.22746094490408275,0.18811907757628887,0.20925741802100362,0.24088042845504276,0.28236623981748643,0.27271573463363374,0.30519711203094246,0.2549414528658325,0.20488851901394156,0.15178881294175461,0.1317845186956781,0.10824072214531988,0.29473682493947173,0.09849759843886474,0.24443057235333399,0.21636700057509373,0.21524663599887361,0.22827274953475118,0.20747077973864414,0.20507097604339464,0.09708563697501482,0.13736515730182397,0.16291593466911536,0.11993382521290918
МО_0147,0.21091105655036024,0.20953128615329497,0.2241665255005838,0.25812167578517986,0.3223093402148738,0.31547566942847816,0.30419103516765134,0.3005118965574507,0.22427810424416528,0.1800601573160101,0.12697907223568627,0.11782337010490984,0.2835932244923427,0.10058569725958222,0.3041772524161459,0.21443617444843532,0.20725752319597035,0.20598468737665243,0.20065185169757882,0.23434781009335914,0.09926202121513228,0.14509720869778775,0.11578312815515268,0.09588274947117092
МО_0148,-0.6260017981383168,-0.568127691758626,-0.4760254885423407,-0.6159885042506357,-0.5925966500009032,-0.4199647840926737,-0.4357527631872564,-0.3226284856150432,-0.4351397521614846,-0.518330148452609,-0.5866946450224848,-0.6150120493591356,-0.5514496585131123,-0.8379096805450033,-0.697923025249441,-0.779508685817639,-0.6831767093436394,-0.7326434136674749,-0.6134069317167796,-0.5149397931294732,-0.6088733346651924,-0.5660571506487315,-0.6508533806603527,-0.6922618303498798
МО_0149,0.22029907171742558,0.21283701926373766,0.24179337553055547,0.2592019090567952,0.29481789472747977,0.2703731310908388,0.3146138360034243,0.28369382657590236,0.24151833043229054,0.14868620796378806,0.10320869323344617,0.12208124128138209,0.2968849245202865,0.0488434482812643,0.25477352779307694,0.1848836176444575,0.18693249785000354,0.24194242012080025,0.24690983008495948,0.17914569316154605,0.10613361082142703,0.155431268626689,0.18315752318141065,0.10117760500552819
МО_0150,-0.5644260046423142,-0.5222816487960795,-0.6347498072701185,-0.561544479119787,-0.5831159016070124,-0.47352640451877726,-0.48238635715706835,-0.44036752119050604,-0.3790782320143755,-0.4892346335528064,-0.5937520542628505,-0.6903383686049906,-0.551111430637393,-0.7980177870502825,-0.6388356347774096,-0.8471732607974349,-0.744616348171478,-0.6353522718657789,-0.5961440147966179,-0.5327402414446745,-0.6106487345055012,-0.6108165724477228,-0.6739437568237712,-0.7630242138859309
МО_0151,0.12947126687343413,0.06478880149221311,0.07404004446261325,0.06292947983634178,0.12789557046657762,0.04564279672464622,0.09576688457017646,0.09889658375662513,0.0551144764871534,0.05585528864472877,0.05998782668161695,0.09180760678088085,0.32513936871137794,0.08432382011095108,0.21501184196573675,0.10941114608050917,0.06229080414214039,0.14461313255397812,0.07387356937343448,0.07738082036303595,0.10097263036471205,0.16579729917795483,0.22139975455978878,0.20149263655649996
МО_0152,-0.55651545801949,-0.6081972453440869,-0.6851472581491365,-0.6020509350391041,-0.494457099499261,-0.37244160562197237,-0.3951065619904881,-0.5043046842532348,-0.4257375714112186,-0.34976415734305455,-0.5344784554859494,-0.6934453345963743,-0.5105233012538015,-0.8501741166498036,-0.7556718210778399,-0.7333343947542996,-0.6984519674963945,-0.736914859096899,-0.6486588235254356,-0.5523922754118935,-0.6444344076112767,-0.5758326157407474,-0.7083345133898398,-0.715043451971491
МО_0153,0.05949622346694561,0.13603106853751257,0.02445149762558252,0.024652585304886898,0.09360616666129928,0.10457904201666501,0.07645397597333314,0.07882293926414619,0.057553211487064715,0.03138490439357433,0.055155286395882186,0.06312500920872033,0.26115087386076574,0.0894459883728782,0.1742578112280011,0.1527544715936049,0.05226082389676456,0.08920121841417128,0.064547864063206,0.14282244623990614,0.06775122226440544,0.19441652950727217,0.18138570556109634,0.20731834902227142
МО_0154,0.06557638163526391,0.0743408821970526,0.06806111947459215,0.0356534667957753,0.044619956804972105,0.012246524762156596,-0.0031897585813727147,0.030246807753570693,0.07585192133702812,0.014221902056632985,0.028815751455464778,0.1532092579451465,0.28041729139862426,0.08702490106823113,0.22722266508565525,0.1630436352853426,0.04564607954515587,0.07337793741368337,0.030661523046543238,0.17401351599769654,0.01019339747656467,0.12590783615135415,0.17283708140860732,0.16073423451326008
МО_0155,-0.09447311980171946,-0.1967578166584012,-0.4417324377502876,-0.5649093917917867,-0.5854328239426785,-0.47722921142242747,-0.36806605946587645,-0.2717098712146093,-0.1454911662693643,-0.0844945369359511,-0.09417638627543923,-0.16704578691730276,-0.1201385728596307,-0.4083779274755699,-0.4221730180672143,-0.5228195269491103,-0.5861223181216957,-0.630677662104496,-0.5325746745954767,-0.3691928763381114,-0.32758424179987955,-0.10692520690910712,-0.09085165934265049,-0.13628168428036247
МО_0156,0.2097348241302477,0.2080871908162525,0.24723705559116738,0.25358798476342415,0.30496918426317166,0.32686017000327894,0.3085102111496276,0.26668522986091503,0.20295242543396697,0.18147314264560244,0.1460783252558393,0.11187148792655854,0.3244665767729451,0.04715837985325422,0.24616229702183468,0.2211301777021486,0.19129774143932465,0.2625860134232365,0.20908839707504256,0.19530420509889623,0.11324068383835062,0.11452254339459778,0.13233562612288097,0.13069978335092358
МО_0157,-0.173734690389292,-0.3268107392137516,-0.3703214475172061,-0.458482289879937,-0.4752761851071927,-0.48566955604309037,-0.3649902851440707,-0.277824024623202,-0.1941371011895594,-0.14207812218090687,-0.1318218928643642,-0.19578963166595287,-0.13862190441838607,-0.4262351445976815,-0.4132897452083384,-0.4903221176053645,-0.6444588748347719,-0.561963155757681,-0.46269728312618064,-0.3491247500335124,-0.25556028191826563,-0.10612611047412202,-0.09180760257426535,-0.19047463223368766
МО_0158,-0.16287808053416342,-0.34836588865362295,-0.45493918412248924,-0.5369727668740776,-0.540914674490816,-0.4498679040140363,-0.3075463277799386,-0.2819805234533703,-0.1430085189986272,-0.14166590822975778,-0.11929660343052184,-0.18201397520567397,-0.05199787373240383,-0.46216277834152564,-0.382207151895809,-0.5681826588889844,-0.6437094884843777,-0.6239393898364192,-0.46507760588535874,-0.30316251149944407,-0.27440077520677697,-0.04758201129157413,-0.04771254828335003,-0.19255015462045577
МО_0159,-0.5564831751810022,-0.5762330907449549,-0.6579113086554891,-0.539340149241486,-0.4911787272592125,-0.4521418217712334,-0.3650588318522079,-0.3014543379742669,-0.41249053216261267,-0.4923913825420403,-0.5023607860690724,-0.6045233666063883,-0.5561276189945161,-0.812814122972366,-0.6782123993035576,-0.6978252793623465,-0.7708582820052943,-0.7204313143653067,-0.635570360098626,-0.6011459757215771,-0.6562169495104531,-0.5638376471935516,-0.656047554840649,-0.7409294091486469
МО_0160,-0.6017969739927622,-0.6228000368652697,-0.5866474665469639,-0.5679069416592704,-0.545487444760786,-0.4568816479951838,-0.28946412256663123,-0.3884757286055027,-0.455697647079111,-0.49542748346657817,-0.5731879118588594,-0.6604593064404725,-0.5416463620091552,-0.8852457852521596,-0.7361129688547958,-0.7233826884461703,-0.7112916879594593,-0.6716165477182283,-0.6000515383023242,-0.5498583108002997,-0.5795550759856027,-0.600533766059355,-0.6276459367594995,-0.7778291544708527
МО_0161,-0.12569304724804198,-0.27862652079724626,-0.3880697928505903,-0.4835540474202311,-0.472406379078393,-0.4714015590278553,-0.3456138734576406,-0.20311766902214323,-0.1804291592045253,-0.12543777379644538,-0.09984246067494063,-0.13778960442794563,-0.10903795964722107,-0.4380017539243699,-0.4264335194132265,-0.6469650325666354,-0.626509099670935,-0.5800998926565502,-0.4816175040100923,-0.2823346766053998,-0.33396555740860734,-0.17012018079633506,-0.20939187831494088,-0.19948571067874177
МО_0162,0.08313968975497232,0.0714497241893568,0.10915456634144505,0.08324773908649874,0.08342074429836188,0.04353365286553945,0.09778837493305481,0.06134446586359843,0.032479003269319406,0.010689397692495106,0.056620002026193106,0.1221216093233366,0.36780833358036524,0.07924183117897066,0.18499248523703038,0.10761889514337852,0.10787415335256512,0.02737124623913978,0.09571869417424139,0.12515532841827337,0.07112803899401854,0.1507531925592911,0.22100332666025757,0.21076219994879608
МО_0163,0.07166528112293413,0.14226140915063468,0.06537386476861684,0.08070178242988746,0.008526614089472417,0.09294617095516422,0.11106559722948539,0.06283221527247385,0.07379023547900587,0.07893231346525731,0.050575929753842175,0.11589596997133889,0.2752532587978962,0.05913081308392698,0.24176144498700936,0.17240758211291052,0.0701242413999239,0.05830243750563646,0.059840443058364556,0.1226031672243515,0.028040111972721604,0.16804442188852597,0.22646051137288126,0.20298668530615416
МО_0164,0.12531090728469962,0.07761973439469116,0.06950857812711497,0.0281118264824336,0.11160036299894927,0.031656431062369705,0.07749583942129945,0.05979771964489622,0.025443612543522676,0.043903763702331844,0.11134560401428573,0.10553202708719311,0.26923766265306703,0.08655336941374792,0.20356972974280474,0.24678924345922937,0.09986922170366519,0.06889098239867764,0.12180917866570695,0.045392895211600504,0.060869260088466604,0.2171758975578797,0.2005691285230604,0.153635017475505
МО_0165,-0.5603777017111788,-0.5269920246712712,-0.5972068698181676,-0.6395973700437363,-0.5435208937103422,-0.4929497808716512,-0.3813466210380483,-0.32068602549578706,-0.3684171491320285,-0.4639387548930145,-0.6443790052380756,-0.7192975131056176,-0.5134160259146423,-0.8803470003019616,-0.6992597961539282,-0.7007084042832865,-0.7599079892264715,-0.6945202006931712,-0.5959069122268943,-0.5277265391948074,-0.5709498102911397,-0.5652205075595251,-0.6439182672748025,-0.7880588770770078
МО_0166,0.06288178650341614,0.07142272682951045,0.08822231370634803,0.0675279246152094,0.01808798299859049,0.031081733623709695,0.10313791143803286,0.0643136530927979,0.014516837043784037,0.13285149346497604,0.06899118487362088,0.11101231958756053,0.3114979155754263,0.06636565680848072,0.18612594023599804,0.20681810094388275,0.1214116825519298,0.10496784384392832,0.09649701688364054,0.07052445851953593,0.09636556114924133,0.13204906297709584,0.21255371099837106,0.15645235165101035
МО_0167,0.16098791076907837,0.21028002323184758,0.2070604746403859,0.2044100865427776,0.3144193550533583,0.3396527247456813,0.3339977986581726,0.26762568425395905,0.21988579674345843,0.18516675860037246,0.14377987481568688,0.10601252157871244,0.29899181861184054,0.09257097662797698,0.2583488909235694,0.21927054710401173,0.20343592398609545,0.24250543925868584,0.23460266377767525,0.21300703199970705,0.14710362297013901,0.14684990292058764,0.1799924536023667,0.12188529283272764
МО_0168,0.19313978004518972,0.05097458167590929,0.05524388859041096,0.06999314826240521,0.11876266093715593,0.1131562139969855,0.04695144439086185,0.08908475721949038,0.09190099457733325,0.08331629298364973,0.0410295465853352,0.14171506496578523,0.33639192083353464,0.0953810563869979,0.21408358130690885,0.14995109169323584,0.0889534326962167,0.09953328183824794,0.08014238672044449,0.07516823096980652,0.026581906052205895,0.13478195510787927,0.21071907433033665,0.20482537372189036
МО_0169,0.20611196364780326,0.21393046184970643,0.21069604146594756,0.2735066413356311,0.2982529484534684,0.2885825696290354,0.31585431823322097,0.23604183791177213,0.20389820161506123,0.18703408943853184,0.08658887583774622,0.1352347198938908,0.32853099562453103,0.07916957373621081,0.253107619866519,0.2443138176412578,0.19650184512660118,0.23226430307412116,0.1969892738262029,0.19390677466432038,0.09673471228318142,0.1614317621490109,0.1706923656810897,0.10735272531967333
МО_0170,0.17638010458378162,0.1822600627330484,0.2311344484116944,0.2810757662366097,0.31148166498070573,0.2895131783116405,0.32153027282357627,0.2679820692475374,0.21214318626223516,0.14824345135078865,0.14950629130391668,0.06209907760531408,0.314265448302935,0.07728378173673534,0.2390645498889601,0.2557783790665926,0.19155500704346906,0.2013074095830305,0.20780436495042665,0.21173576824723028,0.1038843259238238,0.12310163955439712,0.13021902101214344,0.13666166109130629
МО_0171,0.20330062356473988,0.21293594485286071,0.2180140358408238,0.2310034840452584,0.3371585539919266,0.29348727218364346,0.2973391958960292,0.29469488928637944,0.20526168343217144,0.15551808658921473,0.12154224809932757,0.11288863803699023,0.3035004912554129,0.12839206228059652,0.25399632944503914,0.17437099668921974,0.2123636077561013,0.21566639255338949,0.21128125021584587,0.2083777667189075,0.11214787581618424,0.15352657630400657,0.15979386882519364,0.10019336801812528
МО_0172,-0.5879661202726076,-0.44852885408810295,-0.6518032218232666,-0.5926474189451056,-0.5840417658951598,-0.459141346561589,-0.44606779277521547,-0.40971947928522034,-0.3687850664834311,-0.46313888557956595,-0.5493762910064603,-0.741461129325538,-0.4482338684838787,-0.8726675109524109,-0.6115534043858037,-0.6648387332935215,-0.6741616523691043,-0.6860563230206473,-0.5836213667575265,-0.5764551241032532,-0.6225737702365635,-0.6080667922523304,-0.7495316223530324,-0.6946599318499267
МО_0173,-0.15182116245395605,-0.3130477486818304,-0.4451155622909724,-0.4977540828633398,-0.5317060575254171,-0.5576718850205058,-0.3391262504110877,-0.22489390624193106,-0.16233144941551814,-0.14621757765617005,-0.10354229495738387,-0.21298208677110786,-0.1171629235441678,-0.4650391688480049,-0.38891600560841333,-0.5728582659599741,-0.6356399965716424,-0.4956194787261623,-0.4611072864096233,-0.32541146716949854,-0.3001216552766035,-0.16099014465362238,-0.1923603039828521,-0.1414994227548334
МО_0174,-0.13064448796172634,-0.300822372430277,-0.42819154105123225,-0.4826466954275688,-0.5581442069168325,-0.4910601159436965,-0.40086355705511956,-0.1747976548607344,-0.11931995515428184,-0.18840916829398502,-0.16765018165855494,-0.1596946189728623,-0.09497130815955757,-0.48798653971091355,-0.3448830789380555,-0.5458522313831935,-0.598732687186061,-0.6014877773119007,-0.446314820410052,-0.35418855802777216,-0.2966673524165522,-0.11269519955514085,-0.17006394898457877,-0.11636792963773601
МО_0175,0.1004806728204688,0.1251773657427968,0.0436616534583667,0.029734259695542775,0.04622803592234881,0.06216097465168069,0.06898218394739608,0.04800484708173869,0.02660502865031411,0.02417896992510471,0.0684049198289447,0.08551469742050166,0.27894396312332503,0.1238062053772353,0.2054833803448588,0.18126913940971257,0.07531794098291655,0.0876530163246283,0.07754406064440467,0.04969531094484303,0.10088980458495023,0.1532884345064751,0.22644765364284147,0.18307318714109933
МО_0176,-0.1551706514551725,-0.3283298270986741,-0.37326253366724593,-0.4996360920199834,-0.4812736629264034,-0.41313749679734535,-0.3091577906634573,-0.21504432471475177,-0.21121527030991238,-0.1281286274292377,-0.14725524203340967,-0.1252994442935318,-0.06924762200665846,-0.4906317487330618,-0.4302233369645254,-0.6181183213712487,-0.6198515996233738,-0.6400220795020992,-0.45405268656178777,-0.32385274254712826,-0.2090156857343768,-0.10322034636825705,-0.12182061661506616,-0.1475262403007953
МО_0177,0.173851810163125,0.18466474710516323,0.2299053106257869,0.20102844471376535,0.30286394929573923,0.2768458434822971,0.3082327345896374,0.2512173147983283,0.22819385335862385,0.167799181938042,0.14934463275661614,0.11301792663725863,0.282935408198119,0.08162096337614066,0.22038663657765767,0.23005482103834574,0.2176346338137769,0.2642927133974542,0.19797552991672873,0.19810292905748206,0.10120627108091718,0.15882109218773977,0.15516679531937072,0.10996748707344572
МО_0178,-0.4862655076469977,-0.6305669019069615,-0.56670164723967,-0.5707296718860562,-0.5098602493463389,-0.4807115993520181,-0.27807312730418055,-0.42844626467982394,-0.4061416409235665,-0.5242503175105764,-0.48851572980413493,-0.6085595709659852,-0.5739961209173874,-0.7874436957337565,-0.6750966590366705,-0.7417471646913327,-0.6651200785969298,-0.6238418144200075,-0.580415923304205,-0.5550050391331265,-0.6024730241818457,-0.5841037962234292,-0.6446464303731609,-0.7827999351985344
МО_0179,-0.08082622656148253,-0.3356725304356818,-0.40559702422259214,-0.5249020956100683,-0.4255739132156666,-0.5036041641704969,-0.38482197300983145,-0.2844507486906771,-0.14140757439038865,-0.15522348903131622,-0.12624085638326576,-0.24049542495273535,-0.06645684551153686,-0.4550198457380876,-0.48219583820134915,-0.5149294518235354,-0.6700320160359823,-0.5419294317414831,-0.5032474192566845,-0.27490839247267473,-0.2553516039112065,-0.17745719278311078,-0.14158734847057985,-0.15602803582280345
МО_0180,-0.553700710026158,-0.60818505207029,-0.5523984065456009,-0.6350890082366085,-0.504694064742619,-0.4172333776315451,-0.3589506408214689,-0.39557646551875436,-0.4354835938146202,-0.5736801371245175,-0.6306090168684602,-0.6369829260772075,-0.5469727364224415,-0.8093270914770052,-0.6360187646187949,-0.7752820820457096,-0.7148373045699703,-0.6338715358046674,-0.6264088558772283,-0.48133519787463896,-0.5785964087311708,-0.5810665129436146,-0.5578895080579827,-0.8256939033796638
МО_0181,0.20165056215991584,0.2112409385574665,0.20495135904840645,0.25020772880507813,0.2814755151186592,0.31106225569015145,0.3273632888491491,0.2782187099818394,0.18265293430822105,0.14807676304137374,0.1326315144832524,0.11330720882547496,0.2444282119434984,0.11141528817005053,0.2500044946430684,0.20555058266423565,0.2257367408388049,0.2013579924054607,0.19664320737673258,0.21062587355126539,0.14834221075452625,0.18705056172457368,0.15472721460786154,0.12028269713902162
МО_0182,0.11875396434129648,0.04903952921830346,0.0952486962714918,0.035407009372082854,0.09063938457424037,0.0478280156435158,0.0820389347032755,0.06548030560886708,-0.03516380368776595,0.06754360936818671,0.08912402541204223,0.11286015125831206,0.29643459450781506,0.12665837155119952,0.21729434456429075,0.15629805039769806,0.12265026328491402,0.09118751780156664,0.05226780852966861,0.027473857816998404,0.04372602833649175,0.1801714084938819,0.1934622171113176,0.22966939998339875
МО_0183,-0.14262774915517085,-0.2421330898912526,-0.43451114126260926,-0.49338787285530294,-0.4757204014122234,-0.4074007877762966,-0.42367693479278934,-0.2639943571423302,-0.12040553221287276,-0.03846560345742489,-0.09749685608727177,-0.16610895861542296,-0.04578896492968276,-0.40026314437857025,-0.43706003559076834,-0.5451415354553948,-0.570504249604106,-0.4981888196116344,-0.44550158792775996,-0.33720569172186643,-0.28749663250976987,-0.11483941566040556,-0.10953096008134544,-0.17266342407087976
МО_0184,0.06327270844282573,0.1256607553741187,0.041718704342471824,0.04446586060279856,0.08401284039589818,0.11438165086839547,0.05432219534427851,0.04195672723986199,0.04050259691685909,0.11194377304537007,-0.014510972962115787,0.0694001604437009,0.3814508341688594,0.09511998299803537,0.1747736022104629,0.1419103119266616,0.09333914344543359,0.10569348518783706,0.13439340121677112,0.11228053066876242,0.04184600630664548,0.1809555759803949,0.18310752614796577,0.174633923935275
МО_0185,0.04221173022005864,0.03979518764437273,0.04903089147320294,0.022095520385363443,0.09048213839158592,0.018669989697015055,-0.02730730417089333,0.03061984842099008,0.04287131500523067,0.04401337338087252,0.11544517722233927,0.08107602402948366,0.32593987679004854,0.07682404280286015,0.2066840089204618,0.11810644272646265,0.08955202691597464,0.05735684400374552,0.08430907055973158,0.09353649125167607,0.029700817401286272,0.18709987290846541,0.21686032145449552,0.1921921667906794
МО_0186,0.2047149487227351,0.202237748748745,0.20589064123901935,0.24560336254914716,0.2911869298982701,0.27835243261226417,0.27375124688124153,0.265599894888501,0.23104830380119346,0.15351944639711768,0.17175148826214937,0.13059694902828234,0.3243948669505592,0.10246354073416164,0.2843286640167637,0.20619203627478555,0.1546228811742978,0.20598628049654089,0.22157662123976785,0.20648915996594397,0.11823089378903617,0.18099701821851255,0.15517413611902775,0.1270132425138364
МО_0187,0.06682211412316974,0.05388722880290331,0.12434766384766682,0.06045625947080069,0.06238816706695971,0.036010209665322535,0.04752899124069998,0.040668431027299334,0.018532670358762715,0.01716424595041488,0.06400930551343187,0.08169452469854654,0.33272695145737075,0.08618582039129485,0.21591268109298056,0.12087423916527129,0.08768465398999759,0.09113976091961185,0.10069421332347517,0.09780722543483478,0.0904133687767601,0.1575827219846868,0.22784052060938187,0.19093848255727153
МО_0188,0.1655533204506554,0.20928137893915455,0.2377489412472169,0.2557003846048751,0.31205089822316623,0.2902793700055657,0.2900716684576601,0.2838066073401482,0.22823783893348448,0.15619465164781765,0.1435257982028304,0.09522592566427512,0.28663779672152856,0.1192871847395196,0.26464300327267054,0.21477188982641593,0.2115852430803411,0.21800463755407584,0.15549997242927027,0.18532934154151803,0.11170450922749531,0.14744658863392957,0.15247503592638623,0.13362463022097515
МО_0189,0.08536292283913482,0.05501939559569813,0.08566979591226342,0.04763051340935576,0.07640313754568595,0.04589883289714258,0.13425781889017863,-0.005283926171264497,0.04537708734289403,0.06206618724757895,0.046425162074580584,0.12647707577200684,0.32390990325566094,0.07596088223863084,0.19983293803032964,0.13980914636495534,0.08817190685396348,0.0779585369668947,0.0735683680865904,0.1081974596681583,0.08063601734187031,0.12043523828949176,0.17253519007685725,0.1531785079304413
МО_0190,-0.11392098017767793,-0.2836428009741212,-0.40249177234047195,-0.5692723954525487,-0.42455787907843323,-0.49181889900735776,-0.3486832102549684,-0.21148263973306847,-0.1938253666602563,-0.12215443698907613,-0.09993284560892057,-0.04010186901997592,-0.06402870996257981,-0.3707568053626087,-0.3744466426363964,-0.5436334264827156,-0.6572931709658114,-0.5314170349098823,-0.5351301999630937,-0.2749362426414077,-0.2773334131395231,-0.24314421984007772,-0.11852429018344068,-0.15409113119485696
МО_0191,-0.15805783111357208,-0.2650555002619974,-0.45670343968627414,-0.564331760829516,-0.4988136201155431,-0.4662022359899467,-0.3693468165819116,-0.19656638029451656,-0.18835447143397666,-0.08777483835527633,-0.10438091774641123,-0.21666943012400708,-0.1288349070234016,-0.43453481073789213,-0.3434255684965972,-0.5351830354665452,-0.6867507331063702,-0.6982267019473856,-0.4458836425769963,-0.34281978690561843,-0.23968298668783738,-0.17236399477660846,-0.09089554646782538,-0.14640210551066168
МО_0192,-0.1664754217202411,-0.31069915551098326,-0.4216919597338471,-0.4903854120555984,-0.49652916417411497,-0.42850500917116463,-0.37388885011010053,-0.29879383437872775,-0.07526716170388603,-0.12448681211026802,-0.12983739994166577,-0.1570329248814506,-0.07338645529050147,-0.45047859708736837,-0.42337092432203605,-0.5599443171996246,-0.6107325670197525,-0.6681066777021041,-0.4947304032423414,-0.3448627801298727,-0.2621087206903727,-0.19225933160951136,-0.12374405683213752,-0.2071416786845912
МО_0194,-0.49546343263388337,-0.5681873085950553,-0.6528881928376027,-0.5964270729479111,-0.5253258798532539,-0.4750242554888988,-0.2975501203927582,-0.47569584399290044,-0.4327721405681011,-0.42615191863866286,-0.6510913419868771,-0.685088258669257,-0.5665305518537114,-0.8242379315080157,-0.7677793030808076,-0.686151623575693,-0.6697139253326814,-0.6178883177243311,-0.6347195427130572,-0.5485835140316464,-0.6689977607902833,-0.6122030123366269,-0.5399277006658671,-0.7459643705193439
МО_0195,0.1780545562622855,0.2075209059920624,0.19620654146301852,0.2202132301184232,0.2827847022754426,0.28836492028075256,0.3249459733983553,0.28434000591960995,0.23016879717446592,0.14543414215288308,0.11051102731027562,0.11832325809289124,0.2857418645895802,0.08099135168666471,0.2560985383685921,0.2149566223202104,0.21035882066951217,0.24676336178398905,0.20697507374907786,0.2270455767253683,0.12390884291582793,0.1252339782953804,0.12549024404450826,0.09436306630061786
МО_0196,0.0693639488707678,0.08404034709617925,0.09436356759938569,0.09508396591753154,0.09033029523209635,0.04128165779013848,0.004535447580952479,0.06405488892119493,0.05780021024772353,0.06766472062319906,0.13304664577416325,0.1367001971939512,0.3230640004415726,0.04853120689113943,0.1925633082147371,0.1403225131840493,0.06805329274308747,0.09532366356022237,0.08991560660856557,0.06797474643874502,0.09394415666991662,0.16041235273171495,0.15218297265158398,0.2040937630645967
МО_0197,0.20742921690048632,0.22337004640749925,0.21649293192175278,0.2607522033176686,0.30735000472982144,0.27095001714391387,0.27790325801692184,0.2952232393622598,0.2436285741771549,0.17387081807278904,0.15125144884259,0.13401543293605833,0.31198083888694406,0.06833245071801208,0.2818999395386399,0.23265810458840264,0.19812085339523833,0.20154339255749143,0.21554792535909328,0.1700376388342164,0.12671490707673883,0.13550740187123544,0.1549451468062646,0.10060257721485222
МО_0198,0.08707643499701057,0.06404174329643197,0.07108736322150833,0.11411059979690918,0.12263683138180248,0.06528641312159955,0.06624385692290069,0.08726323737946018,0.09092621626009922,0.037282306550805444,0.06753627081409874,0.044823553921116144,0.33320523620189846,0.1393442485243117,0.2103556294293334,0.07941754764481423,0.10958222196070899,0.05318705282619618,0.05930785788216042,0.11942127192411611,0.0656762791624157,0.14269977945729018,0.18456693807580216,0.20940913047157217
МО_0199,-0.5610550811162671,-0.6551797833993724,-0.6326385087081228,-0.5806749334053514,-0.5181639266923721,-0.5356401972265701,-0.34995328417197236,-0.5245364039898863,-0.4433565575234102,-0.5177492867261666,-0.5703878233416297,-0.6248177970158082,-0.48374038656227825,-0.8486936890729257,-0.6586523282338241,-0.7061250071985228,-0.7886052582174994,-0.5482800712035232,-0.6631396153605138,-0.5319341899555248,-0.6045277516019407,-0.5817913401815975,-0.6723299411324923,-0.7093865068421312
МО_0200,0.048197972160458846,0.08477417581916669,0.059008005860357926,0.0371102751543777,0.09394747619395005,0.08697640075332558,0.0567050120347421,0.08535763435644661,0.05851932440021024,0.035394891739890966,0.06212087404583144,0.09049772408441115,0.27861237551890916,0.09024800865296179,0.21499253632178217,0.09544836044382166,0.04176972660621736,0.09305026140684092,0.05474974826825907,0.10968521488339533,0.08146760274030918,0.11921445759528204,0.1617089894165673,0.25586699928680545
МО_0201,-0.5230032643425258,-0.620679959552886,-0.6627073722665191,-0.6231766070134732,-0.5687873701570574,-0.4207941586096311,-0.43824407292106393,-0.33291910273190695,-0.44106974576048863,-0.5389068731793358,-0.5991118466358909,-0.7841092262810161,-0.5461170558090309,-0.8215794049618257,-0.6467443077730994,-0.8102311729917648,-0.6449349714151609,-0.6022771192253451,-0.5285986808135696,-0.5555451223712176,-0.5733309071066905,-0.6691353810433966,-0.6119487187641841,-0.7893072775041539
МО_0202,0.045466941406063555,0.053024823934453735,0.07609018031580916,0.03270023716986081,0.09236724852121725,0.000404917821615669,0.0031897585813727147,0.1031088246829821,0.08414110831891541,0.030697952939616968,0.0697694475389472,0.13006751261419858,0.31208819114278974,0.08184021367879168,0.2408077731300189,0.12124647713586789,0.09225085992333604,0.07977426866189674,0.07102547970196404,0.08892981488776464,0.06022570253188775,0.15837526759701426,0.17260227777781623,0.22968792611196065
МО_0203,-0.18763228450263192,-0.30238507048362706,-0.4345136918865844,-0.49776832141164284,-0.5807199616023322,-0.43182847008436553,-0.38249105644390546,-0.19685949436912153,-0.17347277340905976,-0.10225520607793115,-0.030548274990218616,-0.16549432039031053,-0.026519704289722057,-0.43344944796525553,-0.4060568152323363,-0.5555554843660424,-0.5838112750485784,-0.6012284438567335,-0.5145677272179388,-0.3645142952035716,-0.2813452104152887,-0.14596802937016307,-0.07649305132331996,-0.12805977603891527
МО_0204,0.06573384626170231,0.06473057573096597,0.03283706360754657,0.11834040313916283,0.0902251275439987,0.06904611407328254,0.02679643333891768,0.06190210198846735,0.07230454396926511,0.054594127300998,0.10213060558785614,0.1688372345774436,0.27110028808125364,0.04673090341398556,0.1816204687247822,0.19135382619239927,0.12258616597428862,0.07624389327685854,0.08030513106412052,0.0761276714444854,0.08474047012932928,0.14594598799419245,0.1962528108702024,0.22389774196082435
МО_0205,0.08936914823625486,0.07970005967444926,0.07624150232280336,0.08128987583018166,0.13047983483485837,0.07221663143911883,0.09110211159857684,0.05594157979563974,0.03579316854181158,0.081796444984084,0.07499666158108198,0.05680344134566617,0.2896700841913038,0.07490661008884025,0.1926394146797854,0.1876199192281689,0.10571067757046393,0.12150497534732807,0.08711109898165859,0.10306561532313907,0.029941720868725596,0.15770092871334462,0.2044467248241162,0.16462063229391966
МО_0206,-0.5675581769791691,-0.6158820566450398,-0.5953363724314187,-0.5745870589688238,-0.5383246774496513,-0.44152128718706685,-0.4085104617081754,-0.5310768333854679,-0.4452734013695654,-0.4327899319913513,-0.6618870550665843,-0.647266327385168,-0.46081556626606535,-0.8511040930558416,-0.6878739910791136,-0.7811167394539922,-0.621666732375159,-0.6474737153250594,-0.5888695168588018,-0.4851940302957285,-0.5909518290795539,-0.6393546159228887,-0.6799649932287775,-0.7260025741729912
МО_0207,-0.5717878562437964,-0.7055800923252491,-0.618672389566159,-0.6716651976243497,-0.4284446656732044,-0.45612538542600234,-0.4446652680779266,-0.42252745287584226,-0.5155081791656837,-0.5417124583374964,-0.5269806071081664,-0.5413115801313246,-0.5037588013153815,-0.817675572336368,-0.7095794138831941,-0.7637407172714141,-0.6000399944913504,-0.6527445190684471,-0.4854193674953784,-0.48323307809050675,-0.7110655703791426,-0.6288707990860161,-0.6810533532331018,-0.7547414576044424
МО_0208,0.09319956878533908,0.17663621234132876,0.0436074099226893,0.06429831148632026,0.09958027484437793,0.05460488433766031,0.07030810222328832,0.030592934829476448,0.06022169027495394,0.07751882790226183,0.07968745437119829,0.11658832792552154,0.3418904099131588,0.10550251705071645,0.21009198909556304,0.10801510083540578,0.07331534822206365,0.07372079325314651,0.08677871607233811,0.08627399738540475,0.029967659421503257,0.12169708204383767,0.15451977428218555,0.19858552770170945
МО_0209,-0.6140650755941657,-0.6497442109270928,-0.6357054432764198,-0.6644504300376823,-0.49027114392645643,-0.42795361413387667,-0.4268778662295194,-0.409447197523221,-0.39416681126503406,-0.5224391188602038,-0.6169334628150658,-0.5930759634966307,-0.49586924003969024,-0.7829959452881212,-0.6416992140307922,-0.8147798628609628,-0.6353365121186823,-0.6237039781460414,-0.5406617897982162,-0.533550964615193,-0.6215795075778203,-0.6093386399161549,-0.6292438781801017,-0.7663365348443829
МО_0210,0.12104527938070575,0.03915534014281796,0.05967697030310326,0.11877391087068823,0.062302628663172044,0.04749153277983176,0.04052525688934594,0.07201257184524934,0.03493915773260703,0.056608529972820065,0.09532543292411688,0.07851939824371357,0.32317050647202983,0.10206040026009688,0.23960183353221964,0.14738408123944602,0.18855327877270156,0.1119457387069307,0.08895466986429845,0.07434624780793442,0.05512788162080895,0.2001328520244492,0.25534114552264064,0.24998392182815365
МО_0211,-0.11716918392279752,-0.3438821409535624,-0.4032160002647558,-0.5617485610401314,-0.5554546517288692,-0.4578985152984547,-0.33448346464862944,-0.20952294222097123,-0.1344607268129696,-0.07903802321886033,-0.14648581999264998,-0.15859985942594967,-0.1363583711020393,-0.5151460165638451,-0.39304786005035197,-0.5884788036941355,-0.5828254000148618,-0.5294732762274101,-0.4999784792821007,-0.31535880380627823,-0.31177989461279765,-0.21097043293322315,-0.09997167020446796,-0.19908399922040587
МО_0212,-0.5625862540200064,-0.5009507708269467,-0.6923031987708388,-0.5785110077995359,-0.5589991152086284,-0.4195516968507942,-0.3844849534319952,-0.3686286146836899,-0.4682827806521015,-0.5250187596628866,-0.5314342418679061,-0.5643610013195666,-0.5160632361141211,-0.857944481443889,-0.671034518977395,-0.5945423243757144,-0.6979071489223916,-0.5702150410055484,-0.6282173272904394,-0.5550133561528305,-0.593047488505551,-0.5757067638849094,-0.6859205310299696,-0.7912250122556852
МО_0213,0.12465752847183253,0.12249556385888916,0.12128855290058915,0.11154712791397614,0.08512362566002096,0.0453160671447872,0.10753241305320316,0.08332928011422247,0.027553446676845894,0.03116778805146403,0.08461734288375311,0.09416406096363872,0.29871927425185163,0.109569521734592,0.23072426504019106,0.18306404884445726,0.033369423272196386,0.08791166532730443,0.10004899680401103,0.054826404529755735,0.03839278615773445,0.1321284878475808,0.2047060521856494,0.2544696678757692
МО_0214,-0.06767330000538507,-0.3262272348246711,-0.40164018295804027,-0.4897405518323179,-0.4804507731330485,-0.45150567729197455,-0.3432617424413653,-0.17815522132794648,-0.11024751585369152,-0.14270761855250136,-0.0752708733577343,-0.11870585705810477,-0.06347500819058993,-0.38975427656772865,-0.41515060707211404,-0.5503351190994472,-0.6128757183135018,-0.6545369427745982,-0.4784217220534064,-0.36570127056667445,-0.3327915445959544,-0.07977454655856953,-0.08473574564078845,-0.18144228726955802
МО_0215,0.07806489584567977,0.09563412701824703,0.10566732895645714,0.03262023810998116,0.08094019140204445,0.0806940394372706,0.008922651017323702,0.060210108786511896,0.04414836332044736,0.05816196228438031,0.05481058015190676,0.1036110389643774,0.35722098950675374,0.06767584657542969,0.21670448096346284,0.20301024394417766,0.0748150391122202,0.13474998827853746,0.0793680313309082,0.15408086700633383,0.08054568914542237,0.16655629359492075,0.20208618659725452,0.1869128056185705
МО_0216,0.20332091878131564,0.2218614283591851,0.2229802313643514,0.2378609818674864,0.2985915143108624,0.3171006415963262,0.3307098225885685,0.2594290316839061,0.20633713346057014,0.17499981185803648,0.15188795571413394,0.13580304212147887,0.2732712200537506,0.08127716109284933,0.22865929342420266,0.21658182550593175,0.23792582880817825,0.18645677968793706,0.1780349438632136,0.18688773746231213,0.1184676536212006,0.16699391457792956,0.15628195332701011,0.13454869202663566
МО_0217,0.16654337589734958,0.22768092994596323,0.21700055358335923,0.2588233241648208,0.2771386564591527,0.29735024326484805,0.3109320088983516,0.2958870627092409,0.18800379815736434,0.1680276844353923,0.09963260859614564,0.12299315683939227,0.31385259502647145,0.11230208534284891,0.23657077543182403,0.24047660565801188,0.233055660637012,0.18204385326648875,0.22265914813078602,0.22262904560658647,0.10754691384193293,0.13036334661461346,0.1663920997519721,0.08704480741086051
МО_0218,0.08965845334342504,0.08554531774528407,0.09739038770805131,0.038630266631013654,0.06054753190550777,0.05761950883462852,0.09719439921844142,0.1305607016782684,0.011802668443509745,0.07163711855062793,0.03726338605603452,0.13004663810436057,0.271355836474795,0.05715407424781738,0.19027502491872106,0.14088188323031048,0.10101143436915905,0.0948207696189236,0.0790353147466103,0.06072724955716957,0.07987323990633932,0.15575428280755688,0.2389071507542937,0.1844018854305478
МО_0219,-0.6206955398581986,-0.6014192268533769,-0.5512127152199913,-0.5896074577373067,-0.5192422433100337,-0.5084821181970316,-0.31151819190670693,-0.4390759618869584,-0.4573080126533995,-0.458237654194269,-0.6705978017295404,-0.5891713541368784,-0.5088689712644623,-0.7681118918147618,-0.6600755945030148,-0.7239721024654138,-0.7561857249661088,-0.6503108560364765,-0.6399626745861351,-0.5286012880671915,-0.5836867572844238,-0.5217327477381417,-0.6290127149967688,-0.7045203715693962
МО_0220,0.19586219303742602,0.19434865641862054,0.2327158978006203,0.23646398051438489,0.3089908807709705,0.276027265537957,0.2885740398370462,0.28548022797963846,0.23744269211764113,0.14769951008536175,0.13474960062911734,0.10222852249452075,0.298638367821356,0.11489756880849988,0.2634211091984504,0.2378495157046796,0.2440134360566102,0.2008312058426025,0.19069475022896576,0.18901637512641223,0.10763142050154784,0.10748780587927698,0.14338441989584183,0.10014356932411772
МО_0221,0.11852178940068647,0.09732162084968543,0.05790334732385105,0.07512803877727592,0.10278293436505592,0.031595670777992524,0.05221195722837635,-0.004823693954264741,0.02430730520579516,0.03990277120432317,0.07208442214124489,0.0711208204273639,0.2841086132825996,0.04063360034580832,0.21308656764657918,0.1559392892294511,0.10338646691599251,0.08068056176782612,0.032976151237052775,0.08202537031360002,0.045820455227479684,0.14524418332982947,0.20630454359354822,0.248400289986078
МО_0222,-0.11609302768459706,-0.3331564438956889,-0.395566357965917,-0.4864803712113819,-0.5281985029117013,-0.43351022577612675,-0.36182650797722893,-0.3020561657607814,-0.13613806744292845,-0.09162298970398908,-0.11620682176038777,-0.1558989154378949,-0.10483711883219904,-0.41060603123595385,-0.4244115938244324,-0.5516958741845688,-0.6034396631234298,-0.6199906039196659,-0.5109771071724545,-0.42736902597313886,-0.26274393512863625,-0.1856236788980219,-0.09960125798634145,-0.16540951503419343
МО_0223,0.21385214455987978,0.17983386090206288,0.2219392276214709,0.27759904638447885,0.33789345859410425,0.31699757120520466,0.312956456262949,0.2526699141823663,0.23408132311734065,0.16425220888975822,0.13254787992444683,0.10022636685818398,0.29484960204055,0.08984162769421467,0.25219692634786917,0.23180653023344178,0.1942537291969728,0.18804310362139454,0.24290795052681347,0.2532439039114518,0.12166985579372813,0.12809897627051292,0.13206908229292047,0.1212173353430348
МО_0224,-0.09493225172472997,-0.34217135808341403,-0.42767578581173815,-0.504255183340252,-0.4613726659422035,-0.4812089064575584,-0.4179640301922962,-0.22081012378208698,-0.10935433782156423,-0.10360512111837572,-0.09089011294069849,-0.173380441215647,-0.10990461146569608,-0.39395422416594883,-0.4071737345314972,-0.538739083966421,-0.557640734180799,-0.6160008727153556,-0.49728683702354814,-0.3326539136351023,-0.3079061549787028,-0.10580981653725274,-0.1124000152183271,-0.2199503563316636
МО_0225,0.09698214663438165,0.09185920260358849,0.10396470804382218,0.06922344051081275,0.09491943431113903,0.06426079499195225,0.061356009251090526,0.040450628205336514,0.06569225498665432,0.05218311504052231,0.12055411545629369,0.13974776965135582,0.3184973468646213,0.0887475289720765,0.2053143791612051,0.10533413945149128,0.0848303397637391,0.0833517288128256,0.08609203536543397,0.11471007124086086,0.08567956133336452,0.13657842056666247,0.18356283883758273,0.24915974920724082
МО_0226,-0.5020327240309914,-0.6192564738258888,-0.6213709080818166,-0.6027902619018555,-0.5076800472373222,-0.44133061270223095,-0.27265687793575744,-0.3781080040845879,-0.3879083922507256,-0.5710631993079769,-0.6020417668741427,-0.5914601372701149,-0.5199628574074993,-1.032529174648559,-0.6542802849846883,-0.6200077068611574,-0.8028236687643275,-0.5673377001929527,-0.7297986405297987,-0.5060091063183396,-0.6244581801124394,-0.7130717400602826,-0.6252942056624224,-0.6932071519415537
МО_0227,-0.13402139603911856,-0.27026262721935623,-0.43916951747134547,-0.5865480561268512,-0.4682812431001562,-0.3974747059036918,-0.3102282083703205,-0.325173059344257,-0.2149419527168508,-0.13414017232046405,-0.1708187346441612,-0.15263319525632113,-0.06033706746944034,-0.492221382717533,-0.391588430073055,-0.5343096701816972,-0.639651705094332,-0.5807080587819708,-0.5531978333232939,-0.35226173383997406,-0.28503822650304045,-0.1303853741390224,-0.08974896990135939,-0.1704793743025519
МО_0228,-0.15915062408260816,-0.2822079349995672,-0.382621193245372,-0.5159123888503974,-0.4832520083603704,-0.47491170518810755,-0.38128179919860195,-0.2247428394834987,-0.17655521419522202,-0.0848555866088816,-0.10596950173255415,-0.16655817909936843,-0.08919941296252709,-0.45533609108446527,-0.4885056153276359,-0.5430380241360293,-0.608463467089452,-0.5398203692446728,-0.4964640623894443,-0.2631559025694248,-0.3005230633822382,-0.1721396636359387,-0.1446514431758743,-0.24960594016096138
МО_0229,0.23245764562989102,0.23133554699415804,0.23525736324197943,0.22627166181320746,0.3398325186256006,0.29021672609423277,0.3008260768620392,0.3015172235679948,0.23288710229913612,0.2114346962397864,0.12631175962537,0.10494261996365317,0.2860721666281538,0.049618756948873965,0.24169944906186736,0.24482394272078345,0.21781431234059134,0.21531495279480595,0.19051356085249083,0.20799628089123878,0.1329777156735883,0.16319320329451514,0.150867688022446,0.09509583089639229
МО_0230,0.12102445080211233,-0.007208105082941785,0.08740961742288533,0.1345388728447272,0.03583384095038866,0.04741096083069429,0.06676535518610649,0.04805971723697766,0.08811833171364292,0.07635038844768971,0.0744284480194839,0.12340047764323714,0.30001469416622406,0.17278945545799118,0.21249355870034314,0.14902631434659597,0.040001464976198164,0.06400621799156525,0.11362967158608939,0.06056027471958991,-0.006687059832025,0.15831250685307552,0.24517744227810212,0.206905485675831
МО_0231,-0.557388033621967,-0.6926423236062718,-0.5933976434990953,-0.564590809123958,-0.5983453783064459,-0.40823814487930044,-0.3611217389461441,-0.33098003501535267,-0.3918620451803214,-0.45405522855790537,-0.5517607223001146,-0.6094772713308849,-0.6310165154315257,-0.8881264170863936,-0.7247818401099853,-0.7224069351762239,-0.6836214432929282,-0.6270730013137857,-0.5353455684257025,-0.49548428864199323,-0.6676450042265181,-0.5836443737955275,-0.6899926744105027,-0.7601614913168344
МО_0232,0.20824091516299958,0.13573995764935098,0.2714673407770789,0.25552161151667363,0.2916930994861495,0.3357985044292704,0.29925797007684807,0.2754224296758352,0.20996657440156596,0.20045247021356083,0.11923762029287133,0.11587291797001775,0.3223839073578585,0.0982614696419084,0.24618440321531132,0.24413989539138647,0.25660729347602995,0.22125700163958584,0.21274745148626906,0.20687136220336733,0.13893003158631068,0.14259486346445627,0.14196663343554583,0.08028612497948373
МО_0233,-0.5997751966226481,-0.625607926854121,-0.6188071993372262,-0.5092003982796047,-0.48245911310512923,-0.5105686928236501,-0.43580553950895506,-0.3188583979811881,-0.3647077823405276,-0.4853318684872612,-0.5999230905121422,-0.5966542456207122,-0.5897449833115633,-0.7934719255024412,-0.5743484955558316,-0.7056481424800225,-0.7418087634214174,-0.6227886488416523,-0.6147012949492705,-0.6226148457586813,-0.5889739474682223,-0.5396814592705663,-0.6631464306280392,-0.7696109231039703
МО_0234,0.06616203464509773,0.08225097146535809,0.059053194669235864,0.027098232815291112,0.13785010748233084,0.06864682897422014,0.0841745381307284,0.0884391887266478,0.0801581909396667,0.04978355943312884,0.07803601553220751,0.09141138628033829,0.31266608163737253,0.08764424737203136,0.19647334286471363,0.10328888970425076,0.09570261817236236,0.07418164317645015,0.02249717370083104,0.11585383329704868,0.08699991876431667,0.2331937369737176,0.19231918195423248,0.18947269191847482
МО_0235,-0.19295371740955147,-0.2853100564422597,-0.41460974575544896,-0.5445443193094803,-0.5029529992737913,-0.5466114893571188,-0.31835637262608785,-0.2764851965470907,-0.15573243048493346,-0.15736919950048112,-0.13039386057141833,-0.16558443817926438,-0.07652533355509306,-0.4158219507669383,-0.3651105651046258,-0.5290453902317225,-0.5792387583747338,-0.5159630149448873,-0.45241747103626473,-0.34043953541325145,-0.24496914921805057,-0.09421490650968423,-0.07896141286352609,-0.23843414791321926
МО_0236,-0.18223528231576758,-0.3046498968629603,-0.39151763214834645,-0.5129463226808326,-0.4504810586556154,-0.41485539753177214,-0.30744462379233006,-0.19743640358099235,-0.19582593261476156,-0.08099604267033911,-0.1314008782311724,-0.22036344529293217,-0.08757254495889377,-0.38202177276274796,-0.4042438880393373,-0.47764145307826134,-0.6106361342898605,-0.4758950691988968,-0.4681049372764896,-0.338072035742341,-0.33650922898511304,-0.09271276833644038,-0.1249890515397869,-0.2061309496081254
МО_0237,0.13344591329162903,0.12149571954326355,0.10988578717325304,0.046563479394739815,0.07955576661118613,0.052856412540860376,0.09047823031002089,0.10854414171350157,0.06807150109282567,0.1214235905777521,0.09677526938405556,0.09243831898472621,0.32437351507794077,0.12857172915454917,0.2679018201908807,0.17877459172987642,0.09208574007313786,0.07380893018899037,0.09649042623893678,0.15084321508851772,0.07105272906346727,0.17097899887351176,0.20559704268336532,0.19579731693601055
МО_0238,0.09014496117943516,0.09081181903674995,0.12746724604412663,0.050237800060465077,0.08266340484768442,0.02869071465953965,0.08850161688404334,0.10293757702022255,0.10576203981557519,0.06827779375790222,0.08709006534144059,0.09487579114305689,0.3153527332849073,0.0868124753682622,0.20970108230818418,0.14730046216021897,0.10487317496520632,0.07148515476530193,0.07193343736975422,0.15184484064053372,0.13935605846242538,0.12121203426142735,0.16627097092256982,0.17691946398070257
МО_0239,-0.15270841279352432,-0.2578245122602496,-0.3990523552958507,-0.5052112204467925,-0.4747983821153223,-0.4951483089466784,-0.3651763534095238,-0.2464618080952352,-0.21771482998328828,-0.1467538708374736,-0.1519623590440613,-0.12383646309121232,-0.06625950173376438,-0.41056880338488,-0.49625976803617355,-0.6176964953845605,-0.5911967224903236,-0.6849539650092549,-0.4262206119931804,-0.4119039333294019,-0.25159982979125317,-0.17267866293842893,-0.06294789777530418,-0.0519226074751149
МО_0240,0.1563415351796067,0.2178217421359978,0.18707920571240955,0.25272881641307343,0.2994717217233802,0.29984675577390263,0.287972867960006,0.28838286414920233,0.19074173385011228,0.192245378722669,0.1131523082867858,0.0848294224071644,0.33020700076416354,0.08521182743650257,0.2854240839268325,0.24635919853050403,0.1898747147917419,0.21320899664486248,0.21283300852208775,0.2339848845307131,0.12147179583702261,0.15810467058704347,0.14353539288781292,0.11002384324492276
МО_0241,-0.09639319276484848,-0.29350751866984126,-0.4385023638297092,-0.5346727525425585,-0.5181064101470856,-0.5235487025232537,-0.3854264548724782,-0.1857212151341905,-0.1626101468511134,-0.07212499590632682,-0.20624997730898897,-0.13166833967992808,-0.08252780785142555,-0.4542688523034588,-0.4154351701472301,-0.5781868380949788,-0.702680336896119,-0.5369172616957343,-0.4654850838432445,-0.351528945778405,-0.32398104035114983,-0.19592957859243576,-0.09594833809944525,-0.11571140562276128
МО_0242,0.20586841731685013,0.17625896705692767,0.22774479452505325,0.24312657872378907,0.32088803751590156,0.3093857728729006,0.24649014280437243,0.2836768860478429,0.19963930241943828,0.1389780586357201,0.11756784621151795,0.12110265813582721,0.2654935720916125,0.10065020883383724,0.26253814146862453,0.22287159987022598,0.18848515628292972,0.19532123257981304,0.23093089236042097,0.17323436680106674,0.13401085078606378,0.15127483498250704,0.1456162946369215,0.07687322985374934
МО_0243,-0.1544455413971253,-0.26911231206128505,-0.47615887649186206,-0.4921470312279368,-0.49239531384647783,-0.49321508723483554,-0.3212245190797667,-0.33374829691934593,-0.140478946478666,-0.03552405632563804,-0.04950199102892938,-0.13880852321702264,-0.08814093072189522,-0.46044335364974387,-0.43479060020030147,-0.5366015380257814,-0.6500150923189612,-0.5435102266205973,-0.3898793655770394,-0.3414465769935866,-0.3391094175995857,-0.19092506780080676,-0.073841424313704,-0.1826388911901926
МО_0244,-0.1135036403494194,-0.31500110266811454,-0.38947753107618865,-0.5184244328559995,-0.525255966206597,-0.4835048018336394,-0.4032936167563488,-0.16608364381693974,-0.15820144897075217,-0.07452089910128201,-0.12857448190778697,-0.19647790491775652,-0.08542892011337777,-0.39096355005266936,-0.44350284010000607,-0.5931751068516729,-0.6115067703258177,-0.5538462753139033,-0.4094918595430457,-0.3248212284535903,-0.2595739183270034,-0.10836426847133751,-0.1510246616594717,-0.21878232685055643
МО_0245,0.1801271619899154,0.17727128406495218,0.23915165748169187,0.24999443980199842,0.3051970862562463,0.24539677901662138,0.3473161306589443,0.25488660187620127,0.26074514572829877,0.13842780385166797,0.10508929124785915,0.06882624830503481,0.3055507638162034,0.06453354407646117,0.22581136143602443,0.19448179160074908,0.22138473014222804,0.22913806569494888,0.24665292755039303,0.18974468810952594,0.11709782899061771,0.1287921142170756,0.14083220417507292,0.10065807769639257
МО_0246,-0.5173593056158783,-0.5488668363983127,-0.5664570150926309,-0.639795178178991,-0.4593353581202404,-0.4671690241695501,-0.4156363600355988,-0.4230214064836666,-0.44903508949006543,-0.39962367168865853,-0.5624262289104998,-0.6441702950308841,-0.5531909699021771,-0.6907745148334161,-0.6227309206581761,-0.7519690323325356,-0.7167090421935693,-0.6540193111437738,-0.5839072600843735,-0.5879703532025822,-0.6020849226437441,-0.5229687726960854,-0.7132825024746197,-0.8071564762537591
МО_0247,0.0805142397198324,0.07364517267614978,0.13587822239930958,0.08748049001683533,0.10941471313389073,0.04672107366633327,0.05841328268624402,0.018386039245712027,0.08047931127830843,0.07690849616129469,0.1084393577834124,0.09315740940747474,0.29525879850806014,0.08249488665010496,0.23471007795585308,0.09906138272897991,0.11339719047554908,0.07969486094548373,0.04744922309348354,0.038085807650764636,0.05394544404068213,0.20077443221567037,0.25429564705609486,0.21629533513504917
МО_0248,-0.4424815202985375,-0.6018649808670595,-0.5683451720520658,-0.6202161090134322,-0.5349886953155991,-0.4988402231581919,-0.5024329625969646,-0.32324121914537507,-0.45311992172888793,-0.5268113029862302,-0.6367953513158344,-0.6631188592327586,-0.4519040114473434,-0.7083845028641811,-0.7710247888906014,-0.733638326391409,-0.7547461779630229,-0.5938901969146535,-0.5768711816338072,-0.5847375199400027,-0.6203970947822768,-0.6194441103684376,-0.5668887923056669,-0.7234011636483544
МО_0249,0.2152015562003573,0.15057584961812687,0.22190668640770816,0.2858576571499043,0.33012974639515136,0.26030931760625897,0.2999380768329001,0.24874165264089854,0.25393092181677623,0.17229819911021238,0.10598140322436045,0.11356639482604258,0.2461609537159788,0.06485945442355501,0.24800023903451773,0.23884558331330297,0.1670113464755243,0.20728568650955026,0.23060596449919402,0.17442975404351913,0.11730509826536384,0.1558983082272345,0.18182059103691017,0.10643226009978335
МО_0250,0.19837307581452812,0.22101339424207822,0.1967154866232974,0.23977577383770665,0.29449266477760716,0.29447287307056413,0.32317472246582746,0.28385527166091684,0.20473524443894497,0.17014661753123939,0.15114614670100046,0.09625592197928157,0.30121159990528845,0.08269546695391305,0.24601126420125752,0.18931892349924873,0.2340528859737141,0.19942175464583478,0.23093368913188783,0.19103128837003425,0.10021134853176505,0.1788412831744246,0.16741067669933685,0.11520830194129594
МО_0251,0.11784351287294115,0.07809245607169224,0.07567321732536492,0.037580481642475405,0.10820699104935194,0.03384964453671557,0.11155737523798415,0.05246217660907959,0.057642361357363114,0.0849386986366607,0.07057536947875143,0.09054505137959978,0.29861146945981787,0.10420807140001465,0.18806758402653934,0.13938074117370647,0.09162410828352208,0.10624728367649894,0.076212979915951,0.15487295306519755,0.05334349806557981,0.15021253356528952,0.1989241434053195,0.16613480595520613
МО_0252,0.18107055084685442,0.19330086138400304,0.2459590569612864,0.24353091678148253,0.2939142812021043,0.3217818042367977,0.33723013614441655,0.2978796911774282,0.2026470906648168,0.15750766106082104,0.1576120358252826,0.1177060297952277,0.2929557229994266,0.10092563971930346,0.2674173458651552,0.210503084525671,0.2102264280598689,0.2334399940479397,0.1872065068096198,0.20370572967950729,0.09043364850866631,0.1349072082265792,0.13627098308017338,0.1205773747196055
МО_0253,0.08534831751960859,0.06729649573033214,0.07747088305668015,0.023020331568396557,0.0939491391053604,0.08859364733048558,0.0646265636602088,0.05585773185966758,0.06823031503333965,0.0013227754520848123,0.0859639605409992,0.1925388749205048,0.29583188626063084,0.07381976978179594,0.23026136069363012,0.19252783143784313,0.12056454179642095,0.015641521453162,0.09611030626197703,0.17778188458763644,0.07671288679981814,0.12270498531929519,0.2125099957864105,0.167213431274714
МО_0254,-0.09926472862122715,-0.3318910362228582,-0.4197327275901017,-0.5464036659976852,-0.5178137262955573,-0.40801883684712337,-0.35127315594367126,-0.2680261251092322,-0.2001552952638832,-0.1751695221045484,-0.15715094193386214,-0.14992242238078823,-0.03686434892775381,-0.4574253110847266,-0.3598518244153155,-0.587053844831626,-0.6272458090157791,-0.6169902481561031,-0.4355753169144574,-0.255070823026708,-0.3558063039057,-0.1509817606935382,-0.05431285250016593,-0.23812686488879997
МО_0255,0.21313876592145142,0.22834364318293687,0.22480703627142162,0.2551986993875257,0.3388252127169693,0.3362196404066893,0.30496724922588214,0.2621244849732882,0.20130928838804607,0.18695191647326936,0.09390180326317044,0.10783175519540222,0.3003620597164378,0.07649863023831038,0.25286776981837455,0.2732223423100919,0.20340565708053937,0.20620068011504955,0.23071888621645442,0.208250493413896,0.14150815699390762,0.15787257056151027,0.1425645204703585,0.07536048620012537
МО_0256,-0.2133662639444509,-0.36708368031882443,-0.40752890632641225,-0.5665824451127097,-0.4457327093568626,-0.4662550000873047,-0.3651789193034851,-0.2794122291683774,-0.12945582649760468,-0.13248137543026672,-0.14651483675575072,-0.10686679521434961,-0.06188885324566051,-0.4444084285177681,-0.397016249054726,-0.5579965530180697,-0.6024048140825169,-0.6064810954376298,-0.3923898419407479,-0.36215604629554043,-0.22309297239025305,-0.14469003192033014,-0.07262016175596919,-0.15088010407072971
МО_0257,0.22474212288502926,0.18710172503550204,0.24475516800986163,0.28112223498695244,0.29843330540958135,0.29794523066750855,0.29573766063696816,0.2658433169155714,0.25393734658816847,0.14732794294209128,0.10249493798197307,0.14510125468351376,0.3107992328151159,0.12896608547353594,0.23826259176147602,0.22445769868898857,0.1926240900120355,0.21777481603655247,0.174930315783131,0.21715791166408493,0.11919092323952718,0.15342772491579737,0.13972569813778613,0.09313990421465412
МО_0258,0.21635934602268492,0.1804923994647165,0.2334803782252699,0.2856824658649124,0.33331759476730305,0.2671485504712532,0.29547183227970564,0.28120105677037976,0.21830325216923185,0.1394245190990464,0.12904363344845926,0.11268289805290088,0.33659477246942515,0.08149410644033672,0.27063143222452446,0.19659030788163712,0.18527744292954118,0.22934203185978852,0.232086865340964,0.18431096600949637,0.11320298969935827,0.1269472346945335,0.14390858810366858,0.12777343967449895
МО_0259,-0.1659752161574275,-0.3036171209394922,-0.4678942889096245,-0.5380268024630084,-0.42563136734506557,-0.46454786701285755,-0.3955037532054426,-0.2582489041569236,-0.21824328127507542,-0.14086785033417826,-0.052686127031098096,-0.16010008901402806,-0.00044449263261192584,-0.43882516492768,-0.4241127162917344,-0.5327180616008125,-0.7246288433893611,-0.5656096063964693,-0.4771652458196094,-0.2795296918478858,-0.24674644970170867,-0.18248294537002252,-0.05521850163706432,-0.1907416250550149
МО_0260,-0.5858044648054523,-0.5898627641756615,-0.6261488174173966,-0.5207312988666839,-0.4922276519268305,-0.45468182126986,-0.3543741610979758,-0.33295225123808514,-0.3818580450571236,-0.4157661903577221,-0.5473626465895123,-0.6445183141696091,-0.4781200238709289,-0.8176182524094244,-0.6863191192832652,-0.62983708072775,-0.6219320830605763,-0.6437158743213942,-0.613878437863784,-0.4797503785605848,-0.5840048309160668,-0.5797941165881841,-0.6636947325339086,-0.7341643104634272
МО_0261,0.20137091858427425,0.19062743558732542,0.22582330655602867,0.2495019188815153,0.29609926365601247,0.3153276230968558,0.3319832413327912,0.29216999583238135,0.2141839229052387,0.18252906354846132,0.12289654236819025,0.0881683163839071,0.3117628518673037,0.08948131331182552,0.2991423245593783,0.25107749320980766,0.22006063202616133,0.21989220268936194,0.2136866948299776,0.1833850324583235,0.07794169702568254,0.1371276359834841,0.1465786442663699,0.06892419839783592
МО_0262,0.0786793426105703,0.0793206484856519,0.06946144955236733,0.03757750547074501,0.0708396281389021,0.10636885931545059,0.08686704333456596,0.045128178351729886,0.054976670786013315,0.061327457947463415,0.04682077383085925,0.0764083942758429,0.3298278935038734,0.06479998946778132,0.1751122590797145,0.1418736410698216,0.09485579905727093,0.021128601084853926,0.07798595039757927,0.12666337826083485,0.07157653696268795,0.22423689617329678,0.24158839152321754,0.2491020695574715
МО_0263,-0.4005775066949333,-0.5618101136304929,-0.6078568392375701,-0.5489675498965436,-0.5372205750211414,-0.45958045133941283,-0.431792897394665,-0.3676966042645766,-0.45363375417297824,-0.5210857889915559,-0.5571231025799257,-0.6597864594449732,-0.6364546837611673,-0.8858512914709209,-0.7453447696735704,-0.7600645218982933,-0.6823071229844064,-0.6323601416216462,-0.537936890413544,-0.5152689624239226,-0.5704306010026947,-0.5651533697250954,-0.6371171315698376,-0.6957815522847728
МО_0264,-0.49461116390364523,-0.5809131583415219,-0.5524567560911979,-0.714943976693279,-0.5237819120584142,-0.48025429059674707,-0.3417723713666696,-0.3090260822951816,-0.4935472682825015,-0.41618100529100666,-0.6363690265365136,-0.7099616496839865,-0.5517929120916971,-0.8289837690119466,-0.765902309086341,-0.6834220279179668,-0.6690581682220085,-0.5906050041670454,-0.6128736254873957,-0.554888189319632,-0.6255471070569598,-0.5111734072246286,-0.7893133361560718,-0.798596356848611
МО_0265,-0.14835524248031007,-0.33707854209836086,-0.43303528726862694,-0.5171354873728067,-0.5222632483453378,-0.4648861056374365,-0.33028547142910547,-0.2551086839614438,-0.17247396578716234,-0.10693205931472427,-0.10739717045877839,-0.2240135746519396,-0.05761154295820958,-0.4530513005657095,-0.37221216545163394,-0.5347116889167989,-0.5709226839317978,-0.6142473310912084,-0.49006125194466854,-0.38866958708678645,-0.3135412738254253,-0.08705106096780746,-0.045404423265267724,-0.2261743758239536
МО_0266,0.0812606663292339,0.08446316931866527,0.09349241541122488,0.0046349055102954395,0.03299504012449006,0.06934082878790804,0.008531527822309926,0.04853327947450836,0.061889858693637834,0.07464683711502396,0.0656078939767486,0.0885095992367333,0.32484929868556733,0.08594969858426005,0.18854265203209586,0.14429953829237085,0.10281057714308339,0.13185684505421058,0.10279805118084262,0.13706068590900422,0.0397214335080438,0.14161755552979827,0.19699370726946341,0.20132686941580147
МО_0267,0.06476824764466471,0.12472704827608894,0.10242479528969639,0.048258877577344705,0.10033636204075869,0.061339019361851044,0.08859752431778922,0.02160798795290475,0.05265727224094974,0.06043570217985739,0.0885686998314128,0.08062917277269577,0.22451425117160007,0.044942529262799624,0.20612171111931232,0.14508437815700503,0.14182795014214733,0.09779212103041068,0.08165424950903954,0.09965224192694322,0.09116515686212345,0.1396397291527247,0.19984659342163447,0.17295630521079808
МО_0268,-0.09182063424416853,-0.2779557752216757,-0.451003404817941,-0.516670666330743,-0.47556977346538787,-0.47749361919043487,-0.3767902674079231,-0.27182897359957714,-0.14078770045876965,-0.11462363381699703,-0.12525002598346546,-0.20784326224077887,-0.07296807661557381,-0.4422601889395139,-0.43553950238975325,-0.5504030008429481,-0.587805249591149,-0.5457445604649944,-0.45309664626118185,-0.3485980587339199,-0.3080135589059019,-0.17889190360104834,-0.12863030667569042,-0.1794630402263131
МО_0269,-0.18002832105808153,-0.2898134471370426,-0.4613207400942567,-0.5785321414782914,-0.4631795591590464,-0.48644144649617793,-0.3888927886683735,-0.2894119118121008,-0.13742473743919703,-0.04530515418985104,-0.12322267103320073,-0.1630233270250674,-0.03320842608109764,-0.5074290795621703,-0.34399882272756876,-0.4605898158494419,-0.7259788412773869,-0.5777073084992832,-0.5039636675719539,-0.34956211842468043,-0.3020690282528893,-0.1046649140089766,-0.10940684266088674,-0.21668533259977352
МО_0270,0.0898434415398981,0.10219256658825593,0.04041260632397403,0.008042202747290617,0.14086732659540324,0.035379244080482763,0.06288209528226218,0.05000333948390612,0.07346973555933722,0.11536055570976167,0.08725745209494207,0.053931346381959955,0.2579884700838164,0.06542457753347897,0.19990615470464235,0.09150931330550627,0.11589573406862996,0.04772011107422358,0.12400738799586719,0.1552429581465571,0.05059204941806783,0.17051222192999305,0.16709669039132713,0.22434433860932046
МО_0271,0.19184123931334085,0.18216949274701832,0.21745576021922552,0.234878477800617,0.2971039769343431,0.316244707380994,0.29050044163385635,0.3074725019547504,0.19320769795301196,0.19972123892826588,0.10100710198085494,0.11286297130449441,0.28850434202778885,0.07968410706192941,0.2632985092451037,0.2519286118888129,0.22964812298658366,0.20681166601676182,0.2140973541769089,0.18781726305761737,0.09289043531818741,0.13165280005054214,0.13878151849009512,0.11602709658231447
МО_0272,0.16356878458699953,0.20298712512716932,0.2535629624752751,0.2666316593502067,0.2919034834638836,0.26931365113900974,0.3154031996158686,0.226423476955123,0.24191197292717348,0.16314088430702967,0.15796332083053777,0.07834392624369713,0.31667118880150547,0.08454850375640177,0.24065035388855094,0.19453520663999413,0.21775258702170497,0.2284315403591357,0.24611480576813527,0.22361982578819628,0.10084353499056675,0.134501566492764,0.12016315595933058,0.14049947087480597
МО_0273,-0.5794905177045422,-0.5257064332706562,-0.5897567475911014,-0.5811594204884116,-0.5246021689794063,-0.43193112166404823,-0.4001800533825879,-0.40605649671616106,-0.3862380604395774,-0.4939379694595267,-0.6177135061721426,-0.6229095486329133,-0.5432779097567586,-0.7886279448174278,-0.7106744380182075,-0.7763719918266432,-0.6162745913326244,-0.5659765134370502,-0.5470116109354048,-0.5722995878397246,-0.639041647469881,-0.5264568070032283,-0.6652925989027825,-0.7823769412165209
МО_0274,0.15117603664784518,0.08531870903096817,0.12897700601234696,0.015477456095689845,0.09663058905387878,0.11678452244823312,0.06789520722961484,0.054017066890640564,0.02199454690892111,0.09464714965008802,0.04675559436384269,0.09663804402645937,0.2624771045002934,0.12410035879620906,0.24259971001240999,0.14222030891551007,0.056691038395788595,0.1263869392879471,0.06823038932068037,0.06746783500586062,0.00517611502285753,0.1379640887606346,0.16041596337795383,0.1869494237192626
МО_0275,0.11734125838968268,0.07548703456012795,0.08659504762034231,0.03572917363042194,0.08304011456127114,0.11227906913431696,0.056548102549040635,0.0734700847872638,0.010061287612819214,0.10778004168953714,0.055543237974717385,0.1309983103053547,0.2958167640213052,0.09574090174391081,0.22808352350697092,0.12959464120652342,0.12407269953625288,0.057540181890875175,0.10254636773291992,0.08891782140539028,0.06852639385599524,0.1434832526468206,0.2055543862950504,0.17339323776419313
МО_0276,0.1024357059194152,0.08807467452817264,0.05971963953475701,0.05577837442467981,0.08510517685538055,0.03616133287378176,0.06313992761795895,0.031770643431826784,0.1273990956057034,0.09395041782327596,0.07805226001200971,0.1346456886324603,0.2401345985935599,0.000663128658265677,0.19597441883814248,0.10181092708384121,0.08421734072994802,0.08647942702851452,0.10682077608231211,0.0664760607021293,0.07002857598183532,0.15777473351201543,0.21448038635184474,0.19004089029233917
МО_0277,-0.4714250464975436,-0.6048933591407089,-0.5273012384590174,-0.637173997252221,-0.472117386353613,-0.4679481913421881,-0.4157936360740866,-0.35598006511934344,-0.4359969737314682,-0.6198376308563365,-0.7309401733939165,-0.5892797793917417,-0.4785657040813458,-0.7187063980925199,-0.6888578575146056,-0.78054766669249,-0.7240074815908883,-0.6427358582071623,-0.6415527702127584,-0.4704803174223162,-0.5120506048296409,-0.5716591442615435,-0.6481442843593221,-0.8154974883228778
МО_0278,0.23273376570515047,0.20544033539576567,0.21745917201607234,0.25381691974221354,0.2918929344146335,0.3001886127871014,0.27735725646965825,0.2945137857443214,0.21762066978680572,0.19058865067737507,0.11731459086215601,0.11015924177954695,0.27406191573150984,0.10175381995304988,0.22975456543753126,0.21220362848025154,0.205858572609122,0.21733327633738497,0.17629031092446112,0.19884270322122433,0.12862604594255522,0.14701205747463675,0.14303834954551142,0.1142831049788704
МО_0279,0.19928587913108942,0.18330388913103235,0.22251553751094555,0.2640749013688417,0.28258364604907626,0.28976147153495013,0.27857396700786907,0.29159968096907996,0.21786172647276203,0.15040864079257688,0.12318262642185296,0.08881123165731708,0.2776383536681415,0.05735600989565093,0.22593577976684465,0.24907882762423306,0.1911752622618188,0.22423329511662793,0.19368622132969904,0.21864949544624857,0.0921998015510539,0.1553633767203504,0.14859001082715828,0.15759109069054844
МО_0280,0.11392175501815771,0.06896191904950655,0.09647571506644681,0.12157444753094637,0.03219595985581414,0.029377583194673207,0.05989575811644876,0.04942455484441588,0.047044403486976805,0.023049890049232857,0.11197811844956362,0.05680404285386054,0.29350578860539756,0.1087684385461074,0.20704760497626395,0.11378602638482072,0.05085523677217907,0.07340975192983556,0.05649745415658103,0.10678091298147585,0.015996120965308336,0.1817341148240761,0.2075215927487868,0.2113291406455211
МО_0281,0.13824129972595323,0.07361517452822852,0.05414974531493577,0.04099630456598291,0.07530924548464668,0.05192309762799496,0.04208175279179471,0.0012446440676825432,0.040199234410501106,0.07297162800563761,0.07394718603066863,0.1354689349029332,0.3581767692129869,0.1001735339370402,0.24942876996288632,0.1661710801597973,0.1426124841412193,0.1358353368394063,0.10774329625546208,0.12181538462312425,0.05188269023891223,0.1561029242885308,0.19391998711334502,0.224271597141799
МО_0282,-0.17739079768635513,-0.3012999810929369,-0.5169092683849144,-0.4431688701271099,-0.5047747872970909,-0.4492416451880814,-0.29709997475096195,-0.23364628866255543,-0.09657242834467539,-0.1499709751346252,-0.01120465300904705,-0.1109163840990135,-0.06770559997719516,-0.37800807808281967,-0.46941896388364945,-0.5698984230932762,-0.5599553242444895,-0.6484895865784104,-0.4527874752988197,-0.31768420119468566,-0.20656459279536676,-0.20045349473704022,-0.04051880410090192,-0.20262787375773073
МО_0283,0.08159871258139617,0.05008890787058995,0.04328868503292327,0.0695348838400065,0.047715085126903034,0.07686057448132289,0.04711370348075583,0.02554618748321502,0.04119283004607688,0.07227807376971995,0.06153883898513435,0.10050860435814357,0.32039839674915527,0.10986616434179552,0.19865029143295665,0.11184119092462019,0.09359834083107188,0.09442921539378979,0.035386581952936424,0.0739057313201581,0.036464048518144665,0.15110837705583613,0.18122408994504902,0.22684527056785342
МО_0284,0.046855000334998564,0.039357478563552206,0.0659075818115884,0.05215962929219309,0.03744572638460042,0.0364495791923094,0.054971370367276506,0.05013826324801052,0.061583548935551846,0.04232949148432397,0.11419452584331147,0.1141284400001652,0.27529876727483327,0.08022886559431441,0.21167361024880904,0.17960949562683837,0.07330403359590676,0.10332988874228555,0.0804639754055696,0.14537097572384994,0.0967663989762162,0.16325242185522626,0.1961866284233711,0.2208322261053297
МО_0285,-0.5496043048470085,-0.5157025714203058,-0.6120868457253543,-0.6179366961937518,-0.5322395076550865,-0.5256165465740956,-0.3715785588360827,-0.42859639227469515,-0.3661308871626012,-0.5513861166985485,-0.5714346947865376,-0.595389699481073,-0.6476909802065123,-0.712160168215707,-0.7092457049604022,-0.7088611574844883,-0.6744558281825199,-0.6070006311694502,-0.5775066620855185,-0.5030398243856915,-0.5980722131657377,-0.507529122296436,-0.621484719881682,-0.6525173634050017
МО_0286,0.21982666458678146,0.16779919666342025,0.27546451355204127,0.23270655579917943,0.33351804529845275,0.29778697818705524,0.3274283986386237,0.25900246374195746,0.23222378147131018,0.16234882255680638,0.15291737665078742,0.12165659930356654,0.3170271171233807,0.043277143063225054,0.24555991092221952,0.230143108645402,0.21030992701626516,0.23413193693795442,0.20309416482606757,0.20443456263167725,0.13634597685798155,0.10900503809620865,0.1593199946625461,0.10435728744214501
МО_0287,-0.18506960117412596,-0.28019396373070116,-0.373604421105437,-0.47052671265864277,-0.5013603252299035,-0.43243522413110647,-0.32068872660158476,-0.24915287697993094,-0.18206939850794157,-0.12571082389346344,-0.07358558263823056,-0.15608666458707177,-0.11792098846588495,-0.5024057648082021,-0.3894003103602195,-0.5802249648330662,-0.6045098298743454,-0.5242189030598468,-0.5275627653713109,-0.3407767428090054,-0.29216139131700736,-0.12194556292303282,-0.05533764644535033,-0.2334271166182713
МО_0288,-0.12578495824375047,-0.2523947817019927,-0.43015755553605395,-0.5175903456337352,-0.4792178292342406,-0.4536721795659524,-0.3321173382447338,-0.22320680510415514,-0.19362506865303963,-0.06069080274037297,-0.06042839010534529,-0.14695747629095202,-0.13583991193864797,-0.4396010796278418,-0.4148973333664525,-0.604137837453969,-0.632130862643665,-0.6301819548449537,-0.4509140972977139,-0.3323330349924092,-0.351164952060822,-0.12307668348487155,-0.1071644042777784,-0.1595924727215987
МО_0289,0.08326302336608826,0.0627046574570933,0.052798907363197145,0.041284106919937,0.08164979546777573,0.05909079843447884,0.06128108855560477,0.049237615188777895,0.046485006396709494,0.1374086015822389,0.04673768229811692,0.08274314055177356,0.39832779614511615,0.09002391986710379,0.1665537307135292,0.16844846751122233,0.06401433978736293,0.10758157304482197,0.07287947275097473,0.0874301047457049,0.10631460446186125,0.17433508329722613,0.2332447901773289,0.21868163920054506
МО_0290,-0.5628040296803043,-0.5691502057063111,-0.5555495799999814,-0.5909176623922328,-0.41917662313406545,-0.42244040715406506,-0.38880738775216805,-0.37502150559183,-0.4141764433236066,-0.5493013032782201,-0.5823003770256303,-0.6418415631388861,-0.5608828830386567,-0.7961895944700821,-0.6869160705827415,-0.6772313320376568,-0.6698726704050522,-0.634949419595987,-0.6595615035636033,-0.4633729166369527,-0.6311202987403846,-0.5996175019828076,-0.6647271394593801,-0.775169722202433
МО_0291,0.14133073781876782,0.12833036909096762,0.08925604826426259,0.05420420878346732,0.09965858212075673,0.05686595392481664,0.061295997340154784,0.07208037930386446,0.04379237202850916,0.06974478593713407,0.07598606461171364,0.11757038144589593,0.2809380641698045,0.098697611379583,0.18076380590212437,0.12599085184326775,0.07544775468902465,0.048148174639457864,0.10967820963366393,0.0715524059446917,0.037072165274834035,0.19500527403204693,0.18693762599824204,0.19998976826080295
МО_0292,-0.5911832535364763,-0.5580703663380877,-0.5736735374246518,-0.5607072693619379,-0.4823822619416944,-0.4612853117631861,-0.4256253485876478,-0.42834429747602165,-0.356543023433904,-0.4484991504121414,-0.6124619785952223,-0.6509092989947884,-0.5550843816245798,-0.869483980690605,-0.6790988762694319,-0.7366905598045559,-0.7506551227731215,-0.7172637116823175,-0.6693910340087861,-0.5714803599557428,-0.6282804973330745,-0.6393382198061683,-0.6150641256415508,-0.7540264664883036
МО_0293,0.11231555569671059,0.08126171577375274,0.05231071710071866,0.06085274055054768,0.04320480720979347,0.07083520009083522,0.03888820869445375,0.0894841774546773,0.04687343204961536,0.09405286350632913,1.722668757122225,0.07914920978629425,0.31094022129953025,0.11250843359608886,0.25795141794008813,0.1444088363023308,0.14644787538700044,0.07161979131590535,0.11217136980298292,0.07235855032160643,0.07064567060293037,0.08709225149175559,0.17040737670425798,0.2196343527573692
МО_0294,-0.20107443028000205,-0.27657774827017256,-0.38644414814528716,-0.5321452736267425,-0.5347139222206057,-0.4864323273157325,-0.3940439353067866,-0.24970656848084083,-0.15026255143289013,-0.11254186757244256,-0.04012534698548187,-0.18317694482604274,-0.0204163725064479,-0.4766608208403227,-0.4197624656464143,-0.5110296116005735,-0.5724710540104514,-0.5906174952506209,-0.45300299749431794,-0.3221240842419224,-0.30693119261196244,-0.11249728046222707,-0.030404359500071365,-0.1613810174292709
МО_0295,-0.1259226210291544,-0.26676953357371147,-0.48114153727198783,-0.49368347898975884,-0.5366261869871796,-0.4910603403094562,-0.2689337712918789,-0.2557884905465553,-0.18395314060018286,-0.05419815949251472,-0.1450067967066513,-0.17229755780615008,-0.026111612957214092,-0.43330054877552016,-0.48513745024913746,-0.536594243369592,-0.6335839753824448,-0.5122131198814017,-0.499453264202538,-0.2969222086394545,-0.21430570417362382,-0.171173006900613,-0.11263256721249526,-0.16470403306599657
МО_0296,-0.583449091118359,-0.5862031793838316,-0.6272563640095044,-0.6099079431477783,-0.5068118337159859,-0.4614015315352322,-0.39121247678694715,-0.4175371494155602,-0.4487968859894753,-0.4926687434397117,-0.5800346492969908,-0.6748433544032757,-0.5238816448710288,-0.903811532839077,-0.7245047580459456,-0.7299123179027376,-0.7458340488098685,-0.561847183234784,-0.5902577666622548,-0.5440705696597146,-0.6481872842101009,-0.5963621253167002,-0.7083637702395489,-0.7592399912039092
МО_0297,0.06689874352087877,0.07842693193669881,-0.0008732508321429577,0.023589117163083984,0.12500283470577322,0.07956397694496253,0.10657386496730581,0.10356883974880127,0.07721672716180805,0.04859079745565609,0.03874190845509595,0.13388463897164904,0.30144921212569464,0.1522142052847446,0.19700021141031776,0.20235472703531876,0.08661175274252386,0.12039118572842966,0.13010909324906805,0.06993548238496494,0.04348971304830762,0.12635366594649255,0.1671567724061056,0.22564605433069573
МО_0298,0.08911014527128103,0.08832002917508852,0.092611420206131,0.001707608404942107,0.11968802268905598,0.04417921957153759,0.08297472407698336,0.08055858683553119,0.09815100125978837,0.05903113638354007,0.006150313071776381,0.10119612921176646,0.30553337863891983,0.04636569501908383,0.21237787032362831,0.13233729835011587,0.051032887984922226,0.10045427466094736,0.0622965866051608,0.08843260378827367,0.044162289978421754,0.19440740064137252,0.2028276222006511,0.20800704343132104
МО_0299,0.1929923646943017,0.21317153562388214,0.2502288209532981,0.25715065431845296,0.31734450422111493,0.3093757134423534,0.27860174062034737,0.2552496653252909,0.21560914273753617,0.15289535261483067,0.10004657392386918,0.0754397211378155,0.2713776800346661,0.08142816934583408,0.24588283718161463,0.20607100042162507,0.20741613314113572,0.20623211984543133,0.23222372147629322,0.20022630525048868,0.1266480591977146,0.15864309341100835,0.1194915638448979,0.10922182044727258
МО_0300,0.057940273398891406,0.08350541433287617,0.05357032164001119,0.06888810442093352,0.040814412446357196,0.055093099230118625,0.08417515236674333,0.08916506873794461,0.03410207170034596,0.06270938718324537,0.0753838460304106,0.14589608919444252,0.25507227107156893,0.05006044444115432,0.292087025472723,0.13497493287322548,0.03458569216629925,0.06283322351022314,-0.003857855511835595,0.10785160160407159,0.08233319820537943,0.12999317143238542,0.189933389386308,0.23334367347601415
МО_0301,-0.6280925767329535,-0.6657964873291995,-0.6274161087199879,-0.6352713064414512,-0.5239520982250703,-0.528152283284486,-0.38869084094467254,-0.3950574864017202,-0.3935787750603357,-0.4767193889744554,-0.5674622636104001,-0.7252162551324499,-0.5154490493930854,-0.8296167654955386,-0.6963113604829783,-0.6635027077730555,-0.7390000672841825,-0.5757478675522787,-0.5189770940298484,-0.515269831702792,-0.6730567893501984,-0.7048878415793993,-0.5936593513114143,-0.7451798863326022
МО_0302,0.18690113836560052,0.227385446053896,0.2060112823667275,0.23571033280410525,0.3141049722807576,0.2749790526923679,0.30401697529443084,0.29455478563754056,0.22393110548194173,0.1923611602011679,0.14400936157910849,0.11303800264365904,0.25157343677020094,0.06444323458837964,0.26253804676568215,0.19092704753852985,0.19930377711573222,0.22167840493737856,0.2398036636440466,0.19195842660189655,0.09985168738801775,0.15352990283520462,0.1545512440259813,0.10795004741409464
МО_0303,-0.4881183860463594,-0.6396751183706453,-0.6100023029652526,-0.5753939290557586,-0.5292703938466836,-0.422979270486163,-0.39195858817863183,-0.348153546485106,-0.4113330943695459,-0.46791913542410946,-0.6094163550776681,-0.6844394726655061,-0.47885880297889116,-0.7812979231793005,-0.7391297034116171,-0.7068727553598535,-0.8217170921351098,-0.6720040921601989,-0.5431494751675086,-0.5591663330065675,-0.6181301153285261,-0.7463922416240631,-0.6672137779312184,-0.7338355282077949
МО_0304,-0.1299652811760481,-0.25516150424836503,-0.4311127830487198,-0.5187186984229761,-0.5492405011700328,-0.47564572424847107,-0.4058744450353302,-0.3195728309524206,-0.1977533512328371,-0.03995406633641174,-0.11792216465348737,-0.1456056975176292,-0.09661354972458369,-0.5066332921659136,-0.3852290434468877,-0.6452417535367214,-0.6399170471722506,-0.5759917745766145,-0.4659862005599784,-0.36803003176964566,-0.3588520847904526,-0.1691790096415673,-0.13485436588695343,-0.21117278383797888
МО_0305,0.22120625958618056,0.17964214361600206,0.22926204547304785,0.24735937871308167,0.3228162665438514,0.2945884718899272,0.32202921283052177,0.26932763919739067,0.228396741141216,0.13735381171975014,0.06857175289316686,0.12043417302654369,0.30693192681813386,0.09606872715572479,0.23677271422289792,0.25172652098844317,0.19664007257273042,0.22332637305704495,0.22230497422889783,0.23783362372596706,0.10638084917388468,0.14151496004053143,0.11757007694147248,0.14208232409526467
МО_0306,0.10765132359020768,0.10034087265621316,0.1694253733966491,0.06718055565197822,0.042015400417342974,0.048774937221946146,0.03775921262438864,0.050061149821191364,0.04494941635423544,0.044566126285019436,0.02806096168240302,0.14725734981832694,0.30847761422722364,0.0706293597522798,0.23068228557611192,0.15729986963738618,0.09958622844565923,0.1008596699936728,0.08322638344485433,0.12073062394013334,0.08063302442336706,0.1622246047684328,0.19744327224896807,0.25154598285856444
МО_0307,-0.1676929377829186,-0.2780031886846466,-0.4061461365482195,-0.5364747800085556,-0.5282686994060981,-0.48161894351633805,-0.3751001166664434,-0.30398324862575876,-0.18040597972918526,-0.08965254326318828,-0.05646197322701241,-0.13222513863161822,-0.1800550796114706,-0.40935910279754495,-0.44499963987990476,-0.5402306249549866,-0.6182907504690096,-0.5815146843860859,-0.47929521541565734,-0.33986821991928196,-0.23155742658464362,-0.1379216854315537,-0.06148260105491943,-0.14265280939794955
МО_0308,0.11502036280626093,0.033150474875494496,0.10942322584178044,0.04369217459232111,0.10255686100258643,0.025476059474522472,0.0314504635907511,0.1212288637636103,0.0283176124317297,0.09656005718858296,0.07341204648616007,0.0868786990573529,0.29816730636416544,0.03836068589734687,0.20754051930236272,0.11068564197502617,0.07945219263397796,0.10806871472975565,0.08683406142882433,0.056158865263970625,0.08358429920444976,0.15713004986017332,0.18778954900157174,0.22803433793221473
МО_0309,0.19846095104248818,0.1806009723806703,0.26019865421327637,0.24384768911090404,0.30197946090477323,0.28914900589005477,0.3298059082757234,0.2622744717964327,0.18880929343328745,0.15383908022677417,0.14787280642808476,0.12952587918436897,0.29320795124415255,0.11402378332549645,0.2622302090944295,0.21660028867154502,0.20251943178544884,0.22149514730250708,0.19377451073554042,0.2035489218411719,0.11889170886194655,0.12083949339294442,0.14374657817842085,0.10497386025470234
МО_0310,-0.10745415539356884,-0.367435612454182,-0.43796271376593054,-0.5313626518125947,-0.4575529654367738,-0.4692067254561394,-0.2835676567133234,-0.21916949088394766,-0.17075509619599494,-0.09071511478621197,-0.12126246896773374,-0.12002494841894595,-0.1293616082083009,-0.46795909045069095,-0.4044459717018789,-0.509323569993553,-0.7058040839461519,-0.5188283307029948,-0.48081119143429163,-0.41432624606597734,-0.40540273914382574,-0.19831072058048171,-0.10569224061598348,-0.18288496554413136
МО_0311,-0.1232488588036098,-0.31563521980417875,-0.46702409483562946,-0.5286159214244464,-0.4946113925171751,-0.45823395088333285,-0.3869780305103152,-0.2096001581467899,-0.179202047297375,-0.13509015714156547,-0.12879537697168786,-0.1114071850104601,-0.08138555779428636,-0.46279179151062877,-0.3856292584261336,-0.4726438863445477,-0.6093380347282267,-0.5244534809079955,-0.43376266827418064,-0.363196837654824,-0.2842682582492042,-0.1884370631363108,-0.11310173703663295,-0.20529665879680437
МО_0312,0.19374736863851716,0.18891629855117742,0.2175005238203731,0.2548380916940225,0.3012173267856184,0.25996364536955774,0.2912841821886012,0.24238405490810777,0.2245900951291553,0.17747898074577861,0.1264682788560716,0.0971351480892384,0.30324534287997373,0.07715639537730823,0.22450685552298744,0.23677067433841437,0.22219818396194668,0.2338867022852682,0.19824527772816758,0.22704606678484573,0.10284979654312032,0.16764884459588458,0.1373147313944454,0.10655534068710004
МО_0313,0.02237366065707569,0.0776916430468777,0.07865694516048194,0.04512772489547423,0.1337706846128981,0.019778061911976508,0.050095247776731355,0.034791023359098006,0.040113795067009406,0.09311924990525178,0.11420039067287213,0.07845852248058982,0.27782194661237547,0.04267966133546963,0.2471417122862185,0.17679798359939447,0.08813605246373335,0.03842675192146139,0.04000846416840709,0.10574286374192354,0.07451979295042932,0.09535869856681423,0.19441580973771622,0.2541829255016683
МО_0314,0.19745490364942242,0.23370696099459742,0.2362233825633986,0.22250784595201623,0.2977537391273799,0.2946772245537712,0.2871563621247013,0.253374681503054,0.24984426245189084,0.14786542107083633,0.14290603594716345,0.10415354638792707,0.29779547769968495,0.09779556885745855,0.23530019105989908,0.2332901622141268,0.16490903489650321,0.22370294043189176,0.16104164723738457,0.19892188599701655,0.12980630127605153,0.16702472428628212,0.12156477505054042,0.08764169604014604
МО_0315,-0.17612375780488598,-0.28620709820741475,-0.5039798005795308,-0.5126214089519525,-0.48349862904163565,-0.47878634991638336,-0.3343986038172968,-0.23670905982715595,-0.17601234680437017,-0.17774903705895007,-0.10176319333012174,-0.19252380664776325,-0.0992074046711231,-0.4158462826693139,-0.3659802331067006,-0.5598762328801783,-0.5955627466427487,-0.6315863529887284,-0.46538484305736993,-0.3413674850955779,-0.2361645222432056,-0.15875361698930135,-0.11456955106866218,-0.13789646534646316
МО_0316,-0.1522582278877671,-0.33800938795323177,-0.3206371420461771,-0.5552361764514799,-0.49854380725561853,-0.45359733644051836,-0.34470674217817354,-0.2532477743204602,-0.1617365912494666,-0.1096987373000875,-0.15173707093661015,-0.06839202346165507,-0.08487333638519523,-0.41113401167491403,-0.4360596827513401,-0.5725443748367169,-0.6359430866073694,-0.635801010862183,-0.4816306319020036,-0.3552515537612688,-0.2384726451008614,-0.18500328265153065,-0.12798993348436127,-0.2161866627019382
МО_0317,-0.09087566043150908,-0.3284320704959267,-0.4002104791887362,-0.4732860069817715,-0.5018007204502553,-0.5225373027191615,-0.4099775968899664,-0.21126746356836001,-0.2047699371804086,-0.08462039820617306,-0.10252575220013149,-0.13931549266612286,-0.05721030736282451,-0.47235808276455415,-0.46169469560466503,-0.5297567425784813,-0.6428991245231597,-0.6838131190228189,-0.4492555743818176,-0.3804216991112419,-0.26664819035204346,-0.08142240397547162,-0.10423354809168828,-0.14041841076523376
МО_0318,-0.5328919194638395,-0.5203464603121652,-0.6691157050720609,-0.5980653135889344,-0.4756006730993185,-0.4744853551646635,-0.3417955654081144,-0.4091978091182593,-0.31756974219054435,-0.3806294887848587,-0.5636931674238355,-0.6252708283882136,-0.48049505519409763,-0.8724333153536854,-0.7535814458293864,-0.6530949808997129,-0.6893288658146872,-0.6546323462742176,-0.5906446938544452,-0.6722111271892146,-0.6335538645346777,-0.6332255162577134,-0.6016975153436572,-0.7009976004799565
МО_0319,-0.5117477917841544,-0.5799449942792645,-0.690877687070218,-0.5681224105682663,-0.4777888560752217,-0.4027051346257249,-0.2934960246192393,-0.4722238658213005,-0.44046214105289927,-0.5238526958563519,-0.5691714078159471,-0.6522307944950434,-0.5517827306293377,-0.7616932273352592,-0.7430521556595373,-0.7679719999622261,-0.7542395530132406,-0.6613234633465286,-0.652630369794096,-0.5553376280109745,-0.6323002585433724,-0.6348989349980059,-0.6039127843216026,-0.7537241658134928
МО_0320,0.1268884172997069,0.08089754394325155,0.07519839950999163,0.04054574127593824,0.08087364635427896,0.07601898365569681,0.054662657921738855,0.07748956053471368,0.03264469560550154,0.08494837498269625,0.052462262023706074,0.1250326970050306,0.3013414691670828,0.12302213279501828,0.17333111890301467,0.09888254819254882,0.0728289890841296,0.03877139936963836,0.037726294299245566,0.11927050304418252,0.05791429159465444,0.1429526134163197,0.19244622913469023,0.1877169188851564
МО_0321,0.23481247113840986,0.18920408502592423,0.19679978202261772,0.2601144503184507,0.29929205252746094,0.3380265831010245,0.29568248071068837,0.2896917255544089,0.24135283722150547,0.15698591682065377,0.10647889906080898,0.12771056657384428,0.309806102655628,0.058346478478467745,0.22470265179189752,0.1712034758452763,0.21774536596704763,0.2096722488008833,0.2071692413093107,0.1696299385769482,0.09075939450789505,0.1450196399137642,0.13408647262682294,0.11339170547236854
МО_0322,-0.12523815112670889,-0.20287122993033258,-0.42350315417901996,-0.46747635939413357,-0.5291547150728295,-0.5344627152805579,-0.3695035084078242,-0.3095668948751733,-0.15375924974164867,-0.13151962762891678,-0.18527057206313913,-0.08495978620415556,-0.09757616820087556,-0.5005160235056056,-0.38674669682378315,-0.5874984024440693,-0.5741186987529581,-0.6031429527297334,-0.4968416939076832,-0.3251779792094087,-0.2616048502400883,-0.10639592845452661,-0.10849369193133995,-0.15910437516959242
МО_0323,-0.5033003731444783,-0.5896894697908799,-0.6231432552974194,-0.6699193119796671,-0.47930004551239236,-0.46285608235710285,-0.4200873078582834,-0.32370751396313757,-0.49242998141765426,-0.4045375482302269,-0.5789104311669249,-0.6370249784808006,-0.5598308327018433,-0.8964270910314838,-0.6949619400237861,-0.6991786812479557,-0.6692170171382088,-0.6532087438971743,-0.7008278510587242,-0.6299921208001411,-0.5214247676236639,-0.6501999784866577,-0.5762486241124503,-0.7974534762700358
МО_0324,-0.5497045989770424,-0.5684575137392276,-0.6570200719632489,-0.5180438077801579,-0.5054723354479709,-0.44192222499917655,-0.41278686564170464,-0.35465981779186606,-0.3420986627794953,-0.49330366087963107,-0.4913111276977382,-0.6834806778249014,-0.5018738250077437,-0.7886177285931648,-0.7414105487346152,-0.705225441360728,-0.7026599925658186,-0.6859666927890711,-0.5733007372887968,-0.545594576265584,-0.6276550961771896,-0.5990020527509863,-0.6521016099705932,-0.769134120461473
МО_0325,0.2046017696823288,0.1910359149315095,0.2763786498136849,0.2160067730594175,0.29191244344972844,0.2871362672331266,0.34701646177306245,0.24636934895972296,0.2282273365692422,0.1723805147656261,0.1280093605124808,0.13761009920744627,0.32262485149229114,0.0775395439622848,0.2511517135078716,0.1846500353011944,0.20781948905790948,0.19902900410695956,0.20668460120960752,0.20907421129259873,0.12081888730406298,0.12064744425360274,0.15049867676560957,0.08650487210156577
МО_0326,0.18481226707931064,0.22700884122968823,0.23500081890255764,0.2671775007221342,0.33480170764444317,0.28179433518187125,0.33618602673538867,0.2434619288356945,0.23463089730041808,0.15754587917269447,0.10273131156620252,0.12517263330131634,0.31720729480073295,0.10486404822561646,0.25156856229588875,0.22457122197082136,0.21637496060146866,0.22098407417394128,0.22123936652053722,0.20753880975319916,0.12957711805980843,0.12203466203410684,0.14490751512805033,0.08335805408510488
МО_0327,0.20733912813412658,0.2367528026958592,0.21376076434534497,0.24673847857466846,0.3187368992928512,0.2558966506893352,0.29576438384368764,0.28006235514473055,0.16176899609637374,0.14787646360319506,0.1433544738866157,0.13294317396424127,0.30579462884475106,0.10420263329154977,0.2515734492064219,0.2330399740930833,0.1995245547106581,0.21722504632204043,0.1977648420005007,0.2287284874146316,0.1431526297597241,0.18217707417905693,0.1393708093962207,0.09195950317471357
МО_0328,0.22734456099703237,0.21479234323061291,0.22981414681475698,0.23152079626982136,0.31212044124715277,0.2755455481314275,0.3188878406081521,0.300349775951398,0.2523298014876776,0.1815831145468909,0.09369688342656701,0.11682983857414797,0.3411018991785024,0.0691864486838405,0.24608773305978815,0.250202562980256,0.218180307328943,0.26451191915329986,0.19575486206424486,0.18366370481616912,0.1372039502863842,0.1306612455996845,0.14359762485342742,0.10972205306482508
МО_0329,-0.10713729725654453,-0.2690850139807299,-0.4044198764107083,-0.5281897010340781,-0.44735564323036137,-0.3064319009724539,-0.3277601585825014,-0.2416711378583294,-0.20626069526809943,-0.1258007206212568,-0.11564812595084817,-0.17578480164924848,-0.07671681305773426,-0.36389060831554687,-0.3727868917493069,-0.5647071366012266,-0.6660565378872185,-0.5203124736265163,-0.4771679572356273,-0.40803126461258543,-0.25683642072853097,-0.09610781057881113,-0.20194038257955427,-0.21323122971709196
МО_0330,-0.15299503664429004,-0.26427529624939616,-0.44333233636274905,-0.5453781419969683,-0.466869034006427,-0.48619775761411077,-0.3337292565174703,-0.29011865235918677,-0.20843949719786892,-0.07009069634575482,-0.09699892018026723,-0.11750256270911486,-0.09737741971351888,-0.46681546348702696,-0.3682448129424394,-0.6192721785022766,-0.5676669117333599,-0.5209869910433174,-0.44080220572652884,-0.36648354826890817,-0.3179945789372667,-0.14553750886807926,-0.156705633455422,-0.21871680398191984
МО_0331,0.11435102512402295,0.10622951290610949,0.044437001360883244,0.07771287147539141,0.09471414174253745,0.09994863210904903,0.08407677814587444,0.09369463327070626,0.07133943216477867,0.09157473130794713,0.031245922146030836,0.09582996709483105,0.2983426898472459,0.07008102238522795,0.22126974960014145,0.16219924102677652,0.10308321877553084,0.07500141137402849,0.05713643873674101,0.13353956245507348,0.06853163989544875,0.12678462696546688,0.1982444808043642,0.15333505848372653
МО_0332,0.09607011480917471,0.08079764120142663,0.058690237646271015,0.10496721911049534,0.04640041898407965,0.07584383302220488,0.13260392971780455,0.09425523877017561,0.05608094097394023,0.02815479883433092,0.028997571545531287,0.08713574995943318,0.2789021508766556,0.05580711352454237,0.19816374702650208,0.14010043860533372,0.10587186489275702,0.04317584122679463,0.058741027248103705,0.09583381774571187,0.05217509959433464,0.21243575393985026,0.21102250483556872,0.15722635445616362
МО_0333,-0.5196727354113104,-0.5724347405820236,-0.6222667510464426,-0.6583243982885705,-0.42135601858571725,-0.5184589629932237,-0.36636790491995264,-0.37759330568952265,-0.3909977723204996,-0.40139646779010363,-0.5497148236281486,-0.6808340987581225,-0.48477901321893135,-0.8446284179075239,-0.6798035445307349,-0.7805701069933857,-0.7546923508251755,-0.64073775045342,-0.5727965235694601,-0.6380285847055625,-0.599161380411795,-0.6365446281279663,-0.5836166962408527,-0.7683473608403819
МО_0334,0.06130032829225307,0.0890231762181628,0.04843719612457065,0.09549756765938255,0.08110094879633678,0.050101745778937,0.08475671545777885,0.03178877848266559,0.018352494777017725,0.07442740540028048,0.03686931560280016,0.06648199619567485,0.324614853830699,0.09314544409280501,0.1703382644170528,0.12459377010366524,0.0642035597850068,0.13359930675188636,0.10638865395921293,0.08799863485022819,0.07532549607733863,0.11665745713952269,0.18387572251816842,0.20877994679320366
МО_0335,-0.5179702660333536,-0.6045908829948949,-0.6036096740984949,-0.5937377415704539,-0.5174376234525067,-0.47977204692370634,-0.42071975887463786,-0.3759989567112907,-0.40049752031201535,-0.4768214056325295,-0.6367266197352546,-0.7028472799631036,-0.5201345366779258,-0.7394897803717733,-0.6803606720225606,-0.7364993472164443,-0.6918112666861997,-0.7001481551008997,-0.5257537011716806,-0.5435793463456093,-0.6574986094723556,-0.6039129526026965,-0.6739529086275926,-0.6851656405583153
МО_0336,-0.5506938079630022,-0.5919496394134427,-0.5873240268016406,-0.6346928947563377,-0.49957328004463264,-0.45124298884445047,-0.4771104562917792,-0.3749610077038401,-0.4233264030191446,-0.48024104939267076,-0.5760152815606734,-0.6399423937584405,-0.47321146569152184,-0.8720488160095723,-0.705089061875519,-0.6825849951444543,-0.6789819960719417,-0.6203368063081243,-0.4535219982148355,-0.5222022773651744,-0.5674788589990776,-0.6109267822406768,-0.6972467157192757,-0.7664650108608377
МО_0337,0.11636780151905413,0.09895387512425913,0.08802178727489895,0.05099888181247536,0.06987096400595405,0.049256327142936485,0.08873694839480528,0.08715902450378721,0.026839854946736352,0.08504713479997505,0.05033779992037779,0.11354995036339055,0.2937532006201984,0.12436717727045554,0.19541091182120596,0.14852620661874738,0.1095133011901801,0.05409096230698118,0.07702262946928684,0.09262643369169155,0.04262525089485436,0.1441513526729512,0.23741554499795647,0.187677526772136
МО_0338,0.2131332454354613,0.21020609921940725,0.1953028576687803,0.254576826737253,0.2753369007992639,0.3098129458879697,0.2960627606239541,0.2729393870244028,0.19382329161699197,0.1698602799367901,0.13987632277840234,0.09674392739477433,0.28616492257446957,0.09565110096403551,0.25686373099093096,0.173248489976066,0.24614575616312706,0.22547986233456463,0.22435062297787667,0.20058801159774475,0.07561437139863614,0.16807325939011974,0.13622922406516125,0.12191361784568322
МО_0339,-0.5515218570037863,-0.5878159577634037,-0.6547601687046676,-0.5544351174341635,-0.5686777053242746,-0.35268629604720125,-0.2875090834913987,-0.30596085286939534,-0.35726435048326266,-0.49096678191015286,-0.5194694319478401,-0.6577097123197522,-0.6177545040875945,-0.7379133747037834,-0.6315402219543724,-0.7174828819753678,-0.7642875023248958,-0.6726171178041778,-0.6822581382428794,-0.5056550109401119,-0.704191197155037,-0.5812316357907186,-0.6897857644133953,-0.8220843116491299
МО_0340,-0.1390426724608389,-0.30700770811422196,-0.38917490876076855,-0.5627966766671584,-0.5262483898125918,-0.5629705510211789,-0.4427853098325354,-0.17373032976106373,-0.07100224666442756,-0.09659241443961264,-0.1400528672292154,-0.16633874905816803,-0.0411307315772067,-0.4555868121807194,-0.41316821376240753,-0.5588640699617464,-0.6404778469038988,-0.5948548891822867,-0.4634729514297522,-0.37804677304398915,-0.26726445164331203,-0.15599843633411759,-0.09980935419623727,-0.12489054138503342
МО_0341,0.08996323502194414,0.11434316968514402,0.022163260480416724,0.04331832300717231,0.08191570120262526,0.11235196484792986,0.00820412239205126,0.05905090580189132,0.10072776996436161,0.03862624585902452,0.06347427253029458,0.10943447035982423,0.3050474295057555,0.12436663505691925,0.22140736499283697,0.1830010382573306,0.08051525574409979,0.058093965473158704,0.07243664534150618,0.06585088742935774,0.07254500628333638,0.14576669933479103,0.18390144005452846,0.2205938011035773
МО_0342,-0.19432550731095333,-0.2628356441475095,-0.44183596851743623,-0.4657286081542438,-0.5116653071228203,-0.4421884760192274,-0.34822894758850254,-0.2159019512116238,-0.14994830074250842,-0.16683735914229914,-0.06674797502327046,-0.1579081089368799,-0.044493056582467716,-0.4074013923130835,-0.45360542768452916,-0.5949456441495098,-0.5915111360426248,-0.5859371405190323,-0.4377486151185117,-0.34609928530301204,-0.24439723437032157,-0.12020309857978617,-0.09338504663360148,-0.1952094919813856
МО_0343,-0.13927977162952132,-0.24594162410363118,-0.4248710913243148,-0.4908454881706561,-0.4941014009436504,-0.4624807009717262,-0.2864750122618869,-0.19758882491862195,-0.1511700238205851,-0.09172329913112875,-0.13517453673499347,-0.16131965388916214,-0.06369778817471605,-0.40098670780507284,-0.3927047325676387,-0.6027241901786784,-0.5786460308734398,-0.5773581265177139,-0.5146854405242731,-0.28551585809121427,-0.22680246559873396,-0.1265853986545249,-0.07655230230595755,-0.1495510756819982
МО_0344,-0.4707931958500371,-0.5633145004476354,-0.6823947635061334,-0.4971641771195543,-0.45597590887738804,-0.4904409775777996,-0.45088776885861925,-0.36235516062251527,-0.4349513016903668,-0.47023959629852286,-0.540626425171288,-0.6812229818057851,-0.5958840266095464,-0.7937825220117176,-0.7146508378643457,-0.7086111373059758,-0.7701946113064508,-0.6559162201989608,-0.5554532644465038,-0.5226124281886708,-0.663443647355491,-0.6539863977639548,-0.6468129125368218,-0.7226974995481861
МО_0345,0.10716425058452828,0.07138424414854505,0.0848589794315302,0.10249987755466883,0.08723938318961366,0.005657606397177162,0.07309869503286848,0.12325591079505216,0.018405380043406083,0.06306859787190078,0.06306937385209999,0.10235878958641109,0.30533973748868526,0.11159268037517478,0.2104966492826641,0.18148563810826523,0.087785836699803,0.0698056245914298,0.05913285164093551,0.046111369356781395,0.06631309775480787,0.21896305137160432,0.21780217137242808,0.22623646943979736
МО_0346,-0.5612333697413732,-0.6119345962829055,-0.5667782752175423,-0.49721988255361893,-0.4348613565615498,-0.42470253582775896,-0.39764898627122314,-0.37710988642935384,-0.4587136657434012,-0.5591477400636027,-0.6341366851231971,-0.6504108856798485,-0.5546782400466643,-0.8865455306413015,-0.6898476140529848,-0.7318374428158929,-0.7616707322225427,-0.6618160345062325,-0.6072485090343207,-0.5837409105672329,-0.5776922405730307,-0.6907182574027182,-0.7468910465599592,-0.7505848501767023
МО_0347,-0.5357754440210343,-0.5795071699182728,-0.6429590250481603,-0.6435507548227264,-0.509624559986138,-0.48704367408156024,-0.32185294500796324,-0.4038071946389792,-0.4236975573578423,-0.3629684570185727,-0.5875347785717349,-0.6250930441459897,-0.5077631553060122,-0.7765033632194065,-0.6735070818299356,-0.7062238868720705,-0.6980115749664826,-0.6721067790869171,-0.5749249188565404,-0.4514767616997801,-0.5634916533636503,-0.5803772781868197,-0.6048096071191118,-0.7942079348356881
МО_0348,0.19659484469803523,0.22287119606246542,0.2529858038534485,0.22877611452681634,0.29393539880595476,0.34087862520223666,0.30813181848195015,0.30923928141328005,0.22384603695503458,0.17233623911120333,0.11522749666579202,0.1317343387854315,0.32546381530342927,0.06585863588986918,0.2402223534735839,0.24023364643172052,0.2032466561317836,0.2050410832929348,0.23060309280620572,0.22552788462523488,0.10372859975623783,0.15882614872487366,0.12336348871169456,0.09312536575244224
МО_0349,0.2042883924246972,0.2045423349303821,0.20390493814967137,0.22987395947421163,0.2823062775953069,0.3063523064629301,0.2668538095527335,0.25254049736807005,0.1824500596528722,0.1757930455418535,0.08528264341789438,0.11351781992593857,0.33109874461229793,0.12002736011810455,0.21115321313441626,0.22790026797685492,0.18605820295986142,0.19104607194939227,0.2081428506410159,0.22802464366964692,0.12471461905408887,0.1402759995954579,0.16163366457797856,0.06616081732438239
МО_0350,-0.17869470812931176,-0.32661139448978993,-0.4195696453082256,-0.52020558446441,-0.5016146477384336,-0.4744536438857896,-0.3545151528998556,-0.22405278748187385,-0.14837293538431773,-0.11167553531275232,-0.09102978540076379,-0.12135585029245277,-0.098314735305566,-0.4373873606147445,-0.37619730592221146,-0.6024642550331922,-0.5455372522503463,-0.6273733783321944,-0.48902037074536153,-0.3769788474635316,-0.1978165455934775,-0.15726927910203692,-0.124937692643309,-0.1950789936293731
МО_0351,0.20371714393990814,0.19734536360069477,0.22058472389183592,0.17360923890824864,0.30475036171445424,0.2976072417543989,0.3269779694348198,0.2989532609248613,0.21595472938168392,0.18373721509817287,0.09930593881009209,0.12823008280914827,0.28685874831465696,0.06286473113008562,0.243559590953911,0.24994152488819132,0.20945773962208847,0.24483855561716616,0.1954375954525016,0.22441584262194425,0.09967824082494126,0.15908539159489976,0.15186664120296633,0.12426481864049954
МО_0352,0.10253121497609108,0.06457350334473055,0.10233345471970878,0.10937891124615184,0.06357093990265916,-0.000404917821615669,0.08198227194046126,0.052001789837110124,0.05309401875821429,0.07886219068896061,0.056167663948295754,0.09141674166784952,0.29650858738597563,0.12148613893283766,0.20885523881404744,0.10609764396745547,0.05543915202916416,0.08448662546045682,0.045325501111365796,0.05375487562266201,0.0771057351250537,0.17787799480350763,0.19301101103703644,0.21444382754949842
МО_0353,0.10065264570461707,0.10482162105845738,0.09406674327512654,-0.020744444209427115,0.07387007381587196,0.0701891701170787,0.054688987158677094,0.06302328083646813,0.07954810388721612,0.06460461501459491,0.11509701936011041,0.13329188837659167,0.3010117705733677,0.0714521356715423,0.12244342753459847,0.13337278548518938,0.05071743968208153,0.08694661407068693,0.08379446246569522,0.12149965291119003,0.09993976955547978,0.1565549598272895,0.2724675964115484,0.212607592171544
МО_0354,-0.6060926231764814,-0.6278215204747291,-0.6346476846495968,-0.5680482070104418,-0.5566212483628554,-0.47986356145463027,-0.4074585292805537,-0.4100018725254966,-0.38046753068800143,-0.454673294575203,-0.5194684104800036,-0.6694521464615057,-0.47995224859293373,-0.8812732997041692,-0.7574006601499903,-0.7766060108971562,-0.702567704826734,-0.5831881781463402,-0.6213079630304854,-0.5767437238192326,-0.6348266465772952,-0.5669317731286689,-0.6714823621921404,-0.7774199872949819
МО_0355,-0.6078515666585336,-0.6283039822780783,-0.5571372619874388,-0.5931082641441865,-0.5462514788637876,-0.4031575686777149,-0.42866719034375755,-0.31659805316859746,-0.350857950876982,-0.48393878267973633,-0.6527242436037852,-0.538425856638657,-0.520714824162102,-0.8292677966413464,-0.6401750493617442,-0.6808007872415285,-0.6374813719640162,-0.6764244734092237,-0.5752771883597827,-0.6122025650832565,-0.590709029024767,-0.5967204477794112,-0.6335506342500707,-0.7580666255911801
МО_0356,0.19678531137026134,0.18654957569849095,0.23905106427796952,0.273987518703553,0.29247379781621596,0.30832191942408826,0.3148502659797767,0.2729339981862502,0.1891769759422246,0.14138068644248314,0.10571767539595811,0.07010314148378782,0.3264688788954615,0.09391274507628111,0.24667214355000944,0.17812735955888037,0.16936021178706362,0.21486196489985865,0.24982204903849592,0.18948593661352398,0.12999740185792952,0.1449807700116157,0.1486377698155561,0.13532866093987472
МО_0357,-0.5578793849989765,-0.6342231721218283,-0.545106821927968,-0.5953766735124297,-0.4546984988220828,-0.4992272119833956,-0.32907280479270007,-0.37391446841598963,-0.3992989184612554,-0.4801578984270112,-0.6030705163350252,-0.6529850279306935,-0.5622081388747979,-0.7650961422730784,-0.69813430345393,-0.790741287982291,-0.7869994762078019,-0.7296429915912501,-0.5603023211208065,-0.6104842691396826,-0.6090214600198998,-0.588744453423482,-0.6508365267699006,-0.7288288792300381
МО_0358,0.20497115852383985,0.149719604323165,0.21676995516731523,0.2526955006499918,0.33641282120951743,0.33098026165631644,0.27894358321486656,0.265777535973017,0.1883865943353591,0.1978103349668956,0.14159443858195964,0.11989499369249046,0.30163016152255295,0.11417130249967578,0.2714978684131957,0.2450929698773585,0.21497122608311514,0.207924226673315,0.2257547463691676,0.21977965863608695,0.10890869217784171,0.14755383978843106,0.17019925002094283,0.1443173061374079
МО_0359,-0.17855270742857243,-0.30419079971965957,-0.40866514991959413,-0.4926285060080673,-0.5168504583632902,-0.39212403746778257,-0.3385276319176125,-0.22440268982138178,-0.08399081316794366,-0.11826392765835436,-0.11063699165064733,-0.20453368119942894,-0.0829677185668043,-0.49456835234525265,-0.3927595942763489,-0.5415539579396977,-0.6288081123821261,-0.577824127655326,-0.4447471296896133,-0.38440309106408677,-0.277166910770152,-0.1091548856898008,-0.176195009478457,-0.15285152380369382
МО_0360,-0.6242849266537274,-0.6055976509117986,-0.674179904838967,-0.5260922356036097,-0.5671148060590081,-0.5474742619124306,-0.3927389081609327,-0.4082809811437613,-0.49626856120518426,-0.46044860404072807,-0.6773717203576854,-0.7047129360351008,-0.5688395404963682,-0.7729623257975611,-0.6232080267498397,-0.6607768142262174,-0.7106919789814494,-0.7646724962149865,-0.5716582079375758,-0.4793803666097798,-0.5623362284211506,-0.5724257288108667,-0.7070762352413347,-0.7770144895805764
МО_0361,-0.4438910835533658,-0.6705544034524298,-0.6734024110417245,-0.5505269870098459,-0.5308167155916674,-0.5240525234243911,-0.32300795630459866,-0.36454303323546355,-0.44012835799084726,-0.544028105793446,-0.47542643904220405,-0.5645362723240375,-0.47021222385185446,-0.7683917681748458,-0.7140265231836587,-0.7415629823420851,-0.6307125445616428,-0.5701812173442296,-0.6850466578045395,-0.5254200405219009,-0.6300864890480096,-0.6472393374449776,-0.6345137922885513,-0.8182289789484756
МО_0362,0.19247598068910676,0.18794472452338518,0.21324663470116434,0.24276386809548356,0.28329583175630724,0.3287146899021316,0.3160722581544544,0.30866330252691476,0.2165072912279591,0.1564368342187521,0.15650562670884938,0.10132204115774712,0.2947424238575671,0.10095962870263264,0.222516848352047,0.23615796964010904,0.21750457021076208,0.2402952990243552,0.2282131397890197,0.22945838758853654,0.11051300355951277,0.13732541179097346,0.18973269291144668,0.08050107165157705
МО_0363,-0.6119074574343397,-0.5714615246937811,-0.5347610472253379,-0.5881770222724025,-0.4592935683662809,-0.5647549036877582,-0.4243837633498053,-0.4812932224998825,-0.3820177518605554,-0.5641009303279212,-0.6416877095368339,-0.627199627157875,-0.48698740937444285,-0.8210218508167788,-0.6594728198950719,-0.6890265182489408,-0.7137996324304616,-0.6980423581195403,-0.5629562886542718,-0.5222542690322562,-0.579324528657315,-0.5799698580941062,-0.7060260926983783,-0.7162321313306972
МО_0364,0.20177746617746273,0.19425945029231784,0.21734974324041012,0.23038829440091568,0.3213840405715054,0.26888881465306547,0.2863368747904431,0.26619658426584003,0.25198390757429934,0.18849824444655106,0.08852049835404507,0.13991017773027714,0.3252966686370229,0.06307851397223274,0.19684219910606338,0.22048764349729133,0.22828611707346802,0.24673403205960298,0.19299570444159286,0.23849840262424493,0.06816279365334665,0.14721780588852873,0.13918877124546292,0.13408172446050237
МО_0365,-0.09664477755439016,-0.25548678648440415,-0.47672447492761805,-0.47758770464605327,-0.4755941252498985,-0.5343142380927279,-0.4380919956914866,-0.20413845455937185,-0.1615501484675832,-0.151708746346765,-0.11542659374130615,-0.13983914879403514,-0.07938774474336263,-0.49709069751288126,-0.34725129230151097,-0.5181851091829817,-0.6311404381675221,-0.5856109655787041,-0.46082629050864554,-0.38415610341810336,-0.27242656800677345,-0.19036457542258134,-0.10772541505597388,-0.2269919040260504
МО_0366,0.061466476908950796,0.13612071788793045,0.07770102298546888,0.0636514079784245,0.02074364673790363,0.03674199171610404,0.08083904845097933,0.06776128963709915,-0.007593790203738848,0.06839099551674366,0.08085620094955459,0.13799516075411944,0.27985523932592216,0.010131459189215875,0.17805002813648585,0.11025590022584808,0.1134167727967963,-0.0011923698411919759,0.06575764732991551,0.14339784443770398,0.058256029282041766,0.18423254720274151,0.15480115704732,0.15757436341875675
МО_0367,0.1381262701141086,0.08978550045210199,0.07902247702320686,0.023884628573179967,0.08410849443885127,0.02027391742153206,0.10260879835701786,0.14377212295471864,0.07154533604683344,0.0431284664531848,-0.006150313071776381,0.04894837737188951,0.34615802782488636,0.04651776549515496,0.19682810424004415,0.1628276306292804,0.13578420044425066,0.07432212017575246,0.06706833504211396,0.10277261108570634,0.03921052089785704,0.14012846661865908,0.21641151057986896,0.21119279434998184
МО_0368,0.2444371939132015,0.21269117551149286,0.2462653709461602,0.22276773443426023,0.31411031079502294,0.2827914823926445,0.31411565875250247,0.28654233392157025,0.22070626748954858,0.21555914789419006,0.14989690980115888,0.13642814261180902,0.31359398814474915,0.1218258968472874,0.21853197856860795,0.24933773830404782,0.18601274264748113,0.20362201028226323,0.22164009861005063,0.22812322384119987,0.08964990893604252,0.14432792061156086,0.14948362607980492,0.10730766386810231
МО_0369,-0.4978802004288898,-0.42792154591999676,-0.5950443142079109,-0.6344143864762266,-0.5740841698833403,-0.48122746299344143,-0.44641900954218805,-0.3642183425439498,-0.3984372179827762,-0.5098977742247186,-0.4785490165460118,-0.689673253367939,-0.5460501803702389,-0.7811153121108259,-0.643378700412006,-0.652037100515436,-0.681603465508676,-0.5907614489358295,-0.6244562675998999,-0.5070049555534908,-0.5787892913040089,-0.5199288455603757,-0.7310228966358387,-0.7961082951792093
МО_0370,0.11970322545977119,0.007208105082941785,0.09068443137058146,0.0892233461643297,0.0637937851438295,0.04174634446837899,0.03477856447265104,0.0462907880667327,0.042250049378020904,0.0416916197830659,0.0477290915095292,0.09135215726150747,0.291019043424388,0.1336174777891177,0.19612759639712962,0.1534923578776599,0.07400901746910904,0.0626218545354238,0.028077225000116002,0.05348299279605406,0.021829707007443133,0.16285394776025086,0.23634031671238986,0.15203411300808156
МО_0371,-0.17053994824593488,-0.34833136107575413,-0.4332735567431243,-0.46906168616972543,-0.5138311000579581,-0.46936554156953214,-0.29720230668372594,-0.22734198893988733,-0.18474985066108474,-0.09394485121514151,-0.1402016770490473,-0.1375815115291239,-0.0554600935137497,-0.4896976394077761,-0.41566759174864387,-0.5630567582623343,-0.5959382442137002,-0.5405532973018463,-0.4561078021321876,-0.3510989817236805,-0.24800042463369287,-0.17205778900055968,-0.15772492611694666,-0.3080605114142081
МО_0372,0.09290476782663681,0.06210264629458173,0.08785688043919215,-0.001707608404942107,0.061669686043359206,0.06876014164767064,0.036107600499379444,0.07421490411705989,0.040316426584832143,0.061192608723631636,0.08771417703557027,0.12806621150161845,0.30228694523369093,0.052973211946923726,0.19421198481925117,0.16227651228451379,0.06067789895891984,0.07496772991146194,0.06763181818124941,0.09752312673081676,0.027761179519552925,0.10178471215108509,0.21967738553264127,0.23455799151960655
МО_0373,0.041243747653807006,0.09781682430717176,0.10841973360228785,0.07530654481925936,0.06858493721006198,0.026347153379212784,0.06943202727034858,0.06937075342407972,0.05990132977155049,0.056772819113504625,0.03737988511938184,0.11216294954742523,0.31363780772647765,0.08341818455713756,0.21128296004277836,0.1935453360242878,0.0725841429261962,0.11875278073436846,0.05718760705543957,0.1338924974190796,0.09504068189944981,0.14855150661539263,0.25388399867567735,0.21970512541732923
МО_0374,-0.5844454255476776,-0.6184257564386826,-0.5593722343288725,-0.5515013294742772,-0.5621607734203558,-0.4719276329236859,-0.3892303661019234,-0.4129760615965008,-0.303148313603252,-0.475056176828204,-0.5808873767803533,-0.5933583351930398,-0.5583393037172719,-0.7627020648744516,-0.7713680648796473,-0.7385986289048745,-0.6505747685394763,-0.5647971979457456,-0.6298656446488025,-0.5974001353819425,-0.5956534272933052,-0.6267248740439371,-0.6610299929121819,-0.7069288881622988
МО_0375,0.19092304414974848,0.16460568414807142,0.19722077127216764,0.24439254968312873,0.26633870202496013,0.29130790097871895,0.27836466316169073,0.3055708220965858,0.2630117425048333,0.14624869141785268,0.12647248801974698,0.0936751613152893,0.2921219522562595,0.12262806705180296,0.237937593563462,0.2162113266994936,0.18698704354291706,0.2378325802168959,0.14514691567833715,0.1946028741003527,0.11180371968697145,0.14135727156809708,0.16480389478440216,0.13507552964142455
МО_0376,-0.20505845670716205,-0.20991626655090734,-0.47963282595192247,-0.46054723865097635,-0.4899626960522099,-0.48761290656609546,-0.37178611972645115,-0.24699853778661662,-0.146009461953863,-0.13710763670343162,-0.11645731490009048,-0.18522770495566654,-0.12467568075961566,-0.4677037194861544,-0.46867255375189387,-0.5751600244525186,-0.600426343881848,-0.5689787651754941,-0.39623199523074604,-0.42738936813728756,-0.2665599868196846,-0.13687846840717555,-0.0722772326872878,-0.15159043585935983
МО_0377,-0.15517654619738863,-0.2867496813074695,-0.4524652414945223,-0.48754526674383314,-0.5711108460785468,-0.4363918051355711,-0.35633838030886267,-0.265140507673447,-0.16364750440628306,-0.10666931203210517,-0.05520756617373479,-0.025061045508623536,-0.02727886671064539,-0.4576242828234278,-0.3974822954726651,-0.5314206613001975,-0.6547317689984737,-0.6242391512314391,-0.4777370234538445,-0.30666294348043444,-0.34980595617230925,-0.16597119265432703,-0.08199797802255127,-0.17858009950095166
МО_0378,0.13749720499672158,0.044408015857094085,0.14648919416041473,0.011289440109301552,0.020210131005494958,0.05288466108681611,0.03296891704246896,0.060774531737328275,0.05481529806823282,0.05630363165380814,0.04458710587716119,0.11246198538554886,0.2899920594510572,0.1105034669159295,0.20254198311479144,0.11422842870590699,0.04068418990809519,0.075146444867217,0.04113220399121609,0.06012512461024322,0.07386337467144344,0.10401294088254609,0.2464209084038398,0.21042554034681338
МО_0379,0.09369371744800326,0.05570606126286748,0.09885541504722006,0.0573420654084682,0.06050214328811876,0.060646785371282874,0.016519121226666655,0.012877387712199706,0.0234215218778413,0.07266267604532217,0.06976168718887976,0.1309516787748315,0.2719124773290158,0.09463355600772694,0.20453703411878266,0.1148764955496766,0.10287473658478419,0.07832937206331181,0.06033476530773285,0.10188395284470886,0.05415374381891169,0.1527324006619235,0.19167731255652853,0.16648559264813834
МО_0380,0.20330039609992667,0.187859911704356,0.20283588263140295,0.23937944108667075,0.31828769587786176,0.3009633794784854,0.29558374931941955,0.2613451208019164,0.23242515585329393,0.11947791807575037,0.13728461420297933,0.07540292045661978,0.27000010613088854,0.076273363867422,0.29067384737660973,0.2554804631445222,0.21996738400341265,0.22203964022950728,0.17316671036856768,0.20659398378859883,0.10173701119848211,0.13824543149265978,0.15062904642927144,0.10161278377308136
МО_0381,-0.4971168261922063,-0.6965156650998559,-0.6122597785169059,-0.6416094257438125,-0.5297405447971766,-0.44973344634019874,-0.45527190837125175,-0.37938422517709647,-0.4316552100324511,-0.5197687072573149,-0.601325391535747,-0.6606284819652917,-0.5784704526034901,-0.8127187216390368,-0.7018902761838017,-0.7464800534459428,-0.6235361777631887,-0.622545087847147,-0.610336470629651,-0.5456160320297752,-0.6753667556505043,-0.6174117596369815,-0.6636049695463235,-0.8130888348946499
МО_0382,-0.5212141010909281,-0.6249985618498641,-0.6337836830065751,-0.626090557524277,-0.36130422381923566,-0.4980955248228618,-0.5028403629350393,-0.4675924306906616,-0.38307316863721574,-0.41991672941431446,-0.6118866268038428,-0.5889534039241724,-0.5029991269832017,-0.8225474519546214,-0.7010037592890246,-0.7068724152718122,-0.6591554983506551,-0.6234423556954773,-0.6250412740884386,-0.5616194059223254,-0.5249625760757315,-0.5830124894332425,-0.6041348256802799,-0.7237548900366946
МО_0383,0.20727224266198263,0.20608817717908678,0.2411902724907833,0.25856628267493775,0.308885034554649,0.28337585881370764,0.31391776959754125,0.2714318832299121,0.2135437723826179,0.22098815296401675,0.09055628826483186,0.13205349313637704,0.28105484541227277,0.08918259027955422,0.29864311489979656,0.20268469604775596,0.19136017579092623,0.21455851792056535,0.1934679105761905,0.2211399475497906,0.10203085284841507,0.16765901096810154,0.12094920199377768,0.07489835391893074
МО_0384,0.19722538820296798,0.172544042418032,0.2536078382395939,0.21359736815882435,0.28285343124100315,0.30552350703415776,0.29447931448533105,0.24240428256192104,0.26050817381095825,0.1473799574015029,0.11741215826905815,0.10869938555310554,0.3125144473366799,0.09580572970610746,0.23073534376337257,0.21541553159537052,0.20129918021663507,0.22988798262757015,0.1870458114316449,0.24382103166610136,0.09753777382049122,0.15440383022998283,0.12433319583591462,0.08507180372920331
МО_0385,0.03960401238223099,-0.061993333674132955,0.20713868093369925,0.022126018868650732,0.09288053640715077,0.19346853934177588,0.43663457886490953,0.299505878336511,0.19463173516843568,-0.07948461543096741,-0.11597501819376532,-0.18260138288809458,0.35827342607162826,0.011080370424076946,-0.0384083540653517,-0.0033435054319284063,-0.03061020211760912,0.0011923698411919759,0.2249595579851391,0.11883079774901617,0.37877287725633657,0.2741922584423033,0.2420489720665877,0.07201540236685489
МО_0386,-0.35918387939446106,-0.11013599983897748,-0.30812344081174636,-0.31721517945487854,-0.26064612026694967,0.013149569472290068,-0.4061327723306878,0.09516594399766554,-0.234147250994015,-0.4666879204325305,-0.4381208394406073,-0.6255372282357392,-0.14830728686199635,-0.6637768686863073,-0.35543629380481967,-0.24469804074494128,-0.5142790950232428,-0.4064482652465653,-0.5183695575003266,-0.34414401792361105,0.036891914875271326,-0.18790941474319744,-0.3748032723174024,-0.5075175962476717
МО_0387,-0.6831286083654149,-0.564571610193159,-0.7743713910644292,-0.7404789063725072,-0.4522806734800007,-0.6528583276338509,-0.32615491764422444,-0.4511627002984113,-0.7756681037941657,-0.5570356437433297,-0.9078048613731671,-0.6020866278083243,-0.5970721251658198,-0.5197733757689029,-0.48262843636576847,-0.8140859930841273,-0.94469050772069,-0.7091695697789646,-0.750490639755915,-0.28047311683559606,-0.6460163689184473,-0.4822815072495761,-0.7075918343566165,-0.7708893044919822
МО_0388,-0.29057597300824867,-0.49597749646523503,-0.07280724420114204,-0.3345627960319977,-0.2942682411149864,-0.6529623128139281,-0.12399936723973326,-0.24127511651089684,-0.30236610954377774,-0.4406678315911243,-0.5238886476149922,-0.5112568748100692,-0.20734237917502618,-0.3948652726748314,-0.3628101986365859,-0.20656120906102515,-0.3715558857930574,-0.42251279685618925,-0.32119131343558216,-0.5656481966625435,-0.42543466071201586,-0.6604052620530378,-0.6015693453818507,-0.7964717737862106
МО_0389,-0.5895292821937907,-0.5054220303439454,-0.2674149306270639,-0.5725831738363016,-0.7104158108374392,-0.7009046984201053,-0.5849409339644787,-0.6873072478902724,-0.697518813652394,-0.49043342062144646,-0.5145172038196293,-0.9251492485157833,-0.6341900342012892,-0.8249160139820209,-0.5423697687654254,-0.5199915748029547,-0.3241083501151003,-0.7949627191131956,-0.779193316106987,-0.6094007701837647,-0.8591257205634477,-0.7081996015335275,-0.7405006920422057,-1.109211716487323
МО_0390,-0.02237366065707569,-0.2531622453190199,-0.44666004695366546,-0.2751851722294223,-0.4659543750952686,-0.2992224739842513,0.03225162587514241,-0.09657328721753622,0.04363124291303677,-0.44910169372781006,-0.2672770503723978,-0.3577519995859859,-0.009177854288308751,-0.3064269099105772,-0.17408119815958578,-0.06352019759436622,-0.34127455112470706,-0.03566499007026458,-0.3514995357375206,-0.3269171051176283,-0.12482045632676275,-0.42861278215700516,-0.15479732630020315,-0.3090763977628317
МО_0391,-0.34125579915248494,-0.32066426116191593,-0.5242485600203839,-0.5427585122236884,-0.3169598509256968,-0.38530093011414124,-0.39963441178976744,-0.3408895102754794,-0.10122574227856695,-0.43223127003694906,-0.4779463422362227,-0.6912866762344745,-0.2955129053050616,-0.4518770021006908,-0.3113925056255784,-0.4788562878800615,-0.3785187670470247,-0.38956551512357684,-0.30338913349803853,-0.2861397184274832,-0.2479003880780688,-0.4400662993104838,-0.6160064363873587,-0.3734604829754993
МО_0392,0.3208982151749904,0.419830935918716,0.24379465974636716,0.21411346612235782,0.0410746130026336,0.2965085479658498,0.1795122909113278,0.2574834505368564,0.1713925407658241,0.16765500735233552,0.02060356670409469,0.15317408102400165,-0.21926530866640448,0.003153585126611347,0.31921893410398106,0.4020377915755091,0.22484674585230913,0.38468420451505203,0.1559338500480827,0.12087311348275698,0.09964046026369999,0.04758201129157413,-0.09195477685694442,-0.10221323619888345
МО_0393,-0.6102094844317936,-0.716264304534775,-0.7746372855255519,-0.6222757162773416,-0.5264518918068131,-0.7993904561246676,-0.7751676548856619,-0.42586077049251436,-0.787628805174311,-0.5281816272807074,-0.41494491386995236,-0.4491119695570305,-0.4407341911967304,-0.7092554784088403,-0.36381969993678176,-1.1064548796658382,-0.8469390064173652,-0.6208818959484681,-0.764402349353368,-0.48838373897289955,-0.7302493774873895,-0.6393768886030209,-0.7084868231091566,-0.8082220858804217
МО_0394,-0.024795661923556978,0.19567437879155314,0.14886175581707306,0.2401194602930694,-0.008526614089474194,-0.059282801262968476,0.2483016596550378,0.6851196115851987,0.4023117248624146,0.06753905569089191,0.13611618494970834,0.1259406253225226,-0.05336597664473608,0.10478200793695258,0.013793152637216366,0.0033435054319284063,0.030610202117607344,0.24897738499011446,0.0038578555118373714,-0.11105920259468505,0.11783625304339651,-0.20467652625865185,0.017469495725464412,0.15698548069157958
МО_0395,-0.09178007090137896,0.13084932270123595,-0.32998278180684437,-0.16651250988234878,-0.21238232887772313,0.03004066119316562,-0.06623175248010682,0.20937384564800254,-0.15676418308110662,0.08106733370162722,-0.11326031083210886,-0.26109526381202564,-0.042963248487494,-0.34486671117299394,-0.2003247310868428,-0.3155242844222439,-0.38567207043602103,-0.28208251394951134,-0.4412616115225205,-0.027473857816998404,-0.40540383463697083,-0.21148251874085489,-0.11482881398076117,-0.16816484787720398
МО_0396,-0.41837598129477094,-0.5212974762708917,-0.33298441354974884,-0.6368447170836422,-0.737372976211697,-0.27388164487284783,-0.4210708074353633,-0.5998522128128858,-0.39408710776367073,-0.2440938070536589,-0.6943838635486141,-0.20989297121317563,-0.552516748877272,-0.6694037832274766,-0.7294366153442127,-0.5655934918165357,-0.583848516053914,-0.7371969493988555,-0.04842818790770842,-0.5156849199560778,-0.5874670818144434,-0.33215593683994626,-0.242562068163652,-0.42917508609783184
МО_0397,-0.676401644194689,-0.29936143908652646,-0.6837431831200167,-0.5364095370106874,-0.3318789755767497,-0.2298886347392486,-0.281531444925168,-0.011432710588540118,-0.16669645425831625,-0.23835458150905708,-0.5966656104336501,-0.21291955569930465,-0.45415236696339534,-0.32734135502291295,-0.1471067992679025,-0.39729222063922265,-0.310366321427086,-0.8774199000299987,-0.403435957497182,-0.17928363753883048,-0.27949330037988496,-0.566855610633251,-0.4661181109053434,-0.8861278181044998
МО_0398,-0.0939984888970713,-0.1153104528264528,-0.3558308291997374,-0.17462515480197283,-0.1965928843240352,-0.0949314594326296,-0.2566915204697935,0.0005948629909813263,-0.38673508046822214,-0.48425136211302977,-0.3095011459388086,-0.376518881544067,-0.16222172921712286,-0.5435008241556112,-0.013793152637216366,-0.2869871579876566,-0.2628653450444727,-0.21997495373486942,-0.06596047039886344,-0.11168963975062418,-0.21724206001815816,-0.14819803733336379,-0.5747084237850508,-0.6507077891834552
МО_0399,-0.5153235452769334,-0.602075594746637,-0.49393059234164305,-0.7351475646408545,-0.47514973876116784,-0.6672093196578555,-0.39124967742435324,-0.7655634558751085,-0.49517687284811807,-0.838020632227316,-0.7426317071028272,-0.5791607627713606,-0.5076848470790818,-1.0052826823189047,-0.6940405046801708,-0.8317764150526692,-0.8615213642475883,-0.5667436492051579,-0.4970279598038019,-0.5230430328415441,-0.6000168144371276,-0.6682911680252026,-0.7359154007212645,-0.9122085675413079
