mo,s01,s02,s03,s04,s05,s06,s07,s08,s09,s10,s11,s12
МО_0000,0.04341002954726705,-0.0706116475032556,-0.005272095479129168,0.03529147198134179,0.0276179631696586,0.03163974558275342,0.056953230898050176,0.0361170802526151,-0.015091222880612862,-0.04001995644397077,-0.043703246527580245,-0.05633135259713749
МО_0001,0.036807940736749506,-0.10008977181470533,-0.11363552093085012,-0.0723735817151718,-0.07650819727172889,-0.004295429182773266,0.10091942559336319,0.1718084964348312,0.08143011365602079,0.04507798641685329,-0.022498571517464663,-0.04664289040512394
МО_0002,0.15779259223991177,-0.06465735065959757,-0.09751479310594928,-0.24400637793713265,-0.2793588637798315,-0.21218567001889094,-0.03708117494210704,0.006063637188377604,0.09190044667157812,0.23157717394650743,0.29309384823011286,0.15437653216702096
МО_0003,0.1411352986689191,-0.008811339750668848,0.04409325617942442,0.00019818361052537786,0.0026616927030118295,-0.03217094742487247,-0.032896675837805645,-0.06402085512108244,-0.06364458756423863,-0.008074756879917527,-0.01568916558348437,0.037219897000189184
МО_0004,0.10282691726679237,0.009333203695368025,0.07861496120293944,-0.015519547311075417,-0.002286212545483994,-0.03922921309306231,-0.016219043124755392,-0.08989624584742457,-0.07432611112768975,0.002211999142417027,0.014034291983452924,0.030454999758521627
МО_0005,0.028463872640887258,-0.15450038403607025,-0.028666172915381156,-0.08125704495489669,-0.06639202197581016,0.007197569616867974,0.05955017390629626,0.09391415796771076,0.1466162743930487,0.06402126955640253,0.020152149248187694,-0.08909984344724287
МО_0006,0.025747610936406637,-0.07723150181646513,-0.0009673895098782394,0.039759835553827214,0.0612910252241282,0.06447979576373217,0.02604792848922793,0.04817202241163861,-0.020990047247827853,-0.02863240736582999,-0.040640112574139534,-0.09703675986482001
МО_0007,0.16050444149555212,-0.04738758344327362,-0.11183616452692682,-0.2105032843395285,-0.22209701633243417,-0.18813978311059973,-0.11134897448374749,0.011256239339897863,0.11483478959228847,0.1765931654073634,0.22456153269072499,0.2035626377106836
МО_0008,0.0319082447317084,-0.07324513411304773,0.021295803636694546,0.023661703731657695,0.06246546202270612,0.05411900479043335,0.060917813290833164,0.02939515343223813,-0.043443107431792576,-0.03536281793138259,-0.056237750101328275,-0.07547437605872023
МО_0009,0.033388452096442686,-0.044922345553956036,0.007069328636388268,0.005357393165985179,0.030401469390132187,0.017194942832678858,0.044713545048563376,0.046909297958496965,-0.02090654156652834,-0.009315804023028637,-0.05518003141421388,-0.05470970657096063
МО_0010,0.17639957666583478,-0.0237798425481056,-0.1251698338129892,-0.2920336085430119,-0.20523620433106937,-0.22532265084483974,-0.08730245411673541,0.012699341653117728,0.08554233571558416,0.22025477751032482,0.25502247232222297,0.2089260903296668
МО_0011,0.00042004236922743576,-0.09879049517628792,-0.033446284088492886,-0.12916114611136098,-0.007482019479218293,0.02550670664881739,0.10472520971912652,0.12166089383529949,0.0701466100074682,0.024300352164771773,0.020549553275927848,-0.09842942316527856
МО_0012,0.18708013997257542,-0.020806437831428725,-0.13303840402687286,-0.19989650374332668,-0.25693054315997954,-0.17938640519561774,-0.13547922362392403,0.021828285472488045,0.05568747751313669,0.1975897515406706,0.24851797555539099,0.21483388752688784
МО_0013,0.006735840556212541,-0.18188860223594505,-0.14777679729687193,-0.11778713877823951,0.054777671660157665,0.08359566837344504,0.060759962271175666,0.12165949651347875,0.08248658180931365,0.06544563212737309,0.05187275800007853,-0.07988107300017835
МО_0014,0.15466426913318307,-0.08445045089659461,-0.15105737828091984,-0.2130471581618288,-0.24450565723744075,-0.22121520042912882,-0.10030886627331026,0.049797717069495415,0.09637284345310533,0.22453127662251934,0.2552414233588526,0.23397718164206727
МО_0015,0.0006369148194654423,-0.1701818075526316,-0.06926561464068645,-0.02323158336925306,-0.0367442763020788,0.008808191574322081,0.09788921691553358,0.11833701981853996,0.031225983514737633,0.06737356733275465,0.03591052607149971,-0.06075813818220314
МО_0016,0.1615305355318472,-0.11095239537029067,-0.08639295241977547,-0.16754388087100905,-0.2702048971325511,-0.18661713949438716,-0.09967643993990671,-0.015436571801762406,0.08733890221653694,0.19567816731206794,0.24782117453947944,0.24445549742975103
МО_0017,0.022604016925694737,-0.08628522500082586,0.013450237009569831,0.022428525081204298,0.05348018602956996,0.03445840552888112,0.05996351698265479,0.05022660985053722,-0.02461054938092807,-0.008925333896054604,-0.0723398192662567,-0.06445056986404672
МО_0018,-0.0102794991891354,-0.18719455024094137,-0.09235884947357664,-0.1345911400594123,-0.02782195698647952,0.07792469730819127,0.03696177231150366,0.0933065970654649,0.1862155336990042,0.1547913227085805,0.007409973076760017,-0.1043639002199593
МО_0019,0.14759098022977957,-0.02972542635612465,0.03415184400342672,0.0054113371556519865,0.007720991298013749,-0.03682064931905853,-0.0035473381226590606,-0.06520116989949837,-0.0661269931897991,0.009654052956088824,5.936050512009381e-05,-0.0031669892609412177
МО_0020,0.20420202805256937,-0.08702175896275827,-0.1568880090353768,-0.2758612956886293,-0.2225329995503466,-0.17541127834216844,-0.06206827594896454,0.028853624488793535,0.12195053156467582,0.20727752757545145,0.27011925666136233,0.14738064918539134
МО_0021,0.11095520902906875,0.011916976984486412,0.030463908083719262,0.01565970179417189,-0.014178409289605058,-0.018007485033867444,-0.025273042290135793,-0.028673576437328402,-0.07373627984150775,-0.028529951238244044,0.003495371539556579,0.01590757669968563
МО_0022,0.0373276208227865,-0.07574182858572186,0.03080376180382028,0.03584694600157367,0.030436625780267658,0.040794384620258306,0.057317320403310154,0.06361585170310805,-0.04197967540618176,-0.0462663190673371,-0.05705207777619686,-0.07510261029968698
МО_0023,0.0047415424276085055,-0.18935750890440667,-0.1282337194187937,-0.058656517309564164,0.017444013534022196,0.04166688803951232,0.10765148305438375,0.11348474822359107,0.09561051409200072,0.07581539015943482,-0.01185050011646379,-0.06831633378132504
МО_0024,-0.026565726818330693,-0.230136239537235,-0.14997506553830342,-0.06887005048045004,0.042449645145536785,0.07519541158601217,0.09692450843787773,0.1678608272191388,0.08956880913124184,0.0821012402581337,-0.03126973157388564,-0.04728362782973622
МО_0025,0.17608610183315296,-0.08079065986955089,-0.08123113446059775,-0.19539014753658723,-0.28068889675605535,-0.22892114722927645,-0.07820174906971208,0.061311716831473476,0.1292547114941476,0.20764383763156113,0.22381901966678028,0.1471083474646643
МО_0026,0.12637630494257002,0.016441829659692056,0.07897454444459107,-0.017889563520272676,0.007870165162197962,-0.02116618621340225,-0.05261705823703548,-0.011047128101587703,-0.08599849955187287,-0.056822397629229596,-0.02389170854764007,0.039769697591989575
МО_0027,-0.015757787805135134,-0.22384082607153263,-0.0629437416076705,-0.12089455632919618,-0.00559918902078399,0.009132418735855252,0.0971520379934137,0.14578678891335503,0.1203068881143868,0.12409544939933449,-0.01211224469161686,-0.05532523763040994
МО_0028,0.14715168801518058,-0.09704581816683411,-0.12572889051466093,-0.20565046005962778,-0.26208532484633673,-0.19937163559175453,-0.08623623407368024,0.06826103289559682,0.11236546643271805,0.19283027528430347,0.24805898806365995,0.20745091256143544
МО_0029,0.16213680004974537,-0.015421465329282999,0.035263658999093075,-0.005724874620177851,-0.017515620013869734,-0.013076506402978583,-0.04537592341522539,0.0027343905101852237,-0.06756057111968865,-0.017698380984010508,-0.003184267255651893,-0.01457724041813806
МО_0030,0.10726621450568209,-0.007406666188928976,0.054563067379637564,0.019626358151632335,-0.0074620144126092275,-0.02123246909660544,-0.02747214416252742,-0.03463593940942522,-0.05327365718252118,-0.04943117025718313,0.0056089943507220495,0.013849426322126551
МО_0031,0.02893009187178501,-0.1012305284747292,0.009045335254874512,-0.018307223844049942,0.03740827653553404,0.06429964655155505,0.06476783961618718,0.039446814491317664,-0.027381751643308968,-0.0001546619763857669,-0.04984571633776297,-0.04697812204501661
МО_0032,0.026783677372311736,-0.06862505250071446,0.04032264946625052,0.030752751006477994,0.028459223583610894,0.041869996732346385,0.06984911082629049,0.024739458272639188,-0.0425709554331017,-0.030501640069461457,-0.03665533903653637,-0.08442388022011321
МО_0033,0.16274784755444116,-0.06366516478974754,-0.11473749476131806,-0.22880954145538215,-0.2847361761031872,-0.1937415837932687,-0.11252401371300762,-0.0003094526272445679,0.11175255340626675,0.2522402082865752,0.2648643435790747,0.206918474416798
МО_0034,0.006219564151310052,-0.15127756852756835,-0.06481819682688994,-0.06886036385806762,-0.04543750982489646,0.08943369560437459,0.04236550296119084,0.09292386692588947,0.021279288475012762,0.06943976207335986,0.03448824854947714,-0.02575628970319234
МО_0035,0.043234995625143456,-0.0737904310820764,0.004165994144242135,0.014468042664940877,0.03282213708884119,0.05385731892419897,0.05458969043627977,0.036497805125835184,-0.03495083043094642,-0.027466366445337592,-0.06360190368255036,-0.03982645236857077
МО_0036,-0.08495471490630963,-0.12992252152936182,-0.07213472889251762,-0.09676314108346482,-0.04474050315572489,0.004173035455541464,0.0818678354945917,0.12471467358863,0.053359717676622384,0.11463446589108856,0.037672193730565934,0.012093687730338726
МО_0037,-0.03867592452080343,-0.13080973117996597,-0.0782682987686053,-0.10002718793981315,-0.04743021332647065,0.05063880050751728,0.12777500373193537,0.12101197455997872,0.06423532206888831,0.056950268248922534,0.045802512869953224,-0.07120252625153699
МО_0038,0.13128280633217762,0.009012034469110454,0.054889323930852316,0.012240275282353767,-0.02756199761617481,-0.06352862411393972,-0.010402894531553474,-0.021441652636131795,-0.0523305516294409,-0.024335843181663486,-0.015127865772948664,0.007304989467358681
МО_0039,0.2118190608742201,-0.07040669173613241,-0.09204390512614578,-0.3170919004852007,-0.3029568114382461,-0.21963574118015144,-0.10628360295595235,0.0768994532405609,0.11942727966131092,0.2377961309923611,0.25936996202519635,0.20310676612817957
МО_0040,0.032023718008928614,-0.07406453117241918,0.017750658697582137,0.011931548429169572,0.08284000916798089,0.07524186900419155,0.05771685759571678,0.05619383015180454,-0.05932773468931321,-0.05833139515004885,-0.06120016734402694,-0.0807746626995659
МО_0041,-0.010425112407029855,-0.1892079960102709,-0.09953494759229897,-0.09228065491849718,0.013747235514606899,0.06205712130281798,0.053963648065204546,0.1666910923931489,0.11075830111040336,0.1367555059186021,-0.022459247389266978,-0.13006494598741988
МО_0042,0.23132359403494143,-0.09225730114305812,-0.14302657950525136,-0.2425786756220389,-0.27802273487203005,-0.21998863486291273,-0.12746871847329974,-0.006922983580783291,0.09268579249890696,0.24767820107192098,0.30303773919407084,0.23554030125953396
МО_0043,0.1341797934896845,0.0008143360359382651,0.04075982338767843,0.021694890835507852,0.004426126127184252,-0.026825105258422334,-0.015237913961946906,-0.04809397038050156,-0.055260883666408446,-0.05180775229181749,-0.008849850647031397,0.004200506330134832
МО_0044,0.04596515891507317,-0.09263854379815704,0.03094975373484858,0.008248995504373637,0.06454991967842809,0.06136386478408223,0.04682310064131107,0.03934934068967478,-0.04763931595635197,-0.03863821129773161,-0.04477578203810777,-0.07355828085744315
МО_0045,-0.03541233045598775,-0.12056176526998948,-0.11729544294958294,-0.08577739357173172,-0.08661502859785121,0.02700355318852577,0.1337847766942373,0.19770679622841816,0.11051361003740634,0.07498519541885926,0.0527037799724083,-0.151035750694712
МО_0046,0.12694975873412612,0.04702528564302958,0.0034201068672163396,0.004957423092553405,-0.03606132869373542,-0.029123066613258575,-0.037403828530960165,-0.05210360503737806,-0.039940748494277034,0.02644845543206613,0.0009912780866374524,-0.015159730486019762
МО_0047,-0.0876050979722986,-0.1577330064597571,-0.09435327012390006,-0.10033968800682937,-0.02371813342455574,0.03493189668834926,0.11275221131979629,0.16997450995821872,0.16112332268469762,0.03130980598131114,-0.009237335414621461,-0.037105215230410715
МО_0048,0.22230949267261352,-0.07262627591857806,-0.15262012559983765,-0.1956061796624928,-0.24962621081506028,-0.226154584053215,-0.08501763402334013,0.0486793007771129,0.07061100677899397,0.245261913722703,0.20138367507615276,0.1934056210449477
МО_0049,-0.04043288659627493,-0.10295693578201377,-0.04423003898045488,-0.14590627181419633,-0.08079132237153133,0.046224305574611546,0.06735515371648641,0.10090172821616261,0.12960230905175948,0.07490716554762103,0.05631869247497451,-0.060991899037144415
МО_0050,-0.04053431893447411,-0.1492713916300717,-0.13680987480133716,-0.07381150574156267,-0.08168923154560373,0.08433819761879802,0.10595064667980736,0.135208355418083,0.08936412810960402,0.09810565609828778,0.007215602623619016,-0.038066263895149804
МО_0051,0.042394704627011316,-0.07919180816024005,0.04344522538437922,0.03428877973785728,0.05000778573773999,0.03982071036670019,0.044672804036184864,0.02135143795071034,-0.02135816522771941,-0.01520787351952641,-0.05306541045133237,-0.107158190481765
МО_0052,0.09131488105906108,0.017726204750438707,0.0351313950000365,-0.0019341985400392475,-0.020818624631056576,-0.027271408983958516,-0.01563418700311714,-0.040534178685709424,-0.014780053850171759,-0.0025669558669295977,-8.349538072225564e-05,-0.020549377867831755
МО_0053,0.12097707545074386,0.0181703291941884,0.1121135816202203,-0.004786926829610627,-0.030526868994388494,-0.026645119967029327,-0.04860062009972726,-0.05157164822096097,-0.061632018086173294,0.0013194759464833488,0.010416050396484342,-0.039233310410230225
МО_0054,0.15685422478567987,-0.02732400501209234,0.060470580409341536,0.008890221860021932,0.005291545259928476,-0.026267737668606912,-0.044592450178341445,-0.0393191512005035,-0.09820490027234108,-0.03309421686008295,0.03929345272780349,-0.0019975638508070784
МО_0055,0.03928414987354715,-0.05820196841837259,0.035007038515697184,0.020990133054232973,0.049072134831675294,0.057741335722026714,0.033150627071664954,0.0628199591370853,-0.02389696435221246,-0.0456951029615826,-0.05679507756478079,-0.11347626490898109
МО_0056,0.17582037142799373,-0.10820509045303368,-0.09750152439550544,-0.25408527079015264,-0.2920159381923576,-0.18222796115712586,-0.10179705585000152,0.05533485006212511,0.1033378064738662,0.22036836054283862,0.26825267613323933,0.21271877619811375
МО_0057,0.04526186907799912,-0.0687307262651917,0.02726950119679955,0.029678116061213643,0.030193760348827817,0.032988448082017584,0.05302975978879587,0.04871102693375526,-0.05807792387149008,-0.02161528743281156,-0.0312327447048859,-0.08747579921502963
МО_0058,0.22338182194841066,-0.050424646641444214,-0.09796307448886646,-0.2403983055573408,-0.2479251595569443,-0.1971098471691636,-0.1083086584581366,0.05080297311408133,0.109072239290529,0.15777297040997532,0.21917608207373346,0.1819236050351663
МО_0059,0.19075396310802062,-0.08483050033475772,-0.12032801577817094,-0.24243825432853242,-0.23194521925688416,-0.19391538153576673,-0.09968965963974341,0.048884602258566785,0.04106304424660604,0.24944771117642503,0.289862816955683,0.15313489312855383
МО_0060,-0.09405915034062393,-0.16278016721152996,-0.1264209094699261,-0.08559130774699641,-0.02070832956573069,0.09460736595370922,0.05954564548598842,0.15124005044168423,0.0905646974127442,0.12218025321820034,0.011593874236528866,-0.04017202241404817
МО_0061,0.17462869928835034,-0.10241683414101295,-0.11004256122614119,-0.2791395661512949,-0.23232090159916108,-0.23273784194984118,-0.04156366913881771,0.02400315130293146,0.10889520029399567,0.22629974275711476,0.28496657095669686,0.17942800960717986
МО_0062,0.10946976288617435,-0.01963897885338512,0.01975119004882251,-0.0070439171101119025,-0.029620833752774335,-0.0019925632791880678,-0.04256140549066528,0.022380145593736703,-0.08576473386981652,0.002341106318206921,-0.0013104144044091808,0.03399064191340991
МО_0063,-0.028462002818524484,-0.2169078493383798,-0.10540266855585131,-0.056351246016284245,-0.025442852203109937,0.006586439723747419,0.15499634806490256,0.10000805774219715,0.06648530943676932,0.0809402282343545,0.07323334149327321,-0.0496831057630944
МО_0064,0.10592676252433547,0.004251944846041161,0.059036876113030635,0.038229884367551356,0.0010226092062534733,-0.05069294491857165,-0.024696936505023578,-0.06324505816139632,-0.07676636419628816,0.003668511885710976,-0.022082985586470587,0.025347700424827223
МО_0065,0.10064432862304826,-0.02410995404357403,0.029782767805988472,-0.0023747179622185532,-0.013079377231080092,-0.013464359215086825,-0.02351307022975402,0.04344500372268599,-0.08418427250041263,-0.013081973610145872,-0.030586671426371087,0.030522296066920373
МО_0066,0.04270484892957262,-0.19904008018233105,-0.12597938693655877,-0.06156819443281939,-0.0986604555901211,0.07161730647492558,0.133578936863918,0.13883584652604908,-0.0031093019038460554,0.06516676880008072,0.04777808538286287,-0.011324373931732447
МО_0067,0.08861281133022678,-0.030516820464300348,0.06368281033426221,0.01962930583754932,-0.008444706872359535,-0.04365892928620681,-0.019038987955957085,-0.042470623233417534,-0.042410357979806995,-0.013951863460146575,-0.019285547741311082,0.047852909491467664
МО_0068,0.04210948110554855,-0.06930530837316545,0.010873512599628841,0.023514953869084313,0.06849593201292076,0.05713077691261567,0.042228836657813074,0.03859859909741795,-0.010800577917084381,-0.04259777332436909,-0.07495082550407599,-0.08529760713633423
МО_0069,0.12865132465096854,-0.03687630465739852,0.05856792577040461,0.00029502874398041473,-0.0021084126687711535,-0.019779868594659963,-0.03934596639247151,-0.024807119854738036,-0.06322132634181013,-0.021405564484265983,-0.008316770825680893,0.02834705465444265
МО_0070,-0.002362243844192105,-0.1766489641956845,-0.162676504504567,-0.11138860282218485,-0.07709111977282763,0.0010641184823092578,0.09349684896048978,0.21179260366078773,0.17563058147835672,0.04919452283523124,0.04124761131006768,-0.04225885158778631
МО_0071,0.03155483410844147,-0.07194773209857928,0.005526848847708623,0.035745975385616455,0.039536757783696544,0.050859149394687025,0.06204058787725066,0.02673513213950425,-0.005454201424293516,-0.057062702738752795,-0.048496181130271064,-0.06903846814500836
МО_0072,0.10132499616440235,-0.016879648037407657,0.03616521483013296,0.053169739319279846,-0.050324195093650825,0.015513388271683679,-0.02670162659546818,-0.05803092820968777,-0.07088441810343393,-0.032550042610347905,0.010288642607739092,0.03890887745675832
МО_0073,0.03206718538988361,-0.09218326754520688,0.03766262509127548,0.002621683524601343,0.04644418657079753,0.045728070655394235,0.05833273770617624,0.06130503704526898,-0.023852173728750425,-0.024341778954389055,-0.0736100196765484,-0.07017428607850265
МО_0074,0.21651406228021924,-0.05804554050988614,-0.12388089207374868,-0.2207805281752891,-0.24549865160799367,-0.21065662798603094,-0.10206281710352327,0.06840804713621183,0.09562599454941474,0.2253567564227809,0.18974832288963273,0.16527187417821226
МО_0075,0.12601717562318526,0.004860798059402732,0.029619869157764968,0.031340685418569006,-0.01972392323169591,-0.05468592538061215,-0.021441888522772196,-0.03319781588596668,-0.09744123297692643,0.03603211113571698,0.0009083812243315245,-0.0022882346209970794
МО_0076,0.15766681326178394,-0.03262265378748179,0.06041281243177426,-0.007093734786745756,0.018104488811035265,-0.03535005569927103,-0.025490706704313804,-0.05136231882384501,-0.05978157862444182,-0.007335333925955463,-0.023214750862372176,0.006067018709833363
МО_0077,0.026787375581572112,-0.08200944021845252,0.04118427851659492,0.0564052232366682,0.06877529822197603,0.0485568141426407,0.03692574028736751,0.010462589748500601,-0.02975872515895113,-0.03844888662004568,-0.06945098509287265,-0.06942928264499806
МО_0078,0.19351824074992646,-0.07797640062750977,-0.11984242872106284,-0.22266038466952104,-0.26049498981841246,-0.21418093181516457,-0.065915536967375,0.04736996862769115,0.09133665583536237,0.20263501638123693,0.22644358680925336,0.19976720421557537
МО_0079,0.13433899712446712,-0.05159591225913141,-0.13242011965614964,-0.2559404858593887,-0.2565045320106614,-0.1754057373292998,-0.09456558986982062,0.04401286585029949,0.14675740621653194,0.21921184759141954,0.24512806045486898,0.17698319974686463
МО_0081,0.08933175026251211,0.004051966441076693,0.04842363115695184,0.01813168042079868,-0.011726216665586018,-0.009408722099324786,-0.05275727866426653,-0.05656110544171266,-0.02025640153606939,-0.0020145468139944316,-0.0005378512615440275,-0.006676905798841499
МО_0082,0.023835722665231738,-0.09403916406714277,0.00941027642249503,-0.002751090768201528,0.06030257219392987,0.05557576112544198,0.06330357607091472,0.05516232831100401,0.0032956688599816795,-0.053480239423049566,-0.041960353673005914,-0.07865505771759923
МО_0083,-0.04034878133611737,-0.22503259563679956,-0.1365739753904991,-0.0819460064796474,-0.02990141082409193,0.009096540951836252,0.14737085452134155,0.15555231656102014,0.12500400176608384,0.08841214617483184,0.037681215194870346,-0.04931430550282863
МО_0084,0.14350129203700895,-0.10070559459447156,-0.11738044765946455,-0.26138612122530885,-0.23477362357334053,-0.20573491394502746,-0.09362671918568531,0.07243014306232438,0.096993663167759,0.23093975142627302,0.2823865276431426,0.18735604284679025
МО_0085,0.1710300944109086,-0.059911363661798916,-0.125864462889485,-0.19766687616327983,-0.28304916787276435,-0.22690874362360075,-0.08209176978191993,0.0698821543045428,0.08765981292523906,0.22536753704805013,0.2895585812653102,0.13199420403879802
МО_0086,0.04526687698963358,-0.08626612873546181,0.006255048321067061,0.020793191880756266,0.06322722292384175,0.04785686753458497,0.0416982739187855,0.04387744634356908,-0.022931373586428713,-0.05971226777178428,-0.05801315819738118,-0.04205199962118219
МО_0087,-0.009227818701653678,-0.13097372266636453,-0.01731195143632097,-0.09713488805687746,-0.06640093786472441,-0.09651289093651108,-0.05890743839606059,0.6628072175012869,-0.10792401766597835,-0.024393899052547952,-0.014969292489454744,-0.03905036023479309
МО_0088,-0.08175942196112981,-0.18209232720162274,-0.11317870081457286,-0.11142299308042854,0.056446764153750426,0.008562505087250843,0.12736047969873454,0.15840721850153638,0.1280920268984371,0.07835307321345923,-0.015050779184763422,-0.05371784531065114
МО_0089,-0.0487594297106823,-0.11680573187093538,-0.068106471574576,-0.08295623720176268,-0.11555345855929514,-0.0222284675226995,0.1178662878011318,0.10194310812133957,0.06897387743458397,0.06279251222532374,0.12408711618507083,-0.021253105327498883
МО_0090,0.12144840430542758,0.011861078779812712,0.08618137293491962,0.025848286455890396,-0.020839536378176662,-0.08362348386549416,-0.05682010686853846,-0.02739270070315698,-0.07264225563785967,-0.00848916414906782,0.014105052120415226,0.01036305300582821
МО_0091,-0.043837747336472194,-0.19366620400840187,-0.04289380474348075,-0.0955552901932499,-0.06285173261537584,0.06400962487651146,0.07043721155873178,0.18272352045275653,0.053873996209026526,0.06525339989651738,0.05310204581845405,-0.050595019915017116
МО_0092,-0.029663347177443018,-0.09186143158341453,-0.13416555673431868,-0.08563589571744563,0.02244020455095516,0.067276186536714,0.08048201339876977,0.09994358285169737,0.1384545764961939,0.04124073884704776,-0.057967660671180955,-0.05054341079757512
МО_0093,0.13107519351047528,-0.030127475745571564,0.03191542419403474,0.019162623123492088,0.024949504963544034,-0.05640318112080636,-0.044878804223004186,-0.00710260014195194,-0.10965368784912012,0.0009910903667160846,-0.006803444908105702,0.04687535783029765
МО_0094,-0.06614023557016319,-0.22242055447605494,-0.10722504659149786,-0.09841488632009468,-0.03897410387403812,0.004164786261145477,0.11244740984761653,0.11518742134582828,0.09536346417041733,0.14700760784621747,0.0952995940869934,-0.03629545672636966
МО_0095,0.12109970573018014,-0.0040435759984877515,0.059699531217505174,0.01512343258203068,-0.024602120185245824,-0.02461913309179895,-0.04864125285244281,-0.03408787599648392,-0.04388696456552359,-0.036621811582827755,0.037468376170180666,-0.016888311427086057
МО_0096,0.04477998370343268,-0.05720526210109826,0.018216820511213587,-0.013541570882924264,0.024883661967111784,0.07038720589009904,0.05418728806473601,0.040102649388744076,-0.02774724903381818,-0.04204717045421302,-0.05203581915300484,-0.05998053790027863
МО_0097,0.20869812661900786,-0.09599676742479303,-0.12560819170988427,-0.19540709782392776,-0.2585871953501735,-0.22493532025165608,-0.079188223638261,0.00922977802162542,0.11615250909228135,0.2163507038230622,0.25989143996293,0.16940023867978887
МО_0098,0.19149878796684033,-0.051087632705559,-0.15784350876575476,-0.21779142016345715,-0.22135280372869853,-0.13475243435076195,-0.12451786657018046,0.03955626349523123,0.09673783326535557,0.2390042798263555,0.23687942288736702,0.10366907884326221
МО_0099,0.03916909349167934,-0.05962047131891705,-0.013137235994517493,0.02963801682323673,0.06137296129530836,0.05325622487329605,0.06761314591833581,0.042444070955153686,-0.03854526677849137,-0.02335679135253018,-0.0703072589535047,-0.08852648895904916
МО_0100,-0.042443793079255554,-0.11356296110685378,-0.06419312365512951,-0.10197964442076102,-0.0989166434536475,0.00547146032575347,0.15424482575627596,0.11440470810253925,0.011514125287592276,0.14182021132990402,0.007892955154699333,-0.014252120241116956
МО_0101,0.02524046831969496,-0.06401488596169753,0.012545025267798215,0.03012919383343706,0.038753938582635435,0.056288864744497576,0.04705984311844582,0.0301458527386882,-0.005545774071317535,-0.020696754221762325,-0.06760324496689668,-0.0823025273835232
МО_0102,-0.03750882727645913,-0.24151182452074837,-0.06384601878907534,-0.12407382765627961,-0.061006650967385195,-0.008505118503905913,0.1460867162695741,0.11489366768991756,0.141108564803946,0.09868863018372792,0.025124087168042417,0.010550601598645584
МО_0103,0.02490501728815346,-0.08178170528065257,0.03320102814736721,0.02874604283456744,0.025298281822533804,0.053108456701549296,0.06853815129067747,0.03033793851647737,-0.013025161958207798,-0.02475615547955695,-0.0753777584870604,-0.06919413539584836
МО_0104,-0.03806801384608842,-0.18689825123653775,-0.04065541888142561,-0.16389336745214922,-0.0381115652743483,0.03954967601001151,0.10891567072054464,0.12742794435863872,0.14438066033891228,0.04378889875715773,0.05056166246465599,-0.04699789595937161
МО_0105,-0.061738370853680974,-0.14799284614151792,-0.11922569742734941,-0.1322587656303718,-0.056973839328131236,0.03166465544218497,0.15497703835758375,0.11658629507248425,0.10163898999537958,0.03959706394773356,0.08835712556559465,-0.014631648999909388
МО_0106,0.0054044583234273,-0.1964109259466147,-0.13639827671878776,-0.08896566586068012,0.03163079780072228,0.04893235981059507,0.032580142230862516,0.15004448095636586,0.09649245984036448,0.008908763707648763,0.0647483799915176,-0.016966974135421295
МО_0107,0.21238571644012938,-0.040862415704714904,-0.1428226357975901,-0.26805248241994867,-0.26913324751595186,-0.13908578949596787,-0.09981371404494463,0.0038890933799638986,0.07654750099560283,0.22376554347524663,0.27239473449305557,0.1707876961951197
МО_0108,0.14332358748766733,0.024258091767446324,0.06620009848387834,0.001959585057363225,-0.006908549862090448,-0.05086855335472318,-0.05326669442545071,-0.03072022628742587,-0.03294234585474845,-0.03835860683651441,-0.025402542374090297,0.002726156198688146
МО_0109,0.2415846934370629,-0.07874156370796315,-0.13818645152831097,-0.24430619530280703,-0.24083830470351977,-0.23066946575345412,-0.10294629644395263,0.017982986196436693,0.14315598309147162,0.23778502366092902,0.1628902823911381,0.2322893086629694
МО_0110,0.10848228029978278,0.018267972390278706,0.0513020098935091,-0.031275870962384,-0.021611399050832834,-0.055874049218069655,-0.02495090638339376,-0.024518672342567348,-0.05648234080626911,-0.003013879947567454,0.013862842985604137,0.02581201314190942
МО_0111,-0.014962131089094388,-0.08251916985343127,-0.09254997426408165,-0.06687108725286489,-0.07517101211283189,0.005330200380877946,0.052885959175981406,0.12303649672193055,0.09874818540646738,0.13029940118822478,-0.00877023573884707,-0.06945663256233096
МО_0112,0.13677831663932524,-0.058790621556594876,-0.12217248192213545,-0.22722453400524317,-0.244549806173723,-0.20443787758828957,-0.07107841881492705,0.047120665898017194,0.11202985865057144,0.24628307918007705,0.22794449124337565,0.1580973284495464
МО_0113,0.14282137558129349,0.021504958014663594,0.07120436605040871,0.03358008050596417,-0.013318572643111933,-0.026458367463607628,-0.07019407707105696,-0.028240644282674775,-0.09644029984455355,-0.005753390185887346,-0.013929404181135856,-0.014776024480301929
МО_0114,0.19223666552175198,-0.07414775054277557,-0.11408823445098946,-0.2103065584755369,-0.2623365795720027,-0.19708205053227779,-0.07926725497940171,0.05156718692445448,0.1183586818717766,0.15933351079427527,0.2006638257359231,0.21506855770480263
МО_0115,0.17656895594747893,-0.05422856265175949,-0.11474560659988181,-0.3007426827964731,-0.25087038338209966,-0.230761108705529,-0.036652490535038176,0.04024962439824781,0.1388803613756059,0.25724039927629616,0.20954150729908258,0.16551998637406976
МО_0116,0.029995664155129012,-0.056846917275800476,0.010744988094313304,0.028994565086214275,0.040607963579644746,0.08316408480301021,0.0468693869744497,0.06975189062837425,-0.04607889296701714,-0.04732567431028242,-0.09189446236667884,-0.0679825964013566
МО_0117,0.05783884754249643,-0.08238380011127568,0.02605244157010439,0.026906580553435346,0.07329983310480653,0.027241608205639332,0.04491674821697306,0.04289608164359275,-0.047637868028892506,-0.04348745748839837,-0.07189847887765866,-0.053744536330822656
МО_0118,0.047073633606692956,-0.0725771840870406,0.022742394366172432,0.022893060322267345,0.04724630305312438,0.03815072653190283,0.06172869553421421,0.04174472188584509,-0.03873289007709159,-0.030401512340971226,-0.06518646919737911,-0.07468147959773672
МО_0119,0.02676626654928594,-0.07158789526180011,0.03956646179483822,0.035456028408037965,0.0780944583415846,0.039668112689156605,0.0401289769588126,0.03368468994327925,-0.03691593598221254,-0.04468918308690256,-0.04533874928271844,-0.09483323107136152
МО_0120,0.14516103880121364,0.0025750894232079505,0.030184523181586195,0.035474399252551116,-0.00603499875436081,-0.05912998543609479,-0.03123916348671618,-0.04292956551703654,-0.06199642287977124,-0.010064763228866468,0.012103326376067805,-0.014103477731780648
МО_0121,0.21616627572876795,-0.1019928908606567,-0.13402875144931273,-0.2710728222466451,-0.21275397969516005,-0.17980095663181106,-0.0930305579697169,0.028689657583971975,0.12296775109084786,0.2443287455678179,0.21184647654826802,0.16868105233362876
МО_0122,0.033663113749849705,-0.23767288658206817,-0.23402488842694813,0.5250335342070582,-0.3408092985496929,-0.30347758992563256,-0.14047902508476667,0.0007190291704039647,0.06656916728154418,0.22142385354792338,0.18405721726338406,0.2249977733489449
МО_0123,0.10371323000435087,-0.012129332600840051,0.08429650409000727,0.004808701301602991,-0.025613418057054107,-0.052564896260818325,-0.014251500914378802,-0.025537037766428846,-0.054062844364959305,-0.023071829102999555,-0.001154758291763521,0.015567181963281405
МО_0124,-0.015720780234347004,-0.16864156358143034,-0.1429589530310096,-0.1543784807855189,-0.01486072481112554,0.0725926454207598,0.15466701200066818,0.11774503933294733,0.10648532944906357,0.0437666795254987,0.05989314073529807,-0.05858934402080426
МО_0125,0.15224132313779437,-0.05561213395055275,-0.10537899710168247,-0.2547508121773918,-0.23468524148453962,-0.1742419087183389,-0.09817601150860708,0.019276553981977432,0.1321028473880781,0.20624591617196056,0.23510413094168237,0.17787433331961988
МО_0126,0.02610831920198293,-0.07232112258260569,0.010029112329516265,0.015782388916210813,0.061118111955117835,0.07311953916628297,0.05712790835965081,0.046347261051163866,-0.053187705368463116,-0.04654907450700676,-0.043223307137192336,-0.07435143138465755
МО_0127,0.03707642023747093,-0.1988942654318692,-0.11040757346631899,-0.09360703324256874,-0.03710558639942378,0.044145329502569476,0.09537926310606097,0.1854867466955447,0.05213269346458428,0.0458017449450102,0.052402806119117774,-0.07241054553017764
МО_0128,0.1529198146534466,-0.05258127731746244,-0.10593895569468442,-0.2570001604513057,-0.30945373919608404,-0.20652445405525904,-0.05862976617047779,0.039937447536080896,0.12907836358008287,0.2444624002165807,0.2244363270938491,0.19929399980523332
МО_0129,0.14297243109656782,-0.045587553960155805,-0.12260859788925346,-0.2144131724871497,-0.22580380124473862,-0.18953115154030659,-0.054448096913677885,0.04101590033571941,0.09307244449629859,0.22559578729525492,0.20343670376683687,0.14629910704460453
МО_0130,0.16778037205056168,-0.0432317951477794,-0.10974257211455686,-0.2228995615234535,-0.21385144521135716,-0.18690109945302072,-0.11117681057351728,0.015557517968281215,0.13539684895035442,0.23387138678409025,0.1676211294540898,0.1675760288163075
МО_0131,0.18998222537944076,-0.06457457860234017,-0.1092201363084689,-0.23040225087780047,-0.2579350281597501,-0.21982080450651836,-0.07500520866815094,0.04339044871598001,0.14932896162083267,0.19095255831810104,0.2060920997112821,0.17721171337739253
МО_0132,0.02357190386412069,-0.0789712154633462,0.012660556317823904,0.0006031584942440375,0.0560023191818429,0.043158103284142005,0.07509853525799921,0.031421046011045464,-0.030982327654851566,-0.029228070603092106,-0.04165020177948536,-0.06168380691044295
МО_0133,0.24624074714893346,-0.051766632093753616,-0.12371148126625131,-0.2087810536717394,-0.26674920907470534,-0.20821001907154674,-0.10138846760188967,0.05549357053140262,0.09055173842329903,0.2185137110148141,0.20309830943914195,0.14670878622229502
МО_0134,0.012515484136647687,-0.0943945360307114,-0.09212282235917615,-0.10551559109327999,-0.07142955693539,-0.058348206114722925,0.15692682002226377,0.11663567420160662,0.053625238774558125,0.0757160179768769,0.04703850415199618,-0.0406470267306688
МО_0135,0.09402278809901822,0.011529703164039305,0.06155299013038716,-0.0007606592582276098,-0.042911679611106854,-0.019420641783326302,-0.060083404646851066,-0.03899737260505409,-0.09753231521458076,0.01624308351596935,0.05697890075851533,0.019378607451217333
МО_0136,0.2382839546061326,-0.11973632096908536,-0.08478627505412928,-0.22528977234984035,-0.27691849366913696,-0.19055761212639336,-0.0653487187808,0.021769071510505385,0.06432029798400193,0.20783069975126614,0.20834948742580467,0.22208368167167453
МО_0137,0.01725697197873015,-0.09245062169417322,0.0028672035616809696,0.02352825294667854,0.06177325315524213,0.055395287954372756,0.06745822133819805,0.05383064851302334,-0.03092420332177274,-0.028818372362151685,-0.06178362745021182,-0.06813301461961649
МО_0138,0.1355392065979115,-0.02247335923058725,0.06342842413108812,0.030978928258211774,-0.01497925978630358,-0.020110700290104234,-0.039286253779646625,-0.048842983169719786,-0.06017914393732936,-0.061130591168952836,-0.017942733091255048,0.054998465466687296
МО_0139,0.1400342107207981,-0.0322030824447618,0.03301675677669462,0.009159374097810438,0.006306450760408082,-0.036517807881771606,-0.02481532760478523,-0.042970599469466755,-0.037374246045834954,-0.026864575741022877,0.0010197552431369774,0.011209091588795007
МО_0140,-0.059760605991657376,-0.20041814878981115,-0.042473605466946986,-0.0990242207659916,0.0027137983971176477,-0.013156795117930907,0.09803216093300443,0.15692576582138992,0.11510711620505648,0.0720790417853017,0.03789938573016946,-0.06792389273970165
МО_0141,0.008629381809305576,-0.09365287705119182,0.011879835277935569,0.01384142838568383,0.04735555310999771,0.04689615791545546,0.07665301656434154,0.06019093631270525,-0.03655253653926296,-0.011314684798690133,-0.060206407197477475,-0.06371980378880254
МО_0142,0.09441514600669323,0.0011586070611406957,0.05292553010512146,0.030295061498728203,-0.06622601225681664,-0.005986326720898737,-0.02070833621041175,-0.034361488081815765,-0.08364728581460787,0.0016373829113375728,0.023044811150931516,0.0074529103505980715
МО_0143,0.09641290435603553,-0.010648674503963021,0.04377158310745005,0.0533053298378322,-0.011030857561753891,-0.07220238189934806,-0.04154446694525582,0.0018824079499783625,-0.050865463029568514,-0.004154667693581669,-0.0031223485011741816,-0.0018033651166509653
МО_0144,-0.03320386612933002,-0.20604596231257344,-0.09152439502543228,-0.10367265547981314,-0.023535798644746857,0.03360229515189195,0.111104226640297,0.1133201933151663,0.11427914361408378,0.07686400218632472,-0.00919783772564563,0.018010654409777633
МО_0145,0.0055224279760939105,-0.16311848165155823,-0.11167314401114777,-0.1349270365202996,-0.09592754395883397,0.09152929792197621,0.14089916917120462,0.1865745777434622,0.09713576685268574,0.08865868987731164,-0.035954986400795155,-0.0687187370000997
МО_0146,0.047511606251275706,-0.06784666782042677,0.01812126220166327,0.022333254372060674,0.044948250607670576,0.04906832762618103,0.0573403042692799,0.033444845681598195,-0.04314201793603914,-0.04711983796623003,-0.0419143235631246,-0.0727450037239088
МО_0147,0.01642811037736496,-0.07168706718241374,0.0415048013246468,0.017690308738223776,0.05027328658197259,0.05029850453425008,0.04606824081943406,0.06515512196735822,-0.03642619737326362,-0.03153910584087926,-0.06865821739722444,-0.07910778654946943
МО_0148,-0.06507625927126551,-0.1674474057520511,-0.03948116515081351,-0.138333691943746,-0.06654996523656599,0.0069544269009450405,0.07060048967431527,0.1883180090993889,0.09701741640362271,0.08875212161160481,0.02409356966617031,0.0011524539983950727
МО_0149,0.0343278303575229,-0.08976484669865435,0.03133745848083875,0.008755857459826731,0.031247377688120012,0.05018904429537581,0.07845218902392603,0.032769203138636245,-0.021165498813051214,-0.039273643854493646,-0.04449018665212587,-0.07238478442592139
МО_0150,-0.017689353889340592,-0.10904519546108928,-0.07466303985009384,-0.13120403007336223,-0.07968612629241795,0.040765819116127755,0.06696513004314125,0.1307015934139726,0.1334171501832032,0.08928018915445537,0.01648304532298776,-0.06532518166758401
МО_0151,0.14427674404299184,-0.014163305983826077,0.050115283392773186,-0.013931389898970241,-0.01069955858903058,-0.016355824290071243,-0.03235460499357175,-0.034727172941540485,-0.050513364611432174,-0.023421667162016914,0.0007547865113503192,0.0010200745233441182
МО_0152,-0.008423431777940416,-0.19083889854638972,-0.16881192257108307,-0.10284421326244714,-0.018355247271723198,0.036671888458518376,0.08271826265184204,0.08950331016908918,0.09601663508225546,0.18155507264345172,0.036197809339307774,-0.03338926491488098
МО_0153,0.09018644018557988,0.03654585474296999,0.017106415480616994,0.00039972426912152775,-0.02142587413504198,-0.0035248044326052844,-0.03596957986370337,-0.0017033723638962897,-0.055929413474136935,-0.011736478633398233,-0.012422264839281744,-0.0015266469362245749
МО_0154,0.11972208994741206,0.020801020863426167,0.08115289731122455,0.026252431871976213,-0.03457022519320243,-0.04349813648003001,-0.0791816095350483,0.0026055459083165165,-0.06310908076020431,-0.04267399526269072,-0.01851957213433183,0.031018633463152097
МО_0155,0.18630056812452528,-0.003668396775691617,-0.1277601917813635,-0.23437886240696754,-0.2709989132326127,-0.23388171812779404,-0.12495558755891523,0.010206466531494275,0.09941319710932615,0.24553409005751264,0.25402300000709027,0.20016634805339595
МО_0156,0.03844417698835115,-0.09700557974830708,0.02609946960362542,0.02078703291009555,0.035589572908742304,0.08620736015093666,0.05431173093019884,0.03053530267795428,-0.03833470178560772,-0.04440525502148161,-0.04916796397203671,-0.0630611456424711
МО_0157,0.14541964987605094,-0.07121842770246727,-0.08279451523616355,-0.1616845556926828,-0.24344331499765512,-0.20368557400369947,-0.09000643531508003,0.014069528415047553,0.10640179111285143,0.21085493326260893,0.2268488687941679,0.14923805148702138
МО_0158,0.19971495040515252,-0.09538061018011432,-0.10595864891266558,-0.2372323980060239,-0.2742359708330666,-0.216096740491674,-0.06277426462007112,0.03369698051519358,0.12029464666792222,0.23710612978898196,0.2509563094717354,0.14990961619462995
МО_0159,-0.052916266376314636,-0.17628413306765348,-0.1349720371089545,-0.07064255435178546,-0.06822800160256054,-0.008645721959015265,0.09217659321339991,0.15604137542045662,0.0878381345114079,0.1089277035597068,0.072688391052204,-0.005983483290891337
МО_0160,-0.0452559659354107,-0.21533125683496823,-0.11046261131893562,-0.08250125651257811,-0.05302005566178236,0.023346364999832215,0.15506358458025865,0.14288034747003298,0.10664695779877542,0.08851864672636364,0.04830829933834874,-0.0581930546499366
МО_0161,0.16277180963164284,-0.06989917929065131,-0.11055905307086925,-0.26028929194151174,-0.23620984633186018,-0.2042251878085168,-0.08381250570929795,0.09535465520167916,0.08916111469976674,0.20685714070082528,0.20829659349315707,0.2025537504256362
МО_0162,0.15111924073953592,-0.0052203734928731385,0.060295994363297134,0.0024444054400941453,-0.0035528430982848594,-0.06995922262031265,-0.014869517867907963,-0.024584535529524075,-0.07224229178769483,-0.049535898042374585,0.002343090926053837,0.023761950969991064
МО_0163,0.09137591946202321,0.013540623570123513,0.06134003028189071,0.02925492062671135,-0.06304647094875473,-0.03181973151181777,-0.027063152647058292,-0.02487061859133579,-0.07174527316264993,-0.004244216260387259,0.005713499577317611,0.021564469603937403
МО_0164,0.121847656696451,0.00036106821422025176,0.048514814827393934,0.04312734044569859,0.005112742408607554,-0.05664719862974291,-0.01356725173433013,-0.0669233087671518,-0.08266103529697244,-0.0015764964004280693,0.017542183820572356,-0.015130515584318355
МО_0165,-0.009500115014429059,-0.16459755104599044,-0.09748615890327827,-0.1077305004385979,-0.07761684210134935,-0.00796217877320984,0.10882125801887393,0.18491695494819174,0.15111497022404896,0.117894031351507,2.389634817102741e-07,-0.09785410722924855
МО_0166,0.11446509318864923,-0.010272103770394433,0.05156629364316523,0.04512364171292019,-0.02874107602998366,-0.03690765781004278,-0.01155652012164297,-0.050396466214930685,-0.06881586066320297,0.0017516807227023652,0.003632312699044419,-0.009849337356283922
МО_0167,0.006712150155092626,-0.06952780873727336,0.014075779982973288,-0.004464180107428403,0.044947548457085186,0.07942339680772316,0.0749689518916448,0.03330948466873527,-0.02118775773311773,-0.03634973096125512,-0.03814749164452708,-0.08376034277965264
МО_0168,0.1713363855124195,-0.024565846710955797,0.03260586839078409,0.003600052604477995,-0.006828221372122814,-0.00865572108665908,-0.055767754264089205,-0.04150237654056052,-0.06870162113590608,-0.023208148220377704,-0.010697162623772917,0.03238454544676252
МО_0169,0.047381038097401774,-0.07064919527136883,0.01744384607634407,0.047193473372993365,0.038401869149021925,0.05418913718500357,0.052928725337575394,0.014222464070347903,-0.04769415679413887,-0.021036459475050662,-0.06388753603496594,-0.0684932057131637
МО_0170,0.027407146044155034,-0.08508337332091016,0.023304538437926604,0.059692446782601875,0.04584404498648957,0.04279633776513905,0.06511369754820635,0.043365632251990166,-0.03541919555896279,-0.05470007135599808,-0.0474496258071595,-0.08487157777347809
МО_0171,0.031366051612425665,-0.04824873785632952,0.020214205594465972,-0.009981972306633793,0.06521363257473385,0.04815114844382902,0.051006303505842676,0.051354172827141324,-0.038355611176731634,-0.03941629497970617,-0.05014880358946357,-0.08115409464957384
МО_0172,0.012295837764141976,-0.11985691476664395,-0.08059160973969484,-0.06731093714324601,-0.05732413454483708,0.00952417540740414,0.07762386604337872,0.10972657972674016,0.1174798986722071,0.08790191372748346,-0.015603768425087346,-0.07386490672184629
МО_0173,0.17467308755009597,-0.07591641116564736,-0.09992681930031011,-0.21425529271216204,-0.2586602282989226,-0.19767096607361462,-0.06718013556052338,0.06174586319422937,0.10963391460399578,0.19121852284527271,0.20083300158016335,0.17550546333742292
МО_0174,0.1893512554582452,-0.08830108813507855,-0.07648972764249751,-0.20025766663660532,-0.2605024358660415,-0.224393721025764,-0.09776474871392153,0.0652755479910403,0.1257192150665059,0.18710489934398958,0.1727442323636151,0.20751423779651226
МО_0175,0.12542938357131717,0.05316525054914386,0.04620238128044841,0.02008796332117107,-0.03168434838911625,-0.024593941963886756,-0.033281415766433065,-0.0647380596593348,-0.05688432266528581,-0.03894163767742029,0.012707346232390586,-0.007468598832994144
МО_0176,0.1729524437716478,-0.11848120697636529,-0.10490535393944361,-0.2562016248822348,-0.24204904902456809,-0.2122282054624626,-0.06141565548842338,0.05657904993019816,0.12175010597593282,0.22202909753626937,0.20900365554771808,0.2129667430117316
МО_0177,0.014093687240629059,-0.07859595233526326,0.015968280389884862,0.008925054028295874,0.05619382707107633,0.06907492832027172,0.05417089649765692,0.02828800053645687,-0.0291109448076,-0.02793975560040184,-0.03643306426122151,-0.07463495707978501
МО_0178,-0.025514144355680626,-0.19162566046854063,-0.09075654636104585,-0.11333284308626407,-0.03182162034389778,0.016154805167029884,0.1519499551741561,0.1022317969971796,0.10241308477625498,0.06530632888726425,0.06566527409092517,-0.050670430477381026
МО_0179,0.22928176916236392,-0.08804560926929661,-0.13221857877566828,-0.20386064766178558,-0.2273705649520941,-0.19795712466354554,-0.11484774922209903,0.05388464994819671,0.13956190499778917,0.17597842686008736,0.2127819389590922,0.1528115846169597
МО_0180,-0.020035618745850567,-0.16828332491794082,-0.04356419634923402,-0.14436951353093797,-0.03877801066881631,0.05560685964662933,0.09865121039264413,0.16304676942255325,0.10463424222361173,0.04447256083969832,0.03776826578780019,-0.08914924410015726
МО_0181,0.0041454391704369604,-0.05488060046855419,0.013954447062382327,0.017040910000259306,0.04545311629329206,0.050742346411323636,0.05922070452541592,0.044324982227985074,-0.031914502958236064,-0.027163179057678483,-0.048362242846137674,-0.07256142036048886
МО_0182,0.1361717454998761,0.010047985624686978,0.07209212482244234,0.005294703454056714,0.009708566663358821,-0.03380692137906192,-0.042539747320515686,-0.06959446805943963,-0.11816886828339422,-0.004970902512107415,0.0060862789831534515,0.02967950250694445
МО_0183,0.18357135826571355,-0.03884718532065137,-0.14886344010630925,-0.22777133932884966,-0.227047744175546,-0.15215900585522749,-0.12938224701541687,0.009178206418878891,0.11039836499577552,0.2422681543043011,0.21997797228502733,0.15867690553230426
МО_0184,0.15398182225915596,0.03477168872176083,0.025388741394521866,0.003091942965155095,-0.008658882796538613,0.005463961893282271,-0.017454539271938616,-0.041932440015780614,-0.08511549877597004,0.012921142707530711,-0.05646898663005629,-0.02598895245112253
МО_0185,0.13440479138138287,0.0007972274692076148,0.06250368681168576,-0.0030941574599716096,0.008980568007157668,-0.05086447342698033,-0.06821838271367937,-0.04248247170250337,-0.07611595096631601,-0.004686769655643444,0.038067980907367,0.0007079513482932329
МО_0186,0.044640680818756336,-0.0650164708074415,0.03028964854799284,0.013624806801063675,0.013179124394377378,0.03499068688149202,0.043032375856590234,0.03396008069230409,-0.02489773647080747,-0.02973199148911114,-0.03098030013734166,-0.0630909050878748
МО_0187,0.13973798310165764,0.0021785108255908264,0.09445069461592005,0.0071643073807367424,-0.016285995491716172,-0.035568884810623196,-0.032853731903898356,-0.04554897003781438,-0.06813524278401564,-0.04305624246712173,0.007673722543838728,-0.009756150972554532
МО_0188,0.005409531299072311,-0.05316100273558038,0.0369914303971285,0.024272338064932508,0.054095014213142986,0.049659690053312354,0.021544249429058967,0.036567146138529176,-0.02478891150971176,-0.03969872273722585,-0.04027818310138891,-0.0706125795112699
МО_0189,0.1347190999492218,-0.010044466484821366,0.061599469265501236,0.006950639877550513,-0.010098960113589968,-0.03607508968520573,0.0002920265673505354,-0.05778159247639668,-0.051849099186271105,-0.02922223106392753,-0.016610060060553662,0.008120263411141963
МО_0190,0.18910880937122695,-0.043263022393776045,-0.09867930038061234,-0.26080987752657764,-0.23942936524783506,-0.20426868085110023,-0.12870429266827826,0.0758460975867472,0.08932927520732843,0.14811246302587397,0.227386349877503,0.24537154399949984
МО_0191,0.15664710453554623,-0.044890941776669906,-0.09034955024891918,-0.23523170418627254,-0.27344574252995707,-0.25806729476842516,-0.078657315259971,0.06407557083865682,0.12456066549705902,0.21332071811126527,0.25056264268933093,0.17147584709835662
МО_0192,0.17278957516173732,-0.08135951954652411,-0.1167932421897471,-0.21291782170387416,-0.23487497958765371,-0.2230411143418117,-0.10253605449585511,0.016454108011608178,0.17610331715432184,0.19292702957710445,0.23101821613563528,0.18223048582505885
МО_0194,-0.001965706875565784,-0.1560630583810333,-0.15906590998643283,-0.07890323398675968,-0.0240155120156549,0.03816638027296777,0.12960611162894528,0.09471954047184955,0.0670925451072011,0.10991830660101852,0.04470452706456135,-0.06419398990109704
МО_0195,0.01767636066350225,-0.06726474370785095,0.017332644583806976,0.011466008102534706,0.043153820570911626,0.06684717734602123,0.06794453710258322,0.060377782066572,-0.015575211995553902,-0.0545789946013529,-0.0692114419328765,-0.0781679381982978
МО_0196,0.11560113743850543,-0.019175085851454457,0.05315454943449879,0.022546325450778833,-0.020813145739868644,-0.036550304679729084,-0.062475463887599364,-0.04853419892983733,-0.04352485877843625,-0.01020653118724824,0.013521715720719429,0.03645586100967088
МО_0197,0.03147813001554782,-0.07845657976692709,0.02880767694899823,0.03023546472032209,0.04018480937830109,0.027615154714958474,0.04201311110074801,0.03183702805946319,-0.011702600863343415,-0.03826616196979341,-0.03593790456889376,-0.06780812776938125
МО_0198,0.13087898063477846,0.016959902293634095,0.05051716405662158,0.0010885028000007582,0.014962717098333078,-0.04738131525108645,-0.04931342947451538,-0.014218270877319424,-0.044730516469911774,-0.038511959829183075,-0.007922637040342063,-0.012329137941009791
МО_0199,0.024903441514380315,-0.19572547406134397,-0.08052406947501674,-0.06936853448482873,-0.07044306981667559,0.049891475244365185,0.0942152465143205,0.08143648612900964,0.09463971536019161,0.07772164329013653,0.015043161328109334,-0.02179002154264816
МО_0200,0.09408281650282968,0.012645647992696074,0.05659173994118824,-0.01967230025729595,-0.02363610356282568,-0.007024460789339923,-0.04685349862443636,-0.010602541062529681,-0.04367358901870477,-0.04190546482789172,-0.012838294670792609,0.042886048377102685
МО_0201,0.015892863907452946,-0.16202221021629323,-0.08696391992091589,-0.1402875218458948,-0.02179035457155394,0.08218962535489797,0.11895833546290017,0.16680204783648556,0.11248828201228916,0.024321929392343258,0.031467221861502886,-0.14105629927321411
МО_0202,0.11526187116776926,-0.0029430742058407025,0.08121348580464477,-0.007122031671210831,0.0013537674923954635,-0.05772559139393091,-0.06756746339982467,-0.015515660661925577,-0.04621147292770335,-0.03071816599059527,-0.010928811506335106,0.040903147292556924
МО_0203,0.1856144727924258,-0.07084067860058729,-0.11882255950035536,-0.22081309539448676,-0.2720306973958485,-0.20190742260569197,-0.12952224403081322,0.04270636644901302,0.10037038275843622,0.20805387038181447,0.2830309383843432,0.19416066676175042
МО_0204,0.08845559691843044,-0.029573975000065637,0.016580807274129205,0.05885591145425198,0.005071199228120719,-0.0340326881754463,-0.05847015396849152,-0.0483492937730281,-0.044184917759701174,-0.027780611480896975,0.01579779478104323,0.057630330501654156
МО_0205,0.10962121695560265,-0.008103452862131169,0.04352528227191952,0.038031332814201235,0.016163303002088077,-0.010579538292948758,-0.02384212488165351,-0.03895352109798088,-0.09109806243770084,-0.009725208779854168,0.004739409088431501,-0.029778635779973642
МО_0206,0.028662788551570277,-0.18161303442245785,-0.0806947610734882,-0.10791109827583512,-0.0010245237230370706,0.0435040601871,0.09834195241346955,0.09792689011015498,0.09698008697998875,0.08805080850122346,-0.03777256143554242,-0.04445060781314636
МО_0207,0.003985312515634332,-0.21051543053767155,-0.10365973943362614,-0.14788303465891803,0.06493135320460014,0.03409249153756633,0.132838886496052,0.15435469929744347,0.00330185050611833,0.04065085706468872,0.031279266103724335,-0.003376512095611968
МО_0208,0.13480967373154545,0.05400408438364811,0.03545445450208089,-0.009568503540853292,-0.01360736286316653,-0.04022230029565484,-0.03017169463791601,-0.05461160237295957,-0.07228035832684254,-0.02209704289669233,-0.00893134823772113,0.02722200055453174
МО_0209,-0.013532804194082301,-0.1662554069199638,-0.07990733990116568,-0.17213984013208522,0.013351795859465374,0.059007145306872816,0.10974643099776112,0.13069749550721899,0.10300373471979618,0.05366833231784109,0.005148858773233798,-0.04278840233489242
МО_0210,0.14904104993379952,-0.010863323818218876,0.05976385687087745,0.034799099981175155,0.018743706616936924,-0.03536996238472664,-0.058752985778393496,-0.05871789035573169,-0.09526813153272351,-0.02033531123790477,0.01822293595973143,-0.0012630442548215194
МО_0211,0.16812355049754585,-0.12851207631691083,-0.09101525328393215,-0.2618823310616833,-0.24979400013458683,-0.1682251955938251,-0.08565559736442889,0.07524917601913966,0.12068441275170949,0.2049151698203799,0.23280532722969127,0.1833068174369008
МО_0212,-0.020906612021435303,-0.15004529284768114,-0.14128232534427226,-0.035155932315672586,-0.06609819805144937,0.07845576532799732,0.07797219413705933,0.1334865493221243,0.07562660040366631,0.06691317345070254,0.019582749017770643,-0.03854867107880977
МО_0213,0.12272949531734481,0.022287957612119116,0.0774761446456447,0.043989644914347106,-0.048855098138885035,-0.046273435509072,-0.013882275956634781,-0.05338081770337685,-0.09427122274819995,-0.050381880356091806,0.007846000088962933,0.03271548783384172
МО_0214,0.20344489245530703,-0.08186470747577912,-0.12516234512753013,-0.22969778391120949,-0.24921619250147625,-0.2484672551443616,-0.09918067569133458,0.04683981227586655,0.10435552966548005,0.22174097900189377,0.26008575372529386,0.19712199272784997
МО_0215,0.1467960900947917,0.003028683268334262,0.07478015048437714,0.02363003560441758,-0.024087041112608447,-0.0020220934589156928,-0.07337821708978264,-0.018157521314554635,-0.07073543392512159,-0.02850278316548486,-0.02019297867763366,-0.011158890707819103
МО_0216,0.010290219352622622,-0.07230116985101094,0.006084683305131344,0.011621710085445734,0.05679436344613957,0.044449788016633233,0.0511788460882751,0.02410023292337559,-0.03252037262096572,-0.01979051745598566,-0.03256704066551425,-0.04734074262414662
МО_0217,0.022332550723712062,-0.045269229411625964,0.014129625133726098,0.039598623219717216,0.04765051453854975,0.03485510193830231,0.06455832986936916,0.059625503194880525,-0.049252497281218006,-0.04522764007369736,-0.05880610374247487,-0.08419477810924093
МО_0218,0.10225778780805886,-0.012082312270077639,0.055218046881180954,-0.004041235667120266,-0.01820047862602596,-0.02794247370216033,-0.02123040711198755,-0.0188839396423714,-0.07387261225074296,-0.011197516912152043,0.008009399648342614,0.021965741845055703
МО_0219,-0.03368464416543754,-0.14423410476033868,-0.05567885710993486,-0.09739063917195466,-0.06888100003082807,-0.0011296598316733499,0.11196023721649723,0.11329588866368073,0.08607097184968172,0.12601699903022548,-0.02436921518888634,-0.011975976501031656
МО_0220,0.028738373170625914,-0.06081536462551786,0.035703456280144374,0.027865130909828333,0.0702839712337736,0.03528447852995011,0.039563067892363454,0.04025040443206995,-0.02138741079167377,-0.06325737909926184,-0.048710596799414446,-0.08351813113288784
МО_0221,0.13668354606710925,-0.0019078579346235164,0.05835567569500839,0.03214056895532021,0.013437792334644365,-0.03976260529080711,-0.05956048058883832,-0.06980750989972173,-0.07959828112058855,-0.02834249732798614,0.01202469501449754,0.026336954095985573
МО_0222,0.18075734531268303,-0.07433971477401513,-0.1061283488826433,-0.20890839146471887,-0.24932024756358398,-0.20393247517318974,-0.10726476367940986,-0.029256447750803417,0.14233425105109943,0.20947102225660155,0.24650942090496752,0.20007834976301275
МО_0223,0.02733095604735175,-0.0887470977100761,0.016918310221103332,0.037988096790041774,0.05279397762126837,0.04267579638367762,0.07152273760990742,0.049982518506583404,-0.021663725840143006,-0.049928647470893636,-0.060360683697697363,-0.0785122384611236
МО_0224,0.1858964561778887,-0.07438818087713696,-0.11839042744963033,-0.21710307845690655,-0.19975292239062864,-0.23349138944114192,-0.13715221098816407,0.049100926385606015,0.12256242116850984,0.23184492121527195,0.24026704843801605,0.150606436218316
МО_0225,0.12173519330374818,-0.0008446912682691515,0.058347982936063844,-0.014156274295646178,-0.016703680849707414,-0.037915809595105876,-0.04314155279958081,-0.044428728995092634,-0.05146667416853026,-0.03791531813529557,0.014618887597701956,0.051870666269713914
МО_0226,0.004057302142082317,-0.2970107799038081,-0.09511660072774933,-0.05486303710391572,-0.08488895925114642,0.07985569377417405,0.0967890424610754,0.16978519796447725,0.11948741845644627,-0.0025698135740135413,0.03965662131392131,0.024817914448456505
МО_0227,0.20547654533642812,-0.07389015178180369,-0.10333104448962588,-0.24368485777576673,-0.2325263926228037,-0.16295522477245794,-0.10088078718050025,-0.003189086829875609,0.09023429624822746,0.2126576887243631,0.21933268577727924,0.1927563293665359
МО_0228,0.16549629912042987,-0.07276122262044825,-0.13321314108636584,-0.2207854705145049,-0.23082852896763262,-0.1859973556805415,-0.11116477647960385,0.09009825606652741,0.10184796108282926,0.21822894752771954,0.22775557297448576,0.15132345857710514
МО_0229,0.025370185635488166,-0.08899185268291204,0.013435117336601656,0.014930229290779895,0.0626315583459868,0.040999698146516425,0.03832939339836833,0.051842042609826375,-0.015556584794321955,-0.006749328174427145,-0.05104783827856369,-0.08519262083334281
МО_0230,0.13299431479227694,-0.00042970521898175185,0.06103608494049287,0.04717196775992502,-0.06238809558705829,-0.050292281853837086,-0.02149848059348395,-0.06308112071591321,-0.08237060346800318,-0.011449914473044663,0.025326460310750618,0.02498137410687667
МО_0231,-0.07813260381950202,-0.2611519206192257,-0.11669451305757134,-0.08794086438325972,-0.07226262401299346,0.06422799271001256,0.1468126911404947,0.19497696201760709,0.09161837816272275,0.11568488070928816,0.02682076255055802,-0.023959141398131066
МО_0232,0.04016771367057273,-0.10532147718190228,0.03932618793098755,0.03315357615114679,0.060295525940530864,0.06749558925619367,0.047793053765648415,0.035759745686015545,-0.02811634049732303,-0.028218469889928453,-0.06631750310240406,-0.09601760172953772
МО_0233,-0.07662249536927793,-0.17974371763032435,-0.05512302494844362,-0.05431083393159985,-0.04736188786493096,0.009751993515819742,0.06283586106948677,0.12901127037879329,0.13456564129448176,0.11055845627007141,0.0031889735290229785,-0.036750236313099205
МО_0234,0.11055721408323664,0.0005544520937408939,0.03783379817506584,-0.030272222599093235,0.015774265701527172,-0.03512417431743953,-0.05873886774395014,-0.015464525914836796,-0.03956829534164861,0.012804984742827744,0.0009576220156692662,0.0006857491049007489
МО_0235,0.1736699523699042,-0.040488207624073194,-0.0781140413212122,-0.22338042253347715,-0.22601312845883934,-0.21453618365728094,-0.06696753520915479,0.011625338770149388,0.12140523302712757,0.19763228800183594,0.2204150224177456,0.12475168421727487
МО_0236,0.14974208257970456,-0.054423332224718256,-0.10470175113460536,-0.19784837254920998,-0.22884657477130035,-0.13939670529279657,-0.0775297460907712,0.046757321153072205,0.05261046638590204,0.2361901480535501,0.1991160950425608,0.11833036884861212
МО_0237,0.13255012717260128,0.022877318415324123,0.08094057882708644,-0.001081008214070804,-0.033726109355615375,-0.06201101025425041,-0.0376561722660953,-0.007243641060962872,-0.07317202330522452,-0.0023296625791374634,-0.0031416201924573794,-0.016006777187197722
МО_0238,0.11537155218472311,-0.0037429329747980175,0.0708512988689955,-0.004141519326673823,-0.014320145660426442,-0.06317828598430691,-0.038226478699684804,0.0037694178739386165,-0.006240526947295178,-0.0392324472064866,-0.012474628214002078,-0.00843530391398337
МО_0239,0.1876935877178957,-0.032105502264480154,-0.14065129553138264,-0.24953548120450247,-0.21616556501510445,-0.26830553911370364,-0.06903927426054404,0.002389948305033912,0.10182909970662628,0.18168377328249052,0.23885852233730365,0.2633477260403674
МО_0240,0.029891040468644395,-0.06019717233775379,0.02620695807485386,0.041168591106258326,0.03796707227126753,0.05149100060232588,0.047035333013226946,0.059485539491374584,-0.043922299625778795,-0.023184769435253244,-0.06834667312357336,-0.09759462050559235
МО_0241,0.20892435481191063,-0.07015563183155991,-0.11788851479833726,-0.24200184459359428,-0.29061772426138577,-0.20510963431423554,-0.09498472302756053,0.06719366440904496,0.0978708497992533,0.2124868546860457,0.20076268276625206,0.23351966635416668
МО_0242,0.021326716882463972,-0.07282033514222969,0.03694589964338209,0.02788287567770606,0.05264973801426957,0.05339599857536618,0.042832368165561276,0.03565683174177481,-0.022894363345773633,-0.04151363840525578,-0.05196866005599434,-0.08149343175127052
МО_0243,0.16466799268047808,-0.07302089585369761,-0.15792209308243618,-0.21102593110138496,-0.26206114129541686,-0.20342288687858553,-0.03481646401744325,-0.011066250383678386,0.09253271279549077,0.2248980410332228,0.28224660368695687,0.18899031241649428
МО_0244,0.19224840569450913,-0.056558180326139566,-0.1153565794455002,-0.24995670360289443,-0.25782884190692124,-0.20341355210614062,-0.08642129157372158,0.07922847054905503,0.12050268314378705,0.2426572431146996,0.19900971522572472,0.13588863123354214
МО_0245,0.02988563097968236,-0.08921930998618624,0.02519139326844957,0.0177796073774494,0.06166400774179722,0.03847212976482946,0.10102084438019729,0.02918356813487655,-0.0013789816320444554,-0.05385890209064672,-0.06167650554706808,-0.09706348239133636
МО_0246,-0.02158289202859988,-0.09422656662707635,-0.057097995628255446,-0.14648426975025539,-0.026722501393036953,0.012607394365566005,0.0853316152206017,0.09150940869582347,0.08334714573040308,0.1595127928632958,-0.00514348737853197,-0.08105064406993413
МО_0247,0.10450966954979304,-0.010487551000199387,0.0915558384150813,-0.0056481064887659305,0.007306177843872878,-0.04607253775411203,-0.06152998326933015,-0.09140604381012901,-0.05761032069804563,0.00883803473176821,0.046183341863865836,0.014361480616200843
МО_0248,0.0884573145940775,-0.11021722008305437,-0.11552001737322044,-0.11350481328876,-0.07218759091010306,0.03557207700833258,0.051542656244916794,0.14646280013316107,0.07295110273581505,0.045839345629610784,0.026382421811741365,-0.05577807650251728
МО_0249,0.010949599188360932,-0.1084044049837978,0.02244100448164274,0.05344876075730186,0.04327728572620465,0.03211384011393992,0.06719795748725083,0.017121238928581105,-0.0052368556073891445,-0.02314701321456728,-0.03973467098748692,-0.07002674189004088
МО_0250,0.028466074230336032,-0.06643149476688928,0.006117788312080059,0.002342099832967636,0.05510786480483812,0.040822741552064376,0.07396997175740998,0.03739938423871532,-0.044530261026717734,-0.019469268894553367,-0.03164446928252928,-0.08215043075772185
МО_0251,0.12883829358114973,0.006143893679827317,0.04124685814912986,-0.00776010358952766,-0.001942337801977903,-0.037426595832603944,-0.019207054833039854,-0.01504184004366511,-0.0688336476401285,-0.012368133721421136,-0.0008111658511570875,-0.012838166096585727
МО_0252,0.009784691311704785,-0.07621540026923394,0.0372593453828823,0.011487939413786874,0.040441088181745445,0.06988142748367618,0.05838864460887425,0.05086282835087251,-0.04948971770030502,-0.04592285785279788,-0.041288988253221345,-0.06518900065798418
МО_0253,0.11219177472227349,-0.013933676117863211,0.06328083129514696,0.011095309217030579,0.0044845864587204146,-0.0567481513064275,-0.03459078244323934,-0.004232890886761317,-0.054674579899915414,-0.07122578213688535,0.009903833935048465,0.03444952716287224
МО_0254,0.23591537632100618,-0.08685545908572537,-0.07816676196207095,-0.25128044190144766,-0.25325865466989,-0.1894106300432648,-0.06650752449814519,0.06919103733551925,0.0565815112912682,0.1753094689495869,0.23647601260418655,0.15200606565897706
МО_0255,0.028965410570770136,-0.07199728746622454,0.017785556939376286,0.04652525281461334,0.05679674493588527,0.06025804836932674,0.0602575339009519,0.030968533444702163,-0.0294436549865867,-0.025073556088847395,-0.07588605966814638,-0.09915652276582079
МО_0256,0.16593001732371893,-0.0994831579147053,-0.09330436060216175,-0.25061596139216624,-0.20968990346165,-0.21928386891961146,-0.05899488119444406,0.00171068228052953,0.14892574115337612,0.18931975750682278,0.2210432825110775,0.204442652709214
МО_0257,0.040913286642346024,-0.06511456057820741,0.02206933942794262,0.037059351755244524,0.03350700800308278,0.04954725901930513,0.030730149252324427,0.040605700707103266,-0.010621853293876765,-0.043099228903780054,-0.06865781939784454,-0.06693863263363997
МО_0258,0.053705731155941724,-0.08855274354516944,0.03573524031961846,0.028041053560413295,0.04942751712797799,0.04160062103749404,0.06036001027472525,0.03256200444674585,-0.03121555441647983,-0.06055746686156769,-0.054041901389876426,-0.06706451170982321
МО_0259,0.21789814805319904,-0.06645424689629942,-0.13757771297432486,-0.22328774881648805,-0.2593865285627234,-0.19567626631110588,-0.11327313552990043,0.05783095956928833,0.0978842856723688,0.1723626468977282,0.28374462400481515,0.16593497489344256
МО_0260,-0.030929386487658653,-0.1916900059029315,-0.13316582142164055,-0.04119839832944763,-0.011976431486854861,0.006922232750300437,0.08301242560412671,0.17180505472475063,0.10624257617656943,0.10241150522929059,0.005680613679612305,-0.06711436453611694
МО_0261,0.03238377292896927,-0.08071470431872022,0.04512777031793189,0.036348694334413914,0.0475529696583635,0.060496968238909585,0.0691360569557092,0.037492636548201334,-0.05080803410316632,-0.03362846077413015,-0.05530518369429876,-0.10808248609218327
МО_0262,0.1329494572779089,-0.006222838011195352,0.03702470111953026,-0.002515576134826336,-0.016372432015622045,-0.042450411622155224,-0.0307516411648337,-0.034261355933222874,-0.06385952657375353,0.008667050403677056,0.003110459811736424,0.014682112842756414
МО_0263,-0.003487974324538276,-0.1966016136182978,-0.13717074749426478,-0.10288501090721647,-0.045931855983675274,0.03006266456746559,0.10336903517278721,0.15895211376153853,0.10060368754684834,0.08171725380525564,0.0399176841175962,-0.028545236643498915
МО_0264,0.003950689151028489,-0.16579339242074495,-0.10802211722549113,-0.13602324283505546,-0.0212579365623546,0.05173480030324958,0.1218437933654024,0.17921200009231741,0.0636242923372828,0.1714966178564849,-0.06566501312470113,-0.09510049093741835
МО_0265,0.20045358637229577,-0.08791479052504036,-0.09176044383769645,-0.2113471539069297,-0.22830338018525578,-0.21756398069557145,-0.08445747230269651,0.007539905575514388,0.09013457300877485,0.239863784389242,0.26416769938392387,0.11918767272343944
МО_0266,0.13979919981982256,0.014423422855525093,0.06270729421736347,-0.011370246011323255,-0.025461887687229165,-0.0002930878083160643,-0.052754363636158534,-0.02314939885433793,-0.07266796385361292,-0.02286864204040208,-0.007227266148066663,-0.0011370608532645272
МО_0267,0.06750491768887942,0.0024842451926875495,0.06670849777024414,0.0038926605754109472,0.023088976942185428,-0.02364182081064038,-0.023295715950860486,-0.05300569978185448,-0.04693881202774554,-0.024026522770494715,0.014929196332234194,-0.007699923160046078
МО_0268,0.21401912387269406,-0.058807166969209165,-0.13708330268364108,-0.22246134685781915,-0.2157246889904218,-0.19076893148104793,-0.08920596267906497,0.020411313797558967,0.11111153609079213,0.1936417328729256,0.21834667106119068,0.15652102196604253
МО_0269,0.19611418839604197,-0.09152295171782619,-0.09119572011298331,-0.20373116769978863,-0.27438363958798995,-0.20751306720135523,-0.11750116815763932,0.013805794510282358,0.11791167644877852,0.26703927486155676,0.23007530178007568,0.1609014784808473
МО_0270,0.09946455306125543,0.0037280158736408622,0.034449670890457064,-0.041563105034077466,0.031413513834915974,-0.06104749235637219,-0.014781581731285326,-0.01123232799174312,-0.057453737754896914,0.017822605139653204,-0.0035658658737142785,0.0027657519421667607
МО_0271,0.021339975342889825,-0.08482737805342255,0.027701594144046864,0.03380664162637577,0.05685778411190297,0.058088558220096134,0.051937906796379496,0.050362528766959465,-0.05115464973384602,-0.02543805951026312,-0.06815213139441344,-0.07052277031670535
МО_0272,0.022186361618396676,-0.07150731961545309,0.03449001514329164,0.020625280975096225,0.047528374241407385,0.044231425766303026,0.07877632372784947,0.02569746342612445,-0.025287942968047785,-0.04518598050840389,-0.0522854764947493,-0.0792685253118148
МО_0273,-0.04261209704286943,-0.12746451306421078,-0.10958235753277357,-0.12720191159359667,-0.007944026300034674,0.07447109559748122,0.11075964028108397,0.10610798945418728,0.09357673706945088,0.10694976208485235,-0.013425342929182833,-0.0636349760243878
МО_0274,0.12336874547906386,0.017054713354993624,0.09393654199019424,-0.017199928980173806,-0.023584993224529525,0.01714292845513741,-0.040576999601394506,-0.05209434239188088,-0.10344845783783166,-0.004925165061949066,-0.021842000860001598,0.012168958678371894
МО_0275,0.12517156774594948,-0.0011295684241315537,0.06525965587089953,-0.014753815390890837,0.0008045911227921865,-0.02317828352998013,-0.03387676701820222,-0.037566142179461755,-0.08480234765798797,-0.003800634340822633,-0.004219562490723997,0.012091306292559875
МО_0276,0.0896592535730797,-0.041136638247100746,0.03846184818921801,-0.014470171399883287,-0.012483204518391473,-0.03970372451681968,-0.01992339377474419,-0.05966003471481368,-0.013949192144934366,0.00931990657203001,0.02584401292939957,0.03804133805296013
МО_0277,0.057131769018429104,-0.1201996919616896,-0.05700631898483625,-0.1483145606233297,-0.02804312027617424,0.024150331268451924,0.06029219524675519,0.18520824946639838,0.1338876938037244,0.02163613787238943,-0.06268466109823924,-0.0660580237318794
МО_0278,0.029585219661404732,-0.06632646293290173,0.00757240856910822,0.02086489440315485,0.040619454253416024,0.05439372575339739,0.026345645337829772,0.05008918657315888,-0.01957661959531757,-0.02001054293437626,-0.05474534635693257,-0.06881156273194175
МО_0279,0.02385568903854452,-0.0914954662286389,0.015181254516004968,0.050313471992737606,0.033397073270738285,0.05629601406017015,0.03820973652225558,0.059985242180226196,-0.03732757039643967,-0.03669131403279364,-0.05090999254566127,-0.06081413837714385
МО_0280,0.1333199260603702,0.01280099946292506,0.07002714710299925,0.03027539045605299,-0.05154958177130839,-0.047351846106525014,-0.046219241115738816,-0.03198344692278219,-0.08423625219305994,-0.019034845566022383,0.03265267401302398,0.0012990765800652906
МО_0281,0.17733561938119027,0.007632150210621455,0.06413826468316537,0.007543910473411353,0.0045322939897212144,-0.018938142523244147,-0.04629362416704937,-0.06806492327900729,-0.09194276423343709,-0.03183523934479249,-0.020827717853602875,0.016720172663023638
МО_0282,0.15465534858011293,-0.05674272964844116,-0.20454506366729613,-0.21220684161565845,-0.23233049824870686,-0.24312330583361388,-0.06349366244770978,0.041492570176108794,0.17129705706225706,0.15336108522399422,0.30841934413240124,0.18321669628655207
МО_0283,0.13804433695233936,0.010659064143414713,0.045286762020320594,0.008641056919852431,-0.017754521733315036,-0.00913059402458772,-0.0598896004951394,-0.05777803806014048,-0.07503981242955785,-0.008539280548732058,-0.005215295746259982,0.030715923001805426
МО_0284,0.09759323136358322,-0.011404346002084717,0.05987921230949561,0.029259313099127392,-0.03896423500981996,-0.03216324667246129,-0.042049173393020875,-0.019726092433198877,-0.04601960360293029,-0.030117486528724403,0.014568268295156554,0.01914415857487766
МО_0285,-0.07438816588263769,-0.08077007682816112,-0.11860316600731081,-0.11243400115783034,-0.043480925891791214,0.002459969500961348,0.1031277642576559,0.12075408273398533,0.11337245724573164,0.07491820425813102,0.01681793276723572,-0.001774074995969828
МО_0286,0.03857052874891906,-0.12025101704683304,0.038790200522980975,0.013769995704147532,0.05832632483522224,0.05643897143637442,0.05980797080222153,0.030332377452699566,-0.013034081373465591,-0.057574855015597656,-0.033065924489432116,-0.07211049157723692
МО_0287,0.13097356412222644,-0.10230734098244619,-0.08598617810104912,-0.22333598676930166,-0.24437156123079826,-0.16323988292937683,-0.1025149009755742,0.03316969946117907,0.0975427787879463,0.21735364463694648,0.28324388784817783,0.1594722761320702
МО_0288,0.14601199490519004,-0.06149856251813611,-0.13035313815408023,-0.26101484709628753,-0.24815016334099657,-0.22672794645710528,-0.06864165887248408,0.05277907700084889,0.06582892484259203,0.25401513023729216,0.2697774143087444,0.2079737751444221
МО_0289,0.16997743314419947,-0.0019755705751447056,0.023814577175279822,0.0114826627266559,-0.028073439487194776,-0.025091204000954062,-0.048868991713154925,-0.05513729502504357,-0.05459323218884003,0.017356922195766872,-0.00604556663208308,-0.0028462956194869353
МО_0290,-0.04981632413450267,-0.15850301810947925,-0.08492619355890516,-0.08562811572874932,0.01606148447037586,0.04403096761864776,0.06068118508952724,0.17780816938676056,0.08649675922289568,0.04682547737811639,0.009910871519864237,-0.06294126315455142
МО_0291,0.12487437680267272,0.023086564438819818,0.04041509968189627,-0.008664698692771679,-0.015376462206090409,-0.05458996793368576,-0.025777330333755528,-0.0436154428012287,-0.07916696837867715,0.008608391349399913,0.0035278050649453436,0.026678633008475144
МО_0292,-0.05359001693125509,-0.18009328787748627,-0.0785622362225952,-0.08673485897121366,-0.040414551757788006,0.0009697138644548277,0.05687611927657639,0.1186120668464977,0.1402527201664774,0.10288588042839836,0.047181598406753324,-0.027383147228819744
МО_0293,0.0064548815420483185,-0.10331771534396997,-0.04010150558130622,-0.087631567748089,-0.09046579794895002,-0.10909442661679553,-0.09982191614426587,-0.08946012457766118,-0.10665172021234905,-0.06986849711239801,0.7910672292289828,-0.0011088394852462047
МО_0294,0.18635159594790063,-0.07653580327570822,-0.10003334167789736,-0.21553099345729096,-0.244549555020748,-0.22649549424998233,-0.10850756542894394,0.032087058548640135,0.09239199682600925,0.21145577876951446,0.29169698348248646,0.15766933953601975
МО_0295,0.21571867769684752,-0.05405792620538344,-0.18292105851213,-0.21067910565204212,-0.27640400537797893,-0.18869433400939545,-0.06700980138197413,0.045069687051429434,0.1265369345367314,0.21722209400627132,0.20532931552246225,0.16988952232516197
МО_0296,-0.01623791436769209,-0.19607886227088922,-0.11545102697359738,-0.09797955625756778,-0.04289132678167422,0.08330829730980743,0.1156985731837772,0.1371308755843033,0.08094369023571532,0.09642138117086005,0.008238645994358893,-0.05310277682740147
МО_0297,0.1074726928570271,0.0320809020785377,0.008285432190979249,0.01665549243516891,0.002952482494191812,-0.009415611459184882,0.0024099047463816935,-0.03571779486084635,-0.06865511738859593,-0.04807448735850372,-0.039135760194901524,0.03114186445974594
МО_0298,0.1226244123605049,-0.012802797327130314,0.06690067601104256,-0.024019825705929032,-0.011130133576089718,-0.029622151626457194,-0.03475155323124837,-0.028339923090038778,-0.047127182612456964,0.0029871304512734537,-0.02469148025458994,0.019972828601119375
МО_0299,0.015583301306500874,-0.0661543457535756,0.037749153648572106,0.024451674770704028,0.05836868890133979,0.056939809683656264,0.0576961469076335,0.0331689239667524,-0.020292937533962586,-0.03250479266911912,-0.07535742397810574,-0.08964819925039591
МО_0300,0.08307639270807432,-0.011632835747398998,0.08942702281469472,0.013543982298148695,-0.05567336964986092,-0.03939614619327657,-0.06318654474325185,-0.009822743606955935,-0.05509932943235966,-0.02195157068466528,0.009369882108620334,0.06134526012823113
МО_0301,-0.021267362917177512,-0.1887639211177059,-0.09448177415799924,-0.07356579151494885,-0.04721561201350099,0.040749650471563814,0.14730501355150652,0.15441457713533155,0.08469970913114157,0.03565313120830184,0.05433519417314283,-0.09186281394965562
МО_0302,-0.005169629355207312,-0.07447247454796913,0.017907951751098997,0.0009720794102127247,0.048377865991141286,0.044022322161770704,0.07162401487013723,0.04699040357461822,-0.03035470405611947,-0.015280466918911896,-0.03492559358055218,-0.06969176930021918
МО_0303,0.0379591085388798,-0.17592001044902839,-0.12688068558805146,-0.08032921733298365,-0.10157081084163522,0.03955005810051962,0.1326065150250694,0.15961941422674172,0.11166655639798163,0.032361279997370304,0.014320709291452396,-0.04338291736631613
МО_0304,0.18895997011250448,-0.07190374952579918,-0.09243300144794388,-0.2594980510614694,-0.2653523361342427,-0.1898480482571245,-0.09321535852371607,0.005657796031424382,0.07790077249933222,0.25838121564050714,0.24330375147779582,0.19804703918873173
МО_0305,0.04524313915518978,-0.07845777731659236,0.019216908490028828,0.03825521983733003,0.050953180889370335,0.05269517514907722,0.06841758754981261,0.0523438668262934,-0.03133522813332336,-0.05677689606622126,-0.10062762568453071,-0.05992755069643452
МО_0306,0.1306744670049851,0.0013222237463716632,0.10911804647436177,0.014531539078519319,-0.033680749688805925,-0.03643715106664167,-0.057534547193973745,-0.03940434890207695,-0.06878190594808217,-0.03495065136430141,-0.03236679047948613,0.04750986833913012
МО_0307,0.12298711151104338,-0.0424367327980448,-0.11994518253619842,-0.2283417040690948,-0.2588854337900648,-0.2127892300689105,-0.10403678942393596,0.005618435079406625,0.12594575892982518,0.22252364047418124,0.2817217604153991,0.20763836627639376
МО_0308,0.13164020628955228,-0.044577487648703486,0.07276936479748453,-0.013903039230376647,-0.0054668604352311745,-0.03507843989083745,-0.048088004222651845,-0.02391584195811215,-0.06203819039327606,0.003476467573549298,0.001852772053573923,0.02332905306502877
МО_0309,0.023673937736773218,-0.0714418002187518,0.04586658891672984,0.018282481488813396,0.04371427427741201,0.050193239863293895,0.0600677081073569,0.03459553075523937,-0.04105932958123387,-0.0541642085842796,-0.0422874677561741,-0.06744095500517927
МО_0310,0.16694611668847906,-0.12438028936508562,-0.11992421704861668,-0.21109992161984914,-0.26447227181030103,-0.1688482116004686,-0.04905704399677192,0.024347575200009925,0.0609795896029989,0.2125086531874994,0.25150727967692454,0.2214927410851812
МО_0311,0.19458723711713072,-0.08824056830026071,-0.12128524733267436,-0.1915199826452259,-0.23879630044236583,-0.17409681077426534,-0.08905495232978487,0.038985391102719896,0.09771722817130109,0.17175726274671663,0.21664080782255835,0.18330593486415026
МО_0312,0.03504331377329928,-0.0780687798642259,0.012246478000689025,0.039395086502704624,0.05764637401774633,0.04521170762885418,0.0453991789173031,0.037697424962872955,-0.030949774889988558,-0.019757892897817278,-0.05808238528591292,-0.08578073086552485
МО_0313,0.08147522550121392,-0.014319257284971923,0.08251208790457093,0.024693282086021125,0.018801465034268657,-0.06893182792996203,-0.05886471021674552,-0.0395319539814378,-0.05836443486586314,-0.02732458598118336,0.026862208645443943,0.03299250108864521
МО_0314,0.027228819735148777,-0.050833786837827175,0.02298805422334346,0.018936590670315924,0.026180292774735818,0.057850307431175564,0.02657054879493679,0.03243114703947897,-8.053567103527212e-05,-0.028649425680897428,-0.05004777368505492,-0.08257423879432049
МО_0315,0.16896906061085273,-0.041184946889701715,-0.12193117159464814,-0.21999287396779293,-0.2200676391941148,-0.2325162011046736,-0.07401447138964597,0.04004608128612517,0.1262030209235092,0.16724723012297643,0.23053928664751505,0.17670262454959862
МО_0316,0.16879641791486708,-0.08045193590690203,-0.07747108463576512,-0.2562553840252825,-0.2528509914568557,-0.22354915432088995,-0.08526110385380524,0.030415483001241132,0.1413180927227642,0.2008292647779417,0.21507433639908757,0.21940605938359892
МО_0317,0.21787148193977762,-0.10292149261582735,-0.12791988520481873,-0.19292955441077606,-0.25819898393988844,-0.283465154146703,-0.10434741073413584,0.034983711739423703,0.10067834749046718,0.2589251283433396,0.24412599746572056,0.2131978140734206
МО_0318,-0.007265977011725572,-0.18288436155033036,-0.1837650332027771,-0.08391858903102545,-0.026725195278352817,0.005258739424561062,0.11767547647807364,0.05726915392096805,0.13648983467744583,0.11920215148412236,0.057512328587013814,-0.008848528497973449
МО_0319,-0.009983265495318416,-0.1359104243502504,-0.16892954416228265,-0.10688513731706763,-0.04172544585046879,0.05540115045321915,0.12747894297826198,0.09988808401437559,0.09041432187796106,0.06054639699450158,0.06650680709848922,-0.03680188624142071
МО_0320,0.13625920347482726,0.019669782445473988,0.03754038711774912,-0.0214445435196038,-0.018741686699736367,-0.04263212907136631,-0.05826716063863492,-0.010515921124772329,-0.06805077547923571,-0.003814091044898998,0.0002553441696978992,0.02974159037050019
МО_0321,0.046673782495318755,-0.09710592310693836,-0.005375688409310797,0.004286357307860901,0.05190040301581766,0.07198540926208313,0.05431615386369463,0.037305424461939574,-0.021544992196472795,-0.03184403015139823,-0.05780982313222536,-0.05278707341036911
МО_0322,0.1840955994722207,-0.051399676627336355,-0.10003978445614893,-0.21761104891922944,-0.2369691839584022,-0.2493441200960346,-0.1089226962940227,0.011668658776059299,0.12615023678210152,0.21966569968586794,0.19653253668496978,0.2261737789499551
МО_0323,-0.009684297346882045,-0.20823208021550565,-0.11128150284552976,-0.12383300717934151,-0.0005976472714336774,0.028573365546125194,0.03909309383415693,0.1356457505304183,0.11851308801079553,0.11101659379240922,0.07375072413056089,-0.05296408098577346
МО_0324,-0.017759511197339622,-0.15749207970139512,-0.16515392821438388,-0.06455740176614752,-0.04397310053285192,0.009164445249666173,0.09308094334828654,0.14901338845455933,0.1272795466746893,0.07901941000747026,0.06648173865836052,-0.07510345098091412
МО_0325,0.03843693229086831,-0.08679391544953198,0.04677827016436174,-0.012563773916097955,0.041068521557427747,0.03837992437366452,0.07624255359496895,0.03120853562980752,-0.01789539915968809,-0.04180979818671368,-0.044975025657270275,-0.06807682524179681
МО_0326,0.025170610509123156,-0.056527041953090565,0.024196887668636185,0.030162242166046606,0.06325189869268064,0.04242845299778686,0.07312762869799935,0.023290985114639156,-0.016729692749538533,-0.05566774607609533,-0.06826291958221374,-0.08444130548597374
МО_0327,0.03768705644559495,-0.04599598642598886,0.018599519980340637,0.028227757162483616,0.04987537545451296,0.02971161458259666,0.042321496623153536,0.05235842260489095,-0.04717006812259058,-0.03219799453536303,-0.05345600416092029,-0.07996118960871056
МО_0328,0.05626968352304859,-0.08273539518932359,0.016454904208890824,0.022594399314825448,0.05011184939600327,0.058218964168487625,0.048740337280490986,0.03665448174624465,-0.007356627332339431,-0.04277256772791409,-0.07701873824303604,-0.0791612911453782
МО_0329,0.1827094802645219,-0.03516905035234823,-0.10060239791008811,-0.25176520727360374,-0.25534065364061237,-0.10532452500717852,-0.08773417024262854,-0.003439088194892491,0.09654578041637875,0.22382229818878924,0.18266453489775103,0.15363299885391107
МО_0330,0.16728922107416133,-0.06744023013961478,-0.10205372444846623,-0.2729606095699637,-0.20227372171470367,-0.18296842269799352,-0.0610120790157478,0.003582252267735183,0.07429601498974571,0.23532865092592756,0.22192017719053095,0.18629247113838895
МО_0331,0.12028398920835148,-0.002507562378153305,0.037590583710151504,0.020093302734184117,-0.005564035004404673,-0.021587655268439056,-0.04305603031520901,-0.004645502640165798,-0.052927026219480935,-0.018282844859426616,-0.017317284267475065,-0.01207993469993265
МО_0332,0.11082154017210169,-0.0133584515536447,0.04176992717394189,0.03088052744965416,-0.020513395715657655,-0.04213593677539189,-0.010969531662753072,-0.01659371813357911,-0.06250646235320106,-0.0013354424960635106,-0.00661691693841979,-0.009442139166986958
МО_0333,0.011004403108972036,-0.1820770769747669,-0.11135642067266827,-0.16654430067914422,-0.02189700789769876,-0.0002469550696607564,0.12299341225486837,0.09798890614794563,0.12394449982525452,0.11327775307828042,0.07880676594872828,-0.06589397907011031
МО_0334,0.1281427039351094,0.019662593574027457,0.031359184234265626,0.02541029338988793,-0.018589950656053927,-0.005998508136403881,-0.008883179148409429,-0.051168986645548184,-0.07083052733990676,-0.02873392095227309,-0.020510662616780202,0.0001409603620850866
МО_0335,0.013465278407573937,-0.1296089217773991,-0.08964003301187182,-0.10285967420207238,-0.032451844735255496,-0.007873770535484412,0.11876333059638025,0.14212463923381025,0.08282945601279584,0.08137407193008912,-0.023684782991000502,-0.0524377489275657
МО_0336,0.016702846034377557,-0.19387831738493033,-0.09862020654706553,-0.1015871796939446,-0.022760445336898475,0.040192722610038485,0.12013182039795578,0.14633183258169288,0.10897627157202647,0.06826041422940082,-0.01332124112896268,-0.07042851733369035
МО_0337,0.12525005473655124,0.026419245499573932,0.05104423448556098,0.003659594788411505,-0.011841651193841132,-0.05529097343165769,-0.02951566358927873,-0.027933557788293702,-0.08852456832994607,-0.014088711878986563,0.00975788247900913,0.011064114222897058
МО_0338,0.032125318699000954,-0.06169688830559714,0.01435608284118325,0.005083723776633159,0.05481067080981525,0.06461402334853308,0.06007258794682728,0.03952787236563182,-0.059618718528981846,-0.022472503464694885,-0.05048822279772198,-0.07631394669062896
МО_0339,-0.08613581973692216,-0.14882046969050428,-0.11356416305211026,-0.09083113169303536,-0.10581290007853422,0.063559832554682,0.10686976434755312,0.20148727904425895,0.09210927286418358,0.10227967356721807,0.04929311997135675,-0.07043445809814616
МО_0340,0.2101968049931357,-0.07673720974795845,-0.09233496747472199,-0.2477172361402327,-0.26597343779667226,-0.25724649615280626,-0.12718636329486327,0.05433075932110776,0.16536250495711818,0.21247697211147645,0.22311783017296888,0.201710839051448
МО_0341,0.1241174318642358,0.039786774697636175,0.03603695778945011,0.02123109841129336,-0.01689333102137703,-0.01906607160797666,-0.07014888017552354,-0.054198594700459096,-0.03619333046601603,-0.03681347326673861,-0.011502316845016246,0.023643735320491747
МО_0342,0.16833528787750868,-0.04257683441051738,-0.15038190028564383,-0.22820121434097837,-0.24465519577626454,-0.20233266846711231,-0.07646152755592964,0.04032374953581903,0.1289487142322817,0.18739836692321377,0.2556491989513801,0.1639540233162427
МО_0343,0.17440758453771169,-0.042603643951507085,-0.12296323238011726,-0.2559960020457932,-0.24062072121665695,-0.21920226148981747,-0.0948989165751625,0.06909312587601354,0.1266233802342866,0.21141943361413382,0.2196745205494996,0.1750667328474091
МО_0344,-0.018364719093936374,-0.15035462779304987,-0.15710892594784237,-0.048253791174597216,-0.04523140275298078,0.007895249751329204,0.09112332328791858,0.16503003683565762,0.07153634801909259,0.0718408168115532,0.0534541362895078,-0.041566444232652426
МО_0345,0.1279586946869477,0.006952078960849477,0.056898347104735736,0.04497020662775428,-0.015753025210355633,-0.07177710361211172,-0.04963602972086434,-0.03731124693320079,-0.0858787320613619,0.006534769709932517,-0.00028836625090720384,0.017330406698581838
МО_0346,-0.036278991300292565,-0.21319260026348663,-0.0778948318317565,-0.049739900276358544,-0.019106632378758415,0.050270776451182414,0.1054519635702966,0.14184596232966543,0.11843905727463322,0.026079661304579047,-0.025130556198948266,-0.020743908680755756
МО_0347,-0.006345897227485936,-0.1523041600305558,-0.12225424279851804,-0.1286308061046225,-0.047283848631288206,-0.012763303636970418,0.12870069511726256,0.1597253529823807,0.10405042989326027,0.1362498717535564,0.02202825061307539,-0.08117234193009443
МО_0348,0.030001356924975596,-0.08262613749082803,0.023649944805282277,0.0155876662297958,0.03371073282815801,0.06211647921563598,0.0625610002208895,0.06461404720483045,-0.03494529785002944,-0.029114502678865787,-0.07136328429939963,-0.0741920051104447
МО_0349,0.05979955324407268,-0.0434461842162716,0.003961027435439073,0.027482049052838704,0.0349401591387998,0.051620091601286965,0.042582216025910655,0.047529439981804575,-0.03700780764966317,-0.030392640900577892,-0.06280602593738695,-0.09426187777625285
МО_0350,0.1534670298268624,-0.08477606805069254,-0.09540860815637023,-0.25360849433267957,-0.2105979666209949,-0.23268396977832373,-0.09828666253466668,0.028216839772512322,0.1608894747135909,0.2047633659523673,0.23650359209499905,0.19152146711339568
МО_0351,0.02577386752646598,-0.08664164339233985,0.01809285450822996,0.0005634668266630734,0.04865952343980103,0.06554575930039878,0.058298030901363505,0.06154218807419219,-0.039558490752811364,-0.023196284666501126,-0.06625391016342169,-0.06282536160204052
МО_0352,0.1255231256753484,0.01362412515649878,0.07077973030799269,0.01751474067131784,-0.036127411446174526,-0.059000524069265925,-0.0427964118393732,-0.05898088611200096,-0.052168262376853416,0.005693032951146449,-0.0034966427790219237,0.019435383860385784
МО_0353,0.12036577964088817,0.002255876936584203,0.016959511046135654,-0.04039597665115705,-0.03983096347037276,-0.028971401055778064,-0.043712141267785984,-0.026106972136454406,-0.03403907521924691,-0.018617797449963905,0.059170150084611926,0.03292300954253912
МО_0354,-0.010849230924400183,-0.21046390006510923,-0.14003035731142158,-0.10442298880139494,-0.04978005137835839,0.06019886047998325,0.08925178918898113,0.12217254223616816,0.11980855683991665,0.128563416684661,0.055800869264557185,-0.06024950621358299
МО_0355,-0.04965506558025787,-0.20273853328974129,-0.06118957316470956,-0.08806871684306464,-0.03156139022419801,0.031933240486145514,0.08117129851775555,0.13016240508350962,0.13519845059847307,0.07707155165968468,-0.014317045697758561,-0.008006621545838545
МО_0356,0.04694553159595551,-0.0719248751031553,0.03323109646981277,0.018952459733404557,0.026337553450192397,0.05953801885689072,0.08280776225041818,0.03420710018753363,-0.03489015026591168,-0.04877108289257475,-0.06224856046750238,-0.08418485381506363
МО_0357,-0.042834378610977275,-0.16886674017461523,-0.07724411197118312,-0.1350989963306668,-0.04930546940132086,-0.029308049976773613,0.15402302255072378,0.12009475042656872,0.12171746366075512,0.10501001067301387,0.02609119874272537,-0.024278699588249873
МО_0358,0.03072146821424513,-0.08846599163297789,0.0258902135104103,0.03281828374838301,0.06178381889557734,0.05771178617862983,0.042776453570384246,0.035373632847472226,-0.056589574435926264,-0.030387383550310263,-0.045004879861969334,-0.06662782748391832
МО_0359,0.15344274006854436,-0.10899861588748005,-0.10415340487425213,-0.21435425767141983,-0.2639143039915024,-0.16988109410160532,-0.07036638526492058,0.02304611217470105,0.1530481477271307,0.22609561010084436,0.20256702328911297,0.17346842843084692
МО_0360,-0.03574261944902297,-0.12091539546376057,-0.07278439413858975,-0.009979974494205866,-0.04790386333462675,-0.05752887111321221,0.12389092866613627,0.16980379160351416,0.09187704943201157,0.1122872565842758,-0.05595457602454256,-0.09704933226797713
МО_0361,0.05770060739838699,-0.1927020173046488,-0.15492459119571153,-0.09523630135099409,-0.017937139343692256,0.0277294277566437,0.08283779849437632,0.15390237607825438,0.07579529684549956,0.027287806153707548,0.07997021951553303,-0.04442348304735494
МО_0362,0.019724655845175902,-0.0765432820610987,-0.000224629393448356,0.024243635701795854,0.03807200557158785,0.07506588680535019,0.06559267906789737,0.0653999129079396,-0.037261697001996524,-0.05100163363681613,-0.02187450907747729,-0.10119302472890977
МО_0363,-0.0074022948250650825,-0.14527936008609574,-0.03723741680116317,-0.06980506441177245,-0.008832705459614395,-0.0447675468750348,0.10187824711643337,0.10269171644226004,0.13271151103925194,0.05026444617703091,-0.042639871639704015,-0.03158166067652663
МО_0364,0.04382444728191849,-0.08788652882750898,-0.006302430621007438,0.015196676320399354,0.06775089535932272,0.05388434905871032,0.03889632448393415,0.05473463747849876,-0.03438239618718055,-0.02344061246792365,-0.07428689367016948,-0.047988468208993676
МО_0365,0.2085970116938485,-0.07430012256307429,-0.10462391758615251,-0.1851470942932621,-0.2352526224946117,-0.23647259602877416,-0.12059379070028045,0.04009342000389129,0.12262768734829393,0.17395473129364256,0.23879073437251927,0.17232655895395968
МО_0366,0.09975098828097481,-0.0021578260842220545,0.04821756615184886,0.0029216499066742584,-0.02132583921444552,-0.07500528283067294,-0.02385579066401495,0.0040513836966057735,-0.08057110858797782,0.016035498446279876,0.003178361298641119,0.02876039960030859
МО_0367,0.1690953925858688,-0.011146290154783037,0.052376200758431454,0.001555872983253409,0.011894924078791454,-0.05700457130889997,-0.025715190152758985,0.006467443423104936,-0.06767816186954508,-0.03767879055075102,-0.030427825077409425,-0.011739004715302558
МО_0368,0.04395091550327017,-0.0635502023204654,0.005845873283378334,0.013755871920997982,0.032020599298945795,0.029421755940997364,0.05834882531066979,0.05205966253662805,-0.0458390911061117,-0.01681770804018205,-0.04281503732672587,-0.06638146500140245
МО_0369,-0.008420430939891636,-0.08017859965595742,-0.08407660805072378,-0.09729577433681577,-0.07111877863721176,0.031525652993941874,0.04287754028731428,0.15349859970941865,0.11129206401452743,0.09578707866515364,0.016709501866556425,-0.11060024591631192
МО_0370,0.14270873743691298,0.0018641851140864321,0.06896119824513589,0.04101682706549856,-0.01733583296580355,-0.03994934408714801,-0.06660175816944239,-0.054038971791209076,-0.07778219334664704,-0.013445497084497179,0.020420213938027402,-0.00581756435491401
МО_0371,0.18046597841908205,-0.11952073233499848,-0.11894903773127496,-0.20450991709357857,-0.23730759840553572,-0.18135457709755365,-0.04702244346197861,0.04643989422203638,0.12531301051427385,0.21471459666165427,0.20478038379435026,0.13695044251352317
МО_0372,0.1282281667041663,-0.01736539997247491,0.06059546426876414,-0.005690155687901752,-0.03033645439377812,-0.025181950382581395,-0.050711816089063236,-0.022248149272669333,-0.0796140009116452,-0.037699782793709356,0.028971698785808027,0.05105237974508484
МО_0373,0.10513358029740028,0.01081902979027697,0.07256159493151994,0.03964491128162481,-0.0316877663211553,-0.03721361658162936,-0.05394504372466144,-0.0231145127151114,-0.05476640955032655,-0.03706652977051364,-0.0015880279865682157,0.011222790349143912
МО_0374,-0.05673525358125674,-0.16367420787571582,-0.12624785509377612,-0.09369509294945928,-0.042780293010166656,0.057457654264666334,0.07850465605365185,0.09509715466942582,0.16311697444000173,0.07385991118184237,0.016024343501278,-0.0009279916004914929
МО_0375,0.02883656123576557,-0.06641889850631257,0.010193571172553763,0.025566489807038847,0.02457758726065505,0.06513511793551263,0.014970829618707864,0.05595205115815195,-0.004076902983426143,-0.04503148972536496,-0.040546116955276525,-0.0691588000180055
МО_0376,0.1323268180870037,-0.03661452697491822,-0.16695564458507545,-0.20565500706169487,-0.22799431625375627,-0.20609405293430233,-0.056805695318886,-0.00498901157901977,0.13092179621937838,0.20521504727406875,0.25284240525890306,0.18380218786829905
МО_0377,0.19199492337310167,-0.08276970976082389,-0.12936185370146278,-0.20767640676237822,-0.30492010780136714,-0.21611963596885597,-0.09664721718919816,0.04068340159272059,0.07605303935787132,0.20265415978145757,0.27656628250403675,0.2495431245748982
МО_0378,0.14642883584743766,0.004623371753888363,0.09616664574880825,-0.021106581737362212,-0.05893492894434301,-0.03088310968029314,-0.06336467539663873,-0.04548198099586706,-0.0471090460559863,-0.03680666941381888,0.023022478202332892,0.03344566067184219
МО_0379,0.11713623129656375,0.0036592538014100784,0.07434198100717315,0.002911348161302889,-0.00735318112325932,-0.025397231084354755,-0.06230205527639353,-0.04919201700708022,-0.07362874317909929,-0.005562526415794182,0.006615746361345858,0.018771193458185582
МО_0380,0.023414896808662086,-0.07861506086956734,0.0386268219998393,0.04185556476271873,0.0661068082390489,0.06103443380369726,0.0364618094449838,0.03860978754753715,-0.025725025570543125,-0.06139077866093679,-0.043741967477727205,-0.09663729002771274
МО_0381,0.007124022565848168,-0.19903247598324142,-0.09082325454164086,-0.11712591136365652,0.010947522373546847,0.06211367198256479,0.0761158049982945,0.1570869213178182,0.07674312250228466,0.0723309273191223,0.019123035647743453,-0.07460338681868411
МО_0382,0.012729433472373153,-0.1892230934604257,-0.1231299417736043,-0.11250384109147052,0.05346165015400743,0.012636436912161712,0.019178424591970954,0.0782271907295949,0.14852910261199337,0.11079623147706717,0.0139639805911629,-0.024665574214831013
МО_0383,0.017223886186203234,-0.07520538516504607,0.05117481375748153,0.015982498380096487,0.03957850314809544,0.04252197529900242,0.051346515975289865,0.04803848023483348,-0.03636123358294326,0.004273924724157451,-0.08019802315603888,-0.07837595580113166
МО_0384,0.039969663771151895,-0.07782006803787056,0.03308193680027473,0.00832209557462075,0.0387972513250743,0.06733199032585101,0.04329410835220678,0.0485495024064619,-0.012634880993092727,-0.037860661094342836,-0.06497457795886749,-0.08605636047146772
МО_0385,0.10982231831281322,-0.11848307934797676,-0.01257163109760713,-0.09145573462225202,-0.0736220210046745,-0.01133693036679358,0.21821948665791466,0.09268055946682145,0.16630433082761198,-0.026954350687938576,-0.06518139206602762,-0.1874215560718911
МО_0386,0.03387228319826229,-0.09370535490494157,-0.03289557491937285,0.023560895320209982,-0.07731188919376683,0.11913458359540138,-0.14083402040175869,0.20256132058198528,0.23405590251679562,0.011018116019513058,-0.06251205924041814,-0.21694420257190955
МО_0387,-0.015378084369002742,0.08406062558031596,-0.0007559589890196788,-0.14802765883750615,-0.06771996354480223,-0.04873748548613239,0.09546452068493762,0.26948022698273566,-0.07403326464183493,0.11866123238275063,-0.16786770382095628,-0.04514648594148546
МО_0388,0.1117434369152685,-0.0774148807070034,0.15750167330028983,0.11205228302876605,0.05700611297737944,-0.14051548754753346,0.18193061780599115,0.008368192413052571,0.05523335472799971,-0.12409891611006077,-0.1289874749302774,-0.21281891187387225
МО_0389,-0.003848142376296493,-0.04882394048636032,0.21978629783575745,0.08672483906775294,0.12408369876649047,-0.09825436366851112,-0.02405421408221447,0.017992467771878996,-0.10364222444364422,0.08369709744216877,0.0638382264441174,-0.3174997422711394
МО_0390,0.22153531697417425,-0.044091210333240774,-0.07627496244037708,0.06313526803904553,-0.17273421732435712,0.06182880659306386,0.06804087652382376,0.014311928122121613,0.18385481041753204,-0.21601552798332163,0.010196814457476503,-0.11378790304594094
МО_0391,0.08676817683408658,0.01678664448231465,-0.016858509658605143,-0.11194062983674088,0.04903220827953126,0.007243041697791115,0.04106923872350505,0.07697114406668473,0.2138274402906063,-0.04985353215403431,-0.1627763897413505,-0.15026883298378885
МО_0392,-0.15239010578987539,0.016212812594384254,0.09415446011278351,0.1286504031524319,-0.038537435153141245,0.17702537277572736,0.012079178130870493,0.04146150077686108,-0.00427316960229457,-0.024244049679212957,-0.15961105296170366,-0.0905279143568308
МО_0393,0.09647287973464755,-0.0852798854852648,0.06378680169300945,-0.22581471510978085,-0.04260957781264703,-0.06051501629949277,-0.11462855394480669,0.20356948187963425,-0.09271206628087583,0.08798305554574329,0.11558173343568605,0.0541658626441474
МО_0394,-0.2125123448587709,-0.010503153411041813,-0.06670371374882106,-0.013599506314137075,-0.1115890163632399,-0.015083339714403857,0.028849304804790095,0.20249993051593873,0.18824389377291706,-0.12769865166453914,0.03036310275625692,0.10773349422505091
МО_0395,0.018439603944492233,-0.007354576390694551,-0.15165678439540364,-0.11367857089460068,-0.15784451919292095,0.02900460829203389,-0.08487829312485123,0.27366123699821987,-0.08452991157006526,0.14518935897561522,0.11019524329504965,0.02345260406312541
МО_0396,-0.026666354999041908,-0.13303359600673953,-0.06535645704907095,-0.13182802339671432,-0.18768264142396573,-0.029074168771546928,0.24525265434823396,-0.07422939070924701,-0.003700895458357254,0.20248835103936222,0.025677280785496633,0.17815324164159077
МО_0397,-0.20626131066697817,0.05281505915781372,-0.04210777368095729,-0.0863829000114835,0.06649609161202268,-0.15888476597021373,0.05943656150370391,0.31371284995166265,0.19312690799671672,0.020767450545132196,-0.10086855275274126,-0.11184961768467788
МО_0398,0.11035820592490882,-0.08806609304915348,0.059398784983274056,0.016275849966808517,0.02022412213724177,0.09537126069761873,0.09436970230691208,0.20301953982129148,-0.040550411582204696,-0.05191531060233905,-0.17492416528119947,-0.2435614853231588
МО_0399,0.10071198462219984,-0.18380384007784326,0.03354886759874048,-0.14826845608239478,-0.025482900085291103,0.033535284642300066,0.21403206811444883,0.021526760024919808,0.12589227839534328,-0.07200766043357351,-0.05046619656464037,-0.049218190154209265
