mo,2023-01,2023-02,2023-03,2023-04,2023-05,2023-06,2023-07,2023-08,2023-09,2023-10,2023-11,2023-12,2024-01,2024-02,2024-03,2024-04,2024-05,2024-06,2024-07,2024-08,2024-09,2024-10,2024-11,2024-12
МО_0000,10244.264985961165,10141.686813581437,10317.920571948664,10810.021352058384,10230.823523620804,10118.345685037864,10207.382744059249,9780.128456389992,9706.939222373863,9640.52784710705,9832.51687731187,10261.452082571368,10278.521422187368,10688.020094411298,10345.405924959545,10872.86627340011,10661.95060734022,10421.4737369131,10264.40077972458,10150.89878895972,10249.833911281932,9764.143669845324,10130.554758503788,10242.659803833378
МО_0001,4634.249079638154,4791.054275074753,4614.478928927339,4836.864227375171,4604.13489014822,4642.401113717653,4920.640335102127,5155.178206329359,5160.455900340793,4762.979033912205,4876.0421611834045,4692.061387584904,5031.567328112371,4713.613567635248,4053.703931100717,4199.760712296611,4061.319711013346,4395.114106860904,4760.781628686943,5094.540763947873,4644.7709899318925,4583.144806867101,4105.981929906495,4333.291009162769
МО_0002,6681.658135139983,6058.7118534136525,5262.0812695877,4909.579590188513,4382.739066423826,4521.514206564537,5662.109746382622,5575.1417868824055,6391.806658913287,7964.603533477451,8729.508835512202,7287.04437201097,6952.718949118748,6349.252003075305,5910.609545116549,4794.572428097481,4712.280193425411,5005.925206135715,5354.928372378317,5851.911792832696,6723.006600128088,7088.932695204944,7791.0798481008915,7646.93713703674
МО_0003,8956.806323183951,8903.279969585426,9100.90567281818,8978.761641794188,8412.231255557885,8167.789820089747,7945.736319989002,7983.7834249682,8073.724691135744,8789.024906636489,9249.291697047704,10481.783389179236,10768.759211536046,10576.715752753847,10128.326083167834,9728.971166329353,10021.754271972408,9407.69651940192,9294.707150296812,8750.162757975708,9797.08428140859,10192.391960127188,10362.076516685973,11208.787194764953
МО_0004,8965.287231440809,9067.109861925195,8894.762690683852,8683.076040359949,8310.041039613438,8119.126151141703,8291.124220646152,7392.087175478401,8191.984340380691,8752.193180929818,9359.065005670416,9734.59804632253,9744.928308059663,10558.37544312093,10914.020900773316,9606.737299124312,9923.827754243135,9242.291931878752,9144.943303036269,8933.631055451493,9433.130174577627,10454.267658447445,10901.988791335309,11974.904089449044
МО_0005,4996.453816936189,4657.910369782646,4901.248202577563,4624.398814298975,4835.959130888038,4736.035042364785,4992.610419223584,4918.51008185415,5374.553265567762,4740.665574444383,5047.67068455503,4594.812936642317,4704.032804974129,4455.574659147927,4633.560084959451,4419.097337896107,4039.326863231025,4511.732317921775,4419.520706033289,4673.75517612662,5195.317203706791,4888.910192354376,4414.359931841225,4152.766461307805
МО_0006,9903.62015850998,9933.506305830102,10258.6698353361,10564.347730494848,10704.371740782944,10427.222667364087,9625.529877303425,9917.80925421194,9721.92964865455,9752.48892435185,10087.203541463052,9573.318973055491,10139.337416767872,10676.689861971983,10442.814175993466,11209.52319161205,10923.46386159443,10860.97838051494,10327.661187700109,10386.636155698969,10281.15781854868,10073.44024464645,10171.924942337457,10398.396232094165
МО_0007,6735.075005364427,6151.977912664035,5416.772492246548,5004.285131542617,4893.833739329053,4596.004346650708,5173.897762849021,6228.109743514769,6482.750334398709,7160.935466706347,7834.982697847259,7898.9994586120465,7059.11577457032,6605.041445055417,5708.023505210453,5158.42664793309,4865.393918621444,5326.183141034072,5219.597112681332,5483.117144415865,7207.041673222082,7353.840160982464,7899.675143807178,8144.498921692455
МО_0008,9585.001473205764,9926.537999516238,10069.594446310495,10333.19982133248,10552.245947958008,10409.60021420066,10132.724184894756,9582.987618564905,9269.610691518976,9682.612901695966,9674.63904448071,10068.7084011364,10404.972257151045,10580.466834060622,10943.532614005171,10933.472425659467,10958.849302050236,10529.188480114011,10408.809269395511,10259.255183953908,10230.301179453834,9947.98380101043,10230.431878588848,10287.483325790385
МО_0009,9873.889785394244,10348.432943864233,9991.000959486924,10229.904805104605,10154.350996673504,9831.312043213324,9941.117433575027,10006.485162141404,9652.778192386322,9710.429583334522,9981.444314687222,10245.088742291082,10245.7395172688,10840.796149162969,10798.297948785856,10702.707603803796,10715.143102326128,10367.06537892021,10262.35190462072,10146.049189062323,10226.835033605945,10377.708763113846,9848.309543645068,10423.90024864012
МО_0010,6687.5059335232845,6307.016051299804,5421.419015796052,4580.108025021727,4879.852050484333,4680.143259659048,5089.9635806432925,5623.895405474384,6505.949413912987,7528.12677446429,7713.226990970825,7737.72079352244,7158.780399517997,6602.8492165778825,5440.601432547662,4701.51362366116,4966.284221231773,4788.749066648962,5502.543185751046,6032.428930984983,6723.728806620496,7594.935629751907,8504.08743162204,8398.389104513506
МО_0011,4727.170811769148,4593.407506473955,4740.322585774821,4336.6998986115,4717.757550600362,4800.574997961105,5054.743062856497,4885.191110427244,4724.292837773625,4533.270083262843,4590.276048387661,4533.647637217528,4371.902418479446,4727.867018064472,4470.913946740534,4060.4433317472967,4446.269791206697,4435.653398134979,4620.086465471502,4841.105624167441,4968.683006176271,4655.8747037503335,4821.099170859013,4126.228057338807
МО_0012,6973.493505734012,6866.000296375505,5498.7689941957615,5218.903891612202,4719.221404637191,4907.476373665491,5188.036787003514,5829.891267371275,6473.449295895654,7528.852797404324,7511.573257980535,7842.7073693733055,7368.942709466675,6355.598292852719,5452.919257802467,5079.015483275708,4700.3458917486,5037.705064464416,4890.8711730797,5861.410991710998,6241.720740023222,7054.940783335132,8306.687464576731,8010.619447044588
МО_0013,4544.345978163202,4226.978445454016,3873.144617281697,4402.71740828536,5236.748672850131,4912.451271959645,4838.733427688732,5212.871509499979,4731.055571354455,4954.154687858011,4878.233871713912,4618.895305164235,4615.39814341578,4365.989514207458,4374.138046665592,4116.39633389337,4570.263414968235,4910.990692205882,4464.352273625072,4588.21960924725,5149.942127650791,4690.435917119763,4903.751079983153,4273.075442191003
МО_0014,7389.533300281801,6221.022123636525,5506.505498546202,5246.428387768406,4634.425314649508,4617.640522283268,5107.367558935988,5976.935694293008,6273.020774886042,7591.501978880634,7606.13810800446,7995.454553995423,6411.494177916963,6069.11113217248,5155.903311050671,4825.4772338828325,4806.1178491263,4818.003757082598,5209.540115199931,5902.92067474768,6814.303871495644,7193.5815944048345,8091.227138812876,7936.45999862757
МО_0015,4802.370867157142,4685.343664695566,4559.04914809814,5008.56969149803,4619.6796566798685,4733.54637373733,4792.035328956277,4836.850149865859,4806.516835004071,4809.787276564068,4836.906435191036,4717.01108392269,4447.823754714435,4130.241299306335,4425.142183418177,4421.006354095533,4334.896166105553,4381.464534670285,4816.526419136034,4841.746613993372,4480.747555065133,4719.456811923858,4631.640661097651,4176.509535455212
МО_0016,7024.868475932446,5838.546563352304,5749.12978861443,5180.371731495365,4654.7226546011925,4865.001006506564,4721.987570279504,5604.448999331152,6600.446029555511,7089.716146921993,7997.126415753205,8271.803430563648,6731.501123013062,6056.767566934139,5567.905734253366,5319.628462671708,4531.658782938047,4901.249604368793,5660.30987542294,5560.81281302704,6421.460702119292,7363.875529387486,7703.56249306986,7984.201243448239
МО_0017,9945.079591230964,9823.185706869855,10505.03009653338,10378.059801583251,10729.907496031175,10172.550551300486,9949.401666634714,9964.88440237752,9857.198303071196,9759.16368066016,9442.60130795952,10084.55867402401,10049.85855206226,10601.0202156881,10475.836322721372,10981.051142514005,10669.764705698011,10408.179922595027,10596.472087086344,10268.465648365762,9940.963174337285,10321.90460732178,10035.516014461327,10348.96872341584
МО_0018,4774.568016679359,4417.7446178911305,4599.051084599714,4404.92882341618,4545.320111627509,5145.697745751577,4723.746853904942,4514.244448629492,5544.1488490295,5711.9422870875815,4756.66078306058,4210.657013052582,4368.124020169081,4230.420713750175,4190.403330389484,4029.84259299232,4498.113694899889,4647.150393482782,4348.84951713159,4967.102556572364,5337.890350930635,4776.41726910282,4494.898608091299,4337.770198505191
МО_0019,9060.337152146025,8594.817567203076,9017.43114870608,8608.641961768264,8850.364274840653,8039.930783615611,8340.118632206884,7723.731944911662,8397.04148513377,8789.791167787149,9037.60454940417,9896.346704711532,10652.8151943228,10353.926401028531,9849.974810830518,10053.829549958757,9411.677221692466,9238.462059331703,9139.385756562471,8760.389034005539,9077.437276235056,10200.848984856671,10546.394124665492,10526.558615796355
МО_0020,7194.065992553441,6256.178774669066,5296.499153773734,4675.263892255346,4861.832080007647,4862.257196976462,5719.782477727177,5969.255405011792,6782.84417916796,7351.126065646305,8029.943200365713,7830.012458098075,7418.165262411676,6133.845466243107,5420.482097245787,4892.946558885482,4911.675328617727,5152.40567322691,5166.900877020528,5840.542601773062,6844.541496221659,7416.447470025422,8170.977656755614,7063.13921997102
МО_0021,8676.753849112205,8842.830973913757,8369.692094345186,8461.879762913455,8146.343573604419,8033.437483772107,8202.42456456137,7925.283255801174,7999.165734447144,8691.106916283394,9572.943959168568,9559.782936202088,9995.463930136668,10631.65668428992,10294.210953781052,10256.432166264212,9665.998952266164,9532.390880743793,8881.659933649,9216.979134413928,9468.220347288605,9694.243132678092,10222.193958878255,11604.770422907392
МО_0022,9827.903869996935,9972.178996250244,10377.317477190903,10738.174452731186,9993.463550246131,9997.26891526662,9892.599894004992,10149.945117722771,9762.955678457813,9821.668986596836,9546.171961879418,9755.722183892703,10352.220060949689,10563.558573485563,10897.362283212196,10842.691962435973,10903.772886677803,10712.455208903655,10610.033062654136,10385.232931190536,9742.970113369964,9585.958293068918,10329.236389690835,10590.94322202964
МО_0023,4476.433693129152,4152.1273808671,4514.276464981519,4739.53310499038,5076.184003923166,4932.488971285015,4884.396700513345,4870.615503366616,5118.026036832147,4953.673825969046,4613.819199967996,5139.204907268208,4850.667138641785,4542.216139002501,4040.024117761309,4446.635241635335,4511.6430208039765,4628.144933910521,4988.398296852161,4951.276410557529,4998.795444260006,4888.756798475095,4649.914998662018,3995.9447771987366
МО_0024,4730.537742224135,4431.787480645506,4213.531506464277,4920.880852036166,5058.802726096375,5144.817382020673,5039.930453772129,5448.869211198134,5118.180063310863,5079.600350831953,4595.767635169764,4731.821213111895,4449.879985066142,4020.796387195997,4219.570417214915,4243.592678460475,4780.562087864698,4733.853246915642,4688.927528021574,4856.491251244944,4827.877255053482,4687.723285091528,4330.521654789001,4335.808091321706
МО_0025,6766.735885947978,5886.503379112727,5562.512701062994,5005.860887790431,4377.661692893293,4771.312210036385,5411.112667755675,6123.804798521571,6958.207217727488,7411.902493984254,7513.524074902605,7312.701296676666,7153.823387068514,6358.840125473191,5807.175468817206,5211.970520397473,4733.637223176503,4617.070965369911,5195.861384535802,5992.471316154851,6704.675065077868,7318.5693185228765,7945.627778531844,7574.613927028287
МО_0026,8728.614460365205,9137.831891647204,8865.505855318486,8774.094982493492,8442.006264880321,7810.451605067705,7819.366794474549,8335.664098509431,7967.72717231658,8170.330101050847,8772.398153447071,9852.419743645883,10281.808286928732,10418.168318033868,10747.288307065071,9284.027620500474,9785.501828450684,9781.460440757684,8856.993646406254,9115.859377487484,9315.455543380856,9788.209647574842,10608.734944075592,11865.895301343411
МО_0027,5164.081026559259,4480.862874822237,4940.893534594797,4532.055286950742,5065.053114379123,4784.415724928582,5008.740586687477,5186.974455015066,5996.278006038958,5247.002715807814,4685.375878509311,4869.10670028864,4356.923560397957,4187.588729138909,4427.0048512562125,4267.17065637568,4430.927227490908,4530.027931963548,4765.777861651338,4899.460719366411,4372.556781221851,4896.013766470474,4352.317222875517,4064.7231743042353
МО_0028,6955.455441623986,6209.21220791866,5300.816215694833,5094.696473209733,4456.198354071744,4717.367915624002,5079.5959427311145,5858.837248158853,6753.3788848835065,7107.957328154573,8000.289487118418,7655.932119194633,6541.620429747945,5791.151397700766,5512.996399572769,4943.730086050773,4739.095134913613,4847.239902808094,5310.303970720944,6170.134503609927,6465.266205283177,7146.707500364433,7529.084586028629,7818.692645595662
МО_0029,9233.12029000172,8936.458575155633,8324.281967985668,8276.007868029388,8166.437498650669,7947.948058801537,7836.47529540618,7993.009238017466,8173.598581359399,8984.394554053644,9090.092226634191,9592.430012872244,10420.915535635311,9984.264455636963,10484.71548484472,10090.12368006108,9627.278641081692,9789.339029287838,8992.353355774048,9808.20054268679,9464.034018438142,9676.482452291037,10735.576800087145,11007.275132429037
МО_0030,8696.285271404671,9161.322631236788,9123.880801348992,8549.009817795259,8624.836645918393,8367.631661993428,8282.375845643677,8111.576857335352,8594.861511460074,8228.345755560935,9188.276489152906,9591.081230697728,10309.083558228474,10277.284636757491,10311.327437040343,10643.46131819662,9620.846695505355,9450.422274888071,9098.16488796538,9241.288087583513,9529.975673781302,10190.528062689436,11094.22607235287,11944.43650816874
МО_0031,9958.606206085266,10298.885224411524,10160.713855227095,10480.193958054151,10658.436951040998,10480.999995788376,10119.62811519526,10033.93251301956,9803.689407755248,9907.091820405176,9823.039874339747,9905.902134556582,10329.062729571178,9950.599827265842,10861.274945751278,10117.599827291931,10475.89310777328,10775.554463945457,10546.513251031793,9984.123141298714,9921.473117215191,10305.271297614909,10026.813435918331,10816.828623492022
МО_0032,9896.749045346452,10261.565844854676,10739.01615470034,10526.177642592156,10252.269662839955,10278.457210697536,10069.716025609476,9592.196352634432,9658.388471410151,9529.582227983596,9948.587745512525,9983.532229353294,10202.051280830548,10528.87078396458,10826.625579001551,11018.558692444163,10628.634709679422,10458.478282462023,10679.631245124732,10135.032469245474,9782.612830775768,10116.026770995622,10218.61285356184,10030.499645850365
МО_0033,7036.015470682931,6373.177149571311,5532.149933121272,5054.293481744545,4445.143972901344,4858.697292698072,5137.270434866356,5757.498237265056,6915.122002772354,7851.476516109855,8350.164355819363,8049.041434529194,7024.987176287517,6352.088113735653,5687.518136552528,5011.854143245629,4783.696575271721,5015.227951337575,5250.14334033011,5769.833220118606,6647.956147304869,7682.054619907349,7866.601594665555,7834.750978596015
МО_0034,4871.304627402605,4472.155566244136,4665.082830006521,4610.511699881942,4362.038170878598,5166.234486262983,4852.986919627815,4688.543968392176,4854.684305269507,4778.087995407084,4866.709469485804,4575.738344030443,4362.373244320003,4426.449048290429,4302.890256791433,4328.404991937458,4460.101375595104,4668.489527806702,4217.463770833942,4709.844696312522,4319.699143932571,4744.071436634672,4570.294846064032,4603.133242949056
МО_0035,10135.02664462896,10219.526183242944,10293.76909199367,10600.99583357266,10350.011579060909,10300.751646784624,10277.606964328335,9748.264743045664,9865.630237161218,9804.02237986968,9581.628954056674,10172.852001938862,10404.267389761771,10572.784915806542,10615.33360169327,10698.04057264089,10727.30907135284,10795.146233481726,10248.508857349776,10308.769760086918,9816.928959935982,9985.792665337594,10146.576986711008,10860.662582439583
МО_0036,4397.30585175676,4904.795124523424,4525.759019892292,4617.970460824378,4667.378049605653,4914.869418489394,4937.935639265443,5477.119674782514,4999.673964639348,5321.229853803901,4700.133972813997,4624.868810832231,4204.938644055361,4390.151694900997,4547.371980694695,4244.096292097509,4326.832663794525,4281.476797507728,4632.825678215208,4429.280404387051,4602.282431096112,4789.528756336968,4883.001191364243,5027.491443471235
МО_0037,4574.6426001568025,4895.799550808788,4547.059705984101,4489.917539166293,4741.292583380154,4821.690865722741,5003.568703644169,4990.121153736168,4769.735141450135,4654.85826997412,5015.1915361594765,4575.086442810648,4306.189407107379,4293.223616231678,4401.915531405159,4299.139625697549,4228.626881382731,4813.110227820585,5071.268012610462,4916.538272367575,5057.53614079438,5038.914709080632,4837.095005194083,4504.8993839849645
МО_0038,9055.74208486253,9195.087541070072,8682.483863651509,8895.114479862721,8039.359771817196,7891.669208629333,8249.460171559806,8187.564555717632,8626.886066138457,8635.302251539924,8961.145887274104,9773.070254459708,10303.76712367728,10479.796102220776,10721.361913493864,9950.69485808358,9772.622980377708,9061.066620721607,9286.39411701896,9221.181154464044,9316.31593407068,9983.503339083318,10654.052123357063,11276.705434404192
МО_0039,7483.618313180627,6164.067999078285,5397.010633187527,4531.535202251727,4536.767382440543,4744.593750356605,5059.120115416428,6203.309603441723,6634.550195360634,7791.77269927639,7791.041945532353,7648.043063958304,7030.873133206367,6264.048110922539,5908.268782880974,4545.66662054403,4392.599497236067,4748.372443083236,5265.666879139093,6106.897254546345,6888.214251723045,7375.478550981239,8192.901982702459,8053.997154690775
МО_0040,9933.629080883034,10376.025166535592,10454.148617054334,10381.392910337696,10606.87449303054,10323.85238450866,10077.160413560072,10152.33565147585,9243.54997463232,9401.704828963166,9537.22003738296,9904.40401343875,10207.804324928711,10237.91727757072,10568.129599780696,10697.69061123538,11389.529552480382,11070.45181192242,10360.595673952355,10144.91967153792,9835.117224494888,9651.198579362444,10100.711299903627,10137.968990975454
МО_0041,4690.857038398214,4206.379505098691,4324.058629064297,4557.745408273077,4725.581172016485,4908.176276279856,4658.09777999476,5315.41523267585,4914.478654370164,5190.0099757462895,4851.449058839801,4330.319049134482,4366.876284697897,4370.514698823195,4362.047034970639,4230.614792902153,4717.452915484335,4760.7460203554165,4626.491967309304,4979.766176990488,5306.252990757333,5223.235061910912,4299.115806384631,4170.908768231034
МО_0042,7398.368541310961,5931.893953564475,5169.104242720557,4833.211008747567,4781.680676170994,4775.185783653421,5066.2664208334645,5713.582039734346,6490.859141394554,7144.552939736221,8514.50972716803,7728.085309563602,7310.656799805371,6141.762115082511,5474.838574495965,4847.274837602095,4279.835990240726,4592.425785021665,4894.939604933432,5429.3710677672125,6443.513879780933,7897.362571947271,7851.6913965083,8138.315711186532
МО_0043,9004.983145300477,9267.895453099069,8733.802722629423,8848.06707084885,8558.16070201206,7943.438463691279,8067.365907934763,8120.530734867534,8115.494097267098,8417.60960118453,8952.579681233183,9869.398922305068,10373.546144824928,10209.3481554784,10371.123291304448,10232.78322074557,9850.966677565577,9778.656082905529,9519.575308790956,8947.472925590651,10021.86544958613,9895.495468699442,11054.214496276718,11391.681370019052
МО_0044,9815.882464313438,9816.756611235473,10361.68326554738,10176.2549090822,10664.19614526273,10618.317482937524,9917.555814117257,9917.334006855046,9568.109297612458,9551.278562439642,9918.81387312072,9968.93697359354,10623.172307079984,10449.980072213684,10996.012618506347,10904.690189244406,11017.242564444456,10583.556974236672,10435.918359411482,10195.380682345898,9896.907241961824,10076.892241485413,10256.877241009,10465.831571660983
МО_0045,5087.090786466543,4899.23874645843,4408.550484452496,4609.177084243897,4497.402637176157,4812.403320593387,4829.022855436775,5522.774508541631,5208.964939387176,4973.8354715965,5152.542580357581,4161.7257298889845,4011.449711310184,4465.60421588978,4243.195342772789,4314.230742734574,4089.244637111011,4521.605630880608,5180.010497483787,4998.244885472604,4858.266017392918,4632.700818002452,4482.050876377225,3927.4906213338463
МО_0046,8963.652977142232,9285.407246879004,8558.793188515569,8538.94949000772,8087.340435110054,7851.347085500773,7945.814096234847,7499.810968822315,8403.848685862711,8905.104019258742,9206.70935162112,9137.826264788531,9969.75560699728,10848.931754593495,9534.224930452026,9954.799474309037,9333.628494604767,9561.8647465485,8978.092056368878,9332.738630715032,9691.26997058596,10623.788882267336,10648.055730176851,11497.44822144187
МО_0047,4373.681293690387,4836.219271783652,4324.375509904759,4398.919797767483,4634.682439687205,4445.46567435092,5033.271215257226,5345.473673962173,5190.567061541827,4644.333365297564,4824.074507414977,4814.162251117388,4038.84351143381,4066.872572734617,4419.914543233665,4318.471370394855,4460.579328895478,4967.931641431296,4797.3287434184085,4956.853911427029,5516.444479960653,4685.171380246118,4392.573311060827,4463.130463974348
МО_0048,7095.22766522711,6059.372055208756,5229.445123225642,5405.152114642305,4763.852840128616,4656.375397340566,5393.874172207248,5844.194917875591,6611.252529067675,7568.701646906785,7380.424291902098,7745.141791428766,7616.987492610418,6380.981308413064,5433.332001890117,4887.4691140423865,4681.269918769705,4803.622121038921,5183.675826786309,6162.404920584392,6306.368650325225,7752.463213921361,7747.1029363218995,7846.272705529005
МО_0049,4452.69011714182,4869.757535397369,4780.642394350983,4746.351628764405,4301.407669260465,5010.245410016573,5077.781058573654,4700.238652522008,5108.886075219051,5120.844915556706,4990.884421647535,4680.119603957318,4501.539280355624,4619.530907347885,4497.829185157913,3691.540943668021,4300.830506597601,4489.7467318454,4293.175563299483,4819.094271015865,5127.581723275716,4485.115871760631,4648.894345239499,4173.142811611024
МО_0050,4555.16716177068,4906.114463182308,4371.758323694768,4629.770704156731,4225.422124988516,5275.875950002789,5128.248790890887,5046.787260438932,5264.433728956157,4686.105023910583,5149.686846191442,4564.28264304114,4391.427539169065,4187.189789851183,4109.332520102965,4411.127161874687,4425.9078239225855,4676.809990003156,4684.184703508031,4921.123398505276,4717.3812383867125,5294.027591448373,4226.663234665264,4652.978088945836
МО_0051,10171.634043172497,10006.166419500294,10871.356250641587,10709.749841066869,10665.015138127492,10306.813328559736,10033.20605896717,9816.420497670388,9784.055420354587,9946.974618752538,9801.8361971915,9796.408594442108,10430.490151144351,10747.44160423493,10920.471879330567,11046.953616596991,10784.68884389553,10482.056993884042,10266.445433611592,9890.111860627894,10111.591338401906,10009.911432174087,10035.649430918163,9748.684419096311
МО_0052,8567.955209854448,9362.429145029337,8795.928969818897,8804.81073721253,8030.953843385059,8438.519011466635,7898.872143375362,8053.534735329168,8846.616401610838,9111.179250266712,9191.40312828924,9670.182482932958,10172.441796939156,10616.150872934197,10330.193898199148,9940.558161053244,10105.090495214294,9301.906316399116,9816.145059992445,9245.45572308223,10052.49855941095,10162.74444538956,11027.083581378172,11124.00576171671
МО_0053,8669.714433495921,9178.563766752,9243.165140342844,8720.60129616312,8056.120142555357,7758.879311745432,7600.596418681927,7571.424428588351,8277.543332827103,9004.822464514731,9272.593367714591,9198.416439981733,10213.657709868408,10404.054556982395,11035.393958494118,9628.874639129876,9557.283564420137,9823.92990774381,9286.299692506476,9377.463146017775,9561.065719321645,10154.401448404253,10965.93729855652,11095.717203086062
МО_0054,9132.051671872216,8687.53700814239,9061.900049588618,8756.906693121153,8219.711212381486,8076.552396734171,7786.29087990496,7731.159419294089,8163.338558779506,8422.353367324162,9366.593695970969,9509.974746123193,10494.044862363527,10090.911722281826,10188.289066137168,9872.394167766186,10062.123950316703,9426.7779224756,9103.77168329041,9359.309009091286,8944.563291389371,10041.383844479586,11374.693263040264,11413.697635141554
МО_0055,9910.581100384728,10290.357468098216,10585.213729042802,10087.483391590518,10113.786181311048,10344.4541671177,9933.840789999109,10119.71221560974,9646.932247837687,9305.02062185117,9521.79301034225,9442.787292629082,10211.986835647458,10511.575079177524,10687.306587375437,11120.856417270546,11106.343015417546,10642.303475606375,10009.662211654855,10345.900482784516,10176.18977196895,10088.867138780948,10325.050664565875,10104.1694863262
МО_0056,7555.025511514387,5955.39587895532,5615.7209400846805,4606.484152689508,4530.228749182096,5094.611919490048,5145.8506560475535,6070.321427346051,6742.067302537054,7369.370573334123,8207.599002912477,7564.71248097835,6570.784506442502,6065.064550522154,5638.672849191485,5067.153303856122,4469.6079248170445,4714.0860016871,5141.566661710665,5854.413780401587,6397.145276103575,7303.807449283439,7639.72799966306,7971.096194359441
МО_0057,10058.591523222658,10148.526391620006,10316.093951031024,10528.050878532553,10290.431563541291,10067.456363835076,9889.17077018021,9733.255828396375,9484.643099878424,9703.492887619524,9909.934752402358,9664.919223569144,10265.074367846632,10504.94401706676,10852.290513243066,10880.64960139236,10532.58732255383,10412.39512111923,10452.41646689072,10431.398448016094,9627.847719816686,10096.201385053091,10368.121838448042,10310.720750534712
МО_0058,7126.86079939802,6016.778756951158,5423.961270803108,4618.741550856429,4281.097020201392,4979.051350686482,4998.944988564548,5763.780170771111,6318.17685138221,6994.553933726531,7717.981852668518,7417.021824585933,7163.377566890851,6377.500987636901,5586.958508974525,5035.4497593661645,5068.747524092206,4649.803674869838,5251.056478421596,6215.97285263545,7109.770580703388,7075.655425823044,7767.995891983125,8160.337568905415
МО_0059,7114.862608613176,6236.912762771415,5402.672132382048,4853.047121304546,4756.498483049016,4746.624738104832,5190.985378556859,5888.248594937999,6499.7617517373765,7559.58126069036,8732.71401920818,7112.695084315268,7147.933243097335,6075.517589971348,5644.587725391464,4996.916969049605,4905.991499599134,5086.291665399287,5303.269566548148,6215.814339366207,6154.087332890986,7981.678413252439,7984.553844404694,8069.362051141078
МО_0060,4432.058028813497,4371.359683225506,4524.875650834962,4520.148394804377,4705.977467521724,5074.635006426532,4555.660822710626,5347.171879591872,5117.215052185528,4977.379912005221,4509.80361154819,4756.980085457652,3932.0166516963136,4432.803799402349,3926.2622418476017,4271.946653536616,4343.678765967975,4799.471231510182,4644.5702717906415,4632.839295247976,4696.728138949568,5046.71159557989,4695.592100182107,4285.250879228417
МО_0061,6906.09876532845,5812.365933911236,5535.268233255033,4593.150576990257,4845.521522111225,4819.516504258619,5720.77769591876,5617.064692479985,6651.097643028794,7952.307458789465,8151.17432172601,7426.927232643368,7119.385775230278,6263.597893581683,5578.273349534053,4850.159542124401,4741.76868361627,4552.181888701527,5291.128885803861,6048.531285448124,6697.883676260973,7021.161002124805,8182.90886468133,7842.374783418217
МО_0062,8703.003332172026,8976.962270994009,8578.05926733596,8446.213146962733,8239.086930632415,8385.451840063359,7782.32946675455,8138.584662388743,8118.230230990303,8770.969717530188,9237.0605078865,10105.051869279918,10108.779356258325,9973.222125105443,9942.010923940965,9899.895204171022,9314.311326607563,9449.40726856506,9034.65526197799,9901.121932334909,9044.259316778003,10115.996076244815,10356.630913554522,11201.433326120086
МО_0063,4744.228389801928,4056.595302596183,4545.485249186522,4975.580720786793,4535.830318296691,4869.63622519498,5237.6749966946445,5051.469403302996,4968.6503855113215,4487.54554635566,5012.1196283968575,4612.648376380561,4217.420297332248,4318.64817414437,4108.710218256088,4149.448409043178,4504.129446051387,4233.841444327008,4938.182638622085,4472.701277580513,4660.213162091033,5213.440660335509,4836.431267130202,4390.050793447183
МО_0064,8647.175390360582,8910.241915439663,8992.81600406741,8719.886252831198,8350.302292434513,8074.578589938464,7882.21975603868,7645.7544402196945,8123.54262089535,8948.157697021637,8903.24257208007,9787.999754753726,10022.734992464057,10489.975367329094,10242.736107800589,10514.994713691363,9818.03856294965,8973.64152850571,9348.142428081814,9008.515755481956,9364.741881855536,10149.490591242517,10556.197737052304,11677.097681630214
МО_0065,8690.350983082253,8886.303552961848,8798.107579493924,8563.520115039359,8653.809386038258,8235.956808945453,8350.647919828885,8545.793784195686,7999.1889372622,8724.380994564877,8954.709220116883,9616.838842626352,10079.928348224692,10128.618330159812,10040.944255489654,10015.681003013777,9323.352890776485,9572.644168389555,8912.976123442237,10031.167036788298,9400.098153912832,10076.13216108181,10304.75395433027,11965.488388414797
МО_0066,4982.0072086869,4624.916832574534,4199.44785750943,4571.905435717395,4386.837238196371,5171.416355371827,5181.483208034798,5117.411776528932,4528.43985490884,4787.08623480656,5023.854288973925,4928.845500548583,4689.454762266779,3963.0421300823054,4294.653156218007,4482.462135621904,4021.93566151251,4525.072588181853,4750.850868456239,4724.863245018051,4391.1368963780205,4659.032544236632,4497.151056196432,4336.454060606605
МО_0067,8745.545515958218,8933.329740995205,8962.38692070373,8826.460939005756,8296.975625235002,7983.334555781964,7955.085689963654,7536.684794773287,8369.320667910364,8705.822482346704,9287.378975438864,10131.666490031712,9687.76901624885,9853.872697990795,10448.327238630196,10056.980704148747,9719.451405136277,9205.322449661076,9346.214758314369,9481.94103662302,9667.610103544972,9976.01878921836,10056.6578884216,11633.872336436369
МО_0068,10141.939928801432,10310.222607970809,10215.979812483674,10641.06538309778,10641.448218008003,10627.24563088829,9901.859051915657,9813.07450158586,9854.112609492264,9683.204815212344,9550.532372855258,10059.697017953453,10379.346868976703,10569.832774011737,10825.859710844426,10827.298706492313,11168.65919838474,10487.99088469658,10324.278998577603,10221.204462330828,10242.26238642278,9730.811140406136,9862.478595058192,9929.30167552033
МО_0069,8903.366702362899,8754.17200057554,8870.14615891504,8884.621334306403,8213.487229334927,8138.322818627457,7862.154475578864,8146.377176221041,8368.841857737625,8527.113707664008,9229.510565791674,10156.92854418247,10394.220554039124,10025.889521554229,10568.694889926512,9737.088760908511,10088.531270456326,9625.045634026474,9241.806513829595,9263.916116617247,9468.69123963404,10261.14738218327,10594.57659463327,11449.097225873984
МО_0070,4920.718458881872,4430.543522957409,4355.692213816199,4261.743907389122,4399.348384630368,4386.839687133798,5160.96228651597,5575.16868350846,5492.934926243542,4635.705964747117,5033.1805619026045,4980.677446172667,4336.282137830215,4313.2210425435,3826.300957460133,4317.746086557121,4143.339422111278,4572.273639380323,4334.349174397173,4928.426447695628,5070.411075104014,4553.671043797506,4318.738043859861,3922.22637556814
МО_0071,9844.53471901976,10060.459527761008,10079.72119425021,10594.183203856714,10366.159262397843,10081.781688595976,9965.740618750317,10071.108819056632,9825.70773938284,9646.973119631572,9888.036096037857,9747.652452243374,10266.561143544404,10582.38861146277,10677.612512652238,10978.665480284755,10675.349750749136,10788.072602361295,10562.203237688862,9639.81120034218,10306.240287117049,9433.734765391562,10000.373780220145,10556.604486189046
МО_0072,8810.37520746721,8663.285008174009,8683.421782190782,8982.584695040916,7904.077241592878,8360.476216695468,7919.972625545722,7703.216899761298,8107.326933376236,8444.304710202216,9520.547229851234,10062.509835283465,9755.915271894524,10329.168619599122,10097.947723523226,10457.148332581248,9286.120771172202,9794.025229624844,9152.63641192102,8904.456204143109,9336.611940252376,9815.476555521633,10311.162241318994,11400.857725655334
МО_0073,9657.032534673644,9743.86052416968,10318.64509087334,10126.822502987006,10303.697113052196,10115.43690284829,9902.828264041224,10260.114330967268,9718.892602248528,9719.674606337752,9425.468920190417,9846.986392237828,10304.19170002358,10337.252754868,10975.958039862997,10624.798918352264,10781.35947615147,10554.197923496731,10480.65455211601,10088.891020769464,10009.409276881484,9979.391526561963,9976.733136273304,10443.153522526827
МО_0074,7038.522612987512,6166.492694572158,5356.885404323052,5087.673118274987,4657.829897624086,4736.321869103469,5221.654398121227,6281.935415722996,6329.834784812315,7631.808946573042,7205.031297980499,7703.3216530477475,7514.737332369175,6386.72444225656,5553.487236747543,4877.051509444378,4764.653945542493,4803.987183799151,5099.730119957089,5872.142908410237,6812.939217575446,7263.355718052901,7616.029317850286,7319.565406546814
МО_0075,8999.51224076695,9202.169386860482,9035.64753149984,8965.963826872763,8395.198186176282,8177.659494333754,8005.71719000202,7961.868274231252,8120.055667975582,9303.898669083714,9151.401563144744,9649.12709263021,10406.898716055111,10534.28518785194,9935.200241422735,10403.69305028092,9642.669906418349,9027.881412159308,9494.420742793336,9395.023628452076,9173.559738585353,10604.987727490485,10926.92027378567,11364.99369353524
МО_0076,9329.255299082595,9096.215926913885,8965.51261604826,8539.235577688769,8520.537127281284,8198.438794137057,7936.570195380485,7796.775806521378,8282.621795795663,8687.758640337026,8912.558447923471,9418.62785786177,10447.923295712872,9669.94780536539,10426.911343569784,9915.884881460915,10057.023709677633,9196.6713599957,9344.849527471704,9111.182137529271,9560.825849474722,10279.11371172738,10565.446388022254,11713.481371064054
МО_0077,9702.375607129086,10238.310112013394,10590.938591455684,10638.138023983243,10868.567293732582,10144.948883469602,9802.738015495725,9663.520461560773,9837.01490925365,9768.893255037136,9786.350258507517,9755.054686299369,10418.48952791588,10295.950117761711,11031.170892112745,11523.55831956991,10923.047583718508,10803.8967985311,10343.802267748477,9855.60623903157,9943.201621923694,9809.848364260572,9835.549865233044,10704.796583554358
МО_0078,7048.235189559329,6283.092479787453,5382.969446492792,4894.16644196062,4886.933689824868,4788.586453720837,5311.394627657029,5823.925279084661,6587.686786559445,6995.408870839893,7180.697027031421,7557.180848298905,7071.853606788848,5949.0383679804045,5508.112820292374,4998.355306644201,4365.5435317080055,4678.248382526741,5349.040723119986,6033.317359926773,6454.266513783536,7537.33406279386,8194.004340415686,7972.862689086871
МО_0079,6945.203834275469,6073.625670798504,5314.438059226454,5021.213353826843,4738.815363433801,4917.031079599369,5227.335258958349,6065.186007403453,6703.783611305906,7636.338035535026,8047.321721204969,7394.81905878254,6563.585312321616,6661.965115237389,5572.631630667225,4657.036871063488,4624.786659987829,5004.831374076696,5204.062714283029,5820.185861072505,7148.650932993232,7182.439862457292,7618.505984937714,7794.48281513719
МО_0081,8684.019150427323,8957.882037166071,9040.331053461025,8934.048202676822,8453.636584377575,8393.176897300362,7910.506820407383,7904.599654777995,8947.563117823254,8809.547486900057,9078.247132297009,9640.913571918196,9985.841424579952,10752.912434223395,10250.19222013965,10097.636340190673,9651.550813969334,9540.924880505492,8931.983526340906,8927.556347402011,9592.58672361825,10237.29806660797,10820.489824126378,11095.728051305989
МО_0082,10032.1448026233,10027.862839758103,10289.410075419752,10302.284332736746,10735.641186875942,10432.36665633904,10199.560065548028,10106.60276579754,10269.685864534213,9347.044517429424,9623.191045745249,9854.431173297937,10086.806961859513,10326.2898508436,10714.01749026795,10621.844120233254,10916.188146650771,10689.67890297987,10506.467843165246,10323.256783350622,10185.891615779126,9952.029918588923,10563.094962222436,10390.930343925926
МО_0083,4291.917454240638,4334.0125890634,4117.589964518436,4527.92351836869,4611.668912953919,4695.513880958725,5502.364549332382,5234.786135234534,5304.21176980024,4799.63104415075,4617.493958082042,4647.36723210752,4475.008211636903,3911.015335024924,4192.418732239419,4263.542223460453,4322.883318994148,4346.449581869168,4561.515218973363,4754.225907361839,4839.136335018349,4880.913049553055,4825.199974488696,4304.853949328228
МО_0084,6845.671188295286,6297.678138857104,5584.723115857587,4843.2733290995775,4853.008205821357,4986.38980853378,5475.557755246417,6302.506990026216,6450.977942096157,7404.48985423129,7775.342648815665,7606.763230238524,6875.004102360561,5901.770018221264,5536.199397970109,4836.660923231073,4775.137462368634,4700.961241833084,5036.142193346535,5996.563692905524,6800.017902253732,7665.286610697335,8584.351652007392,7815.057130977526
МО_0085,7108.320701955526,5927.320974570559,5176.47726693009,5250.230576655522,4531.458403327439,4598.687727442111,5191.707951679585,5848.6271375642855,6441.671934197442,7310.646396280493,8163.568981365352,7394.385149858908,6673.309125528513,6503.747400783039,5625.404939380239,4865.347162572031,4466.907530501239,4710.263328039278,5251.104878546672,6224.178940192467,6484.567380804242,7464.435657277333,8080.972354632589,7026.649552637551
МО_0086,10103.889456059374,9940.28517180882,10466.565107314693,10550.55414368125,10689.240972801725,10415.16803616149,9608.988006900558,9704.106399441069,9734.80447051231,9634.449100219692,9860.093638983655,10135.37776106356,10385.532747739311,10506.133423212552,10387.667144562029,10784.771535133075,10933.957944604486,10448.26332878404,10578.99271758454,10406.312435423844,10089.353816621726,9430.688670191594,9868.83373228358,10739.929278495629
МО_0087,8749.989460230698,8529.709158580597,9311.825942094834,8713.566371795074,8655.302019967427,8149.482403161925,8042.963312627441,36919.91101936592,8424.855409496793,9321.577360134645,9550.521528650945,9388.01247052664,10410.84941201598,10819.21786067608,10743.584670288714,9931.210232085932,10013.880716254684,9597.262755214757,9896.84812789664,9015.180049148332,9384.31470722116,9962.473400161143,10556.680779557695,11068.941942963864
МО_0088,4103.023145094217,4458.790859025132,4575.706369771272,4413.798365895955,5111.276268524272,4810.002649816065,5307.829873787921,5160.058246712652,5330.881589682408,5099.05282172403,5197.868308000859,4651.815461178367,4547.892164838977,4370.726497258671,4169.845182748206,4347.695064445203,4886.124166249461,4466.070759222771,4785.56864504131,5107.784734460525,5099.838764845493,4738.3005821140505,4057.795857798948,4483.014674747104
МО_0089,4215.9886403193805,4904.285705716113,4530.203563083104,4755.87368539025,4435.208007223422,4447.772774234172,5041.326951700162,5084.49989154257,4990.91479762841,5049.684608584629,5574.38035328519,4836.47850850224,4675.484342454591,4476.356524231618,4555.185656789057,4220.244795745511,3943.0006016309526,4484.376817646644,4880.357121342058,4569.422490193743,4774.923548039152,4574.531258887273,4927.889641314115,4535.491461267817
МО_0090,9070.20484016226,9223.251205277786,8963.047570602892,8761.85100827277,8080.617810997267,7568.9351980975935,7968.874345128308,8061.741405101086,8555.202707690638,9126.196553774726,9723.693420228848,9553.456995729071,10164.290827792209,10606.739385728044,11180.653489930848,10515.848210094631,10000.206908629689,9225.87482582858,8922.220258173567,9441.14360312412,9218.771877860856,9982.7225631725,10676.256261669832,11924.929783064848
МО_0091,4627.991462577855,4033.56303520906,4606.716807282939,4368.613255135579,4649.741488036249,4785.993394610242,4908.392094436207,5298.341653368061,4737.705830469248,4900.033355346469,5022.919130664489,4498.555561381557,4093.5701813967103,4437.2746139216615,4474.738494833809,4250.969004891184,3961.559627023983,4689.506399985992,4313.015097915186,4871.085515704527,4608.1343058793445,4468.71439227567,4471.455041602458,4328.823169916131
МО_0092,4561.481299815424,4692.886065753679,4392.900489450216,4751.242971686796,4705.531497907165,4642.026348981139,4765.176694206495,4690.325729490646,5189.995963025862,4939.990194071682,4311.12802569504,4516.217711359952,4241.029847372341,4643.166063071152,3885.121474871304,3964.299539190141,4619.001494561257,4844.611237824502,4514.897413526643,4647.235635234455,4967.953726493012,4215.371535972741,4165.139152185458,4307.78533047133
МО_0093,9317.97515082665,8935.281546840339,9000.281738569822,9011.43363227464,8919.415439724797,7943.390521789485,7929.069667821327,8432.316590092863,7882.110408892755,8978.531848474933,8997.224197658881,9874.127543747964,10197.780088208085,10158.7887070664,10061.685743299917,10142.889594038634,9963.1177390975,9297.574596486484,9181.074146253475,9379.674891906348,9254.529445561191,10279.994456979884,10979.675327112993,12292.048314600754
МО_0094,4623.040567978985,4453.581059544347,4668.050231418458,4713.1285676101,4517.3507971557365,4710.861078496074,5112.498122856627,4886.6042501056045,5011.170702967214,5050.929884712959,5101.86573598338,4500.689768180532,4046.0399257126855,3899.2441308305088,3972.2096559164656,3989.788941242735,4335.98816617431,4265.608470197118,4524.4402339686985,4614.357104729254,4712.275288054496,5059.248427389142,4725.185165511863,4372.203294446668
МО_0095,8772.46502167283,8935.951029539443,9061.731091254474,8864.065936537843,8148.186145104563,8090.900853555422,7464.005686198335,8034.632769142299,8441.21404041777,8633.12792051488,9795.875043481354,9586.986754157942,10339.503412676646,10443.761546166434,10331.720751746896,10024.687808644494,9701.078061391016,9574.319082787988,9548.39330008133,9219.698841120313,9764.185462013102,9844.92345631947,10962.104032181993,11111.53813602902
МО_0096,10115.388920324724,10638.26640274435,10371.942391699264,10048.203388407992,10345.840268934156,10557.98265641114,10188.975034598589,9906.8158801206,9905.764079350814,9766.261968292907,10007.131157298232,10161.775639532836,10576.967187306042,10627.241345156308,10975.342647874875,10816.818372282652,10713.63013250299,11049.443600789022,10491.535765917091,10384.79100405108,10088.722855855369,9909.703295648224,10126.5745162499,10643.662039821183
МО_0097,7128.29702885453,5778.914502711157,5403.199510107031,5292.287482936664,4661.937562864998,4461.609615869655,5608.866450641276,6032.19135366929,6659.78944666843,7291.242099027896,8115.70032259639,7472.886650895363,7387.526826220391,6400.413518642983,5569.962577107738,5016.735429673777,4725.5516277753,5059.9386252067015,5083.565938377636,5567.452830534791,6927.271333589942,7681.23359052532,8018.216903439145,7855.939169315586
МО_0098,6882.907345078685,6386.421509197084,5439.99821735029,4833.033260025775,4643.680995524856,5198.417939865242,4851.207493577751,5988.291685654885,6244.642940518695,7368.405195282004,7638.195012905306,7025.592555197353,7166.549236031249,6168.608382239014,5071.480589929078,5157.962002716551,5039.8850250782125,5150.7056396815815,5338.7147614000505,5951.581475495669,7127.88565680597,8011.08308319454,8230.519767600108,7443.187532894028
МО_0099,9937.064131944811,10268.028554267474,10027.723948329503,10597.646352121248,10946.347376876103,10433.726003978809,10378.257395246448,9893.747734066876,9693.728057312926,9746.12869091416,9608.296248908022,9786.160730559435,10523.078653432234,10844.86360976012,10566.87242999095,11096.222078636112,10824.442719599512,10751.452830954571,10542.8625329517,10424.21776544917,10080.449096408693,10313.44063842256,10187.196713031335,10472.24481580793
МО_0100,4518.566060087362,5076.111651923737,4598.7495415598105,4688.190043528028,4281.360283304935,4613.070757732335,5293.744268291915,5166.633949232863,4648.32655278815,5296.293413778863,4723.831500862047,4977.991253687193,4417.023468469436,4335.547628268875,4487.253897456812,4073.579389906552,4158.0147319604575,4482.603084619129,4884.125500989471,4487.667074847816,4431.749958079727,4934.635302277095,4435.589174705979,4283.837829786989
МО_0101,9536.32806937144,10040.88376438519,10395.72480587869,10695.812162462164,10299.768176870928,10648.214690651006,9939.866604760988,9723.862197624348,10011.061201727282,9713.084791411462,9659.123955237372,9945.717518731062,10541.356052486664,10865.24081129066,10603.77561319682,10874.23298982644,10862.854527032789,10470.061709577498,10434.639784128967,10220.046945180491,10295.919383804712,10271.70699164503,10057.908725187515,10298.164321519936
МО_0102,4869.895333884146,4425.366822098736,4626.150927406136,4504.159909590047,4420.311390618819,4582.235634051237,5349.400759647607,5053.372150220695,5552.309487862898,4900.861032113389,4925.223376504879,5228.343166964815,4208.004279860556,3902.9078197472754,4511.468400213638,4088.00167734752,4365.115959355845,4396.16659975392,4749.501909252875,4573.825921245359,4774.070312640615,4843.237925296874,4346.599976403493,4218.402054109348
МО_0103,9828.60551865615,9891.426900574945,10309.79868397981,10523.60313310824,10376.618068595086,10245.280813851869,10072.88023918048,9729.182282071575,9843.040942032843,9953.898500351272,9676.070153547043,10073.907705698331,10210.86529059411,10628.663633262302,11121.293253453588,10994.75028298296,10465.432679481484,10776.03442440444,10707.045640910874,10173.76957389454,10266.191799548757,9889.19166953548,9827.972609198368,10371.56680917055
МО_0104,4314.72673613234,4502.460587120932,4790.502417344772,4111.996073209856,4352.3034473025455,4565.03979818141,4960.297006590147,5000.765534595636,5485.74593285601,5274.111029829052,4975.734592418371,4672.723598615292,4524.555401870614,4110.3717615697005,4415.6440418748725,4030.113364706511,4556.017663516172,4803.45749217839,4735.914491407457,4754.379503338235,4914.606826851723,4104.2244833708655,4640.964820609313,4343.988336953696
МО_0105,4698.890533237885,4720.61562805417,4475.216522669391,4273.300056264377,4607.1522793748645,4823.050533229112,5004.704188729594,5134.450440114153,5387.94856717844,4762.586942375017,4896.861021500685,4947.869513348415,4067.901460857935,4330.118587959408,4108.361373746056,4182.299434604772,4176.3585129624535,4488.646948621386,5138.156682226667,4502.601446020445,4543.582329737969,4437.07774867811,4983.73835693912,4268.846338423465
МО_0106,4704.765243720389,4465.911996758684,4284.79212091872,4471.121116105481,5246.662987846723,5153.274770859279,4768.275558491824,5260.655043963634,4906.790793072404,4601.00308469112,5107.882399294552,4915.852759574507,4674.6787429672295,4191.754295804427,4195.25613341535,4423.295454227135,4456.015026119409,4438.635328767577,4321.826100048752,4823.841520686809,5084.246016043714,4460.28787138668,4719.709911393619,4441.702204715209
МО_0107,7184.088770170652,6408.042288838678,5300.6128638840455,4619.472130621484,4602.6961032017725,4968.380052037423,5088.313953598417,5709.05162650325,6209.214324290534,7937.802923543527,8032.814506371259,7875.498877862674,7334.3718642457,6409.255538826667,5462.070356400417,4955.054927392596,4678.0457486000605,5392.010814088746,5380.9404635278415,5831.432227256925,6886.123190547233,7192.910356394359,8353.550754721791,7527.160877339415
МО_0108,9029.357314106011,9347.032284690127,9077.245918880177,8734.796063139547,8375.811188329692,8068.377616782913,7797.006342283952,7876.828733062143,8624.865562725083,8677.668152799704,9060.2044422607,9692.523915323392,10617.03461151958,10669.057827247065,10538.52565845163,9981.714413583495,9837.72753559211,9155.353795310437,9090.704350405977,9492.519006046776,9781.472108134922,9762.530605738,10441.620384618818,11405.60442078383
МО_0109,7470.097505694087,5731.929339736616,5510.935416565687,4664.203517240725,4584.173292528039,4725.39715928811,5113.102440781568,5745.763584285499,6680.391984930604,7243.615080135672,7330.239024377788,7878.641397535728,7271.609408496916,6477.9348367595785,5186.046628977231,5047.613428844088,4889.16814955866,4656.577174185322,5264.539171208021,5913.063093508771,7275.950155769475,8089.043295269222,7359.059682755108,8539.630784947645
МО_0110,8653.742254636622,9323.142594825324,9238.159863099998,8453.747123639623,8497.92403591501,8056.020046742018,8066.104988617939,8039.203810871684,8551.886049586912,8725.684623305082,9229.725897577242,10172.88363223634,10452.70198932032,10687.06319888702,10158.29057204867,9748.589550163504,9506.656186593871,9161.601636929392,9380.44112797162,9494.278957726685,9484.01505839288,10495.394229644297,11162.050259244152,11451.786606873897
МО_0111,4521.135780578929,4930.209231357387,4478.29464355687,4552.629500813498,4561.720347564697,4597.622527618341,4623.720299947036,5256.788364045142,4918.611168119225,5859.529351996655,4597.467875299303,4356.1623460787705,4551.080901531208,4632.414715954388,4244.069787568753,4384.207323581188,3984.862080525181,4376.079652566498,4441.316430407371,4362.845815512984,4845.474963152296,4233.170935950749,4278.915419706004,4252.899169729537
МО_0112,6743.717451918795,6287.296249317416,5516.945004781356,5107.503673616192,4845.635348019854,5018.651442118741,5199.434912407922,5941.450698725486,6816.51900595149,7442.426162523283,7649.33447574986,7535.784883251029,6828.878247743748,6369.617765283869,5495.0102395355525,4857.052959763872,4634.337383402968,4623.318789467053,5472.745109058369,5959.337753265869,6529.8004444171775,7735.905441420639,7691.289597367001,7306.034627384072
МО_0113,9171.35737070005,8908.150566393928,8863.669154436431,8720.842908569375,8665.083377623232,8086.910564560055,7652.7671289443215,8115.097298411408,8131.22812411662,9213.286847436511,9276.01449097381,9205.422576719511,10382.99714943016,11083.056438024276,10864.552070574076,10627.118945888886,9378.605299606608,9592.775163900267,8965.473984655937,9282.57106366375,9171.24542123381,9861.864741839929,10497.930813176818,11679.094448205482
МО_0114,7198.635699672462,6257.292467113798,5163.342811993853,4867.075482507832,4563.7212891448,4964.515845656421,5450.754716091995,6123.109626216971,6479.734951711703,6632.284400715733,7241.4969341864835,8083.506669600261,6943.545753050838,6077.818330761009,5890.303179761353,5246.521129454757,4763.396532812118,4796.04982208433,5234.873273474994,5994.8523830621125,7205.828951173083,7617.35595440922,8097.436913229867,8098.926300407408
МО_0115,6653.052134729777,6378.0937333612665,5386.082480053555,4456.282994730777,4318.275965492228,4603.440895145908,5311.507079690565,5896.54529097881,6727.899951394768,8001.0146445963555,7387.156138273529,7628.287360704856,7142.338030175599,6081.332690502743,5521.966948390846,4678.421860504258,5034.827527717465,4722.149823159671,5708.0798667145045,5932.915115189762,7042.833157837671,7473.762174240247,7855.992894047825,7550.39228126933
МО_0116,9920.73686818571,10243.103961361818,10235.487217201577,10472.40636434685,10333.01401831244,10785.881413922318,10058.82245485976,10167.022192132636,9670.02605824134,9722.380285657751,9511.63864605296,9887.815773099815,10303.209147569578,10891.305361167146,10826.378899155314,11188.865457740078,10983.131254278263,11031.9184442133,10433.939191571862,10719.335590576358,9966.560373150352,9874.103129504289,9882.27149597994,10835.905621301848
МО_0117,10060.669090703816,10110.376840266728,10660.298765683729,10644.023540347269,10879.372233481468,9987.038121471109,10023.551949822002,9766.852879553157,9332.19077734451,9879.394901664658,9713.68309358397,10125.301042240815,10755.746390469416,10476.973480760997,10688.014052160384,10909.32583266038,11059.512731162624,10558.280784349452,10315.271727002912,10437.32690849992,10140.286348946684,9624.867903401686,9879.240287635432,10657.559347915982
МО_0118,9977.00840810103,10024.18629579991,10361.922592727482,10501.409166310448,10614.921059271548,10024.974736310573,9908.824643640275,9911.580649876552,9688.569215474785,9783.349447128605,9529.128856920446,10048.137505986557,10486.37078370394,10654.486722764696,10808.449896085944,10862.614690954262,10663.737511805775,10663.26598260777,10712.795177915395,10194.660989868613,9886.274401175304,9928.404388981582,10165.101749047224,10265.35302561373
МО_0119,9993.658948148017,10285.155028289068,10583.811902850144,10801.833740054712,10670.28916498211,10110.352912922,9896.42946599261,9842.692399654255,9620.728059589066,9454.380569992923,9680.46187921569,9882.390760998103,10122.976753630455,10484.824555342982,11035.474167636983,10926.920137626916,11392.806787890506,10715.109891596752,10385.840681197027,10219.803715495937,10115.544401702142,10114.295307861428,10553.71232681286,10168.943408750252
МО_0120,9126.844457395791,9109.447658997376,8559.954246485391,8913.807329573576,8697.647402679695,7876.868008819602,7930.949759520171,7581.03135343474,7944.639868278344,8984.041465411447,9147.431029585212,9521.759913893598,10343.232494146088,10292.41471375068,10217.512170992824,10284.730064778238,9338.744935663612,9083.728170283155,9204.230471160416,9492.406606750515,9888.836293042586,9855.7702314079,11018.623451443633,11104.15671521388
МО_0121,7500.060828080613,5914.009028853105,5747.357653553748,4800.400600449574,5096.290287337902,4909.546515467339,4992.745824309081,5748.4204557105,6890.444743004724,7718.626252301318,7749.88338494144,7650.316536193381,7273.203771784392,6296.202829553476,5237.586831258912,4828.036465588335,4803.706560116601,5094.431322727816,5614.01405757838,6128.780740330011,6837.211781409535,7717.4436852199215,7658.655037838108,7681.627621694452
МО_0122,6745.647810995496,5886.873752654229,5523.120556207718,28407.47776182058,4833.105016124155,4900.676330612306,5250.54801961724,6001.91940872996,6667.0738461389765,7523.611540451208,7549.343785904057,7750.434683993823,7247.08605376701,6097.552932057199,5527.161221368719,4864.747031967444,4659.568067008129,4639.151925274784,5535.9195275349,6199.33519622889,6905.96642996035,8104.491895603383,7806.342871994329,8725.337851977589
МО_0123,8834.131044345566,9122.42220860225,8866.626880621501,8807.910721216485,8585.650958867584,8054.477632019712,8367.39334627658,8041.248516495605,8317.620582406385,8471.766230548368,9393.524280012103,9804.318670283585,10086.535722837283,10214.265576119771,11227.663392668685,9979.931024833491,9256.39168766576,9140.353056747746,9147.620375723222,9372.781386054605,9688.170065196507,10260.559620089063,10507.820233093722,11485.17414877474
МО_0124,4508.907373018511,4417.749687502192,4290.519121078656,4263.017640194265,4893.415604590689,4975.169445502231,5225.052683619657,5103.070922677021,5317.677486744833,4604.473142689574,5068.088602681634,4680.086483583235,4577.776087357567,4373.719363617899,4026.672787298034,3953.07884494036,4216.803449315416,4656.549431166321,4850.7638289262,4479.35800206161,4586.610472256262,4567.33982052726,4490.41046944832,4081.06529525883
МО_0125,6586.227237016768,5988.262943186207,5468.756237497002,4700.810983636834,4680.2469789647375,5002.165214796337,4936.001031092231,5821.493375526985,6957.90659929454,7277.590915845742,7595.527841483711,8000.471885248637,6969.996160315582,6546.002710480344,5611.172356414569,4919.687592430715,4850.930991037311,4915.270214302253,5481.9561439088775,5811.744775551499,6770.240606946339,7471.307353749559,8090.352848286747,7418.326741750928
МО_0126,10100.49327721287,10273.536287477033,10127.023954274917,10755.421763527307,10937.83470508231,10509.51881613058,10368.624968204978,9874.465163378529,9390.639097764632,9321.861234150638,9816.308073097429,9859.201138176182,10073.953137149028,10538.021239902006,10911.941030218612,10571.794623351483,10746.374466958016,11006.017125819308,10224.010794282589,10398.275184627975,9966.693017263824,10136.680687649805,10349.001079262736,10496.799029551936
МО_0127,4929.885732804563,4301.797327246296,4749.199924564462,4335.175365207217,4700.444887446551,4869.256001846243,5098.201039923848,5179.583671369527,4903.77718145993,4700.173171042473,5070.435965580199,4682.126216547285,4698.891697156691,4281.810560987004,3943.367144535349,4471.407350259759,4289.462966106772,4604.937130863835,4536.966608641038,5207.458539479828,4610.646193162479,4656.300440049587,4595.979062155319,4136.506046137193
МО_0128,7064.509155341,6600.538312696018,5344.043476731998,5006.637489022444,4212.2864784162,4787.323950036316,5135.129147769088,5680.701614600862,6973.703292756195,7304.42900826895,7716.858262062878,7522.307791375444,6535.116161291702,5985.831928072629,5731.887010347035,4583.948713777466,4615.085564183475,4775.697071126171,5642.750137422449,6126.102887693513,6610.11837852538,7890.907701488084,7636.090724871688,8047.203865356289
МО_0129,6602.891553182227,6459.843570502994,5362.100123482523,4729.4960216521695,4788.8844069220595,4848.2727921919495,5097.941076723183,6001.280079991848,6524.528097976207,7586.311619519771,7910.53410533343,7618.075439746547,6932.409642670991,6301.1768716029765,5638.461293387477,5416.396723695708,4940.96096243652,5045.861220687678,5954.618713432095,6064.505416827785,6891.399082238801,7703.6267762929265,7554.533002021725,7592.831872615357
МО_0130,6831.989956215109,6350.79084853492,5412.083158441444,4955.44887578489,4911.017777694337,4963.22027252829,5166.305578952939,5714.5459714387225,6988.733644234348,7633.0406025131,7288.196684837168,7541.601315013338,7102.759535619786,6461.2834712617405,5720.207712134412,5044.583317223182,4871.456281358464,4865.133815946088,5122.653760977205,5878.867123383134,6764.22727570617,7479.331788471133,7294.229117273911,7606.94282304931
МО_0131,6987.417161485862,6119.1303665656615,5396.378640238596,5025.266422603858,4503.364277793308,4492.489760606957,5127.918843581108,6051.942101957036,7144.8406253242165,7635.555968857538,7328.536737398853,7566.011176792189,7128.694601262576,6307.746200918567,5635.992370700178,4807.979143132559,4771.118413811061,4934.945662579784,5439.317117538215,5752.220339268734,6666.414166215929,6721.9474906214855,7672.541689423308,7568.418261282788
МО_0132,9697.353670896237,10211.93326115523,10385.671154784244,10034.813965047162,10505.05059531296,10111.549024944135,10175.252026404116,9608.1115618798,9713.761404512052,9617.472097709244,9825.740152715847,10001.535853698684,10207.69081370282,10231.991921434372,10464.63871299411,10757.110547956649,10841.48949140806,10549.513678910806,10577.710029108854,10162.051109522276,9871.414895706404,9971.019097588733,10170.187511047716,10409.74529922536
МО_0133,7515.728232158533,6025.005640369547,5433.926102326029,5012.845786062166,4697.57352371042,4699.725125981801,4887.3801239327295,5751.0432350570445,6397.711109660737,6906.523209344458,7528.375384548208,7323.417013623456,7222.594366170839,6415.509785447547,5319.854145199208,4935.972285945839,4417.850721556326,4757.656195171952,5347.268987886049,6139.922798114096,6569.032100237382,7811.561027237467,7402.951284683215,7352.611682472692
МО_0134,4880.955124888096,4953.8678561945735,4604.18089534969,4514.884472946538,4157.528909069796,4344.481815176386,5008.327811058768,5002.67972285104,4839.950538409908,5044.857222419108,4882.053534250549,4863.125757162584,4466.870019007044,4563.237335063191,4232.0769744745,4236.0446519177085,4608.468928316824,4310.728004363111,5394.360116735275,4887.298617217381,4909.8221693179175,4861.502382066312,5021.186161487015,4545.264711284844
МО_0135,8476.494248600038,9442.149663848602,8881.770164583031,8738.120743579586,8057.845794309524,8210.646918021852,7779.558462743892,8007.791216897669,8180.380737803043,9223.543853629544,9844.70140731236,9857.565002615642,10292.010976795944,10338.5153161816,10712.464458136285,9960.356860832762,9548.49691058626,9611.91468619536,9015.017875918562,9209.883765160286,9086.795731056303,10269.051424279469,11355.379329997111,11617.127840252317
МО_0136,7391.529805446659,5982.453114672269,5501.682912502178,4745.669035670145,4659.333445199021,4945.199005792955,5221.05510840314,5547.287180733855,6336.25068916084,7002.617919541453,7926.127044066648,8293.868231168008,7451.095635929398,5805.672060655767,5838.325905731378,5177.979041996125,4473.499661769256,4794.170421728088,5498.3474389916855,6072.874147004793,6414.266060959106,7674.938735809449,7221.093501755821,7660.274403283072
МО_0137,10124.961964630696,10181.909888162749,10294.06216541986,10687.03843640485,10665.785779065398,10574.50076543028,10254.653161895783,10073.137396012982,9851.28222636476,9723.59391038006,9783.85551525047,9929.394770832774,10014.13259874451,10351.573020720254,10717.797758561246,10936.149439145463,11160.293358003912,10669.70883190803,10658.036908300372,10441.94673714518,10017.309181933018,10146.598490629529,10075.159006530806,10619.452267294786
МО_0138,9065.934518729731,8735.236766185573,9016.655849558185,9151.555467797314,8327.696919896978,8191.336792456433,8064.06020785753,7739.299609219954,8377.779499031838,8349.435159527735,9103.844984568415,10166.677646167956,10382.807552904676,10359.927379293526,10502.587002604963,10041.01022310454,9673.606754599006,9519.575066798176,8964.028902337302,9231.48545144666,9439.411327309434,9587.314748651866,10421.301166613852,11916.094666223851
МО_0139,8997.892012349197,8700.425323954421,8567.852742696736,8680.816399247688,8774.58491218429,8036.895784014394,8250.310194913956,8068.501714092928,8367.868381338865,8364.004589534421,9540.93282334828,9745.404345911847,10541.727227064135,10202.72112690297,10418.04353151672,10165.9162940999,9625.375277517736,9447.80096167066,9088.854659224213,9042.521731702782,9998.410857739713,10375.814110923744,10471.315177612469,11564.00336378922
МО_0140,4539.077905957557,4294.685649718922,4730.276482042005,4154.498558703498,4859.924333439665,4746.429868183357,4923.670466488993,5198.470293054649,5265.921747677797,4824.830307359169,5031.386788602645,4665.192623033268,4166.411401409709,4255.102584672198,4532.878337761377,4633.101241231293,4529.209838719207,4265.2963809975445,4802.621705309748,5004.912309873115,4995.221021214973,4925.079605216158,4655.142502939465,4352.8899494763455
МО_0141,9777.436871308171,9799.055570229266,10468.165834044845,10537.768230870744,10577.16580336529,10029.129886880755,10207.727737914143,10271.11537198299,9723.17735513348,9660.17162503844,9826.899751059354,10390.495161804409,10052.001468622617,10594.223075581316,10607.410310432138,10765.048397230395,10832.535860157112,10970.295223818504,10829.398648659002,10310.961616080847,9988.271516989467,10539.177440301024,10038.145250602798,10224.85992665788
МО_0142,8433.40275017237,9440.059738759464,9237.535646440903,9365.330839948763,8031.233826050347,8443.448206034836,7949.784949890415,8179.188065740422,7852.47171528465,9097.97080549596,9497.808386106042,9832.335400444714,10473.01564094925,10217.630435709776,10184.272054500025,9920.24043157271,9147.147050714622,9578.283599876904,9495.22101372179,9028.349365704771,9628.310365638026,9974.60867401622,10819.107589103594,11156.43507986877
МО_0143,8662.002010792774,9343.134615739287,8955.892180166473,9254.81322641194,8384.738161095502,7860.602952040046,8230.518704072952,8136.286611069038,8432.285501964114,9022.54969968876,9096.426867004831,9806.31128044825,10219.576388700132,10057.887627232703,10281.23174986534,10470.60576271715,9739.05423584111,8964.423652154956,8743.981455717843,9692.507481806137,9502.47313140634,9860.99069170314,10625.383627813311,10875.630510175592
МО_0144,5058.209602668219,4468.085192318306,4809.837299008029,4535.699444518601,4983.620682716139,4868.878238206534,5192.904868080814,5279.50054355546,5277.01614414182,5116.596374632197,4797.844878135346,5105.060650918763,4239.778301481473,4292.322566515763,4233.535566836112,4347.142601942284,4276.805877028772,4598.665531955141,4646.849592648475,4431.682111127685,4819.5177672066775,4481.977955446806,4191.631682048989,4398.678978520815
МО_0145,4827.129559228684,4678.359420163946,4621.187547328529,4107.3057054885485,4334.599534870303,5305.292547801846,4722.182913156156,5251.001910403315,4942.391776751075,5048.42523759896,4702.746308670848,4770.912829157369,4466.9083972469525,4196.2786903861215,4013.985249501975,4317.970189766713,4112.553532011014,4624.660193016912,5343.9007174612425,5131.43501189006,4993.383093999848,4715.299141264201,4149.018241008833,4089.1874296588776
МО_0146,10154.33368231844,10018.662456942126,10252.903658710757,10463.904953715311,10240.035291389238,10051.374047730693,10066.723078909894,9683.41019310785,9565.119336944632,9522.152255355795,9868.922271227762,9930.414379113954,10223.3393876129,10677.9795931447,10747.844244220702,10823.06652199583,10945.790994657562,10822.298460465758,10415.58509275219,10235.446843417136,9907.654559706778,9855.513651549669,10281.296809633668,10434.770659372904
МО_0147,9987.66358354397,10235.49731925979,10406.910500888996,10645.87995727244,10657.33264414362,10490.491559421129,10056.600274744424,10134.896580069562,9752.392743224924,9795.197797061925,9821.61145946499,10026.031444856118,10110.046993213824,10700.299564784142,11409.563179150444,10802.189224086764,10858.692219915263,10583.758570264536,10344.80356882337,10539.538015227448,9929.2409045168,9932.012354468316,9807.953070403122,10186.797167838064
МО_0148,4325.111131064374,4703.010474145459,5166.926594892172,4441.813676783131,4268.840207643679,5028.032867502468,4798.413605073609,5434.916697688875,5043.472374530775,4871.9873751684645,4811.031409533176,4817.954381035099,4386.303294542551,4186.128662690618,4188.537390185645,3998.0388734537473,4457.248524843186,4139.986449179383,4583.328768921335,4982.073188695353,4890.764714501235,4877.382739914592,4556.510482625175,4631.810862789784
МО_0149,10081.869431815683,10269.38912942566,10591.977836884967,10657.38620460462,10368.3378087349,10027.855221674678,10161.966367526247,9965.872493572106,9921.983894350353,9492.65456187514,9590.900934087473,10068.812007589684,10245.32374250413,10160.721859668574,10859.585590050474,10487.627853102736,10640.216805573937,10971.25146522013,10834.573828670356,9973.500180719237,9997.705534132368,10035.182530594477,10491.527108682583,10240.877835512703
МО_0150,4599.803699641539,4923.643833967017,4408.584769250493,4690.348111618281,4309.504466800519,4765.80854646636,4579.783702004108,4831.249635310636,5334.292857680443,5015.822690893315,4777.197522232606,4468.367442208224,4387.787115508786,4356.496823179013,4443.485059713004,3736.462784226788,4191.639784883801,4563.015306806387,4663.137274521274,4894.174689659983,4882.089355002816,4663.887512004803,4452.504333145775,4315.380593891658
МО_0151,9206.510530254613,8856.213679481216,8956.17801972363,8758.11555824832,8774.364952777498,8009.564647005385,8164.577763487289,8284.358864703892,8234.634975876637,8651.107748873044,9185.204317308537,9768.560260049684,10538.927950162966,10527.699809447557,10436.261961293074,9725.232446320522,9393.323457745157,9953.74697723297,9113.03713690386,9008.483287232762,9946.240490534812,10139.748570335376,10900.51701586806,11321.486423060507
МО_0152,4636.334961889562,4518.288521685568,4191.909143806844,4504.1551977794215,4709.028986112624,5272.749778479323,4997.468906393286,4532.021081279675,5091.115637715581,5766.515105517936,5068.919512185374,4454.505921315989,4569.54279693377,4135.101703228544,3953.5061005810026,4186.9738869445055,4389.680278004828,4122.34043680226,4424.572429827483,4798.9331129585335,4719.8999467375015,4829.936338351063,4301.982456322683,4527.483584713414
МО_0153,8584.307753714354,9510.168459913491,8522.88611053891,8429.21685852733,8478.597041302728,8495.806201740887,8008.408910865285,8119.719573733499,8254.741575773036,8441.980959820143,9140.923527937412,9492.352688436024,9885.680842527623,10581.762800949808,10019.492422305424,10156.024910919212,9299.579519837513,9417.19380611916,9028.44668396184,9617.730737003463,9621.24074106163,10434.13280229108,10472.954494588676,11387.634640811582
МО_0154,8636.660698431404,8941.214267221221,8902.789465287813,8522.457599091262,8073.271439851463,7746.492315484676,7395.327404508518,7734.7215665699005,8407.18318550667,8298.327509430303,8903.29905032511,10387.163272065214,10077.989094206348,10556.174417725731,10564.478531936322,10261.0613556164,9238.268181705633,9269.355629379595,8727.631213175911,9922.44553365666,9083.098752869748,9743.240270807411,10383.80673111192,10869.318151025464
МО_0155,7359.312466017875,6818.044531673562,5347.189487701608,4674.592023618196,4299.531237705825,4748.194308864731,5134.446603578701,5718.821815382743,6737.866918843081,7518.281219622314,7872.925725932057,7540.7051445567,6751.724028221907,6432.145243744236,5518.475301407421,5168.037993436962,4911.532661903489,4584.395555927711,4969.194709475381,5763.77720271626,6479.463848156621,7719.431303269353,7976.971330132953,8076.253205345105
МО_0156,9975.922676207403,10220.726952784267,10649.794400097971,10597.724071329738,10474.125841870584,10610.602973571951,10100.130440662731,9797.800374672805,9546.618286466412,9809.048050647822,10010.999731986947,9966.534920768689,10531.839829081102,10143.614765417167,10766.472676233892,10874.74167615432,10686.7654679818,11200.091431309464,10432.447158274825,10135.96617183491,10069.013051082093,9632.939721420007,9971.650254791231,10547.717864980425
МО_0157,6798.520009598573,5986.576917743444,5743.002077952358,5199.533932313168,4800.224276559236,4708.286567035819,5150.263314445891,5683.962736957976,6417.941701347071,7097.580599719244,7582.054791150543,7327.041750968501,6628.07590918089,6318.304494171011,5567.715807894862,5338.744577406204,4633.207938572395,4910.485283159722,5328.848577807515,5880.613836670038,6963.357290307375,7725.602338601696,7969.349442007733,7650.225349244455
МО_0158,6872.730999908303,5858.916173676675,5277.034789670045,4807.025608222598,4495.262892360608,4879.904781461797,5454.777333988361,5660.386383975912,6754.615447501704,7100.506924556378,7677.619460113757,7428.67498603667,7227.8280497910755,6095.332181983034,5743.492500084935,4938.837532420806,4636.681302643364,4615.390771191558,5316.179282745187,6157.207759515525,6833.392350190376,8191.392366715265,8328.621180394071,7634.363601668465
МО_0159,4636.484638358289,4665.044769262637,4307.6487541007255,4795.659000420133,4724.492269367971,4868.820886035074,5149.910292949016,5551.223428784237,5159.006530235352,5000.013962904623,5234.3640176394365,4868.754322572257,4365.83225974828,4292.511176668587,4271.915097952165,4338.320821306771,4083.073772216057,4190.854344519024,4482.8639251599525,4570.579146450387,4664.613872701495,4888.220130121647,4532.904533303236,4411.78922842303
МО_0160,4431.076953959187,4452.788303330498,4625.831158090149,4660.600681266837,4474.754014780652,4845.79812616256,5554.308900298443,5088.570521008942,4940.847687506334,4984.856437421103,4876.453552148073,4603.892671709705,4429.514988750875,3992.5904477822046,4031.5933008398138,4228.849442401896,4333.678304519781,4400.505323747073,4644.951509801773,4811.108859580691,5036.276066438079,4712.092782286089,4663.492026609059,4251.9622513592685
МО_0161,7133.104732410127,6282.097999495608,5641.972499787769,5070.793101416953,4814.019774861732,4775.945919628583,5251.030032749428,6124.854555061544,6506.524228819162,7216.674951233948,7828.443282451074,7764.576229188264,6827.089834606863,6244.395157472372,5495.01384423188,4564.676345944092,4717.123862246895,4822.227873520727,5228.973395297187,6286.793880818121,6438.247989929043,7246.696588443075,7085.274299251633,7581.598235028418
МО_0162,8789.688938775858,8915.401136893799,9276.256746266938,8937.885340714145,8392.677256834486,7992.68912562306,8181.099071959991,7979.032351687421,8050.333856989461,8269.065346077266,9154.322191724948,10069.21847401931,10998.344817068735,10474.333872941126,10127.627767638583,9707.817999545572,9831.411507604576,8852.56435427481,9314.302904616829,9449.305331459029,9653.784824533726,9988.346819290447,10896.196603226292,11426.919563802538
МО_0163,8689.408883563498,9569.60501142434,8878.897518651578,8915.158814685949,7787.076030359836,8397.548202998012,8290.445646014403,7990.911987121142,8389.868070124794,8853.070969380804,9099.15967783163,10006.725881259516,10026.080175005143,10265.78841448965,10719.19513009532,10357.59665888981,9467.194421730906,9130.663512648964,8986.045861960218,9425.219929070625,9246.657373892522,10162.55944945077,10955.821705379289,11338.413917797512
МО_0164,9168.28770137952,8970.57930276822,8915.68521571217,8458.426044260574,8632.543498669414,7898.319716650985,8016.756927377384,7966.700353263126,7993.895378997866,8548.329222290165,9669.259605716956,9903.552311758624,9965.948371413911,10551.1980206941,10317.529650343036,11157.38810212268,9753.025884822104,9227.857617132016,9560.515516741145,8724.880709212634,9555.255042169078,10674.330071856277,10675.801035159937,10792.427756151816
МО_0165,4618.462841888233,4900.506157191564,4577.242128482732,4338.175695163783,4483.562505323289,4674.133653561491,5066.709061210249,5445.48406664931,5391.466420479071,5144.320716406088,4541.362745279894,4340.823045518074,4556.343468012623,4012.197275385571,4182.942015970038,4325.83091406501,4128.030319915845,4300.863117947909,4664.243047437657,4918.774240193383,5079.80156575305,4881.465075968353,4588.220227711407,4208.687578327061
МО_0166,8613.419721132557,8915.16044785013,9084.10192928199,8798.482009326606,7861.8882205421405,7893.781876607528,8224.981430585596,8002.758799348945,7907.0233586892255,9343.524915765089,9268.275400053097,9957.9756669617,10396.137805264903,10340.329109377344,10139.113486002285,10720.210010875517,9965.409482288616,9566.847842879184,9321.555260060066,8946.929126091936,9900.522865156794,9803.25982754943,10804.515808959794,10822.8765037142
МО_0167,9501.28966881628,10243.163885383145,10230.403334904297,10089.157875578723,10573.577296438723,10747.211616745202,10360.867058031456,9807.019093290082,9709.651171208176,9845.345900921237,9988.016368425828,9908.31205751513,10266.932310051545,10614.88240765941,10898.482045021916,10854.53746579297,10817.273842934026,10977.430228979509,10702.048107498886,10316.99909590426,10415.818208668648,9949.435399317588,10458.373190299497,10455.15365834756
МО_0168,9811.737894414306,8734.713146689697,8789.408524241722,8820.198992847652,8694.594295057697,8568.989597267744,7775.591807759151,8203.47164715561,8543.199230439302,8891.967850452946,9012.708915631429,10268.454749186158,10658.187515085188,10644.753023607966,10426.57888479397,10127.593585339631,9647.142861815862,9514.997235363864,9170.34453933847,8988.573247156644,9233.183669470212,9830.08772136065,10784.711620376493,11359.280906187018
МО_0169,9939.846688760952,10280.624258196378,10267.66434127916,10810.932864699942,10404.014847348106,10212.129508823078,10174.579928056326,9502.116060090706,9555.651521687758,9863.747594612314,9432.819195456914,10202.12676528753,10574.732745766443,10473.57705170417,10841.509581000704,11129.80297211126,10742.52546812576,10865.582572145677,10306.984220619608,10121.8117564314,9904.17832906688,10095.579603265372,10361.560282186092,10304.3121439392
МО_0170,9648.666678942778,9960.134590146525,10479.678276710309,10893.072636786186,10542.560983845304,10221.637428602044,10232.494586706527,9810.5147905967,9634.763411770544,9488.452556594408,10045.375985828225,9482.619177634191,10424.949306877978,10453.84467532064,10690.325531930785,11258.135514469208,10689.515158841545,10534.37098110517,10419.060157494074,10303.891802098296,9975.243117721066,9715.93714999557,9950.566529730848,10610.78989638234
МО_0171,9911.94164301142,10270.405085046395,10343.078655379752,10361.06226798169,10816.76645869316,10262.339999618522,9987.929594933965,10076.112951128083,9568.689365199634,9557.729263796606,9768.35798129877,9976.677540272787,10313.327057662787,11002.01131394009,10851.14881701722,10377.952892468837,10914.27941629231,10686.725041613794,10455.349083894682,10269.34934694666,10058.015563010626,10016.086787002889,10249.247979344727,10230.803343420672
МО_0172,4492.78830774549,5300.502713962492,4334.0407670325085,4546.709861827561,4305.516297051966,4834.860445668447,4749.172226505889,4981.610337813417,5389.483171291738,5148.437146769372,4993.963311941535,4245.673038557722,4863.228842675536,4043.127513840646,4566.382072362069,4483.813498939375,4497.61254283612,4337.419583758483,4721.89926130422,4684.83537524024,4824.216021615044,4676.729826197428,4128.354262272004,4620.716618091036
МО_0173,6949.143890608601,6069.539717733316,5329.129845955846,4999.296488256018,4536.849228945828,4381.19591324149,5285.2074815350525,5992.920002018212,6625.349404633504,7068.261205873171,7799.532854491758,7202.14860086604,6771.844712408214,6077.824817440299,5705.08921415623,4915.799369401046,4674.248334493619,5247.314645387498,5337.3281690239255,6021.729035714994,6659.872591622893,7313.162144977626,7206.981162899221,8034.223174475454
МО_0174,7097.872883409762,6144.19755466974,5420.087667691467,5075.396183634008,4418.475023703623,4682.974550530886,4968.7811594055465,6300.790011571376,6916.53281010093,6776.243682279897,7315.211554900044,7596.342383285496,6923.80274668394,5939.942782867445,5961.913864598344,5050.364473687929,4849.985305415438,4720.18574247452,5416.86725372544,5850.910806005593,6682.917587847094,7675.018495424136,7369.475355840759,8238.693762758938
МО_0175,8943.440030502117,9407.506059339015,8688.194800085377,8472.160414141601,8086.26434307109,8142.96680805868,7948.794734730728,7873.301871864997,8003.185011367147,8381.367249733828,9262.843326634582,9707.280611614731,10063.151840672204,10951.67317437552,10337.292700925827,10449.788975588535,9516.49209328424,9402.625367344532,9146.547923068096,8762.49964135975,9945.416719525694,10013.701822082388,10955.680839287046,11114.859693804
МО_0176,6925.906747581568,5977.48968517549,5726.136228197252,4989.896614586999,4771.521197011608,5062.478142517107,5445.994241491231,6052.239412279446,6309.265643012406,7197.282038670859,7465.936642925645,7862.165211991148,7104.219012762351,5924.251155593874,5474.228156181315,4698.269848963301,4748.632883861313,4541.756578799801,5375.11400879433,6031.122572098536,7295.125048677803,7748.08376361389,7733.718923695171,7985.9479962479
МО_0177,9624.30282129268,9984.114390509922,10466.805221156445,10055.097579605985,10452.098540353129,10092.973161928849,10097.328279997537,9647.414903899991,9790.655531321809,9675.832381621256,10043.75219619254,9977.967494333678,10103.398626508037,10499.28336520392,10492.505739830734,10972.229240792503,10971.960753862932,11219.222948302398,10317.154561037843,10164.3736770435,9948.564608780322,10069.257750638424,10201.933503759232,10331.290721137024
МО_0178,4973.750213024892,4418.338055912254,4719.023459334582,4647.463612771812,4637.050874925213,4731.688011662281,5617.939727863456,4889.1888695425205,5191.864697691432,4843.229595710049,5307.338081314278,4849.14264015312,4288.514213634056,4402.807232152295,4285.246032920471,4151.897590184667,4538.462433802514,4615.841141840154,4737.059326764265,4786.411000404621,4922.1675138093,4790.151822445116,4584.880471145758,4230.879122561841
МО_0179,7460.432636286462,5933.759497093182,5543.945919168062,4865.401241857708,5044.834825324744,4624.597996554207,5049.1310265051,5646.421210340791,6765.43787342381,7004.89085407414,7624.488818324068,7006.694576582207,7124.072991321766,6139.026596303486,5196.9857210617065,5208.975489040641,4516.224450760463,5009.852615563124,5117.085568260975,6333.655185778323,6964.810541454659,7193.722063712989,7582.349543065064,7918.340897422008
МО_0180,4649.403460056187,4518.343614750489,4787.00581269883,4357.777914527244,4661.0687226609125,5041.785242075856,5181.463196286931,5052.565901421084,5041.738516755317,4609.650083947256,4604.3297902609565,4713.254089598641,4405.9844552977775,4307.505425851989,4456.01942573066,4014.9727608436056,4318.339950768292,4569.776932974979,4524.122408238537,5152.338568674275,5041.106494403863,4804.722987659748,5000.415245775849,4053.2370508116496
МО_0181,9895.59981687554,10253.011429113549,10208.848970032068,10561.961528718874,10230.918300005816,10444.294697768952,10292.35530615492,9911.457280459595,9354.78048564154,9486.871074289753,9877.284747810672,9980.854360143689,9721.740523678867,10816.809168678525,10807.919163749726,10706.630556646372,11061.217851176154,10534.903852798883,10303.417936306898,10292.461911400222,10428.727106617662,10357.55768737448,10197.449916092406,10438.41169300166
МО_0182,9108.368420364432,8717.82736125798,9148.155072115544,8520.357434959013,8453.480168044829,8027.086436704625,8053.260675167524,8012.100686346099,7523.795689250533,8752.817923484987,9456.763140942348,9976.393340915734,10240.711004440544,10982.953753651604,10460.109962547687,10192.077425264426,9977.760093505318,9435.917761942128,8918.254823125153,8569.931660471666,9392.843200043577,10286.550973997351,10600.198033086725,11645.026011499802
МО_0183,7013.324811291742,6515.587818748683,5385.942884847076,5021.172188814739,4798.092412207293,5091.603568717735,4856.709702749573,5763.116122517849,6909.028454772261,7872.427652865927,7846.82726727943,7547.772800625459,7272.844582148414,6484.553058684754,5436.93015095377,5053.9550228965,4988.843466776551,5233.849810612775,5421.2742178287335,5951.124592048995,6744.48663795547,7658.579228127408,7829.350106551141,7787.705817555743
МО_0184,8616.787554111901,9412.054649506792,8671.330468254448,8597.89274558731,8397.647999719651,8579.496789706594,7833.115494445291,7825.826910439227,8115.186291453145,9150.20113120718,8525.785532058579,9552.105921340635,11149.41790695798,10641.97432459939,10024.661719169444,10046.486355433828,9689.545354532482,9573.79246255171,9681.587371521828,9328.427246619314,9375.201036928584,10294.62051634238,10491.002576563478,11021.453162878151
МО_0185,8437.207285060565,8637.60814554272,8734.969245079843,8407.690337884129,8452.150995064687,7796.411793606545,7219.103840310987,7737.607470511696,8134.431664445242,8549.266253261174,9708.980807694792,9664.288647692932,10547.367824770805,10449.039740507147,10349.711403569758,9810.164948912578,9652.919314473227,9122.03369735511,9208.634180749932,9155.203367877346,9262.026105925608,10358.06844339916,10851.14698880744,11216.679413561977
МО_0186,9925.970269623012,10161.115918203524,10218.442464850368,10513.442175613956,10330.759003759887,10108.190585908043,9755.091700722916,9787.172247855588,9818.642396893829,9538.6458787075,10271.341357099996,10154.921187945594,10531.084619795847,10720.41193052512,11185.332152049412,10713.50056663455,10301.929867833747,10583.77543147424,10563.54679398602,10249.972887437,10119.385119269924,10295.047157297568,10202.008394384076,10508.904859156197
МО_0187,8647.42637143254,8760.191370366949,9418.267882329765,8736.481572320787,8218.001009321742,7932.782218647027,7780.083873377659,7815.751418772744,7938.840489903782,8322.779998881568,9222.21679460209,9670.267865572068,10619.197077260573,10547.320650781294,10445.6675902532,9837.35509956542,9634.910534076384,9435.467142691608,9360.761879997324,9194.386418495638,9841.76808182833,10056.795999596328,10970.951277599772,11202.626050510513
МО_0188,9544.766117041769,10232.939714234675,10549.225790789747,10620.134363393128,10548.563868376596,10229.472163369224,9915.605170748277,9966.996515671151,9791.086188404894,9564.197877428312,9985.478969418304,9802.009451480662,10140.874666250853,10902.293994083651,10967.294645394511,10805.81629392264,10905.787432092297,10711.742460044514,9888.104249763026,10035.363873490189,10053.557163387224,9955.373856796356,10174.509279688926,10578.61348501748
МО_0189,8809.252204816137,8770.114984668286,9060.94416533989,8625.145190513778,8333.986921948192,8011.615647834963,8484.966465100124,7464.726202976127,8154.840257257665,8705.006107261202,9061.469455723642,10113.170263037691,10525.978664288945,10440.02443285783,10279.047136401568,10025.399185863023,9639.606315751798,9311.912228593956,9110.25625062924,9290.416269414982,9746.01054692727,9690.065070889856,10380.67242300326,10787.502034271793
МО_0190,7217.5723233442195,6250.664142263337,5561.188024352843,4654.241189172034,5049.963154561588,4679.422536528843,5234.937562285612,6073.834016259683,6419.942707257548,7240.408667298541,7827.735741097845,8561.364794398796,7141.3922244188525,6678.739253049846,5788.23832744722,5061.582688043479,4574.123937654278,5062.795967523052,4956.512018709926,6333.478794868973,6813.381840705926,6736.3732256447165,7759.253848400351,7933.692831368311
МО_0191,6905.939249251913,6367.93360143304,5267.732959497638,4677.29299271361,4688.558626400043,4800.842271278513,5127.874833873,6165.111970657784,6455.161793288226,7493.659396645468,7792.994730389331,7175.640707981899,6693.263345138311,6266.081691986659,5970.609751940955,5104.536272604542,4441.346646471662,4284.951469895145,5419.2033904188365,5917.808020845938,7074.798924578278,7230.454578166462,7976.6212514757,7994.93032595144
МО_0192,6848.051857882634,6083.811349833351,5455.430701274559,5036.270716506507,4699.281675514087,4985.275175149173,5104.636668662351,5566.012142666166,7228.036326467089,7223.540996769858,7597.116264974257,7616.588455395714,7074.87659822372,6166.968840869979,5511.868643195418,4979.693424887416,4792.133863930028,4415.977662503745,5160.853991595648,5905.730320687552,6917.907147598008,7088.023801121913,7718.8578744414,7523.775388872598
МО_0194,4928.211782249536,4702.7301038967735,4329.341008437284,4529.557307478864,4565.887669799526,4758.675419026182,5509.577861866623,4663.549414152407,5055.427505163943,5342.427666797253,4510.98166731753,4491.888552693712,4320.6502202072725,4243.753380964257,3905.92770511578,4389.261639563563,4517.661248276121,4643.40350162456,4486.679646735565,4817.245956553099,4605.375685520049,4657.4257927485305,5091.043225893254,4389.631867619074
МО_0195,9664.836439021565,10214.940748693129,10119.963657389424,10249.864778619194,10244.321258422438,10209.907087353968,10267.505483678851,9972.314315581489,9810.010632243808,9461.83396698423,9661.193233376416,10031.044590443762,10131.793199587662,10492.674974244466,10873.984192846912,10807.812663705608,10892.420528388417,11024.270927686392,10410.423304307298,10462.8561641746,10177.005902305453,9736.676923438245,9903.62359871114,10171.328220546742
МО_0196,8669.434659126453,9028.361217325251,9140.061360280966,9044.30473865276,8450.867691186037,7974.709881256283,7452.679074861852,8000.688240002534,8256.780738536781,8753.878052444074,9881.385968992448,10217.088710992575,10517.07847419442,10157.549757007084,10204.593222949215,10030.547214453689,9447.608635737815,9475.026918001557,9260.407719733712,8924.146090246793,9876.578695702152,10085.29331820346,10171.538113094635,11350.97337452676
МО_0197,9952.94861152359,10378.128556206311,10327.35771752309,10673.921102940843,10499.092563893311,10033.641820437895,9795.679151559918,10081.438072810735,9942.943806283474,9734.759225293024,10062.92205533328,10189.695025649611,10401.159555023232,10360.686418445652,11158.199024838415,11000.830276833194,10759.931792374038,10536.857206645278,10500.053964727616,9883.073430241797,10205.60333818858,9837.221513962137,10199.67251094942,10234.99073894065
МО_0198,8824.359905488767,8849.600043161565,8929.772283937633,9218.03492289915,8728.343969085674,8168.456962985506,7927.058109872637,8188.542461824666,8534.875562594218,8491.913808870482,9254.800660536936,9320.208866208224,10624.277292019524,11123.169654179435,10387.781462857349,9437.868807183471,9848.218582706932,9084.075914734263,8981.26130134757,9395.277528129587,9601.297911227117,9908.229577786138,10506.3244486006,11411.46860319096
МО_0199,4615.335449611114,4310.917413561736,4417.902440666188,4601.47244789727,4598.7057238318985,4478.792211654492,5228.293025050511,4441.25180632604,5002.200935577684,4874.818148230683,4890.127188506318,4770.941610535137,4693.582124593247,4141.227955440665,4356.296624882096,4302.4629503491,4011.250764785737,4978.137659559543,4360.962788041886,4898.121236803164,4912.064184600762,4801.241655401968,4459.695655677907,4553.167889784807
МО_0200,8487.86592532909,9034.98891960976,8822.555233574154,8534.882234516432,8481.491361197817,8347.566109213352,7851.8026279487485,8172.953208736711,8262.720441826228,8475.901160982537,9204.817703872031,9755.77296874979,10059.815577422822,10590.252993513412,10436.06048448026,9590.384726122857,9202.526711719484,9453.510838021004,8940.416885244305,9304.248421548406,9754.118557775597,9678.24284416698,10268.895332716542,11954.128935829156
МО_0201,4794.341502595027,4462.238572900594,4287.038460308989,4409.999940804181,4371.697842902841,5023.864473990356,4786.474149169119,5379.274836459424,5013.653117018503,4772.762197643028,4751.6612311301005,4068.40999612118,4409.756184246699,4255.050522204183,4408.481587369713,3877.076817285933,4631.002609133168,4716.461372122928,4988.991526672511,4783.8266380009145,5067.720455275992,4399.6743279477205,4737.273444078641,4203.436729219642
МО_0202,8464.716927148935,8752.639795406136,8974.55823592182,8497.325952850742,8468.099257915717,7655.302381573602,7442.65683153713,8319.328178043883,8477.161530026016,8436.183720164598,9275.49136036095,10149.54622586242,10402.276202901136,10501.585588631728,10708.977408321418,9841.0176182857,9679.006117865514,9328.835522199275,9087.119315617689,9113.125303341574,9549.107663889694,10064.769628454793,10381.368861811505,11645.241750747198
МО_0203,6704.6904507027375,6134.603527347974,5385.929147349545,4999.225306038255,4319.842160254208,4968.734309648022,5060.913856720538,6163.305154382245,6551.943916818913,7385.930313750106,8390.145491750742,7552.41337629469,7414.345854131071,6272.886355881879,5608.1326965207145,5001.596496193185,4922.896551601653,4721.41000329118,5059.485225691781,5790.806682503404,6786.102689797335,7423.850615765194,8092.335789119626,8142.92914425384
МО_0204,8638.020774061048,8855.69803471001,8594.655828672658,9257.1079752333,8449.978979701222,8199.225722826926,7620.443429629725,7983.482989171011,8377.412569172235,8640.204183222671,9580.566673900408,10550.768698028149,9984.528498803587,10139.279535766218,10093.53475298492,10555.704991631326,9977.12056641346,9295.9592977536,9171.83708248999,8997.2013865708,9786.09479275711,9940.446019580277,10629.820192043422,11578.008490843553
МО_0205,8844.614842780818,8989.260450360356,8975.916386842437,8920.403302720688,8797.069556192142,8225.262764002413,8126.5805548894,7936.038798180314,8077.058253963413,8878.463675649247,9324.103280815789,9432.535405445426,10171.671382084269,10429.02360580687,10205.369888020912,10516.364463893287,9810.164478907467,9726.371459762004,9234.473219405903,9242.861425614325,9264.25762891006,10057.98485081594,10717.277844957229,10911.642836974695
МО_0206,4585.41886139498,4483.699402644954,4585.811860254399,4629.571078066294,4506.92070027829,4920.805932491067,4930.930269156585,4412.298897895788,4992.621681397382,5307.082002890656,4462.544331754192,4665.0341636842095,4802.424480291358,4131.257943787794,4230.840341455099,3991.6149788727903,4740.021302733473,4508.038844934713,4697.182939431639,5132.494868940677,4979.204703441805,4532.670530738092,4425.775303620088,4478.13722909744
МО_0207,4566.064969548543,4099.030283489552,4480.03626677606,4201.266743559043,5030.373121270138,4849.464207988687,4755.837731019963,4918.212867394526,4653.996817471797,4759.390573244381,5107.06834047219,5186.452331313133,4600.558252658206,4271.693992780376,4139.997619370996,4061.5794611547017,4843.649026829185,4484.340366793804,5209.131294659097,5142.569320603016,4415.656139048999,4580.440184985911,4420.9610870670895,4351.272275445485
МО_0208,8878.558404780042,9904.277496518263,8687.723534462439,8770.112152804611,8529.400699444795,8081.669690355347,7959.341177256163,7737.399226507251,8276.798594822629,8840.566121170612,9367.943459470162,10013.656516482088,10716.95285497913,10753.040562193664,10385.043185661363,9711.665054356336,9497.45350474197,9272.534226954422,9231.404348379592,9088.954616333618,9264.497933462077,9702.30013672603,10195.334773151302,11288.621423841703
МО_0209,4377.048144782626,4334.413517121808,4404.373779315439,4231.687514120865,4728.782086196049,4988.024789132352,4841.188562288603,4982.966924132266,5254.410131113874,4852.0095953788295,4667.729073269328,4924.809144887245,4636.998197466291,4422.433433850247,4430.778989185842,3859.481245982046,4675.6671114699,4616.477416034189,4929.170318463,4890.20847680608,4829.014944762756,4670.785519221402,4656.045990284427,4301.110315225526
МО_0210,9129.262490217368,8632.08316131356,8828.459183865807,9261.121873077143,8217.298084697033,8024.385914038643,7725.784603486632,8064.609174139485,8070.163303508123,8657.626575579892,9515.590600921198,9639.612235751758,10518.198666127257,10716.090969612917,10696.070812264576,10101.62928630559,10657.476249095898,9633.837753757614,9251.51332784734,8981.187827059543,9500.551892626296,10493.948470521938,11276.846165530716,11884.008334057691
МО_0211,7194.166212380989,5885.24505752181,5557.16191477988,4689.390994037097,4430.374751440486,4840.873096964775,5309.8026183776,6085.748564312261,6812.599963385271,7559.416951004419,7471.683309656142,7604.663105395167,6643.09577239203,5780.7881063058085,5681.565248213834,4839.6085597805295,4927.752305595468,5072.646391464637,5133.8403841520285,6082.568738751676,6582.681036101639,6956.632144283725,7904.551999452305,7584.644461723047
МО_0212,4608.273980573656,5029.7976315804135,4162.019163892037,4611.440473094543,4414.699246970151,5030.110312785314,5050.832969290003,5190.572837363607,4879.056102642417,4839.509283540806,5084.373897282968,5068.274800918161,4544.297819827517,4103.094967582977,4302.688705799676,4810.35228085073,4392.072508960976,4870.131249506636,4515.948055962474,4786.371191895562,4968.780912344026,4830.544233054359,4399.495763571332,4195.38337709293
МО_0213,9162.299293007783,9382.310791325312,9389.500379873498,9194.435011336947,8406.981165983168,8006.948112786255,8261.205660189033,8156.392365730268,8010.778976859251,8440.14826675499,9414.24040193374,9791.606567853773,10264.134496837474,10796.86227968832,10601.535951749174,10468.562243529632,9125.546477237736,9405.05766156001,9354.724109841563,8807.576394678412,9342.88223788786,9804.038481113384,10720.057488746848,11937.436720969628
МО_0214,7559.20732293447,5990.071130995759,5565.925890099845,5039.519454543642,4775.449249058718,4871.919144927887,5263.395680467519,6279.67016579534,6979.568143946336,7093.114104453397,8023.183297801458,7914.176365781977,7145.347520874263,6553.057692211231,5557.364691865136,5027.774927855471,4781.874593550838,4476.30972811754,5245.710784403982,5783.937215389431,6445.811014235295,7931.890107950977,8025.907289908802,7719.637830482465
МО_0215,8745.196070440737,9133.64317898914,9243.96457490716,8496.646201953103,8371.884576290853,8295.288069515394,7485.447322033522,7969.986411504116,8144.826362550733,8671.086063939229,9137.773137532447,9884.545966720349,10882.515799039436,10353.88578173075,10453.94174380283,10679.466605908032,9511.707434815748,9856.054305148791,9163.24618230074,9726.623023859833,9745.130247130548,10147.44750424403,10692.009136525803,11157.61855077585
МО_0216,9912.142810055107,10362.483728160882,10394.572163880888,10432.357403649898,10407.537887912207,10507.552173990058,10326.856718315725,9726.962909611171,9578.98554797183,9745.755914388026,10069.329213253017,10207.92650860233,10006.227776257258,10495.674308046631,10579.666668418682,10825.39183627167,11196.869061365052,10379.084838905615,10113.462075874597,10051.0151358785,10121.781266836924,10151.88921201724,10213.316617404873,10588.393295574622
МО_0217,9554.22064420414,10422.964030579407,10332.60143880832,10653.35224284629,10186.644327755022,10302.059791072052,10124.620556910188,10088.13258851669,9404.970803384253,9678.043586107651,9556.664313611374,10077.998101744584,10420.646220732397,10826.405738944792,10663.699484657827,11087.177392769698,11142.470997425631,10333.3836134274,10574.988309211669,10416.748527187936,10011.84531110304,9786.748232895105,10317.098484824952,10097.16351663038
МО_0218,8847.174005197317,9041.958865431006,9167.768593051716,8547.865047149664,8202.888580208002,8106.069649658998,8176.241140681828,8550.872980652955,7885.591462214546,8788.721098880857,8978.829444859515,10149.33436127117,9987.080355069224,10245.515675404082,10181.268919219448,10036.159571658976,9764.17227907914,9470.263182298158,9160.197925460803,8859.702179889304,9738.579344532687,10038.424560442074,11093.037030677067,11129.637804517675
МО_0219,4348.122285387561,4549.0175882777485,4792.685090236288,4560.552713636318,4593.749535680418,4602.094350632707,5433.154669145448,4837.493512025449,4932.897519539056,5173.732767706227,4423.841050570886,4944.076191435775,4577.108585049884,4488.749471010982,4350.100864991234,4226.357633680911,4143.424572605397,4495.267030683269,4463.216956415133,4914.473429312239,5015.510706263908,5098.432579372894,4657.12242110808,4575.378216055002
МО_0220,9838.485890159742,10081.269309305171,10496.264469172302,10417.793561463162,10516.334415337076,10084.714657281702,9900.76639091802,9983.691453352762,9881.627770976896,9483.292799133553,9898.227859621526,9870.88986119484,10263.304095946049,10854.541993829756,10953.901956946704,11058.088606589235,11265.239096439896,10529.355668491002,10242.310424132336,10072.432892493714,10012.691414457044,9565.412316244316,10082.435858659375,10230.293875461048
МО_0221,9106.253930942608,9149.06915747338,8812.814703591888,8865.606229819125,8556.761255687026,7897.839827078161,7816.603184143526,7468.162501152728,7984.817015903812,8514.195750617193,9296.988760651288,9568.555996193354,10115.25894107748,10077.645367593246,10416.188623692142,10188.421559491026,9787.390066621512,9337.29401387678,8747.855831624845,9050.420953242055,9412.536439250562,9933.472215608195,10737.207111645526,11865.203334076836
МО_0222,7201.912426549862,5948.708147658339,5599.83522531258,5055.976009302545,4552.790416339627,4960.385135045709,5166.583402871947,5547.883553391359,6801.182490843216,7464.878074090864,7701.378313925735,7625.230637863939,6855.829675716204,6417.829710907977,5506.135593219768,5020.93801029568,4827.210184309497,4633.65199236686,5077.684568672848,5438.030062997312,6913.51418847853,7135.213860744989,7907.480484431543,7844.402514892343
МО_0223,10017.08142017058,9935.998584617078,10383.75700563944,10855.266234116838,10824.71867184545,10506.469212289356,10145.138079629176,9661.438916016696,9848.467736493389,9641.573258954191,9876.458700002146,9851.14657458516,10224.49241120848,10585.950190696316,10831.64078290021,10991.46623953906,10718.402151662422,10395.56249558814,10791.301811594703,10740.587658587954,10154.245207108774,9764.612481658864,9968.992727130828,10448.172392009716
МО_0224,7355.934346293962,5895.322051269226,5422.883827309601,4966.900976807197,4867.430405012936,4729.33549460309,4884.535027989423,6017.443824501211,6985.804925749869,7375.966661886692,7898.840870613301,7493.088361459848,6821.175687909972,6525.592908993199,5601.8723616749385,5086.416530485077,5053.432059212816,4652.175946537763,5147.677459753326,5978.274533938054,6608.230081756401,7728.046286262597,7806.919462172895,7428.020332199928
МО_0225,8912.205840036377,9099.229362003518,9228.238998652692,8813.412629405591,8489.739023113878,8160.083540134161,7888.406396142962,7814.0493114265955,8322.201433493703,8619.397637501326,9758.710315280472,10248.273523995398,10469.160116705863,10574.374449776462,10335.545833839056,9685.663325761305,9607.448682891058,9362.268827035166,9225.0674970617,9351.118592700192,9795.289144790702,9847.763006174602,10495.780350771463,11874.217894822232
МО_0226,4895.943030450073,4468.595028908428,4467.96310311359,4500.826385539486,4647.171611639215,4921.744294085186,5648.450442598168,5141.601850457351,5287.397548256418,4621.729049630569,4737.759617977344,4932.773213206589,4526.611287089024,3445.802645549968,4375.384237661854,4689.401386693163,3954.620703376586,4884.164456391142,4079.742324897324,5026.765794801782,4815.133781319794,4210.553714973456,4674.4722119900935,4627.43438088997
МО_0227,7073.944443946732,6334.861143685146,5360.911484756098,4574.526640981306,4833.91927689212,5142.3949050589,5440.167871704675,5421.104731674944,6285.796771416951,7154.1450444984375,7292.069602100814,7650.17321301513,7167.804413598719,5914.841245762149,5689.863148484415,5108.9963447328655,4655.534175586849,4819.296049487389,4867.763726841473,5862.1953506427335,6761.087722160009,7540.439946906303,7985.772303670692,7804.733142136069
МО_0228,6898.396609418245,6259.63944519794,5672.797248521223,4909.336961018179,4762.090811194544,4759.21103951752,5067.037505256595,5993.825401402613,6531.779032158811,7515.5672366177905,7780.624731748823,7544.382947927892,6963.881765181336,6137.085464664219,5164.297136727436,5064.597263607513,4803.020040787327,5020.429857941006,5151.914581050692,6408.530528434568,6657.199801257869,7232.076776237512,7559.152063762685,7210.97230231565
МО_0229,10205.198821909742,10461.125663220297,10522.974289249743,10312.15137328397,10845.728814555114,10228.831369293172,10022.817105478782,10145.090588648089,9836.713511262244,10107.389437291817,9815.05956060996,9897.71680739058,10135.140304283212,10168.602610007809,10718.530604275613,11135.482012124728,10973.932356729496,10682.969961426006,10240.4547944082,10265.43248287299,10269.719643015427,10113.378043416784,10158.168439750149,10178.784141142463
МО_0230,9129.07234263635,8241.005941556208,9076.7223125052,9408.280030818802,8002.64944249051,8023.739399670729,7931.19313501977,7873.733893013376,8510.944231327016,8830.24248735894,9318.806703817836,10082.103916167584,10277.439476975986,11501.47739195188,10410.013561767051,10118.232145506849,9186.268615356164,9182.89162025131,9482.634162149005,8858.22295605683,8931.058754787902,10064.13797584704,11162.81213325136,11382.93407427832
МО_0231,4632.291173628969,4152.407133396867,4594.711130234708,4676.081504864947,4244.3702081895,5087.341862837648,5170.225934271701,5389.715734165645,5266.534283680153,5195.4168346589695,4982.0697348849335,4844.6946214691525,4050.822477194038,3981.1058140796495,4077.535601077336,4232.977769860393,4455.266675834205,4600.950566510305,4955.4446572786765,5079.950979529346,4611.609853412324,4792.353031229026,4381.616813550257,4327.7520308590965
МО_0232,9961.0306822761,9507.400349259686,10910.993642455844,10618.235938874532,10335.989443420372,10705.869217922393,10007.112574377905,9883.780781321151,9613.815077920171,9996.99509928869,9745.87147334014,10006.495208860022,10509.928313526249,10675.458512331052,10766.710684592654,11127.867420060387,11408.009036550782,10746.637661705372,10470.689973671995,10253.891198754089,10331.030548584497,9907.190100572603,10068.151246269998,10029.15009442769
МО_0233,4440.04466737527,4440.30290065286,4479.432354820095,4942.399217061404,4765.868147721977,4592.501748651671,4798.160369136034,5455.445483266597,5411.502484558369,5035.436517649451,4747.8080382052285,4907.218279668461,4221.504045387425,4376.345936048693,4739.473867522638,4304.515132400495,4203.424704660862,4620.704947592734,4577.400114424352,4473.499797451925,4989.062726651485,5007.738638220515,4500.839952956938,4287.04984239233
МО_0234,8641.720266195283,9012.220532957046,8822.95392334451,8449.856980696033,8862.145877853294,8195.95254768047,8070.477624011473,8198.177453394488,8443.46484614128,8598.739708404839,9352.485641133617,9764.690522899087,10408.28931673414,10562.714370372318,10244.571643611152,9665.87396927892,9712.473434388943,9276.808458455724,8656.665870109056,9361.820166189642,9808.230969638484,10846.686480330707,10588.08855616022,11186.217374895185
МО_0235,6669.106652675297,6240.251371079567,5494.204368482717,4770.766404227142,4669.191017133222,4429.922645251497,5396.128515686504,5691.577682267618,6669.214785833001,6989.876500421704,7592.889944872575,7551.732800166422,7052.704238218868,6384.441977133676,5842.530814323608,5135.962448038278,4945.458120432711,5141.644209386409,5383.910668930443,5931.910669486007,7037.499061022335,7818.173788036997,8072.385610942979,7291.983464141479
МО_0236,6740.9735015098,6120.725437117144,5622.553381522898,4923.919995724951,4920.734301091049,5053.788773471782,5455.332134806994,6159.7505123145775,6407.112027037859,7544.62994691758,7585.247619233789,7149.182680623683,6975.220302256975,6603.925650635349,5618.309054499013,5406.874459544284,4792.596004762927,5351.842312758199,5300.109782445726,5945.971103512893,6421.892012451032,7829.926590285575,7709.253916917289,7531.383731761914
МО_0237,9243.175972171985,9372.934629345407,9283.042218978168,8615.946775598042,8360.302350947086,8067.551465086858,8121.512114558203,8364.669474708262,8342.025572750457,9237.355820900511,9529.396656955576,9774.723353584544,10530.85976381907,11003.988188504176,11003.093349762128,10423.753965033113,9677.40805376495,9273.351515724828,9321.493825203708,9695.182528327376,9653.057826044482,10192.426064025924,10729.61321450255,11257.190206849147
МО_0238,8851.479271865459,9089.703967940255,9447.694819146329,8647.662758554072,8386.323557508347,7874.930240732167,8105.47487960175,8317.90363451602,8662.441402878703,8759.246465349212,9437.54801034513,9798.578030358944,10436.290362059386,10553.932253141176,10380.984395148933,10100.784632681049,9801.951880114855,9251.827347729415,9095.373782064406,9704.898335867469,10335.432782924643,9697.595198712552,10315.848862446832,11046.671943729549
МО_0239,6942.980994751963,6414.146935569664,5580.348200261865,4962.154704336667,4802.518386102782,4663.868727496426,5149.305103033478,5865.049200858044,6268.391171396762,7064.471561855741,7430.876187123278,7873.675829761505,7125.479021530093,6418.068637364004,5124.407244127408,4700.252119335252,4886.6726872337695,4342.203609355422,5526.815879046952,5522.783371413343,6990.9900164247,7228.179742243214,8202.693438314902,8787.121024773394
МО_0240,9457.245510519946,10320.706984686858,10028.01560998967,10588.622752564275,10416.70271278889,10327.81114312098,9894.816117350429,10012.712575774878,9430.756292032993,9915.28460725962,9686.744888970235,9700.63073352202,10592.470912675844,10537.05263607423,11197.591500931045,11152.590955519758,10671.568731189556,10660.495768274905,10471.58585319297,10535.713641486716,10152.234256893606,10062.046500339064,10083.958149076792,10331.872969534974
МО_0241,7345.195606162151,6189.306241846368,5364.489229695722,4818.094560508312,4598.970233104679,4533.276236794976,5046.0798406636095,6232.33750531707,6623.50319402354,7611.856455878337,7038.226065607144,7812.2510220939,7010.497361879509,6143.638696584072,5555.783496064517,4889.674842886256,4371.158274774978,5035.025882423628,5314.013498152008,5866.492671730768,6502.8527738818375,7062.05668516507,7936.418699460089,8244.104438991308
МО_0242,9937.426170335822,9900.541859207386,10444.215931002347,10487.43487261332,10642.196107840717,10426.799686310502,9492.749249855717,9965.703667859494,9515.041503478107,9400.944342413592,9729.61164864857,10058.963657363984,9928.704723483348,10700.989880220492,10944.234283752874,10893.69569106224,10656.7502600075,10471.498741720015,10662.82468693614,9914.717479235162,10280.335133647744,9993.558523934122,10104.963722915038,9994.979999597552
МО_0243,6930.930613433044,6342.152423313742,5166.237435112179,5027.406535403265,4718.748010344159,4672.893740646493,5380.673802605445,5374.816221816533,6771.723365858262,7895.61886214377,8232.61863210458,7756.6687857845745,6971.256812845554,6105.821661992538,5449.282924262555,5097.30060795582,4607.536212506625,5001.939322497788,5731.361466384876,5925.939995653995,6405.215572297549,7097.487406824307,8113.822119546563,7710.406006108808
МО_0244,7220.58513237696,6057.695330037844,5634.035667234051,4897.019967425793,4566.206898815849,4718.48989005981,4956.721383468209,6355.935083752507,6652.768682462196,7593.641014606715,7606.716861217785,7322.00047920173,6990.188595270472,6545.138042774894,5402.013673660515,4816.933576792301,4788.425213859283,4950.50530426522,5620.050287088029,6025.28434246521,6935.464918323627,7708.330555643859,7511.129128986541,7436.7015479051615
МО_0245,9684.888607322957,9910.569420799353,10564.03374431801,10559.709018700194,10476.513188055804,9780.49787983764,10499.779513095968,9682.87906304239,10114.59778833675,9395.772850764066,9608.954533801669,9546.62542461478,10334.49388060294,10321.401804535211,10549.57936092795,10588.774564983469,11013.183910695589,10831.667223100349,10831.790756697252,10079.77144819917,10107.925693571577,9771.38305130168,10056.736116949924,10235.558801618954
МО_0246,4821.477072142459,4794.472469240982,4720.178025391596,4337.317653585715,4877.356967348023,4796.203116619788,4895.9178569997175,4915.784098303639,4973.876275018981,5486.049502316479,4929.215795239161,4679.499641627882,4378.672020800086,4849.674191544393,4515.625457334192,4109.673614157677,4310.264711133437,4478.627407422489,4720.549494769186,4631.197839553287,4924.078185335499,5092.134682439097,4280.74886918567,4129.074380055333
МО_0247,8766.642316758313,8934.9959426517,9527.494282131958,8975.797362675205,8613.696385234727,8018.205833836211,7865.227094986391,7643.523731922272,8446.176649816336,8835.172089300615,9641.199151477696,9781.75479134991,10228.677093505448,10508.462943836186,10643.87601440214,9625.097671422363,9885.8609831596,9328.09477008477,8875.384819654457,8661.35960169429,9489.324722058822,10500.6833402368,11265.062401184328,11490.321498492158
МО_0248,5196.358609788415,4546.990297299574,4711.273997149967,4423.075081723578,4521.980813381415,4646.681869984231,4488.888697228788,5431.58756203432,4953.600265101899,4830.842024026234,4575.933790409673,4591.664643849721,4845.412811248477,4765.019062681893,3893.271620854748,4185.701526481606,4149.393522292435,4756.184310989519,4753.880774584791,4646.193956887415,4834.72821087715,4623.82272439051,4955.61696618845,4489.801868095098
МО_0249,10030.607710656972,9649.502614244604,10383.41911108084,10945.286863718284,10741.004060011854,9927.442870143726,10013.920794144016,9623.560703559262,10045.908950581612,9719.462189695963,9617.530622069671,9983.441593140344,9738.600392266422,10324.766204396408,10786.27902457828,11069.10869793043,10430.348782762598,10597.536991901106,10659.36060093548,9926.57649266688,10110.020973135308,10039.870452872428,10477.510020881547,10294.83174685307
МО_0250,9863.220214433655,10353.699713519913,10125.115474800115,10452.35233479451,10364.96626304264,10272.45955712727,10249.335251786744,9967.481564588885,9563.65335969486,9698.572454934085,10061.862463879808,9812.11068631965,10289.747967851135,10510.5709459308,10764.846708288287,10534.246998983755,11153.58809402164,10514.525509190817,10662.854508461682,10092.748431074951,9938.671479783989,10272.877667718332,10327.612597312554,10385.577231674864
МО_0251,9100.079466879302,8974.82089252662,8970.816957323415,8538.89633517238,8603.299713289633,7915.661427964293,8294.523707532064,7908.474101652474,8255.47751771794,8906.405938410679,9282.969695423108,9756.234694022893,10263.028033594728,10739.130340561378,10158.81915725025,10021.105172661906,9672.94168555434,9579.09588272573,9134.381228618464,9734.330398405851,9483.614380067052,9982.947989341888,10658.2539376511,10928.17747415676
МО_0252,9694.029534362217,10070.71173743184,10636.192670793129,10491.676199066966,10358.973070144695,10556.855042009383,10394.411060575896,10108.254529821994,9543.70381694283,9576.764007187205,10127.132136791271,10024.855056241748,10205.14678424586,10703.937669276009,10997.763924619674,10759.786683669012,10890.97854786522,10878.3646519166,10206.64499321308,10221.482471404468,9841.967672270326,9831.319047616962,10010.969575032386,10441.488112158107
МО_0253,8809.123543812468,8878.450225072498,8986.957991294532,8415.469460487431,8481.505465178307,8361.077104291548,7914.248093767141,7935.373405603578,8343.350507909836,8191.973742290829,9426.92632391478,10803.826316862192,10234.540703093677,10417.6950798534,10596.629590352508,10568.104721910851,9956.970952586706,8749.332833017908,9317.95121253722,9959.90750667042,9707.850577501404,9712.08404660245,10804.043497584746,10939.971242461575
МО_0254,7324.133867847753,5956.2404533054005,5466.129633886409,4761.904137079975,4600.316474427505,5088.457680119973,5221.396900673649,5739.92735282637,6379.433274450846,6866.555278708971,7392.420322077983,7670.939228313379,7338.042427408905,6124.27712734424,5873.3360963488085,4846.509718654876,4713.649992789954,4647.575474082722,5475.355222252379,6460.554031196582,6299.15630981952,7386.722576175887,8273.830762517338,7294.224511174577
МО_0255,10009.937996551886,10429.87375614138,10413.578374350383,10614.807735233771,10834.809348381496,10710.37879412534,10064.4093796321,9753.216851022353,9530.944764695194,9862.937094524916,9502.05356205165,9926.353998171306,10281.010125518938,10445.640044869944,10838.90955622624,11456.244899424768,10816.946442482971,10586.044832159758,10660.564342202422,10268.042416085424,10357.69960424162,10059.711370091798,10074.172663248874,9979.871587493491
МО_0256,6534.353212185653,5750.270179935602,5533.2460080734745,4666.777720604681,4944.155227723656,4800.588965852286,5149.291890479561,5674.942606306808,6846.7818141164125,7166.022166193107,7471.466508737028,8008.429623389685,7156.690142377266,6204.517228523605,5659.063264996879,4989.402145455221,4832.208203790811,4696.675100357189,5716.991064715954,5804.478961020633,7193.148939681195,7433.344343107591,8123.737279976022,7959.209079001774
МО_0257,10126.763352707052,10008.47512816734,10623.39558063488,10893.578836020142,10405.891453021684,10308.191210747043,9971.94637578347,9789.554951152915,10045.973493457384,9479.769773680164,9584.057820624012,10303.28462207278,10388.87673989253,11008.328536545958,10681.75577523731,10910.98787886394,10700.94924834623,10709.280954001388,10082.11222751776,10359.912720678967,10129.10469179671,10015.09673185454,10045.614431961652,10158.894643193864
МО_0258,10042.227771672286,9942.543977803884,10504.291725840276,10943.369512804513,10775.299387428176,9995.571672497834,9969.295901960844,9941.060805296234,9694.297367673187,9405.14242945062,9841.909723825807,9974.625149931004,10660.34976515882,10497.951542765311,11033.168553922893,10611.12472310409,10622.621227235832,10833.876742048556,10675.157751141636,10025.149306481831,10068.633515457808,9753.372645426238,10087.722136322249,10516.896736108009
МО_0259,6851.478148369724,6127.050040369573,5209.11117973906,4801.961501497834,5044.544987058176,4808.791209221203,4995.484349796971,5796.323138576437,6265.079507088519,7106.175801915431,8206.446544581662,7593.262918384206,7610.219111905216,6239.255570077489,5507.781499390505,5117.134341689802,4276.263092275024,4892.612047702047,5252.3060378558885,6304.4529970249405,7025.002418970947,7157.658894631907,8266.340966903816,7648.1830666442
МО_0260,4502.510672569386,4601.893078605323,4446.66649763124,4885.736218561654,4719.539231020841,4856.4697759726905,5205.230401126269,5379.096524489677,5319.485111738874,5398.201795044597,5004.029509753244,4677.871369544297,4720.036029087516,4271.938852985585,4237.423872721931,4643.533303821271,4738.763701691928,4525.011207900319,4581.168210631331,5160.510568211372,5013.915658243828,4810.840390733451,4498.372810264047,4441.736602185531
МО_0261,9892.83296284414,10043.82439355556,10424.166764030248,10554.50942165454,10381.631990200089,10488.938595586977,10340.015507776116,10050.703930529651,9654.445502662982,9819.411099838904,9781.596174710414,9733.07424362843,10398.892484355996,10582.136607677015,11352.26122831315,11205.33650274998,10998.611024722111,10731.980666107444,10480.529119486586,10015.870980602958,9719.78701586899,9853.173034938412,10114.69291169912,9915.844531038583
МО_0262,8750.571179064495,8985.850471299487,8915.265042076224,8538.870921988315,8287.749447887112,8511.025758698135,8092.236707088429,7850.68553601761,8233.500274416114,8698.57783885953,9065.054988762233,9619.284439651425,10588.455991139474,10324.152260884934,10028.057214644046,10046.117948925874,9704.25220766714,8797.47307287768,9150.590582011218,9463.56610515254,9658.115498494146,10749.96822790995,11122.820043686615,11873.53301384481
МО_0263,5418.733554087196,4732.816160997842,4528.753300364357,4749.710805557595,4511.899550443062,4832.737901390414,4817.452349525352,5195.412760408201,4951.05559839278,4858.580410124279,4955.425484533796,4606.991429439473,4028.8532131102734,3990.173641206652,3994.5457056323135,4076.538099369227,4461.126173090762,4576.688889278702,4942.620127997431,4980.433513059176,5082.439730730061,4881.792817964219,4619.531692190136,4615.536833327799
МО_0264,4932.413733388974,4643.263054108243,4786.726501233816,4023.3194927466,4572.942698283434,4733.852348864682,5271.240670349028,5509.34971290448,4757.333356011898,5395.963004701065,4577.885040276587,4381.538136149936,4384.797938614126,4223.660932471039,3913.265992767565,4401.258915482666,4520.624708312091,4771.834986861892,4585.773738605948,4786.970324315136,4809.893306168971,5152.553904941639,3967.345098431123,4164.571462658451
МО_0265,6973.270854128891,5925.422424420884,5393.897618734048,4903.336028848884,4579.8927364709325,4807.164965341459,5332.139987023066,5814.55347821532,6558.491317593858,7351.468051941797,7769.524502759118,7123.134807002962,7187.367087383061,6151.123450167932,5801.1864747123045,5106.942845284999,4986.756400095193,4660.340887392493,5185.007143186986,5652.603940426295,6571.096643810184,7874.38307440545,8347.866881504588,7381.931765714364
МО_0266,8773.18841464554,9032.179416233355,9132.102443044456,8262.161107140888,7979.963729988432,8201.642511410066,7482.520162438143,7877.463479079333,8290.61721153179,8815.212521795627,9236.9711138764,9736.396541862528,10535.871366393543,10544.830492371775,10163.646433757616,10070.518383061944,9781.755231456378,9827.580537622156,9380.476135741552,9562.475015546,9355.303883783605,9897.512454867405,10637.69870576933,11319.609848169224
МО_0267,8629.683938813725,9403.270648753594,9214.039251712282,8630.566625834663,8535.852108713083,8136.276403399315,8106.252292175971,7668.190489503885,8214.425635255187,8690.824289551734,9451.513016359391,9659.97111288452,9530.057087024785,10121.162914809624,10343.893419478123,10078.425229744877,10170.957066451558,9498.444509751344,9184.219327751409,9211.36587194177,9849.169787719697,9877.9562394411,10668.09018019334,11002.978867425993
МО_0268,7378.858847835056,6286.313102406853,5297.844959238891,4905.615732397446,4798.815193450232,4746.9390153674485,5089.847452751135,5718.140730625539,6769.632892054553,7295.140588854253,7632.047137516053,7239.254437302444,7077.837195002255,6217.860344971839,5445.203472095627,5027.433645310996,4903.273840488014,4990.775796348316,5380.255291652294,5883.711920609385,6607.520370007382,7183.408553068697,7681.233602015598,7734.932031341467
МО_0269,6755.866997505929,6212.212264036123,5243.466320248886,4611.343017422788,4858.643418994072,4704.653687857078,5028.6187240880045,5618.477766969027,6792.437240725064,7818.767499400326,7647.535701163993,7571.09841543569,7364.918843485456,5825.570653753577,5967.188055483864,5499.861055176766,4270.494041111426,4833.7792728707245,5113.421776592554,5878.042404429794,6646.915955508556,7736.899212896381,7830.321925598823,7452.312630750734
МО_0270,8848.810779347703,9193.7424892584,8660.012253669913,8290.360760871585,8888.925293144837,7927.778484832954,7900.453973433855,7889.052339188285,8387.179548940714,9181.518852263209,9439.127863087118,9405.483134953403,9854.467708373186,10330.602617373672,10279.79976160002,9552.68205366394,9910.592120828149,9034.549303738617,9581.5546468853,9737.9328165323,9457.556566914023,10187.669584734513,10324.37037739554,11583.180345412322
МО_0271,9799.005221844323,9959.23254174571,10337.305978236573,10401.289208805363,10392.067795329507,10498.56224850621,9919.857627875868,10205.687684558849,9454.040896211938,9989.68765575442,9569.808917006092,9976.42147484536,10159.820744616676,10478.967442785754,10952.559091397128,11214.877633693422,11104.567223926784,10592.514732614813,10484.833930575249,10060.36215517994,9866.177015047397,9799.375928693784,10036.134043565626,10394.084368979977
МО_0272,9525.8429694154,10168.733272227171,10717.37754477467,10736.862802925232,10338.164198752114,10017.23653624292,10169.991020775617,9411.159406157904,9925.890377673188,9630.86429324593,10130.69027138024,9637.920902108555,10450.05922147983,10530.065477172426,10707.291741902549,10589.34017989845,10973.255008160331,10824.017078606816,10825.963502177126,10427.074349650922,9944.956559773893,9827.3318630517,9851.006396105176,10651.59033173393
МО_0273,4531.029224347786,4906.810257146,4611.470486208817,4599.243633892601,4569.193248352221,4968.224287399856,4972.178500491297,4999.891350722124,5296.236636629609,4992.286983485187,4664.089461924965,4780.054444158041,4422.293915912409,4397.596297853126,4135.466703242888,4010.599186595005,4765.649198662546,4890.817243178257,4897.970131223382,4704.343884616273,4745.4219903189705,5074.404082417175,4491.190751149318,4232.6691375254
МО_0274,9408.520076641904,9039.910110899196,9461.969343417475,8352.231420460059,8504.278716592882,8600.137006676243,7940.1592740422575,7920.780476226813,7966.371402445944,8993.29443807595,9064.464152564991,9815.86082660225,9898.80023309949,10954.895120333224,10728.18442365213,10049.601218726695,9340.870047274397,9773.971350436974,9061.755459473186,8919.623484941927,9037.640414893092,9861.418196750748,10255.625964331732,11158.02712905606
МО_0275,9095.510058767964,8951.468136207934,9069.331699097273,8523.102831803453,8389.48336218093,8561.476647518573,7850.570702289506,8076.372016548245,7871.871593628684,9112.181358832151,9144.470451624924,10158.997798124165,10234.385935089997,10648.584177829183,10573.576967918078,9923.515923558318,9991.962920082437,9123.706265057335,9378.115522240689,9113.016005889303,9628.70174496548,9915.995451795843,10729.155537716291,11007.78747752013
МО_0276,8960.941854528266,9064.858153444153,8828.835895472808,8695.708755444366,8406.826068660706,7933.98113673781,7902.491228558728,7746.516996120121,8851.913548568213,8987.030705937206,9352.637568631702,10196.119163196116,9680.088611373258,9682.781152671983,10239.46165553014,9651.598720599248,9601.561130847467,9391.597019499332,9418.287211469164,8910.781616864133,9643.176677892618,10058.727205757232,10825.352669762538,11192.575171491086
МО_0277,5048.113386922274,4533.2411200354845,4908.666384346513,4348.701460884131,4815.411192598732,4792.467528110972,4895.147906983338,5256.64302030088,5039.150853738762,4401.715963918461,4164.790453279671,4943.540157774973,4717.932871139647,4716.088000237548,4226.679806690085,3993.887144684189,4278.921024484035,4529.447965493009,4456.125654070628,5208.571235173828,5387.98462202986,4850.136062071296,4568.871244005885,4094.776957271864
МО_0278,10208.01707124619,10193.709937088275,10337.34124708468,10600.150538806263,10338.055141524052,10331.342381346136,9790.33215545358,10074.288296613142,9687.682468943514,9898.871277140068,9727.147884445236,9949.484361294646,10014.142786080276,10712.806130712295,10591.26062934238,10778.099740532352,10843.512066679654,10704.553425083312,10095.833179260542,10171.895800073486,10225.126312993034,9951.048876390596,10078.947230239834,10375.972970768686
МО_0279,9872.227504874249,9970.53666959727,10389.742992217643,10709.446306866752,10242.261780890864,10224.17570701232,9802.251405427807,10044.97349892191,9690.018031064195,9509.01911109744,9784.39493371644,9739.333797682735,10050.021867653666,10247.584819159294,10550.892003639608,11182.96314818189,10685.45664189069,10778.6704551287,10272.995874206008,10375.37692869161,9859.365452466596,10034.501246049133,10135.057740496532,10835.207955529331
МО_0280,9064.461047809771,8893.248922743043,9159.386919763076,9287.094335839698,7973.589645468804,7880.341140606601,7876.895748016351,7884.487598002698,8168.44829536936,8371.909357002798,9675.377486616044,9432.54107919447,10210.761828675588,10788.216558261078,10353.475202024458,9767.872378495336,9286.517332771902,9269.650534135088,8956.055766580483,9277.265277726565,9135.958680803207,10302.638399006875,10750.282775739362,11433.39978631882
МО_0281,9287.607019716668,8934.727913341947,8779.79691120928,8568.113565048796,8324.875424223548,8060.025411629461,7737.819118972533,7513.619620700601,8112.72482157792,8800.457559751952,9314.322995375933,10204.516536349314,10892.922059046794,10695.890202514449,10801.698568792586,10293.202492979675,10178.93965897147,9866.757366730304,9426.979780336856,9417.797828682384,9469.770755854664,10041.92498180806,10605.05159658495,11582.33779851985
МО_0282,6773.709273975363,6141.263733357542,4959.943069947924,5279.76934931438,4660.692484472708,4882.961822050417,5512.058532618955,5940.696547544341,7075.669951759703,7041.780938657892,8554.021159165386,7976.064353052981,7115.182325644742,6630.485056904339,5263.812966993465,4930.370917206558,5041.748961587713,4503.4615832110985,5381.918967525451,6068.44078221477,7313.028010121802,7030.180689442784,8388.751171133745,7557.813005079937
МО_0283,8776.154659444344,8726.980464881028,8684.95498196333,8816.157935457888,8098.297961103821,8263.549247101173,7776.85357057274,7698.44889640239,8120.789595451844,8794.356081231086,9199.461736072775,9853.927329964372,10489.0814420539,10800.065564156424,10266.897841858448,9748.893934879969,9692.057184872265,9466.555786606592,8768.967365742856,8977.232337035159,9324.879635982195,9991.895155346449,10471.26203836356,11612.185345968002
МО_0284,8476.47461135204,8633.828213336521,8883.637602399302,8664.298069623022,8015.559198290481,7936.268407224554,7838.202208281689,7890.116831636154,8288.078103475982,8534.882412331937,9696.845847342864,9989.0543154629,10026.53645702583,10484.677504872108,10401.48138571693,10432.460431865284,9497.346045214055,9551.190602077588,9173.294092627082,9642.273067498243,9904.492164697534,10113.976960841785,10629.116707813146,11542.57026820873
МО_0285,4668.488363530734,4956.143659928798,4509.637103843655,4433.168595038832,4534.429691545004,4523.9118139178045,5116.44349957268,4888.454922470898,5403.806826440807,4713.5718295763945,4885.0105326984285,4913.427608764519,3983.837204304129,4747.061866821293,4141.379404061035,4290.706855672402,4496.289648599187,4694.235643569157,4750.86073597216,5041.713861185025,4943.876776972261,5171.365536131654,4692.31350892128,4819.606923764549
МО_0286,10077.107809606568,9817.138830954838,10954.694050046137,10378.72293489373,10777.459518406147,10306.560042990532,10293.025461058687,9722.814583895692,9830.190777884482,9623.23907423846,10079.70012866608,10064.537275024208,10453.77935553329,10104.32129755866,10759.989055769323,10973.19799542013,10891.887971175522,10885.894463791949,10370.099696349263,10228.93494012215,10304.369062452211,9579.936283307958,10244.39227612776,10273.49239940101
МО_0287,6721.894483972767,6272.258882520673,5724.178868768827,5137.284181077086,4676.633441577071,4965.720424434451,5383.557499619031,5849.287167317607,6495.860719794475,7214.704706438374,8036.716094299301,7623.799141684702,6766.713159747197,5854.90795232056,5702.326881299792,4879.719214710679,4822.047027682605,5099.370115277831,4994.1623778561725,5929.910722554703,6713.098500473222,7604.34914798361,8265.356133964118,7328.586212631949
МО_0288,7132.449151779675,6449.068747408368,5409.44216486309,4901.106213113553,4781.340741267769,4861.375546510806,5322.381157891181,6003.039197825398,6421.228737778632,7699.391384893312,8143.155401023469,7693.716900181948,6646.540839254585,6234.416317628943,5558.772404475127,4764.415229881792,4690.679711001019,4586.668637430353,5392.010786066896,5980.193142359923,6328.460864346484,7595.752575099662,7847.900642265112,7890.166713330587
МО_0289,8790.77306970678,8837.775275386508,8767.944835252334,8570.579843185065,8377.827407903389,8118.004803511077,7887.815413388184,7883.013812365028,8163.880166978919,9386.20153613286,9064.301790741443,9680.413580309834,11339.183034208383,10587.880102457237,9942.59802660244,10316.67081522978,9409.527145357088,9591.885699280818,9103.98239885365,9099.468500081131,9999.515219018767,10226.690170836264,11030.401754228433,11517.773640950378
МО_0290,4607.27051993332,4698.204038082267,4771.944869341137,4554.581368937905,5077.211548341721,5015.600748352084,5029.048191072466,5157.495912700868,5150.316231140873,4723.408998151849,4832.218888524932,4690.409639982086,4345.120857701575,4364.468623119228,4234.895091889274,4428.5902837244585,4516.944148733833,4564.853898195321,4376.594750215952,5245.722506557337,4783.1614089824725,4716.412282226968,4493.731055523538,4263.285106484299
МО_0291,9316.344875690273,9437.21476865978,9093.49733471488,8682.03103781657,8530.068639734665,8099.963581992797,7887.933012005377,8065.156033332664,8141.927391326188,8772.105641258939,9333.333142133191,10023.495293427954,10083.238803349004,10680.115540845523,10084.891699632646,9887.81802491554,9517.727544579537,9038.41749298023,9445.237827803676,8956.130827472505,9330.551976090675,10440.277649544296,10531.26121204304,11304.484499081447
МО_0292,4478.357634179486,4750.548834613459,4686.237369308749,4694.27656106368,4766.234424308117,4824.505777109232,4847.256035385823,4889.68743187848,5455.866963849534,5224.363316585169,4688.647483479692,4648.070494511337,4370.389235703032,4056.019442667914,4268.129821645673,4172.945265870697,4166.403691242186,4204.15035310362,4333.78562037812,4708.199393356893,4796.763942588695,4532.744849542437,4722.537875375355,4354.384508943397
МО_0293,9049.913402961733,9003.30955084741,8763.665454622784,8739.946108733955,8061.854633191571,8213.907972910278,7713.1474683692,8206.748934194075,8167.051843403389,8987.95143559808,48437.528404645214,9645.68528704199,10390.34155513747,10828.63997936577,10894.151053631118,10071.619130834151,10218.054838089192,9253.073065707997,9468.815698036136,8963.353672914945,9649.12926681722,9372.29647571588,10358.607772459238,11528.75200883211
МО_0294,6615.168058782445,6294.981782753345,5651.151801629707,4830.287595252612,4523.223502765994,4704.696590638609,5002.782172713505,5846.049363181716,6705.794536284793,7310.343184916711,8310.176012291122,7420.040684396722,7459.736442843796,6007.5993111419775,5531.793921571114,5229.329323728463,4979.041030361007,4771.775381844529,5380.759169519172,6041.557338696997,6614.675999149716,7676.537678455551,8474.02927343631,7876.067409788687
МО_0295,7131.467346543261,6357.028099979735,5140.559850933799,5019.688118874462,4514.582166724812,4682.973499831861,5669.519422661109,5810.602049727076,6483.635711527607,7749.543419839229,7482.742279477707,7501.206897452994,7417.372201881501,6273.820453119007,5181.720668191641,5097.337791146868,4683.868574432581,5160.961031016796,5136.537462749029,6195.750735552269,7256.635597365568,7239.071091970221,7805.104158568074,7849.938551975437
МО_0296,4513.128267026037,4618.764949721094,4441.744333571715,4468.904677023385,4651.208100882123,4823.945106728705,5016.967415906073,4942.817583523929,4975.061210881525,4998.627346848929,4843.17979337554,4538.144057927651,4508.907171514672,3919.148879636298,4078.665569597653,4201.326577359366,4186.538728851757,4911.05479755003,4690.666600338967,4839.035049081264,4702.219940869294,4731.790998894673,4301.856595709658,4331.741892891066
МО_0297,8648.089043896889,8977.823255588928,8309.756283932551,8420.257419821155,8749.019709719641,8285.91917032297,8253.290691361397,8323.156074720846,8418.665191660391,8588.489572827682,8992.114664138076,10188.362362195154,10292.193228213566,11267.249528819557,10249.97060832081,10672.468328965297,9624.57877001744,9715.544358876134,9640.197197043872,8941.661149867392,9390.6237898465,9747.585066068958,10324.990705004211,11598.26817127105
МО_0298,8842.324357946472,9067.082531385307,9124.060647491506,8238.01067184322,8702.64366378122,7997.850605474472,8060.800358158448,8133.824782586758,8596.761490604498,8678.626023651754,8703.771604534317,9860.704479371883,10334.314215156452,10135.577261853408,10408.8093138566,9950.77008271858,9288.167240387937,9523.764516207284,9008.144007514906,9108.59528257133,9396.941831213197,10434.037550926718,10699.93951233966,11395.479942318569
МО_0299,9810.29160023538,10272.824982740674,10681.703795008369,10635.547596585597,10604.551867802284,10426.69479917078,9802.52365314039,9686.395200764058,9668.215019826905,9532.694726354914,9560.62126024875,9609.9710087711,9987.298510839537,10497.259361162827,10763.464299879826,10712.20392742463,10860.414653086737,10586.377659787067,10676.618811950775,10185.979396543513,10204.921138053329,10067.46559458174,9844.39275897218,10323.58989392272
МО_0300,8570.961385314782,9023.532942627467,8774.711162561767,8810.457669555984,8042.606632418168,8085.616245159133,8070.48258119101,8204.130506876847,8063.410709174193,8710.606967672804,9327.714127596808,10311.47728374012,9825.771980938023,10173.094946626032,11272.449508880189,9977.051222203949,9136.65234805321,9172.126454032606,8431.499356247476,9287.203659615008,9762.565333783066,9783.126092039258,10562.857682957148,11687.89172384504
МО_0301,4316.077728005679,4265.391773452616,4441.0348450791325,4356.9835718421455,4572.164512915346,4512.454896658485,5029.6343447403815,5055.188758156427,5257.500823135646,5078.991400039304,4904.454495166485,4315.2067167299165,4547.089724492507,4220.988215952221,4195.293351030084,4489.807991708965,4215.247442859314,4843.260063397968,5037.225211801387,4980.429183675445,4586.720221228064,4245.153847997933,4824.712342540748,4393.076815481727
МО_0302,9750.716520595866,10419.884667574262,10219.675303636785,10409.945173030865,10570.25366836504,10074.149268189514,10054.849976508338,10074.701349825073,9749.00926208014,9916.432680032683,9990.308749000658,9978.16781408376,9791.453305583262,10320.46972611036,10944.233247301734,10551.20100323577,10772.667502123615,10751.167284588177,10757.854456885125,10102.110143139957,9935.09756856926,10016.120105883489,10195.655622773023,10310.468975873402
МО_0303,4964.542991256679,4378.277593122275,4519.047439935568,4625.837122259267,4547.912936093908,5012.898753088823,5013.2255954463735,5297.945651930421,5164.981216364884,5123.885060205736,4702.949106145123,4494.803772691817,4716.55025284827,4429.949202760761,4019.449380711708,4299.246994101311,3880.6057794962394,4398.800262781783,4916.923333217967,4766.534721833059,4845.700873096358,4072.567602980337,4482.570652693041,4443.19720646175
МО_0304,7102.695444408736,6431.250623770121,5404.277384042127,4895.579155069711,4457.991485580121,4755.7189696819205,4943.945430112949,5451.549325078247,6394.774733412926,7860.718552979204,7688.179133164768,7704.12413593099,6912.441521516788,5830.208414546881,5726.162486523916,4572.5493387027,4654.299030350127,4842.07890230042,5311.351224265821,5770.483478152579,6279.999648247163,7253.520180819934,7633.573622386604,7493.507307027471
МО_0305,10091.019731351416,9934.09386452385,10460.074455162869,10531.920169092318,10662.736496219335,10273.647109962558,10237.601261482923,9823.72440973173,9792.6421372349,9385.6872815295,9264.38880408496,10052.241636979805,10348.77736283249,10652.07562658406,10665.85311668374,11212.611437971373,10744.010482618713,10768.899472549516,10571.243587520265,10576.34098740764,10000.177655966056,9896.497066822578,9825.495048879236,10668.46358621323
МО_0306,9007.80079414447,9176.734243970352,9852.536203397254,8795.426220526839,8052.271508777502,8034.691057985229,7704.4442690529395,7889.508421147873,8151.353414326419,8553.993191305,8896.581466756024,10325.523449817958,10364.785706462097,10384.511324027228,10601.090914292789,10202.293160827252,9750.26623475114,9527.626188591224,9198.669506462436,9407.587310862846,9745.98137795562,10103.586982919083,10642.482117716649,11902.586386609764
МО_0307,6839.719318277328,6286.015053599168,5540.902505795604,4809.420039986022,4552.470837629461,4727.3966893050765,5098.457336148235,5537.202616889023,6506.675048385026,7479.6017178347665,8175.518690768808,7807.902379686574,6359.065147168074,6425.837276680581,5393.933989126271,5078.835586794504,4756.050570921817,4815.410249303712,5241.130691485112,5935.30063023667,7132.519818169489,7483.8264406384915,8214.721628389983,8024.961950690789
МО_0308,9074.424807441685,8580.403983492486,9278.749235569849,8591.243248893443,8554.82701854609,7849.655701631837,7655.991861457283,8471.448783212443,8016.902879363596,9010.51424349934,9309.339866264423,9720.530392565532,10258.470587492167,10054.765753383568,10358.57983624676,9737.635117044196,9555.917106742238,9596.559444937797,9231.915277882776,8819.319966574623,9774.786932658775,10052.244598609288,10540.23685846062,11626.001228971769
МО_0309,9864.086985241704,9943.623527399415,10788.731237132302,10495.000198223765,10442.857867769197,10217.915667869542,10317.526342286848,9754.679814743176,9412.549514834938,9541.695239932991,10028.980410690992,10144.050380829947,10207.72113515478,10845.061595131465,10940.864718531866,10825.59170911911,10807.364437464756,10749.197231618631,10273.90291094823,10219.87978849345,10126.074371421228,9693.98312104008,10086.087957593183,10279.828708701782
МО_0310,7264.398343572122,5748.24683113391,5367.3849579203525,4834.069363347341,4886.058084821775,4786.439838059228,5587.156440095101,6027.324343738585,6569.774203009974,7471.658327003662,7662.541118461412,7903.743726424658,6689.738923643549,6060.103929850363,5617.173800739971,5238.258391646517,4357.525186254686,5126.932861604038,5233.191282543589,5509.4216525757165,5994.361456414676,7045.260929944817,7859.462544830298,7708.50890635562
МО_0311,7150.56070872756,6053.855259280022,5213.646090258413,4847.3655006588415,4708.30247186839,4839.249568176061,5038.256536909488,6085.278665744628,6514.513362952814,7147.35194248099,7605.03676058045,7972.150653900864,7018.509678054832,6091.499343349871,5723.871249047576,5433.963308261106,4798.821311195404,5098.174056299231,5485.289118062414,5798.440852223654,6766.29554974114,7115.167974145199,7801.443098119322,7537.669717811448
МО_0312,9817.701205876228,10026.652729376328,10337.76872363532,10610.980643980138,10434.902041575073,9924.01182180532,9927.6352700248,9562.572051930736,9755.435875557743,9769.947264068684,9816.595926413936,9820.741543910524,10310.695964692472,10452.51308292059,10535.826344667415,11046.165116102484,11022.1462719543,10883.22519255622,10319.937966292822,10462.86129159768,9964.928771802985,10158.54016671835,10021.42396257615,10296.098918771331
МО_0313,8271.478682949066,8971.22438822855,8997.623405267841,8603.58526741853,8826.06707766257,7805.055568970675,7800.075204939867,7769.949790718507,8112.031705305357,8979.564077776877,9696.902717857804,9639.025434861844,10051.867150143204,10098.285953395472,10777.022689495236,10403.170637483528,9639.260699741251,8950.976927815092,8809.590304963904,9267.640016171918,9686.583678785366,9450.093176645803,10610.311124887974,11934.014242731795
МО_0314,9854.168236447502,10485.962760959568,10533.14459729809,10273.411285394492,10398.822362283863,10274.558963975098,9886.740239700626,9668.250382403046,10004.938515815244,9484.866312115331,9979.29226378965,9889.909861130423,10254.656903136529,10670.485966282293,10650.15895875765,11007.785633360478,10408.443973178528,10772.955452380793,9943.05302147218,10172.701270907291,10237.201697476334,10152.20199358142,9864.823435588742,10103.192197768112
МО_0315,6782.297273290861,6234.656114939065,5024.48886640564,4925.5201048661065,4760.916525921909,4740.806466169503,5310.2532317614505,5922.529388587697,6535.325884647792,6848.865721729406,7813.4213669593055,7351.009703494893,6894.5348845327735,6384.286633404678,5837.4519610014695,4980.032475467184,4865.383863832466,4580.231649614696,5314.546205740278,5926.408708031167,7099.735196014474,7329.536538495109,7790.000430378376,8063.222348406125
МО_0316,6946.107323657001,5919.90933583466,6035.5464012084585,4720.0297691348005,4689.823830488447,4861.739400666437,5255.795567497581,5825.383910943818,6629.291720272869,7331.157017124745,7432.550463746404,8322.556352952972,6994.0733093529725,6414.442116730465,5442.371720759168,4917.342637383204,4672.8318310738005,4560.96816324796,5228.90475035023,5844.694617258136,7083.36703205862,7139.641894067708,7686.154033378686,7456.029801472489
МО_0317,7385.834971821686,5976.878557565449,5573.889206559914,5123.128440908154,4674.57432800723,4537.863510885786,4923.7012321636985,6075.141101190096,6350.062294657168,7517.335018744398,7807.465444350227,7752.7373883168,7190.251493520128,6033.504128297707,5304.6295065310005,5132.310268245341,4640.440224912545,4347.160221743519,5400.960979517211,5699.418780885214,6886.574688158843,7918.830247355876,7870.935449775436,8042.912962090249
МО_0318,4747.16555072746,4933.181238174371,4259.65353069398,4522.14287758036,4798.666914108354,4761.240561868502,5271.118410392311,4984.2097732750935,5672.697862274206,5591.2484512429,4922.974736261433,4768.78071382361,4708.839097466888,4044.074507396007,3961.7790556560217,4536.780702563677,4429.911013037884,4475.8826928747485,4688.852004962583,4257.04293824121,4771.535423027521,4560.537031214051,4786.08596388416,4591.52464955435
МО_0319,4848.608911571878,4647.760671393231,4167.956401703945,4659.596574903514,4788.178032840775,5115.568193806996,5531.959556301817,4679.769297166684,5016.700361921047,4845.15575158895,4896.079234487631,4641.932147060549,4384.842582496562,4517.653912517228,4003.714162947762,4044.4300778143233,4151.496241177242,4446.034009654718,4407.034884341949,4784.819358037023,4777.520799289476,4552.911725024806,4775.495231114562,4355.701041303121
МО_0320,9182.7621808654,9000.031396069753,8966.558464697715,8564.253957175555,8371.327487367796,8256.59764548008,7835.782831174478,8108.900127177866,8051.667846126108,8906.492120293435,9116.339915084238,10098.573558765478,10291.084376601104,10943.089633209476,10010.211736411764,9623.37652544695,9492.835454549322,8954.062390839892,8789.508247459644,9393.861119437866,9527.061240981551,9910.735031415796,10589.433828412431,11166.59414809084
МО_0321,10229.25860158851,10029.538679667636,10125.969011426329,10667.115947978677,10414.831320309178,10729.74933029489,9971.396139698722,10025.826409049732,9920.342009242482,9571.768688979582,9622.31649388801,10125.65246229091,10378.564354696917,10257.73975821628,10537.88942212043,10345.1325174166,10973.175769972242,10622.858878177674,10412.444867055889,9879.044919929833,9845.174176088649,9931.241970226343,9989.12437656702,10366.727954696617
МО_0322,7136.350292226282,6776.490156699151,5445.558798159098,5152.978637298141,4548.439063516251,4484.069014684131,5127.071400749574,5506.370992809419,6682.387343666082,7172.91738745633,7187.443637449112,8185.806164267706,6905.790679217304,5865.982674585234,5717.478747809034,4844.355644706131,4970.844094258319,4712.379469223943,5149.969423025218,6023.135201098712,6921.393754912927,7723.518113374651,7837.475455406174,7894.018824414803
МО_0323,4889.740624675503,4602.690629938799,4460.051334420024,4208.608081559648,4780.947653386779,4816.933533989708,4874.174806561403,5429.055431307518,4762.651632549283,5459.157857583132,4848.627645619773,4713.055890102841,4349.694549018309,3948.196725539032,4200.958387108431,4332.453301178865,4519.906669008019,4482.2591077785055,4199.664412159956,4440.618993541008,5337.712773433328,4483.777685007621,4909.449621223947,4169.3337913693385
МО_0324,4668.020165030914,4701.459573690676,4311.489600024838,4898.8842507962845,4657.442560669291,4918.83339078638,4909.888642871094,5263.587672520461,5535.245379068347,4995.454638481276,5292.5226767441,4499.115434027622,4609.238374308065,4397.641224912615,4010.292085547489,4306.335040376452,4371.247203967315,4337.808365103239,4770.884578817787,4831.665944408818,4799.764782569484,4719.315887962326,4550.8264609076095,4289.094406473744
МО_0325,9924.84692140373,10047.927926404083,10964.712711625749,10206.839717544692,10338.256828971978,10197.370357118129,10496.63352726785,9600.757753531589,9790.98335939139,9720.262286526176,9831.735765192085,10226.389491340457,10512.460924203291,10456.51871584505,10820.3253274355,10485.178414497475,10864.796149187458,10510.396734473385,10407.399801356683,10276.503870650096,10145.60793994351,9692.121578684417,10154.420652777357,10091.713173072903
МО_0326,9730.369787087322,10415.961227580354,10520.27502601711,10742.72502662434,10791.303020665726,10143.041936129604,10383.563822023603,9572.88485597902,9853.881687651863,9577.130020019533,9586.32350648613,10099.98681462765,10455.663062913038,10746.177272251149,10824.83670715045,10912.22660032652,10958.148370186082,10743.705009343055,10559.98478866325,10260.737417802844,10234.855771499677,9705.575992012264,10097.804069297968,10060.00630228372
МО_0327,9952.05200304932,10517.950032969047,10299.180156055398,10525.38292809851,10619.327878195743,9883.732881157532,9972.212861728529,9929.747345746417,9161.441692527913,9484.971049636786,9983.76836060042,10178.774889391592,10337.0144095701,10739.071940164562,10824.889607288233,11005.031960638484,10775.046128309692,10703.394933794754,10314.981090212035,10480.479041358432,10374.746571952712,10307.2030599717,10042.049989025389,10146.91014803921
МО_0328,10153.15195005964,10289.488756352828,10465.851070795828,10366.423558763445,10549.297472914965,10079.857844590932,10205.491605851965,10133.253637674728,10029.837111444209,9810.126829628383,9500.106602280468,10016.075213221258,10708.50575336299,10369.538202736505,10765.669915302777,11195.536902719712,10977.94949605616,11221.682536116836,10294.269007586212,10018.6625159288,10313.213731006992,9789.664129560591,10084.585713140654,10328.755382183035
МО_0329,7266.70049200584,6342.325554264547,5550.475805542716,4849.43198703282,4936.137698448459,5632.546847930505,5345.622325027901,5893.2141280752285,6340.602940490271,7214.0561572449315,7705.682243899272,7475.093917511347,7051.353919202391,6724.754587181596,5797.853338199934,4956.032435666618,4534.214337887645,5119.329404182548,5252.291796688473,5544.212749464205,6954.476747427368,7803.3887328207475,7138.267384147343,7478.098192646174
МО_0330,6940.991255970372,6372.903827423865,5338.641366546621,4766.790088963912,4840.750604149208,4705.800299357348,5313.808825254227,5614.5083637525295,6326.803061628183,7627.357013164514,7850.735457265183,7923.705181315029,6907.163331070522,6067.03839257063,5824.247541872185,4692.851843197997,5003.018601589748,5115.877491655522,5446.810813511365,5779.414339577812,6541.898607672121,7427.047423756002,7468.579592043614,7437.188837887919
МО_0331,9068.35298524981,9230.9321499732,8694.93378589193,8888.551981379302,8487.996321671013,8456.558074116238,8069.688692804765,8241.375934546826,8369.331329687751,8965.705679095287,8924.961898274392,9807.932059862398,10260.269911576132,10378.818669319971,10501.775900985607,10252.40063136843,9784.42250875978,9284.41640895687,8961.780376888457,9528.863570242413,9628.752257647217,9751.786800588432,10651.012382244153,10789.19095588118
МО_0332,8904.081330146426,8999.132313167947,8819.752151342704,9134.135069081283,8087.658398228809,8255.15162381149,8470.944869214509,8245.997390504706,8242.597305176954,8414.756462861036,8904.917996134305,9723.02938484199,10062.731086481572,10231.724658263916,10261.90375516284,10028.319932227289,9811.7458804986,8993.587016087426,8976.171889862935,9176.260036893547,9472.540210304844,10623.85194558935,10787.98452739705,10831.256683210751
МО_0333,4810.335815652094,4682.797937853023,4463.962302113737,4257.69053252221,5066.158345611079,4556.408250082079,5143.17309478766,5144.248905836987,5271.08797385882,5476.3324708490845,4992.272978581564,4511.038469422831,4688.709775797126,4158.09743631167,4265.123265462008,3993.797521660506,4149.6168782807945,4538.507338380559,4773.29073083225,4405.07513405268,4938.494999678043,4545.425191435716,4873.4093789038525,4292.470220566781
МО_0334,8599.80872323734,9073.46026563628,8729.784873589491,9048.046252541491,8373.230526823505,8045.358630181827,8075.177441033354,7746.657480873515,7937.410233552637,8813.278396808084,8975.291850547143,9524.271939165565,10533.401575086384,10620.982064104926,9980.29741624366,9874.013580122626,9411.307784522318,9844.719648075094,9414.218240412907,9104.643292731906,9694.391334448355,9653.52718524549,10499.064822960312,11404.290951667
МО_0335,4818.532240177101,4534.612524735666,4548.0285671511165,4541.755182784493,4602.0469919383495,4736.135769747415,4871.093104366668,5152.457175508211,5221.251060320368,5078.47328473893,4576.248312380389,4412.821165969554,4525.834228470088,4619.083275338763,4262.747709839912,4173.743261826036,4418.927836042617,4276.726041299196,5003.205315382116,4841.412679841165,4658.639253396146,4696.196614948984,4452.463584886064,4664.795967616713
МО_0336,4663.404800693319,4592.299515658845,4622.702563044609,4359.50443102887,4684.998268788104,4873.199109913178,4604.010038479893,5157.807939749296,5103.40598591679,5061.136375181784,4862.685487997988,4699.325986498242,4743.26155583698,4045.629750367436,4158.62946646235,4404.944455683427,4475.984673298056,4632.048088633489,5377.9672761932525,4946.022029644239,5097.463944456918,4663.373534250956,4349.947388716782,4300.557761201624
МО_0337,9086.660280147138,9164.014959070024,9082.280509366712,8654.24684207224,8279.725289238853,8038.55980839283,8107.382577712545,8187.689154730715,8005.064590341596,8907.371767264001,9096.99315442005,9983.277422157782,10213.288406372223,10957.81847872043,10233.693272452409,10113.173204531891,9847.539859283212,9092.290809278962,9141.779871049814,9146.875395880925,9382.50945875424,9922.622542149413,11076.502927034477,11166.154281015808
МО_0338,10009.882736981945,10242.406697596178,10110.822541195332,10608.208728698835,10168.307008327489,10431.25468522994,9975.188782445086,9859.269376109774,9459.862535584964,9695.795786578989,9949.10362515334,9816.900218035644,10136.080442414208,10647.627969600211,10882.3080696051,10366.310106453491,11289.285820815616,10792.115170500712,10592.890772459745,10189.664396347996,9697.192209392226,10162.85251650073,10010.551535532137,10455.449804904543
МО_0339,4659.544871147347,4611.321909070692,4321.2441674591255,4723.812306358875,4372.177290704561,5377.950295674448,5565.178412933304,5526.263042136031,5451.932918468058,5007.142062097399,5145.5728513681415,4616.56892722476,4104.902342097262,4626.370566749556,4476.020653587491,4253.872578954561,4109.991087419483,4396.104511784624,4278.379571205086,5028.546064511192,4446.115582216653,4803.929683618593,4382.523507671279,4067.894018673161
МО_0340,7038.513242873569,6106.310921846622,5635.740910162097,4684.478544912067,4561.677535195046,4358.042813854218,4764.786916788207,6307.518593051673,7258.929118040263,7427.873945109946,7519.9032273872,7546.038593831568,7306.802219242929,6135.546960744467,5568.3925015664745,4985.0756314886485,4651.689632446106,4751.598269176467,5324.716761537798,5712.970564989144,6882.332066165226,7349.758580674985,7905.835138913928,8168.776934703823
МО_0341,8849.870872697797,9306.1334313316,8503.406021987723,8588.031999289224,8380.055416463729,8562.10076521585,7480.070745702991,7960.752932240834,8618.941921221218,8503.334098009056,9217.283924181198,9942.275871957674,10329.293484130496,10957.812537244534,10503.221206446082,10467.902634057704,9566.081051201809,9128.760223066827,9099.95179840816,8905.212575347105,9667.473617844022,9938.663970094978,10499.33483651367,11539.818558923484
МО_0342,6659.964311637017,6382.085199218965,5346.635917728114,5161.992636920573,4628.6882799376535,4917.52392071023,5237.316139189879,6047.051076539176,6707.9021679923935,6924.007554759086,8091.856304194364,7609.925454724052,7282.275631718489,6438.429527657677,5347.714102304648,4808.41256184675,4885.1364926281,4794.161329554154,5463.46856388655,5898.432367503136,7041.525062381452,7617.611006029503,7956.788149046863,7614.088224798314
МО_0343,7036.844615057874,6490.820173776585,5438.114708686275,5033.954181572935,4710.704278853253,4818.742060595338,5570.936180274928,6158.811706450866,6699.711973202,7464.12931400206,7556.677426032619,7584.00808622249,7143.755857768911,6479.862770319466,5683.515083897299,4771.155195334338,4948.390298372595,4835.4674362166525,5058.889692009322,6266.826225725924,7166.515431491233,7569.147944144895,8091.856324476803,7969.794126175666
МО_0344,5051.304048539139,4725.701527679373,4203.46324527562,5002.246471989954,4893.769754044937,4685.874857494647,4726.336408217611,5223.238012215476,5044.422908837331,5112.009069613187,5037.851548992615,4509.284544092736,4195.667436444477,4374.986869349182,4119.055085282671,4291.779753083814,4085.784488051733,4470.139911087887,4856.797192811473,4943.993830597936,4631.025629899803,4466.832324111995,4574.958161516903,4492.9622922946655
МО_0345,9003.414405869486,8914.81737517608,9053.600380113006,9111.625818472785,8424.78712959477,7695.61909380536,7981.583477682073,8488.638224337432,7937.830016707347,8713.73647284247,9213.5526135561,9872.175797067172,10332.313260404784,10818.728156511072,10389.24644956935,10452.051586219191,9635.88546975544,9236.301666110425,8979.689662093111,8731.15156287535,9607.4141435066,10693.423798184076,10861.37195514431,11605.11798595684
МО_0346,4614.512661148491,4501.433607820097,4718.6618639637,5001.967827440014,4998.198110843562,5004.267637393908,4984.77935804672,5146.73633602456,4925.968447974388,4677.128473088663,4588.115857727498,4650.387732157659,4372.164592982124,3987.404467713881,4222.498492298748,4193.246279184188,4120.76007305276,4443.844560800449,4611.641937518763,4650.826705469436,5045.666563601918,4305.7340976731175,4139.269900044056,4369.396447545057
МО_0347,4733.496698990743,4649.796019769265,4372.541881159999,4321.05907399007,4638.143907282132,4701.821268592692,5377.29350991975,5011.150274336212,5101.512186110729,5690.8728127706,4806.991198035784,4769.628603257606,4582.172824309028,4451.239858710512,4292.063179094301,4302.037545249423,4391.613886150004,4398.348586692563,4763.142085332678,5308.499093921975,5117.829154582758,4808.035711230586,4771.214377992159,4182.887519638806
МО_0348,9845.696714373664,10372.95271428784,10711.193702621898,10338.01003615707,10359.191829144114,10760.394707300236,10096.30934834365,10223.734821881324,9748.179963497516,9719.831925079616,9706.867581361554,10166.477862265056,10542.347824173505,10335.087675084262,10702.709997158108,11084.483987935622,10815.226674461974,10573.776402804211,10659.329990568334,10446.988813951166,9973.689832286338,10069.308666342878,9882.583396020596,10158.7469495616
МО_0349,9921.737187378498,10184.560089719258,10198.171804496662,10349.3658005351,10239.421294526464,10395.218264507166,9688.038081987215,9660.188644275506,9352.882830274248,9753.489643175148,9420.505785051948,9982.956660240145,10601.920896304924,10910.366590868303,10396.069893003114,10948.614439496776,10630.918183851862,10426.82696011773,10422.587457203335,10473.105017125568,10185.209595546728,9884.243290951288,10268.121858964378,9888.481099141998
МО_0350,6764.882719484325,5987.770429222743,5467.021135472214,4888.30539572501,4675.444219658094,4761.391549289734,5204.496558046959,5997.962879991754,6718.477892822034,7316.679115161318,7897.737697120509,7893.231615936888,6900.692172416221,6248.232850885639,5778.113935903881,4772.395547452744,5114.967830156102,4599.568754240006,5190.406929421061,5719.074851277493,7377.28336902031,7340.424125705371,7709.649865858792,7615.081915599825
МО_0351,9916.071028590128,10111.525232878374,10369.701689185877,9783.140254809729,10471.834117707884,10304.70774512314,10288.390225796564,10119.112273314193,9671.5568032151,9831.281605817649,9553.542949980014,10130.914269816987,10143.115556219063,10304.191679812626,10738.487147320297,11192.614822530695,10882.609995396191,11003.071751717407,10291.00349778381,10435.377780757004,9933.37450947582,10071.9194012133,10168.321044565451,10480.061589081131
МО_0352,8961.797746503787,8854.307158324915,9213.197674550796,9174.5210807538,8227.72678823905,7649.10535447069,8052.804368095937,7904.833982785192,8218.014040597442,8852.450189231347,9150.182279610824,9764.742816740792,10241.468772156531,10926.294016983418,10372.207419532711,9693.061197245395,9329.183655953047,9372.900066078888,8856.55597051043,8798.14387648055,9711.66503954587,10262.98668882248,10595.416238214184,11469.066763800449
МО_0353,8944.978191935608,9217.945140150843,9137.348770345268,8055.111338677263,8312.903116536378,8208.60325584571,7835.989144073255,7992.4389210943955,8438.315168596353,8727.131206078042,9705.60113805578,10182.324993845914,10287.691979819283,10393.05896579265,9513.559095432864,9961.0793137402,9285.23776586863,9395.985677014283,9203.896562178485,9414.824800615605,9935.972712038749,10046.46531489603,11471.641835447295,11448.0261812996
МО_0354,4412.083425832372,4430.484745190633,4409.035008469335,4659.942346375977,4425.209304750344,4735.702364335803,4936.120003751545,4980.2037633412365,5326.887077300155,5192.206716202525,5145.578107407994,4562.676205749601,4711.395780242181,4008.4825002104703,3946.6770296456048,4009.6607397126736,4371.650635104335,4807.358429512675,4547.258428884756,4683.48352816226,4765.466161668151,4873.118736295531,4463.477202149228,4253.702370721152
МО_0355,4404.329641681388,4428.347721088461,4764.374549647283,4544.615015153216,4471.336455842855,5113.254260051524,4832.53385220239,5467.790618039639,5486.972297662633,5042.456201172375,4503.62168875494,5201.4406142682055,4523.208705364625,4222.461466417813,4437.537375115692,4412.8108079103,4665.649208172169,4379.398801102348,4761.464471139913,4520.322475351665,4980.413801395181,4730.095795623758,4636.036654545789,4336.827592980709
МО_0356,9847.572170062833,10002.950480616428,10562.971127766335,10816.132847817593,10344.061883778782,10415.712997855664,10164.36924503916,9859.216246245958,9416.01098097733,9423.558468486008,9614.994546035732,9558.823231490444,10552.948880621669,10629.134681443858,10771.963324523604,10417.009558958129,10454.87706274146,10678.131801248124,10866.172468674476,10077.163629660614,10239.15821961783,9930.855951325057,10135.541792160388,10596.655134756342
МО_0357,4630.015650068695,4402.212914979284,4822.038236373479,4534.317651611325,4900.025099206897,4644.884003925745,5338.610017488132,5163.208613913356,5227.513013549231,5061.557231055759,4732.8881565108695,4638.432366620838,4339.36627491561,4502.306847722144,4187.652537004798,3953.3817706206655,4017.697133446444,4152.426809750124,4833.30331557401,4528.096404167146,4890.0403218948895,4767.973869840121,4556.587278200844,4465.498516043171
МО_0358,9928.513726306915,9641.243809318446,10330.219031983092,10588.269990393594,10808.703048293668,10654.40981244368,9805.875146067698,9788.911006180928,9408.57167941876,9970.61654936982,9966.212030224951,10046.823136931129,10294.05576287774,10846.661567672314,11042.732232994247,11138.47816219234,10942.776830366232,10604.306105852984,10607.774945336969,10387.109426346808,10025.488512549877,9956.441639395429,10356.452094114667,10692.334075867157
МО_0359,6765.843405778361,6123.536089812197,5526.962463242111,5024.986548575067,4604.749946733639,5169.983899120319,5288.372251625799,5995.864545875179,7165.255693111789,7268.632411547391,7744.393364803286,7263.253027275483,7007.4140472111885,5900.975570529533,5683.203285101302,5072.119041231891,4706.2915910630245,4833.214627836891,5425.36588612597,5676.772273042199,6814.516379374901,7702.238625290803,7324.430882921504,7943.533593722036
МО_0360,4332.54316913451,4530.0495196591455,4238.136323979405,4859.614177646511,4379.015906021214,4426.102277862069,5009.315201216263,4988.781531663749,4744.404857513502,5162.3065401005,4393.975578609335,4404.596034385716,4310.685396679326,4467.029805520984,4513.471538785516,4502.063426256419,4336.2780297681775,4009.4875179420624,4778.727335985955,5162.420372097207,5123.745839523859,4846.419447435681,4307.3989538583255,4255.427587072244
МО_0361,5189.039173449298,4245.145600152996,4241.432729984722,4742.309702527189,4540.885833907205,4530.9928527328575,5371.086260582087,5211.822724968352,5018.375131018476,4748.382253184836,5377.264014707521,5067.38655714683,4757.509099586138,4487.493351934923,4121.627474749673,4152.662366863684,4697.337307030472,4870.295977962442,4266.465844628316,4930.1324802981535,4788.108844520042,4497.07221169331,4631.573568249018,4083.607374149682
МО_0362,9805.227030310713,10016.915824826492,10293.886403180662,10483.631658296184,10249.558771438697,10630.298805436429,10176.797616857111,10217.847862029164,9676.902413252705,9566.514439963406,10115.933581705907,9861.94613802981,10223.396627413033,10704.301491417942,10514.880822471676,11039.39915181831,10970.533793914934,10953.19535985559,10633.88511084123,10488.131537272637,10041.58542665609,9855.121946909196,10560.737967372555,10031.306058564767
МО_0363,4386.502338949063,4687.357529581243,4872.184913398868,4567.08095798044,4877.560795154589,4350.273462231306,4853.278054574869,4637.518682786782,5318.635621612258,4654.019045813276,4553.601356788221,4759.591560312835,4678.366672192685,4257.423604759753,4352.723785770246,4376.661095952988,4322.82329754386,4285.741447062707,4820.492892238129,4945.764884398257,5037.437300284253,4809.995000685669,4311.92471267928,4522.105055733614
МО_0364,9896.855687934194,10080.370038432706,10336.210106379209,10354.690209983048,10647.47597893639,10012.981752531665,9878.641500157562,9793.01389222032,10026.368451763905,9878.200227916615,9451.057450448205,10249.938061574208,10540.585853136494,10306.394774679517,10248.351114799769,10867.756526997351,11089.453032850492,11023.9475936002,10265.904645651728,10583.374253241398,9625.201383464406,9953.096499553862,10040.222119191636,10583.45001359413
МО_0365,7343.347899108673,6429.158992390401,5163.31624548815,5101.13762409368,4798.698335159594,4484.73484607063,4787.202118249526,6118.605582087346,6630.527819090384,7029.554560860997,7707.389489810789,7748.678682651107,7032.545363957586,5886.1100292095625,5947.811485824388,5192.044425480202,4695.327776395452,4795.725319893107,5338.82814709557,5678.174538826735,6846.8962078891855,7101.466609472588,7843.4991201847,7375.899294503594
МО_0366,8601.237688267565,9511.021078556072,8989.026487179295,8764.44057116914,7882.794499748894,7938.589410827744,8043.603473327739,8030.397018932631,7734.112738027036,8760.23808358062,9378.89861198613,10230.328038937823,10072.326331080229,9774.896325364753,10057.560646744629,9733.451347730695,9886.05457316064,8603.280280617419,9039.375757256512,9623.26635437584,9530.317553228258,10328.411026545786,10198.203968293345,10835.026713576788
МО_0367,9286.538731329802,9080.379821419889,9000.912924486684,8422.746069658759,8398.45130712131,7808.926708460542,8220.630636452117,8664.591704818073,8371.05478492571,8541.70429463526,8597.36553626835,9358.73247923629,10762.786445505884,10137.118701113604,10248.20666668188,10258.845157950567,10109.671730914824,9278.11172820864,9051.23132376294,9240.153624768547,9350.52536186475,9882.785146679997,10846.277968752998,11431.840990882944
МО_0368,10328.187698694848,10267.89151239346,10639.451184392668,10276.081573634474,10570.310097965665,10153.16108640775,10156.905167849258,9994.300824508511,9717.620924976718,10149.16296360522,10049.300661975689,10214.309483260558,10417.951718331167,10930.0069425635,10473.063764705768,11185.858911628797,10630.434909975307,10558.782083623204,10564.217361440067,10474.1375085056,9834.25715464666,9924.374713841402,10144.118630551708,10303.847827138026
МО_0369,4916.315819407295,5410.865036508838,4587.151379918991,4360.71875820233,4348.603053198814,4729.247735333539,4747.504530469248,5213.515230048422,5232.019505358488,4913.243495011107,5360.499279278045,4471.34041005229,4410.051098487636,4430.758234384783,4423.34380161116,4541.582613352477,4464.266382558999,4771.0885166329,4532.964786570828,5021.762385663824,5040.134246581117,5107.637953306822,4205.476353139976,4174.946074268957
МО_0370,9117.01874541768,8360.670497426952,9106.495613736215,8991.454526416164,8229.560502309096,7978.416483838659,7681.514221660291,7859.818127082082,8129.379591157472,8529.439988336208,9073.292679120164,9764.112186987535,10185.401810923317,11059.651861233708,10241.03023140412,10163.52166793844,9504.043881670092,9170.187955943682,8705.105531955409,8795.752137405632,9189.409836220431,10109.94760587581,11064.599558348324,10775.16393289565
МО_0371,6820.274259091851,5859.118471353492,5392.612570682881,5144.815954259949,4618.674347528371,4785.679734647092,5511.494501875473,5978.266781716774,6478.472190912549,7447.56576717235,7518.784275200381,7766.192150488961,7202.8469904537415,5929.787639281593,5554.492362016787,4964.218517453252,4863.557266972654,5016.751592155806,5364.078871427403,5869.01559505122,7016.198762976003,7232.668924127214,7460.970802124063,6801.541146140762
МО_0372,8875.941383019634,8832.456437179579,9080.782902713092,8209.9240675378,8212.098652164328,8196.881305594148,7691.730017877599,8082.389695304328,8113.675625151791,8697.404921474796,9443.439932839912,10129.254239668491,10300.818951757374,10202.770004310756,10221.431173407986,10253.192877868589,9378.185129278532,9284.10370149939,9056.332977215156,9191.774676243764,9244.07854074446,9511.015136802627,10881.758462193313,11702.093162443349
МО_0373,8429.044167016149,9153.60093013508,9269.442752992243,8867.188935354041,8269.084184493766,7856.496467909783,7952.371251343414,8043.332058576409,8274.147460140317,8659.04904645542,8979.875531012642,9969.440206560206,10418.408238620124,10518.169866179323,10397.418838439706,10578.863289453126,9490.511454783198,9699.639395422206,8962.238947854941,9532.22723290576,9887.41455323332,9966.379807599678,11260.426110817758,11529.567958150908
МО_0374,4508.633921257169,4472.308710791816,4753.73819471161,4737.69131911344,4400.763518457462,4773.43407991695,5026.92146237957,4965.413700860522,5755.099012415563,5087.445869065394,4839.051641203416,4923.418714492845,4356.18708521152,4513.098631816633,3891.935383550688,4164.990589401156,4604.958205545213,4896.588462093335,4508.510471825846,4587.731911896703,4955.849430080354,4590.2800202810695,4510.375787827204,4564.37160183006
МО_0375,9790.01195206186,9785.837682140624,10130.232832969956,10500.72006816156,10077.22098034487,10239.998904940136,9800.19997120147,10186.298176012664,10137.54950439643,9469.54423665824,9816.637246159888,9786.820624864224,10196.641577616372,10938.778186012709,10678.284787921595,10821.38178442269,10640.797199401191,10926.253907867977,9786.2602533276,10128.859996740124,10054.55463089156,9894.93662635263,10300.725822773573,10593.973129146954
МО_0376,6588.865484282657,6728.917308378805,5148.3213252122,5188.808238924559,4730.24089394982,4699.145600800892,5115.381636208853,5861.902099457463,6734.375616337985,7132.946841899574,7699.44941309014,7404.839553065516,6721.160116109207,6061.651702055749,5267.743396997605,4904.49739864837,4841.778047429032,4876.155798294305,5695.067652213207,5437.919442822255,6887.1821351612825,7491.637769536078,8126.523623367422,7953.557407299279
МО_0377,6925.865921267008,6231.274213460709,5290.10603307184,5050.594788765438,4361.552099488444,4946.111966136565,5195.016222302411,5756.514507857903,6616.635815522855,7353.399883976401,8185.780554009908,8691.108048041326,7408.719297388334,6123.058690497193,5656.426493310062,5123.777621888004,4585.855125436953,4614.007462557044,5249.303745138994,6135.692550791722,6337.067063211638,7276.825505697288,8047.91046504078,7741.764533743279
МО_0378,9280.698730815548,8677.543985858878,9629.128520324964,8317.325286492296,7878.590026543963,8067.779364904073,7667.625959408337,7974.486124503651,8232.171719299144,8654.987282168873,9044.82926312223,9972.42187225823,10174.946935914992,10806.95066745527,10306.9312911823,9772.194663931716,9192.542451379411,9285.76305795312,8819.495556832859,8854.369137924386,9680.227314642729,9532.231482653246,11176.701345599931,11423.073229099384
МО_0379,8882.946816716796,8776.139189596028,9181.20946790025,8709.316793433276,8202.516270886117,8130.64614526908,7542.526826509342,7601.533982825229,7977.747329681703,8797.739061101562,9275.419379580244,10158.524079553454,9992.64111954,10636.79903985887,10327.514670421338,9778.529751842763,9782.382843544288,9315.366052823114,8990.488962434863,9231.945933558176,9491.301552173463,10008.135412659494,10581.29456679603,10932.011605834565
МО_0380,9911.93938839372,10016.066297983303,10187.275218218452,10448.210546056342,10614.558711091237,10339.349862864918,9970.411698483382,9745.618504577144,9832.170525805728,9219.400425012993,9923.351832955055,9609.617361798972,9973.549741189172,10443.287258457209,11256.530780792858,11254.78203619871,10997.585473807118,10755.051687192365,10064.34702980711,10251.047385092665,9953.84611255938,9864.1930254085,10155.744567479824,10245.335417960094
МО_0381,4920.0702410752965,4136.354551184641,4508.857307138556,4329.455819408027,4545.7752330651765,4880.560966220811,4705.66084541279,5135.044215112845,5061.077221097997,4864.983773587661,4741.154848111276,4603.11387162957,4269.36884191364,4292.9207074927535,4171.953329627181,4132.293549236844,4731.168369385912,4621.830508150846,4597.423328881465,4831.562278435785,4576.137279912825,4633.229509592087,4498.776615769892,4104.651743522564
МО_0382,4802.927040401181,4443.009490415607,4412.846068104606,4397.168123943372,5379.710715599929,4650.143535025733,4487.060294927104,4701.493613641574,5313.025205532681,5375.842780738142,4691.34588139806,4945.153871329348,4604.054506515463,4250.933426434574,4175.653476617194,4299.24845622405,4565.613348594795,4617.68534817294,4530.313748271276,4754.856394355587,5318.862332354797,4795.382201109757,4774.43499137798,4488.213987550115
МО_0383,9951.386377612878,10200.315987919408,10585.591708794544,10650.614241218622,10515.221360037029,10159.096088314593,10154.895425328254,9844.417687415536,9648.267182067404,10204.412660528642,9470.317415821874,10169.72305573985,10084.416405264132,10578.975951845514,11346.595484164647,10675.990493870751,10687.432710083707,10674.892045980374,10270.753413521468,10401.248510584432,9956.77139688841,10158.643442743838,9858.752784728322,9975.260632188443
МО_0384,9851.906812151106,9863.830324828286,10717.858506075156,10182.276910666038,10245.025364221354,10386.60628284329,9959.40610709132,9562.76548228408,10112.201196679396,9480.262871604287,9728.09698334068,9934.970141514688,10406.711182714836,10649.27452621841,10601.653403881892,10812.773607405652,10794.184776941303,10839.793120252583,10205.0049643141,10639.855810245086,9912.135188237768,10024.877293649191,9892.171255501926,10077.261415753072
МО_0385,8415.234091518068,7801.665122568917,10231.203448114751,8407.946763597662,8472.446946394146,9285.575281419322,11480.761327238502,10124.705816349153,9467.513392675735,7556.041727996283,7703.16372781147,7424.312606652684,10893.974985559911,9784.176236517142,8100.017908677106,8688.22916162085,8559.98262363154,8623.82134731499,10599.34311880961,9389.731496936569,13131.250011872267,11300.62643938069,11127.944178133876,9946.543853497104
МО_0386,5647.741630527411,7434.9698294853615,6111.547964315064,5988.470897091566,5949.413872880887,7753.490903935798,4942.668439009522,8253.510484021606,6166.228021423294,5130.19754952531,5581.654830146566,4767.510480571049,6564.190336643279,4982.387390464998,5899.327331987197,6825.151948424968,5277.377386923825,5736.720256289015,5040.286439934784,5909.976662314562,9328.870291935518,7118.923271744733,6005.088504441031,5571.655019690368
МО_0387,4084.956276675272,4719.764534742196,3834.090082939144,3921.8848866848775,4911.886838096519,3983.398239689382,5354.210227807052,4779.375926930362,3587.8977873314298,4687.017458494772,3489.6494081000287,4880.632671467613,4190.685530104528,5754.100118324288,5194.738000793147,3862.160152671609,3431.5699045958995,4238.317432701823,3996.191695702162,6298.508023293031,4712.439150549441,5303.592364649882,4305.178635214902,4281.572859246895
МО_0388,6048.822713078936,5054.874500574519,7732.99537098706,5885.481096668018,5752.707336321034,3982.98404684144,6553.758882873261,5895.5484288609005,5759.602435293964,5265.437594314245,5122.883626421776,5344.69569523311,6187.889513223303,6519.650484633334,5855.986246576458,7090.468632359194,6086.982512164016,5645.298819754237,6138.872895826175,4735.738609578719,5875.477589446746,4438.252157855213,4786.699435652841,4173.42884644221
МО_0389,4485.770838292319,5007.358304463304,6365.473373654067,4638.857508081593,3794.387553606739,3796.5353972197818,4133.387106795369,3774.1131621502022,3879.536728233904,5009.81339016854,5171.11810272745,3533.229186677435,4037.987492833568,4240.876741582221,4893.485632900482,5182.673642275367,6382.756211910632,3889.860163279145,3883.1207803899,4533.005250778208,3807.9701902031056,4231.11817170867,4165.805999387486,3052.613230209651
МО_0390,7909.511104330913,6444.121220547297,5320.90543951297,6245.530642970707,4845.1802653317045,5673.301013760627,7662.128011083903,6813.455396476586,8140.615595454476,5221.216359574302,6621.547381321697,6231.45271052459,7544.045694908694,7122.502444618149,7072.354338665799,8180.820469497036,6274.12360796698,8311.756333028185,5955.605849308911,6012.669314007359,7935.937964130699,5596.005953545637,7482.845543497767,6794.635061833119
МО_0391,5749.907881563917,6023.486597440642,4923.673859223581,4779.29368444899,5623.639067641184,5205.379872221881,4974.892268193029,5336.570236333219,7042.821125406106,5310.047696027392,5363.730888187329,4464.132063809668,5665.660900088044,6158.350947782736,6164.962914228568,5400.309988463161,6044.746787542676,5834.394052081952,6249.136772385298,6262.917820685608,7016.900674441643,5532.277656608003,4718.089873217153,6370.954198701577
МО_0392,11148.866665729764,12631.09281249898,10613.196620270272,10187.533319337996,8044.699595421096,10293.392244004428,8877.770169584162,9708.05671169108,9250.032832568915,9674.43747305387,8830.482912641015,10386.79789006842,6114.549823636498,9706.925750680894,11582.479411943932,13031.251533127444,11051.37780219072,12654.591742013528,9892.395407740869,9408.92788918289,9932.999228101047,9009.214745362817,7968.176645025081,8356.139188410292
МО_0393,4393.956828466167,4055.4685001455664,3833.070755145458,4413.974659021779,4560.749319169749,3440.4530234176405,3417.3673455785083,4901.846194614629,3545.239632589146,4824.226737417083,5712.525513906408,5687.379035148685,4899.8385986535495,4760.870654451769,5850.077603739712,2883.0759586852687,3783.95347491856,4629.523895225138,3940.982753129336,5116.149787404116,4331.754393968078,4532.569577141474,4301.327272478955,4124.676742145521
МО_0394,7890.377438653544,10094.643136608356,9652.001344302542,10455.945284107298,7655.407126794709,7211.744015246112,9509.961110161596,14888.54746123692,11652.797559904184,8752.778066067493,9911.763869558992,10107.74650322364,7217.946398285717,10745.29568892887,8534.081880372107,8746.522130049447,9100.401782190647,11048.705959232844,8496.805988340193,7461.277885664213,10115.39238548058,7000.554614741564,8889.581401078276,10828.648031828743
МО_0395,7379.158165086509,9461.016640191796,5979.40311488202,6962.501169097065,6243.59724178306,7885.568154204894,6943.502811381272,9252.06273189429,6662.3373546771,8871.992646949133,7724.103973550873,6863.834298621901,7293.424641678218,6853.910253624564,6889.165055467581,6358.473676962714,6001.6611658467855,6496.434022297454,5444.309091750706,8111.73714155925,5994.354889636388,6953.07066366339,7787.981033970153,7822.818324478976
МО_0396,5323.141581708472,4928.491934244443,5961.48205835026,4350.13363781506,3693.467984933624,5818.904226715668,4869.383414252905,4119.041399419308,5254.828942689076,6409.224498239106,4319.856883384373,7224.431269308783,4381.625208976582,4954.430651263227,4058.599694728952,4951.641576687865,4922.713221398631,4121.177728545747,8063.956229148736,4978.362295025256,4996.586240957875,6162.669019011404,6854.109490664999,6025.706000138079
МО_0397,4112.528265102585,6153.180377803176,4197.799032715348,4809.733831203666,5540.362050146891,6080.609738905403,5598.5446643841815,7418.968033546546,6596.492747937945,6446.114241219789,4763.299145594808,7202.598973018318,4834.530838482628,6975.086196151561,7265.723124334149,5859.243059046076,6471.073671572752,3581.981103874183,5654.188024185019,6969.212700552261,6798.681585366303,4873.489899313126,5481.026249829966,3815.538922891614
МО_0398,7362.806252215073,7396.597291704342,5826.82760412488,6906.24536956218,6342.962571569904,6959.183486181595,5739.35369361912,7508.738998693174,5293.604954998177,5040.880279383806,6347.779016043292,6115.598286496242,6473.485803544779,5619.177025110277,8301.875673674307,6542.540116533441,6785.87344847635,6912.704666746485,7923.808812461417,7456.575501288968,7235.3587864493475,7407.313815225905,4917.016983268705,4828.336256017029
МО_0399,4831.302441596495,4546.032738873746,5075.235556279533,3942.849630698248,4800.831285755346,3926.640760490301,5016.780784991772,3490.0261296201325,4749.587097238367,3538.884113670791,4116.381205906666,4993.817874306902,4582.531660188106,3540.979409415769,4204.831082588608,3794.437695425324,3729.1748825488376,4887.066761084147,5149.010248689161,4941.865382143496,4934.272249421015,4403.390158546783,4184.951293312263,3717.313275268211
