mo,A1,B1,C1,C2,C3,C5,D1,D2
Абазинский муниципальный район,-0.0519000201303548,0.8659295241578306,0.7594459611479412,-0.3724713187695942,-0.901178423965054,-0.10536119736595172,0.4525433703842212,0.0
Абанский муниципальный район,-0.2877977064335678,-0.7895044112011584,-0.09912591757176525,0.11006379179619886,0.3216357398233244,0.3334216357229615,-0.250293759507948,0.0
Абатский муниципальный район,0.18887464469326656,-0.14546448403052417,-0.18787270121631952,-0.19255662234351245,0.003485626544247394,0.10418879605803542,0.01910442391076944,0.0
Абзелиловский муниципальный район,-0.8875926956074662,-0.7771026930033076,0.3102759428796797,0.6100698340582686,0.5078327737042917,0.1581046642575319,-0.14252061579118455,0.18446263857040368
Абыйский муниципальный район,2.5011541062525393,0.6599326214972999,2.2717405599347615,-1.4778812398130332,-0.8723815944306603,0.026062872099010488,1.7665410150055596,0.0
Агинский муниципальный район,0.3165042264369322,-0.6185816996106009,0.38207507614226865,-0.45705442795625517,-0.7429112221433128,0.4186225272562926,0.6207407964151462,0.0
Агрызский муниципальный район,-0.43081611647633977,-0.13100497707528777,0.013605882425872321,0.3333753783339603,-0.25532505470632605,-0.2419849558291817,-0.05370569780997235,0.0
Адамовский муниципальный район,-0.6877933745233026,1.0484726590564521,0.053801772582339154,0.5595551028733079,0.4667847063702166,0.17126500751501494,0.39304376594923585,0.0
Азнакаевский муниципальный район,0.006960200115363805,-0.4371966020680167,0.5574762416537162,0.46966665150907894,0.2652623068083396,-0.5712288469866433,-0.6781448876453433,0.18446263857040368
Азовский немецкий национальный муниципальный район,-0.2865327136171614,-1.1662246559226523,-0.12599256744672757,0.10154330314231896,0.0016275127130008606,0.11681199298686919,0.07536216100709833,0.0
Акбулакский муниципальный район,-0.7227133249481222,-0.5773451039682969,-0.19890812599849791,-0.018142734877478972,0.0660945539066634,-0.26936928368960644,-0.14374902705021328,0.0
Аксубаевский муниципальный район,-0.9653384788317404,0.47633073580779806,0.31019515630013067,0.11545014578741626,0.13174948301285636,-0.6920033124313668,0.2053998459548594,0.0
Актанышский муниципальный район,-0.9243721330624732,-0.5921445498795397,0.47856178957340184,-0.13785675100115666,0.27334174991797755,-0.827484915339639,-0.3697730159627794,0.0
Алагирский муниципальный район,0.1076801651514148,0.4819258943579584,0.3008875356712326,-0.10406559014309001,-0.7208479054524985,0.3610672886321311,2.3563091941109415,0.0
Аларский муниципальный район,0.33662743327391575,-1.4364473431104365,0.27616722057108706,-0.20309032688163317,-0.026737675729801586,0.9421609650231385,-0.41311925729680543,0.0
Алданский муниципальный район,2.270788153622637,0.8552709533510161,0.5143288921636109,-0.9329364345420166,-0.24495305727615546,0.01884089366567441,-0.33449288513551206,0.0
Александро-Невский муниципальный район,-0.047283483846574284,0.09165870913285051,0.05562209919751665,0.5792275967752136,-0.11953871354662624,0.4557928119680635,0.11861356063909978,0.06148754619013454
Александрово-Гайский муниципальный район,-0.6204728895502118,0.3493907497306201,0.06192332431678626,-0.23459521433709493,0.2449116513022648,-0.3862946471303831,0.21095712706614766,0.0
Аликовский муниципальный округ,-1.237971773589918,-1.3600203859304152,0.34008017083440467,-0.08618544045419788,0.2602936991522605,0.0408606155363973,0.7696526425942259,0.0
Алькеевский муниципальный район,-0.7332691743727628,-0.7534573203846464,0.013367323338447437,0.19946248252340418,0.039873802256630064,-0.25882750786146613,0.14067322583302436,0.0
Альменевский муниципальный округ,-0.8969203272758541,1.3266098206703312,-0.010382615601642844,-0.027024352325156337,0.32747885234248714,0.08278280183673689,0.1173379749120159,0.0
Альметьевский муниципальный район,1.084411291748403,0.48266043208526344,-0.07019650442576783,-0.02098874151436563,-0.17942285840819627,-0.4032720337035544,0.27210084985769606,0.0
Альшеевский муниципальный район,-0.4709705244030873,-1.1942340580507436,-0.2461740875680256,0.25626763190657276,0.21337502598498975,-0.15780494717434645,-0.5480597210832263,0.06148754619013454
Амгинский муниципальный район,1.0748561154016179,-1.0280789043754002,2.1892046160733396,-1.1339958759379956,-0.7929821503269604,1.1609184974647706,0.040727374869027465,0.0
Амурский муниципальный район,1.2660369418745485,0.11877044934757115,-0.10384080237938338,0.3484728766652799,0.3036985987507613,0.008426780277390675,-0.529394308915541,0.0
Анабарский национальный (долгано-эвенкийский) муниципальный район,2.455141426612856,0.06520730698559855,1.7732525416773706,-1.1391578616919784,-0.7867973884470043,1.0668098151326768,2.3563091941109415,0.0
Анадырский муниципальный район,2.75160679588137,0.7875825514988416,2.4835047533335257,-1.5620962858757879,-0.8111575716170207,-0.4202431935858888,0.42742990591108976,0.06148754619013454
Андроповский муниципальный округ,-0.05820919999011094,-0.26540618032702756,-0.42156581751689426,0.1797141348151073,-0.1168705422988203,0.31752148415211373,-0.32900948847003675,0.0
Антроповский муниципальный район,-0.39303526085566604,-0.8820808771516773,0.11974949096790564,0.05663788010821161,-0.7498090316027233,0.5493343156682312,0.8532325131731164,0.0
Анучинский муниципальный округ,0.1998695837802336,-0.3689761549778867,0.3509341320040328,0.331587846839231,-0.6793357287936087,0.5030189405472849,0.17456938648256076,0.0
Апанасенковский муниципальный округ,-0.2573306300774172,0.1380353594307143,-0.1610323972892373,-0.010373139490549571,-0.3928391262531984,0.22375683358544474,-0.16998305099689354,0.0
Апастовский муниципальный район,-1.2018645203920688,-0.8047261036936747,0.058560211995737875,0.3394764468456666,0.02260673609576342,-0.4645442404797989,0.6927748182785782,0.0
Аргаяшский муниципальный район,-0.3373025807060155,-0.185601063461,-0.5184318478233287,0.15036917797109434,0.0783057621285187,-0.018311785338462696,-0.12755482657522382,0.0
Ардатовский муниципальный округ,-0.30507702732820663,0.10527466792910473,-0.20072940213120785,-0.09963258646592185,0.5884545176654834,-0.3039488890626804,-0.37946384284661583,0.0
Ардатовский муниципальный район,-1.167674637192752,-0.6243459230850412,0.03617996243283878,0.42362938708576775,-0.00385932193336332,0.23032126930960325,0.03901889722129733,0.0
Ардонский муниципальный район,-0.04837407996567889,0.5176860752026071,0.9244500959507702,-0.4901714447758516,-1.2097180202480076,0.5374996877270389,2.3563091941109415,0.0
Арзгирский муниципальный округ,-0.45071820859643713,0.37842648474593793,0.11213953288816421,0.37899964801964325,-0.22321062689214133,0.5298459483140258,0.13212101904029916,0.0
Аркадакский муниципальный район,-0.38509771120291936,-0.0751259610713188,-0.341072103715275,0.08977781755346276,0.10619548863758456,0.28826674776376177,-0.5835015675155926,0.18446263857040368
Армизонский муниципальный район,0.13226187241034612,-0.1471121488367973,0.16830778370202873,-0.07385758300987343,-0.07583809418891234,0.4991082109608241,0.7597831483506384,0.0
Аромашевский муниципальный район,-0.045769455385696184,0.2344232862642002,0.035407409011406536,-0.10618912989587545,0.1941313498337164,-0.11806121095048067,-0.05221331114746804,0.0
Арсеньевский муниципальный район,0.42887073324084757,-0.13988087082443995,-0.06406525827462742,0.26469627712614574,-0.40319841200678763,0.2513535532849728,0.5200076593209555,0.12297509238026907
Арский муниципальный район,-0.7024242389180212,0.33619631691975016,0.17134464157976215,0.44799690131089726,0.17991092719702012,-0.2581940083790742,-0.19123593116779605,0.0
Архангельский муниципальный район,-0.36767707295024366,0.14500353926190265,0.5259577402347284,0.31423727604970514,0.944647377708035,-0.1624970044477265,-0.2914620669760039,0.0
Архаринский муниципальный округ,0.5975808098263454,-0.6503139677486369,-0.08956302313244696,-0.3741662200461621,0.18314823108723208,0.17595470670348404,-0.17048672528352632,0.0
Асекеевский муниципальный район,-0.504805502693485,-0.10873102178395075,0.40455493785385216,0.6839744418629105,0.7134803448397673,0.06472182337175228,0.07211243294381695,0.0
Асиновский муниципальный район,0.20982304874688207,-0.8944305366588873,-0.14162812122049764,-0.4130631084777832,0.24700446509967117,-0.1297450683348878,-0.5587691888179884,0.0
Аскинский муниципальный район,-0.654889617351527,-0.7038103231010456,-0.16146036311841594,-0.30507911947794625,0.031122103109616783,-0.20861101764372922,-0.05329899043799348,0.0
Аткарский муниципальный район,-0.30361294284452234,-0.34489761830830723,-0.5119832423546629,0.07348169027645433,-0.0080654937013746,0.1461826859160102,-0.512625901617607,0.0
Атнинский муниципальный район,-1.237971773589918,0.018779367759844245,1.3263973398789977,0.7004197059890707,0.81813342000717,-0.6956824044714871,1.6580727040150778,0.0
Атюрьевский муниципальный район,-0.9122499803625872,0.7761508789960851,0.1626738898861938,-0.012781769690246348,0.3972213339403241,-0.5244397953820864,0.2664538151514021,0.06148754619013454
Атяшевский муниципальный район,-0.6643574089060259,0.05467613896335015,-0.22229372648073925,-0.044095138861810115,0.28872031893343686,-0.26942916964148184,-0.341400199499676,0.0
Аургазинский муниципальный район,-1.015918503778162,-2.02446015527078,0.5596452279692643,0.020641022341138966,0.640603712009993,-0.8599538727026897,-0.13826801225827312,0.06148754619013454
Ахтубинский муниципальный район,0.19549958621097407,-0.5647730780039713,0.2173118270521057,0.4565213098612181,-0.08219881053405341,0.8242497522298464,-0.6436948701740481,0.0
Ашинский муниципальный район,0.5039723934821106,0.4658941421880965,-0.527516753232264,0.009286148312923735,0.14442551252083044,-0.17391315963013787,-0.4039217665026431,0.0
Бабаевский муниципальный округ,0.502052197787028,-0.8093425363607587,-0.058032671859648784,0.35611117733943914,0.5396478688335421,-0.2667332860107623,0.22366923128289828,0.0
Бабушкинский муниципальный округ,-0.14073154089826448,-0.9916632127000239,-0.08842535040440812,-0.08471535850378072,0.4836356862372735,-0.10238254157525851,-0.29962157461513156,0.0
Бабынинский муниципальный район,0.23568569375516413,-1.0308203755663825,0.5693673202069542,0.7920834052076513,0.6960536245988848,-0.11168625971808095,0.7659251356612826,0.0
Бавлинский муниципальный район,-0.29415569104178335,-1.1853645944964937,0.6895721554962272,0.21564458647744605,0.929102435275708,-0.7416617406345275,-0.5451778847714497,0.0
Баганский муниципальный район,-0.11565946218716441,0.7932969855759957,-0.12284731854568803,-0.13610055277344338,-0.2200824717141684,0.4593244066945489,0.27014683696659253,0.0
Баевский муниципальный район,-0.5856641814003226,0.0323141935350858,-0.01121199477882792,-0.41793962922360134,0.037505444413661965,0.12897308248968373,-0.0438070335544719,0.0
Базарно-Карабулакский муниципальный район,-0.765945268090517,-0.4290344574422317,-0.30938027409814656,0.16388835961237072,0.0642083709200911,0.04580976955086149,0.019592863959376077,0.0
Базарносызганский муниципальный район,-0.42168643840334785,0.20337218844273305,-0.18739158638309014,-0.004074063317083438,-0.12473872870297953,0.43267588204888163,0.08737055945239719,0.0
Бай-Тайгинский муниципальный район,-0.6763009356257788,-0.02971118273760351,1.9351347580888951,-1.3326756935494781,-0.776014335213524,0.6461931947062268,2.3563091941109415,0.0
Байкаловский муниципальный район,0.3063637879051212,-0.6204956470713293,-0.22113385932293084,-0.08481883623959005,0.4259511415865608,-0.21149034153678728,-0.49211248177747496,0.0
Баймакский муниципальный район,-0.3742018988375421,-0.5979838821161746,-0.2770237770681219,-0.15858606560779573,-0.2044547933986697,-0.050312713837162765,-0.056979270948813714,0.0
Бакалинский муниципальный район,-0.5585321869555602,-0.32521623191988286,0.011169360140585467,0.2378627638088066,0.6180996009438311,-0.4715554672248306,-0.4859696991571763,0.0
Бакчарский муниципальный район,0.11106131204328176,0.49451406652447555,0.0214665600275531,-0.3380994917622008,0.32669313884332873,-0.17479437652024996,-0.11009023658320069,0.0
Балаганский муниципальный район,0.13893695400416983,-0.4398271270109464,0.548045255616608,-0.1755662056762789,-0.42770435132559637,0.8130732242976282,0.33892423429797547,0.0
Балаковский муниципальный район,0.8448672972590519,0.6556664781318107,-0.5420624480945072,0.02801445401417868,-0.08422852258774902,0.18530377121486286,-0.017302977389546136,0.0
Балахнинский муниципальный округ,1.0875050378385949,1.042769545235822,-0.16298310580143133,-0.19951212051200637,-0.3602329707651553,-0.09357362626668304,0.22353817279285498,0.0
Балахтинский муниципальный район,0.470141772015306,1.9565289978720173,0.3951432866976092,0.10135041963839578,0.9557139850234935,-0.4498118377084754,0.38169736151264605,0.0
Балашовский муниципальный район,0.23629958369307094,0.8943617140574159,-0.5560315747780672,0.018315127501590627,-0.1952955584371433,0.21852861092411918,-0.5376218777673202,0.0
Балейский муниципальный район,0.6121785242554909,-0.29943693944775185,0.07889169310456011,-0.33906903624415785,-0.20561226819109246,0.36050552635440786,-0.3256736768855875,0.0
Балтайский муниципальный район,-0.49856749225840513,-0.23609443158048513,0.217226705136251,-0.12512799113773404,-0.3171025460747833,0.31395369217117197,0.06818472202545864,0.0
Балтасинский муниципальный район,-0.8329594573166776,-0.39240653115157853,-0.09654831796301377,0.10272641442742785,0.3362716907310598,-0.3858035086408996,-0.6940036712086238,0.12297509238026907
Балтачевский муниципальный район,-0.7706581430424371,-0.3016812055230076,0.43395922728862957,-0.14162788710046637,0.9557139850234935,-0.6007869831140621,0.047497744827256654,0.0
Барабинский муниципальный район,0.36816887782934554,0.7200432110874566,-0.07383279011614301,-0.4754432702020984,-0.47034907838229806,-0.2310487907647704,-0.12217196684763973,0.0
Барун-Хемчикский муниципальный район,-0.5980421903973742,0.6009746429242404,0.5624434350330293,-0.13508196453461926,-0.17728455508942106,0.693542495492408,2.3563091941109415,0.0
Барышский муниципальный район,-0.6151564187427188,-0.3833844919872343,-0.5690359366908385,-0.025705804762476078,-0.15992144213865886,-0.05390562682948478,-0.34433858211705354,0.0
Барятинский муниципальный район,0.3264564135912865,0.16981827695053023,-0.13403610352016074,0.40598615040139224,0.1385495548746082,0.314695865568171,2.056109654414592,0.12297509238026907
Батыревский муниципальный округ,-1.237971773589918,-0.016256255090430962,0.11791311639795334,0.4131821086983775,0.2038103643998444,-0.1141976996541328,-0.15389895744899695,0.0
Башмаковский муниципальный район,-0.2914052587398481,-0.6682606385889177,-0.08473097879307118,0.12078127802572351,-0.4326610800235919,-0.024389218321469355,-0.2535246071133853,0.0
Баяндаевский муниципальный район,-0.18372709949022017,-1.5560805517075673,1.185567587244452,-0.5280746336831589,-0.5713444993940986,0.15171647064740523,0.09949547012575188,0.06148754619013454
Бежаницкий муниципальный район,0.05372771530908813,-0.5030251852457724,-0.198170710124971,-0.3602667046828667,-0.11689821412061442,-0.2769291030967661,-0.29068178782508314,0.0
Безенчукский муниципальный район,0.37154440842058795,0.23189660101729725,-0.5468848770940663,0.07383253785461119,0.11843145830971663,-0.05662508920567794,-0.7652239327421904,0.0
Бейский муниципальный район,0.6736671717142948,0.12302768317157307,-0.173206876152294,-0.05366783307666838,-0.16471227949970313,0.5493442689647557,-0.11429586329861045,0.0
Бековский муниципальный район,-0.2711745094204571,1.0607066502330156,0.5844398311262807,0.8341918542150364,0.10836708229127794,-0.021990154575507362,-0.4197097242434954,0.0
Белебеевский муниципальный район,0.7072813774356538,0.2517023800231308,-0.40766880244138853,-0.028012620407204262,0.022287616330405262,-0.17237722065207917,0.3502806122609996,0.0
Белевский муниципальный район,0.4561560135983522,0.2885280430005572,0.0028819679207762617,0.3291165949422954,-0.1415103662442099,0.22713171492873785,-0.5595593604973939,0.0
Белинский муниципальный район,-0.6190902263792805,-0.599591892581524,0.5182379982828309,0.8389719075599812,-0.24624217229111728,0.724113907743892,0.1779537481023178,0.0
Беловский муниципальный округ,0.29853313063771736,1.8805221381986645,0.13019030349268682,-0.33090572019851133,-0.19795674201182895,-0.5606601002784184,0.6641013979274865,0.0
Белогорский муниципальный округ,1.0719569992515434,0.14453853064586744,0.17749625177308362,0.016160325072051455,-0.08929576442266382,0.8819509449485495,1.2451026369369629,0.0
Белокатайский муниципальный район,-0.19014276684915282,0.050157230641676695,-0.2077395572177538,0.1773468486203269,0.2438198663803372,-0.023127271397107196,-0.18796046138058298,0.0
Беломорский муниципальный округ,1.3704783049447282,-0.6555986002149466,-0.16178602641581247,-0.2753842314795885,0.5195220162420578,-0.2728638136462701,-0.48294702202258344,0.0
Белорецкий муниципальный район,0.5343813370969597,0.9878604418629313,-0.529721505810393,0.00010471383412770563,-0.011279001460046385,-0.12860307117488023,0.35423145654317484,0.0
Белохолуницкий муниципальный район,-0.635103090533332,-1.355208399834373,-0.35347038963627553,0.1615489834463603,0.37858245996252077,-0.26228817660249126,-0.1815980381516342,0.0
Белоярский муниципальный район,1.794197008462394,-0.7098297572025815,0.940157791313983,-1.0591705843246315,-0.06655979503012067,-0.9322132002118544,-0.28984136956645146,0.0
Беляевский муниципальный район,-0.9056317715073046,-0.4867148931314674,0.27023723578726194,0.4316769791841612,0.6702460947961127,-0.31976982163381806,0.04954752089121286,0.0
Бердюжский муниципальный район,0.16463282056349668,-0.22572525599926463,-0.04747668528099486,0.020756386837773488,-0.3648169243775099,0.2931993126690884,-0.42599134635663893,0.0
Бессоновский муниципальный район,0.051972593312447364,0.9823259180266897,0.05944613718412509,0.347987300896572,-0.399178425622447,-0.09887244537054324,0.027454235378472868,0.0
Бижбулякский муниципальный район,-0.49125078674379186,-0.577638992689355,-0.21857620804622047,-0.06513401841765538,0.4799576541690063,-0.3784082781432995,-0.3744155070490919,0.06148754619013454
Бийский муниципальный район,0.2180796159024027,1.9565289978720173,0.459368873055108,-0.5984474016501773,-0.883926822032645,0.13118591498572765,1.1601412876675739,0.0
Бикинский муниципальный район,1.4453678085420147,0.42530867027103914,-0.118068798857384,0.022239237636623017,0.168112205902332,0.2899044231620337,0.1902269456501242,0.0
Билибинский муниципальный район,2.75160679588137,-0.8496086669502044,2.34734601770256,-1.5620962858757879,-1.2849395616271135,-0.14981252786666402,0.8889486296792581,0.0
Бирилюсский муниципальный район,-0.1754259429223564,0.43959815767056043,0.6758184340598078,0.5443625332870696,0.9557139850234935,-0.11995703123525787,0.5179858393502684,0.0
Биробиджанский муниципальный район,0.7598648498568533,-0.11760329324942789,1.1785134934820942,0.6939668164550247,-0.7181094591131526,1.1358314142533683,0.230860164537368,0.0
Бирский муниципальный район,0.4904661573662156,0.5240942054941554,-0.2819897013219096,-0.04996338993966705,-0.26099589378641735,-0.09452627897798396,0.1739488889728149,0.0
Благоварский муниципальный район,-0.45581569697740204,-0.13851151622224567,0.3246925750583638,0.22305718550220952,0.7615287107418687,-0.32450288388036397,0.3905285598451099,0.0
Благовещенский муниципальный округ,2.0063634786683404,1.5215676470479047,-0.14363810959372783,-0.22337193105499298,-0.3659201987214037,0.02025847030611438,-0.4402741026376871,0.0
Богатовский муниципальный район,-0.1107102681675885,0.11377786688606105,-0.2957374160657985,0.21569130897271516,0.23410097836237623,0.1978978984385206,-0.28507705677434514,0.0
Богородицкий муниципальный район,0.731593701420932,0.5757628624017803,-0.174013286961288,0.025030219706388926,-0.4873060835577432,0.1752811856123336,-0.6048519520320627,0.0
Боградский муниципальный район,-0.41148108961075447,-0.9156386984730948,0.39032672642321603,-0.09137886102147988,0.16012057531635923,0.5445438638519728,0.5618001993781845,0.0
Богучанский муниципальный район,1.485485621082347,0.1679157940905309,0.038146540276544,-0.6723946041128487,0.19198003354908547,-0.39718176507751535,-0.38620570114248415,0.0
Бокситогорский муниципальный район,1.1739069693012558,0.0653866398833812,-0.07861655188058847,-0.10718449484325815,0.2241446272114302,-0.4083137971463326,-0.4305640472744439,0.12297509238026907
Болотнинский муниципальный район,0.2988912383966744,1.5713086034444947,-0.14458989698414856,-0.20603699166788722,-0.5601278139977731,0.2595358619838431,0.025737288023830296,0.0
Болховский муниципальный район,-0.2471909562532309,-1.543721228252574,0.18521634406483042,0.7182217032141306,-0.014493947569988017,0.5296805163819748,-0.09715809494500265,0.0
Большеберезниковский муниципальный район,-1.0981165419886596,-0.41795518397202763,0.2694601351339721,-0.16482567756681912,0.36855163475985153,-0.7526156144687989,0.5618996708430195,0.12297509238026907
Большеболдинский муниципальный округ,0.02418957836992576,-0.18899390525550744,0.3428113076086279,-0.21798902367316433,-0.3762281782815399,0.648503758914344,-0.5707763155927333,0.06148754619013454
Большеглушицкий муниципальный район,-0.08107743471764561,-0.33171412587492394,-0.39510250120039153,0.12910481160829126,-0.020908565517742412,0.27900277308358823,-0.5706012823675423,0.0
Большемурашкинский муниципальный округ,-0.19795211875865548,-0.03629234309808762,-0.4256398645995853,0.1626098979142174,0.26892435953270527,-0.007983207463695777,0.04774665961648995,0.0
Большемуртинский муниципальный район,0.030242482566899716,0.09934624107286037,-0.10011627650211324,0.006039174578004674,0.4621242627470836,-0.19698127479439834,0.2840889987623031,0.0
Большереченский муниципальный район,-0.5310416208142916,1.2005039634145684,-0.05712993590074131,-0.26071375842205247,0.042585580704636784,-0.5389861167514138,-0.12924659256145155,0.0
Большесельский муниципальный район,-0.13835698073268576,0.6609877144405683,0.625774947292063,0.5349903725029671,0.4652549265629815,-0.03869891318100272,1.225667127922035,0.0
Большеуковский муниципальный район,-0.5892064002397159,-0.6939060133795588,0.5353360324244927,-0.4073515442362124,0.9089533960835868,-0.3468413985011526,0.3529378574614129,0.12297509238026907
Большеулуйский муниципальный район,-0.14159343313950812,-2.02446015527078,0.30548930011099046,0.018459430384825875,0.30330414523127674,0.10625388716386569,0.8843438524590783,0.0
Большечерниговский муниципальный район,-0.02200550064785574,0.3350485129095453,-0.14351710913006033,0.021480967008569517,0.4181767300894604,-0.1153800682054529,-0.6737932027695379,0.0
Бондарский муниципальный округ,-1.0559335257419447,-0.12161251226485918,0.348682709014848,0.17304016580232032,0.25301591245907684,-0.7603043691244186,0.566107936111292,0.0
Борзинский муниципальный район,0.9132849052077094,0.6439032403656729,-0.20137185032916452,-0.39617984702875036,0.05907636828792513,0.03165630459641033,-0.3842610560498179,0.0
Борисоглебский муниципальный район,0.2827479534423334,0.3051280367336691,-0.051220252377424544,-0.05268916928877766,0.25389310509774404,-0.6147695639777964,0.7463950676490266,0.0
Боровичский муниципальный район,0.9289984121714063,0.21070798004800545,-0.2356189699405433,0.027103789478152354,-0.07212305187925401,0.04683676638862311,-0.38678540970675646,0.0
Боровский муниципальный район,1.2612029339947635,0.5569433781546919,-0.010617152049051008,0.33568086807577047,-0.556675516587094,0.1642900436982531,0.06822578050363551,0.0
Борский муниципальный район,-0.04860099879431302,-0.1530548621012217,0.13872863796566193,0.4122228062456338,-0.3813526890215747,0.7799138129187901,-0.1849541548442655,0.0
Боханский муниципальный район,-0.13665182768035514,-0.9139885766117418,0.1868258529368063,-0.4342861287069723,-0.0036960252416841197,0.3447065281477868,-0.22765773239618867,0.0
Братский муниципальный район,0.15672353829401428,-0.4634953092039789,0.4660903842212608,0.0970282736072368,0.9557139850234935,-0.6522573366253568,0.8478084312368251,0.0
Брединский муниципальный район,-0.38638279160075756,1.1499257029985712,0.1544390779883347,0.6225193614642728,0.12420126233162719,0.26118974960281915,-0.527163766623932,0.0
Брейтовский муниципальный район,0.004099165930583488,0.5867652381155045,0.1056116169540536,0.4568970174981899,-0.5165810588057516,0.24564627962082564,0.5463968480935011,0.0
Бугульминский муниципальный район,0.7482174413172866,0.3033868741447381,-0.3183383651432532,-0.17837111220837396,-0.09526831057336639,-0.35877009951206335,0.15983200465309555,0.0
Бугурусланский муниципальный район,0.19384801584648495,-0.18038029803842315,-0.042487442571073404,0.3809488659402424,-0.11842260179605096,0.206325267655787,0.12446327016880349,0.0
Будённовский муниципальный округ,0.61949412387719,1.5467218228941833,-0.26904961267851535,0.05128740205825075,-0.520843445168151,0.18493346038727737,0.03543454243319019,0.0
Буздякский муниципальный район,-0.39710694193135704,-0.9916066077195816,0.1625985614174017,0.08946510651743556,0.48329108064292225,-0.20227070622797522,-0.5374289692586549,0.06148754619013454
Буинский муниципальный район,-0.5485394822219986,0.2539234082886031,-0.20063046071344529,0.04549313647873664,0.0766373564729662,-0.28025936304219784,-0.36719169844412386,0.0
Буйский муниципальный район,0.19039956401087865,0.010787880515818634,0.49154893893060553,-0.1637781027843176,0.6238266290464248,-0.7086953121921309,0.41101141688872733,0.0
Булунский муниципальный район,2.75160679588137,-0.5417788246563279,2.4835047533335257,-1.5620962858757879,-1.1145738785252144,0.6420573636959185,1.8353747324408944,0.0
Бураевский муниципальный район,-0.5803207097522842,-1.0563410010514678,-0.0512474675452462,0.1746387380441321,0.5363435601386142,-0.24810307060351847,0.13354869161058894,0.0
Бурейский муниципальный округ,0.7311683179962184,-1.7192401525150773,-0.17677410793385642,-0.24966091512011704,-0.15129162332134796,0.3963722971409978,0.03840381574188147,0.0
Бурзянский муниципальный район,-0.7128179331820376,-0.1922376108364789,-0.05136440596596823,-0.24633357733765954,0.32771914295392085,-0.04992545526256472,0.9627117235703234,0.0
Бурлинский муниципальный район,-0.5793008133407742,-0.13213366978570082,0.21803458645752813,-0.38258954919219695,0.13064143157738092,0.4074833587190285,0.6126729992175978,0.0
Бутурлинский муниципальный округ,0.0383884331265882,-0.4447693168939096,-0.14640498025406923,-0.2497900368796654,-0.1744224899726019,-0.02962777887340922,-0.06772521377725971,0.12297509238026907
Быковский муниципальный район,-0.6552951041058427,-1.1511926205515925,0.4970001654751393,0.19601223799460396,-0.5506998135936498,0.7934578813771209,0.20594238328651443,0.0
Быстроистокский муниципальный район,-1.0061727195341372,0.40741470157080567,-0.3137077483779467,-0.13978610627403,0.23905799946392028,-0.14857901730256137,0.4479774800800315,0.0
Вагайский муниципальный район,0.10233324886815136,-2.02446015527078,-0.21707021420445127,-0.2094321614671566,0.1320148422667102,0.23698725829877637,-0.10415341103461363,0.12297509238026907
Вадинский муниципальный район,-0.5883093353091068,1.3816386113429584,0.14716138230732445,0.32778087143948936,0.09845566942228554,-0.25136097988677125,0.3377763304129643,0.06148754619013454
Вадский муниципальный округ,0.015178845191837815,-1.4586018301141337,-0.5018256340656441,0.23026231048385096,-0.04925129346720374,0.29061409358938356,-0.33945458440874454,0.0
Валдайский муниципальный район,0.8378408797842084,-0.06733413312104142,-0.3596077126210968,-0.00710448869587905,0.19240420993726565,0.10584606831995963,-0.13316597302247432,0.0
Ванинский муниципальный район,2.038401263988655,-0.10966693752982426,-0.043136061549824536,-0.2803267077970359,0.33870950221294727,-0.2505356380767824,-0.6661446695443641,0.0
Варгашинский муниципальный округ,-0.6996943441209396,-1.9833195610653878,-0.19038363000206748,-0.12399311059648244,0.04340209813747757,-0.2870319328954091,1.5395268977551955,0.0
Варнавинский муниципальный округ,0.16212836850698828,0.35431882870554543,-0.16658692055552926,-0.0046374572462054425,0.14496427002112708,0.29811580003322047,-0.3950717510431414,0.0
Варненский муниципальный район,-0.04222950937436708,0.8008885006314821,-0.2182585827540205,0.32394877120263366,0.216147134562183,0.06841310435310186,-0.4061317939449182,0.0
Вачский муниципальный округ,-0.11216159475215849,-0.05175701788333188,-0.22031178107534344,0.14034743212310216,0.35839169968866796,0.07228749899923961,0.08812658285073796,0.0
Велижский муниципальный район,-0.25776793831242567,-0.45669648912498406,0.13501672851592644,-0.3925225719526454,-0.05874917628792116,-0.07213443756317155,0.013550484306286914,0.0
Великоустюгский муниципальный округ,0.648281136073394,0.43559843960724526,-0.4076553757366108,-0.044314333796636095,0.10159487177872555,-0.17438594581040717,-0.4528748496909295,0.0
Вельский муниципальный район,0.9732706766092019,0.05454700084410793,-0.41304372327303635,-0.2846856328671143,0.1901467393271316,-0.3008659017945357,-0.7652239327421904,0.18446263857040368
Венгеровский муниципальный район,-0.3093581508821338,-0.0194778392969769,-0.12846141785880755,-0.3260073022205128,-0.5187269940723058,0.0024074585808288524,0.13129437166100924,0.0
Веневский муниципальный район,0.5540118769393075,-0.543179842747606,-0.36980283597978797,0.1396148456139956,-0.19425191159439345,-0.09183247298060832,-0.604176246590073,0.0
Верхнебуреинский муниципальный район,1.8738140824831686,-0.15513348479365996,0.5763495069350182,-0.47373705054493914,0.9557139850234935,-0.9782338609083859,-0.33486150283516053,0.06148754619013454
Верхневилюйский муниципальный район,0.9575077536935996,-0.3540971003585598,1.0458719288477327,-0.5882271809674705,0.04952683949858285,0.9337531006951216,-0.2675891447614802,0.0
Верхнекетский муниципальный район,0.5493860346229594,-0.20721446769372406,0.07818848527191127,-0.33559627411153903,-0.0025297404087548858,0.3425275112687998,-0.12849234091652462,0.06148754619013454
Верхнеколымский муниципальный район,2.75160679588137,-0.8534799272202981,2.4835047533335257,-1.538698269221374,-0.680825206155908,0.6701478505679355,0.6290365405883509,0.0
Верхнетоемский муниципальный округ,0.05150556903725318,-0.868848653481353,-0.03964104809934407,-0.20336105221307219,0.32569130146945796,-0.5208130807856574,-0.3778319734192695,0.0
Верхнеуральский муниципальный район,-0.17771263461317677,0.10014196808749329,0.7074220293694733,0.6799329240143208,0.5729286528644427,0.333901817530605,-0.2731593628712321,0.0
Верхнеуслонский муниципальный район,0.4546572171867726,-1.4378859231567067,0.7189477128513252,0.5825768545339884,0.15935617857348017,-0.858598559964034,0.6975885401333751,0.0
Верховажский муниципальный округ,0.18419249712929067,0.13109381549273108,-0.12194988459496764,-0.32171141459691865,0.5213919049475133,-0.4647640011660622,-0.2178722883284488,0.0
Верховский муниципальный район,-0.0648939267668926,-0.6367902475512695,-0.16137556243431952,0.15600583523285122,-0.014082340067622455,-0.3460658234224845,-0.11947629238765818,0.06148754619013454
Верхошижемский муниципальный район,-0.6767274717249752,-0.9084413866049627,-0.05619376698254982,0.12086923265817585,0.14588524105673314,-0.3704980309272111,0.8418810010231446,0.0
Верхоянский муниципальный район,2.0440522964551615,-0.11017306403660057,2.4835047533335257,-1.5620962858757879,-1.2655624951587534,0.36637285331175895,0.34802641632115805,0.0
Ветлужский муниципальный округ,0.03514451974681812,0.6862601074432207,-0.37661635287058765,-0.188869074904172,-0.1288862791924391,-0.07699737291354397,-0.6168709338975913,0.0
Вешкаймский муниципальный район,-0.7070163638874414,-0.2692025832303246,-0.3820989777164448,0.08844779952129621,0.29661790004812605,-0.016086237487465644,-0.1853902354186138,0.0
Викуловский муниципальный район,0.1761401347855633,0.6007579416241291,-0.0027162099211608926,-0.07409005766923864,0.28041510258707736,-0.010231181359447533,-0.05246647113289521,0.0
Вилюйский муниципальный район,1.1451928856108102,-1.6161605995469972,1.5236504394770825,-0.7237307756018111,-0.6994038818957984,1.1609184974647706,0.03722293967874134,0.03074377309506727
Виноградовский муниципальный округ,0.42383325148327006,-0.0931666254110055,0.0765962342641126,-0.4492634553707006,0.29408803809150513,-0.36634657359670264,-0.2673392458654899,0.0
Вичугский муниципальный район,-0.29351053279207867,1.69848268470627,-0.30067688355044847,-0.06938843537666092,0.2544662835549225,-0.07924581893580242,0.3962403189540081,0.0
Вожегодский муниципальный округ,0.21782923927504805,-1.0707296043833832,0.2864989965776469,0.5864591656703306,0.5070750977771208,-0.26558995042784805,-0.14850228250675954,0.06148754619013454
Вознесенский муниципальный округ,-0.25798448240728994,0.8649753130832194,-0.5685539942257142,0.013092116695317855,-0.03090740531772454,-0.1346442278138198,-0.6386774471864758,0.0
Вологодский муниципальный округ,1.0488722780666841,0.08867991349643249,-0.1205629522514911,0.15997391578617412,-0.18817081086245485,-0.07894450659491803,-0.3695116671121131,0.0
Володарский муниципальный округ,0.31528148159437747,-0.7832616920489599,0.11698547935837916,0.30912954131367687,0.3417570181197779,0.047135170248697456,0.22771361155661496,0.0
Волосовский муниципальный район,1.1721870557595164,0.5574748616827235,-0.3053707669706186,-0.35094852201520516,-0.07646446799432373,-0.35666415387647316,0.08879078267072538,0.0
Волховский муниципальный район,1.4867304446707748,0.9058512540064316,-0.13564313463501385,-0.3303925665211114,-0.07022004798729112,-0.184700939372785,0.06569605754782251,0.0
Волчихинский муниципальный район,-0.5696125198352376,-0.2781084727800005,0.1002196998424924,-0.6148941065824295,-0.58480417451961,0.10471192884066044,-0.593265973834731,0.06148754619013454
Вольский муниципальный район,0.30674646587449994,0.8649140116345124,-0.1988300661533481,-0.002813201702623814,-0.1268534807912809,0.5644465138746463,-0.19557694989878463,0.0
Воскресенский муниципальный округ,-0.13480039989848136,-0.2614001231313694,-0.27763907555451806,-0.23597712589276226,0.07856197388785222,-0.09982692451724069,-0.28600992995490554,0.0
Воскресенский муниципальный район,-0.7914973826683974,-1.475292260060836,0.6364896810736298,0.2898746412360507,-0.49587021564551587,0.9794751220860917,1.665926807985061,0.0
Вохомский муниципальный район,-0.6116932455405463,0.7659190725668982,-0.20270532231042446,-0.36234889775228624,0.16040234308954313,-0.07349378403647475,-0.4010672171362164,0.0
Всеволожский муниципальный район,2.4617194023372786,0.4508469144622553,0.03579019525237736,-0.25287303558902324,-0.3813334408560301,-0.1388445346430367,0.7359698814317304,0.0
Вурнарский муниципальный округ,-0.6356327408497836,-0.4214550869663134,-0.36770512810161116,0.19244069401003389,0.18183853175513978,-0.13282326360400323,0.273433638506326,0.0
Выборгский муниципальный район,1.9495853849752616,0.5158385912715989,0.0003191114649920506,-0.35479526228476577,-0.39532151816467637,-0.07791679127357606,0.07014302832946713,0.0
Высокогорский муниципальный район,0.49469365244179386,1.9565289978720173,0.06372977146226179,0.3187130369705319,-0.3432754195721754,-0.4006875935704911,0.7014488139055919,0.0
Вытегорский муниципальный район,0.901823992741377,0.3752022964242817,-0.1258334649425316,-0.47701024378715445,0.17510676685512752,-0.3486986280116062,-0.6106314456367572,0.0
Вязниковский муниципальный район,0.46480134825081953,0.5075202844866639,-0.5690359366908385,-0.08286430336618518,-0.11224380946505459,0.04998082517018655,-0.4172688079055064,0.0
Вятскополянский муниципальный район,-0.31147398270390375,-0.21602397719308133,0.5057862513468003,0.15223767466716687,0.9521179988514841,-0.8006401614174978,-0.1613440299687738,0.0
Гаврилов-Ямский муниципальный район,0.15971145677341245,-0.34668630702782693,0.13632987506173674,0.3963687070966468,0.13815092338478357,-0.13440121641710362,-0.34334181199445374,0.0
Гаврилово-Посадский муниципальный район,-0.37073348700912173,0.2651819688594877,-0.18014453370413042,0.33859426615523797,-0.014443949264663363,0.3996184722976424,-0.04350851047749596,0.03074377309506727
Гавриловский муниципальный округ,-0.38365157944624145,0.6655398158157247,1.1702405109217067,0.39225126218232287,-0.34545256345991965,-0.2123262302938378,0.77498597338875,0.0
Гагаринский муниципальный район,1.0325122741336343,1.1481093521109607,-0.5690359366908385,0.0009241932766731168,-0.005156940801002254,0.12245540913833151,-0.6516046810033536,0.0
Гагинский муниципальный округ,-0.417884323051267,0.30830806420029805,-0.18945777239757297,-0.14468189535578016,0.43063292395557623,-0.005680114939816567,-0.18033817938318134,0.0
Галичский муниципальный район,-0.11614218283340522,0.9283926994089013,0.3125754982125412,0.41121607635505336,-0.09877421289807048,0.26365431816325263,0.48784910382465785,0.0
Гатчинский муниципальный район,1.9944468963870523,0.4918714943213494,-0.11763141705067491,-0.18119331609012715,-0.32090950915281624,-0.03674672811664568,0.3932023978745469,0.0
Гафурийский муниципальный район,-0.4623531533574331,-1.4220883301664164,-0.2714782186034814,-0.034340188570836865,-0.008752992656151547,-0.36893170765307415,-0.3103788591486824,0.12297509238026907
Гдовский муниципальный район,-0.12504409115160148,-0.332065705793995,-0.27406093378445856,0.22196463760631274,-0.19316316493985292,-0.08064890928258411,1.155936616167861,0.0
Гиагинский муниципальный район,-0.3006278505976847,-0.08926063191365216,-0.5076530016287453,0.15194954424891707,-0.2151345035195724,0.22484677562503316,-0.24663606840442864,0.0
Глазуновский муниципальный район,-0.5514340443528551,-1.6059475358546467,-0.18261025961529634,0.07806704537062298,-0.13913172548524877,0.037323011937154905,0.07229140811939491,0.0
Глинковский муниципальный район,-0.271430495042054,-0.7351711434111232,-0.46404857478777634,-0.16489371756458746,-0.12169437229830052,0.028899089658182723,1.0201189108627335,0.0
Горномарийский муниципальный район,-0.947214919786757,0.5126651475421355,0.2596202862613508,0.3923259579767049,0.07530116042136069,-0.14442719163926288,-0.10809930818746723,0.12297509238026907
Горный муниципальный район,0.6166586184703409,-1.878426140101185,0.48994249782609756,-0.25800586292385175,-0.2128977395136359,0.7168417031995381,0.1610652233221468,0.0
Городецкий муниципальный округ,0.9059796194071535,1.3760718050202279,-0.14554158274020598,-0.2431817024495827,-0.4335643441191629,0.03307851298943226,-0.15029889872612723,0.0
Городовиковский муниципальный район,-0.7080832288846545,0.08583151782834147,0.10549066520231139,-0.16154961946268329,-0.3499090711095139,-0.2724353780546457,0.7260922910433016,0.0
Гороховецкий муниципальный район,0.4787864432527305,0.3934781679582923,-0.1007143849838589,0.3092622591697054,0.4084075313002319,-0.17551593226726078,-0.6668847598762386,0.0
Горьковский муниципальный район,-0.8216083655502293,0.40942512732723996,-0.0615297080106425,0.13237272393040944,0.26233934032078204,-0.07601562159158423,0.6432371655396831,0.0
Грачёвский муниципальный округ,-0.4313804862094974,0.2835561076602763,0.1377171771290921,0.6193328288841033,-0.34691745361768805,0.5723571244849609,-0.1903990163676284,0.0
Грязинский муниципальный район,0.4783742936389243,0.321639626580739,-0.007337265272609314,0.3303615990812378,-0.36775770037762806,0.004567864344004036,-0.3579166382221842,0.0
Грязовецкий муниципальный округ,0.2368153008600663,-1.0185054643134959,-0.09580870277215484,0.30345028147832753,0.36075098931117044,-0.40054983425055507,-0.03965304202827414,0.0
Гурьевский муниципальный округ,0.5197048609520258,0.9827895622046678,0.4653349336036168,-0.8309768875559469,-0.19504998326423315,-0.42368335057625506,-0.3826227941139148,0.0
Гусь-Хрустальный муниципальный район,-0.18200285557303397,-0.18926459454296524,-0.11552100772888291,-0.18671883966655795,0.3440969520505794,-0.33679432067986975,0.08911743669521119,0.0
Давлекановский муниципальный район,0.004812633506771208,-0.28033282382246966,-0.19443287442767593,0.24398632024156416,0.24746671203355497,-0.2492839430878819,-0.2454647069364472,0.0
Далматовский муниципальный округ,-0.206353648056627,-0.8298372707215169,-0.47197729786136017,0.10810780245411201,-0.04473357506659317,0.19907987239762392,-0.6443360949247158,0.0
Дальнеконстантиновский муниципальный округ,0.16771569758732124,0.004868661757950755,-0.03404654709173388,0.34871693142234034,-0.4276240398305598,0.5931172890165144,0.13733030346941077,0.0
Дальнереченский муниципальный район,0.0918034326497991,1.5785673739381054,0.7751625078457544,0.45223408339147586,-0.46196888993351026,0.19303473868332255,2.112322599559634,0.0
Данковский муниципальный район,0.49371306256588365,0.21824928820126374,-0.19400618649902732,0.3689758907215187,0.16208370839331956,-0.0888165158166091,-0.7652239327421904,0.0
Даровской муниципальный район,-0.674547361382727,-0.15120024141464267,0.25031265836992944,-0.5680168535690833,0.653163350485568,-0.45447621440275693,0.2730842784965859,0.06148754619013454
Дедовичский муниципальный район,0.1531051357684795,-0.667357578108411,-0.07417498550600772,0.08102518505638609,0.5690140485266753,-0.25829113950377997,-0.18410171419077812,0.0
Демидовский муниципальный район,-0.53158556015654,0.40245150079950515,-0.223926421913269,0.20409407129436924,0.1187422420020093,0.1880757180130942,-0.031469305733313115,0.0
Дергачевский муниципальный район,-0.7792073352749364,-0.2669554248990834,-0.13378280755073713,0.2926698107684237,-0.07353047694561497,0.002799304606909698,-0.2395240309662275,0.0
Дзун-Хемчикский муниципальный район,-0.5900747964181798,-0.5123588654328535,2.112780979319871,-0.8117984743520567,-0.8617593146077515,0.5530303158510197,0.8426163562985752,0.0
Дивеевский муниципальный округ,0.3800399028239895,0.10666589424175467,0.12487225724161317,0.1911681933034817,-0.8108021027814623,0.17368295835736736,-0.4984861844329465,0.0922313192852018
Дигорский муниципальный район,-0.09341101674295942,0.8935914530341068,0.7499039170537364,-0.10346288463500829,-1.0775274978798246,0.40975730437164226,2.3327583160085643,0.0
Дновский муниципальный район,0.35688164843770753,0.06121616985465083,0.15461589778393495,-0.2799483905804222,0.2469351415851259,-0.7562385208704492,-0.508764736838194,0.0
Добринский муниципальный район,-0.02529606751941099,-0.021069387603092835,0.15982686826916168,0.5740946492820728,-0.2634950069215129,0.2029864392425064,-0.5878703758669397,0.0
Добровский муниципальный район,-0.32828040635151756,-0.47029915828226443,-0.07528362534759052,0.4211360729092033,-0.23738943922006017,-0.2922287939933168,0.08484745286010077,0.0
Доволенский муниципальный район,-0.6224044815609721,0.008489640132246847,0.019860100292730345,-0.3025415621753726,-0.5891573332524864,0.23814892196443502,-0.17445060562423242,0.0
Долгоруковский муниципальный район,-0.2553516808530091,-0.20220644063791432,0.3189633208795256,0.7612310491947872,0.23884782351370198,0.14719550866806536,-0.2325111123978793,0.0
Должанский муниципальный район,-0.4836263679993229,-0.498505441556133,0.12210289923721053,0.3151148932985667,0.1172109618868612,0.11183600888481361,0.35395133641138965,0.0
Домбаровский муниципальный район,-0.5080535576895936,-1.0443583901141018,-0.1908602750130627,0.1880106763502518,0.010505418556682153,-0.09234388804958403,2.3563091941109415,0.0
Дорогобужский муниципальный район,0.7516968469557812,0.644304784662981,0.41858856374600384,0.5254422612795352,0.4184768056055582,-0.20230732632337614,-0.0734751207027638,0.0
Дрожжановский муниципальный район,-1.2357489779719117,-0.26858995072760755,0.7706666792687538,0.6551901181267116,0.46352622589339293,-0.2201861377708475,0.21896695393222287,0.0
Дуванский муниципальный район,0.0,-0.3940004836659458,-0.2816077913566017,0.01472386826609661,-0.25345556660154706,0.3971232661660011,-0.5388555737965245,0.0
Дульдургинский муниципальный район,0.11207859429969957,-0.48987918222366944,0.47131435774724006,-0.7833046982276367,-0.19172408752986306,0.27540253252987995,0.22760035822276786,0.12297509238026907
Думиничский муниципальный район,-0.05667214419290255,-0.7314806848962693,-0.23209382211339924,0.1933896301932076,-0.20354190199685226,0.10662039622844392,0.16473172570159447,0.0
Духовницкий муниципальный район,-0.559750857872696,-0.46984807465005823,-0.2037060761436055,0.12295800875766687,-0.020245553882211366,0.3889830859749372,0.08028956193701231,0.0
Духовщинский муниципальный район,-0.008286802724604764,0.6887253760626285,0.38437691807611535,0.8032086254949379,0.35759355231242856,0.30730986411497213,0.08178957873045602,0.0
Дюртюлинский муниципальный район,0.3283453086130253,0.343396782363768,-0.3787031944122873,-0.025454192585373955,0.07765534064645761,-0.23761136002245653,0.6785819039363483,0.0
Егорьевский муниципальный район,-1.125393222104676,0.7442173543661832,0.109544504518913,-0.30559612541556824,-0.19091827026837588,0.06273259577469059,0.49002648260503234,0.0
Екатериновский муниципальный район,-0.36191814847698056,-0.42175219054327234,0.03369363928555725,0.5171584689515112,-0.510004678575786,0.41632004924593036,0.21053001947440492,0.0
Елабужский муниципальный район,0.934817851213343,1.6937959353343381,-0.2445573696826947,0.0360281141972513,-0.38267585453622094,-0.2590216912912518,0.16810511220190716,0.0
Еланский муниципальный район,-0.09892756111183441,0.3797842909685734,-0.24276851974528468,0.06736972040454398,0.03439802042415108,0.0462523521086076,-0.7647050335533405,0.0
Елизовский муниципальный район,2.75160679588137,-0.24493090989497085,-0.17908064768426699,-0.3677111841472114,-0.24045282815739621,0.0,0.023286793772859457,0.0
Елховский муниципальный район,-0.2951672498020375,-0.8635913344110098,-0.12213475305054886,0.21322633986454234,0.07133680786429693,0.1332536132376422,1.042218918208524,0.0
Ельниковский муниципальный район,-0.6625861580762835,-0.04250888786110453,-0.05506680744107931,0.3988238351353291,0.09462631569294686,0.12951609817592843,0.48595859948239223,0.0
Ельнинский муниципальный район,0.08394784414077906,0.5946262514061813,-0.05003349422551577,0.11847144171447645,0.06450096831051617,0.5753584388885844,-0.15661227664069155,0.12297509238026907
Ельцовский муниципальный район,-0.7819776566771635,1.9565289978720173,0.10224370492668262,-0.10608094505451375,0.11810720196216123,-0.2874808610088096,0.46382804042889103,0.18446263857040368
Еманжелинский муниципальный район,0.18954294334546803,0.5612198257308894,-0.3967065071799401,0.07563122498982608,-0.05857194013541661,-0.13003506856923047,-0.5494107180195861,0.0
Емельяновский муниципальный район,1.5099476500583429,0.5358026980633853,0.018143290429720144,-0.19861241283301626,-0.7710156085566694,-0.0011966273937261047,0.7186597877944021,0.0
Енисейский муниципальный район,0.8744676471091833,-0.8359601621895498,-0.2573494428839542,0.1940424699708705,-0.04472379299293088,0.0653256204310939,0.35687869149501417,0.0
Енотаевский муниципальный район,-0.45607843866940867,-0.3559554980451526,-0.2191042330975224,-0.07313300556612426,0.045397721873896534,0.029993911654577154,0.10033113447373732,0.06148754619013454
Ермаковский муниципальный район,0.3200540159495338,0.4505068547069789,-0.05772427514406517,-0.3769077479170854,-0.08188853939219412,0.18087902256866562,-0.24138996673532367,0.0
Ермекеевский муниципальный район,-0.7448782988800556,-0.10512903790411801,0.5109189699899882,0.44657444413927244,0.8198138529606059,-0.4429649527801726,0.871587388905857,0.06148754619013454
Ермишинский муниципальный район,-0.5962946642090154,0.4592881819908705,-0.08240461146340987,-0.10657967142450586,0.10354140739846453,-0.2561395571667741,0.2425856831706274,0.0
Ершичский муниципальный район,-0.5395634348354005,0.7134023085188405,0.2884371608925481,0.23933060945807594,-0.012760400908842872,0.733992074985198,0.6289399139451024,0.0
Ершовский муниципальный район,-0.5018880519917364,-0.301442277094583,-0.34623399175534714,0.4063142890818747,-0.033387925897283066,0.18739902594770028,-0.751818724116863,0.0
Еткульский муниципальный район,0.11712978527230096,0.7157733078512266,0.023577106566261132,0.26597864712851566,0.30303954166758745,0.24385864265880147,-0.48067479517259837,0.06148754619013454
Жердевский муниципальный округ,-0.07265246741210714,0.09449346881489104,-0.013846794615408362,0.3594060725961592,0.10271102827046054,-0.40944287974933097,-0.7652239327421904,0.06148754619013454
Жигаловский муниципальный район,0.6908585832369886,1.6441040680435755,0.13825351271901237,-0.4927951118930134,-0.1331917740707312,-0.25732029901480963,0.22323723513165872,0.0
Жиздринский муниципальный район,0.2973448509437747,0.23185596739144462,-0.45653187808519285,0.10357010318926807,0.11529096109906337,0.22721884601708772,0.635603796645916,0.0
Жирновский муниципальный район,0.09201789926243654,-0.6412365149700046,-0.31011178126612693,-0.08573286368831433,0.3280756734218094,-0.39217357564877375,-0.5344370846689674,0.0
Жуковский муниципальный район,0.6888630273873086,-0.09966188471239976,0.06470743667073195,0.5206088991237477,-0.3009169832606061,-0.008759709193241687,0.2743948538202985,0.0
Забайкальский муниципальный район,1.3350425521951406,-0.21220585358702931,-0.2466794730416137,-0.2262583738857072,0.07615006120880205,0.2493540991442714,-0.41196633374192204,0.18446263857040368
Завитинский муниципальный округ,0.3820096848209726,-0.597930199732989,-0.014521656197501075,-0.25143595869157703,0.16869264429665654,-0.0177660554810469,-0.2974040770745231,0.0
Заволжский муниципальный район,-0.0860761443738761,1.0733000006479385,-0.19493146168129885,0.0889585402684154,-0.13638476772061325,0.4875941879596155,-0.16611310937384613,0.0
Завьяловский муниципальный район,-0.4811631248571357,-0.07736557669446927,0.17636346962360175,-0.6354389697082087,-0.3576391301940255,0.24726279969963463,-0.25903109124814805,0.12297509238026907
Задонский муниципальный район,0.016485461207255962,0.0012989850257594982,0.16945650265927054,0.4869486495106421,0.14491115513489378,-0.014406711576011791,-0.5511940286202366,0.0
Заинский муниципальный район,0.25134233979272613,0.9034284504478626,-0.019854485177274155,-0.05998212655149556,-0.3827012496061213,-0.533601439257825,-0.400576444952152,0.0
Заларинский муниципальный район,0.2602638520710986,0.33696070421330315,-0.08344897561064601,-0.5189966553018768,0.16377441265111758,0.20294600188209733,-0.6330417323394156,0.0
Залегощенский муниципальный район,-0.5099837902881852,-0.8274805476021568,-0.030405754113318178,0.3602209527103808,0.13799716720323466,0.23038086007271272,0.43362677336339495,0.0
Залесовский муниципальный округ,-0.8571790971978731,-2.02446015527078,0.32071810738312545,0.23411056625564697,-0.35487976757174367,0.9460482430633463,1.4225890535622263,0.0
Заокский муниципальный район,1.2680389106133305,0.908033609868656,0.04183158530928068,-0.10614258710958799,-0.7307862700684254,0.19140693552734575,-0.19560591379308337,0.06148754619013454
Захаровский муниципальный район,-0.46027191236704457,-0.1450400043038916,0.6897557921768517,0.648408688323217,0.7288432436579566,-0.10822592337735994,0.9478624923879301,0.0
Звениговский муниципальный район,-0.008184842021116889,0.24760197134703946,0.09778233081454209,0.18528801347922846,0.2383042843520776,-0.4534957920201524,-0.32101402175119353,0.0
Звериноголовский муниципальный округ,-0.976955499925054,-1.5427988807143873,0.032919355665666825,0.14642549736782193,-0.1714595407669644,0.6634661960661948,1.2504354878032689,0.0
Здвинский муниципальный район,-0.43750415479482374,-0.8100224652363986,-0.1771400485849271,-0.17405720624047766,-0.5484031708154942,0.3006575234670723,0.37182497895761607,0.0
Зеленодольский муниципальный район,0.9933162704954845,1.0121180046218403,-0.21672707017685705,-0.08079610685582654,-0.3542465388033283,-0.1203455987742675,0.4731049464286511,0.0
Зеленчукский муниципальный район,-0.2209151087517246,0.3093193056333055,-0.10703632060575885,0.4097232091505292,-0.23786019311485374,0.205792725439529,-0.506511300614278,0.06148754619013454
Земетчинский муниципальный район,-0.5447550007958752,0.4809731737692925,0.39398101651156553,0.48450859820747966,-0.609456000065408,0.28693704794018016,-0.5381760262936983,0.0
Зианчуринский муниципальный район,-0.3746114266364147,-0.6756181762966792,-0.1850208557769193,-0.44144490131886827,0.22043413248550497,-0.24066304621954449,-0.2959001078063112,0.0
Зилаирский муниципальный район,-0.41445193701131555,1.0953999954630216,-0.45529981068062664,-0.0012785902722788408,0.049823253508214226,-0.12424228430271281,-0.5758483656376843,0.0
Зиминский муниципальный район,0.390011405779973,0.23440303637392496,-0.34290438397837797,0.003009240234955061,0.18554853963983373,0.024059236615096017,1.0814801380824874,0.0
Змеиногорский муниципальный район,-0.07036524275778035,0.05382396161279943,-0.1497803374476437,-0.5011192347167256,0.10390814053288101,-0.21366064289842615,-0.4631638378375476,0.06148754619013454
Знаменский муниципальный округ,-0.36502759503790677,0.037806683956127456,0.5268521394850777,0.8389719075599812,0.20976038102560035,0.8244894774925065,0.09635300305475807,0.0
Зональный муниципальный район,-0.9204224607170465,1.9565289978720173,0.4449906369072277,0.3630754399928013,0.7291768534061525,-0.448307002475532,2.0590933794646684,0.0
Зубово-Полянский муниципальный район,-0.22387283683028975,0.5243797107210708,0.06117780219847439,0.32178410078909814,0.3501673662922841,0.1885035818288998,-0.4511149420327277,0.0
Зуевский муниципальный район,-0.4209896877364708,-0.943893223763641,-0.2597059150788976,0.12806381113124868,0.3919019236524168,-0.3317439411393837,-0.2954910106184294,0.0
Зырянский муниципальный район,-0.3813274329971194,-0.47695028173550175,0.0,-0.056741613057135196,0.30416031200108723,0.12719615151459182,-0.3241955258472919,0.06148754619013454
Ибресинский муниципальный округ,-0.8655022845218272,-2.02446015527078,-0.12415962079107998,0.16930972180558584,-0.34003981559800633,0.009216204022786424,0.8829130479154489,0.0
Ивановский муниципальный округ,0.8256594370163236,-0.15211302637074878,0.24189093985265897,-0.26347413103510353,-0.07693049468797204,0.7822788598409001,1.1253532189836222,0.0
Ивановский муниципальный район,1.3766132991939481,1.2076832857864155,0.6087372065406896,-0.1970183317563951,-0.7711231769862397,0.272785873092767,1.3970527441707956,0.0
Ивантеевский муниципальный район,-0.33228367032590966,-0.09599182222413248,-0.3043378731989917,-0.059602131485966985,0.064407919318264,-0.05380294491273258,-0.2729537703403557,0.06148754619013454
Иглинский муниципальный район,0.5572731227599041,0.48906267196524456,0.00787456412653035,-0.04512863244473231,-0.7678541003575754,0.09740922393463021,0.16403317864614048,0.0
Идринский муниципальный район,-0.3615490082593451,-0.17835657482411046,-0.4296496516031048,0.1024751742896628,0.058136171493344505,0.2829547144315103,-0.49041205765811324,0.0
Ижморский муниципальный округ,-0.03744624930222554,0.9388008537314303,0.06020344398367174,-0.5010042736816522,0.13584523117318748,-0.06290339378833103,-0.5117927248011505,0.0
Измалковский муниципальный район,-0.2615422777252152,-1.051122629678072,-0.23786733904117366,0.2267066252393686,0.008185884173667939,0.00016555106928271845,-0.37852169589524953,0.06148754619013454
Износковский муниципальный район,0.09861857313248691,1.054573822946576,0.6796006501698785,0.8389719075599812,0.45219840068169415,0.18962998212796173,0.8483597451336709,0.0
Икрянинский муниципальный район,-0.6961902643070752,-0.030728807406148466,-0.04414112330547048,-0.1318857189319775,-0.07020502733297813,0.11843484970001798,0.5053241988681958,0.0
Иланский муниципальный район,0.14682414485743772,-0.5412037948928055,-0.5690359366908385,0.10844420136100369,0.01655585975058137,-0.15850143529247093,-0.5580520382422851,0.0
Илекский муниципальный район,-0.6099144639072193,-0.878920926431437,-0.16096183409876705,0.3763029962685105,0.21016977346946303,0.18782432605844882,0.02960514548743533,0.0
Илишевский муниципальный район,-0.6659121758833807,-0.16986124589125812,0.034435070102836744,0.01270187324571042,0.45434594914122445,-0.4128882092796852,-0.4461157492165396,0.0
Иловлинский муниципальный район,-0.18698691072102877,-0.5240967548670517,0.004513058043518408,0.3007607562067169,0.013968360540851134,-0.087535783883236,-0.49941388572142426,0.0
Ильинский муниципальный район,-0.5208245140810955,0.1714522994570936,0.35276688218662994,0.051967629822595826,0.5486463947688747,-0.8389298873749128,0.925100714037106,0.03074377309506727
Инжавинский муниципальный округ,-0.37672100710979817,0.06663608416960164,-0.23741860109571816,0.3944509720696745,0.041231711305770254,-0.2255084667629273,-0.5509047873617863,0.0
Инзенский муниципальный район,-0.32172253416265484,0.6521192783364094,-0.40436766623285997,-0.07962421737058584,0.20377499819499711,-0.08226673629540886,-0.32958597546634333,0.0
Инсарский муниципальный район,-0.4608142199654952,0.7506427926759194,-0.5690359366908385,0.00561038814754774,0.00979227136634908,-0.009745414154933301,-0.2555705817497417,0.0
Ирафский муниципальный район,-0.5989176428967156,1.1079917293049704,0.3615469388867312,-0.2683352447377309,-0.4300878480317039,-0.35942297049693817,2.2938472448942187,0.0
Ирбейский муниципальный район,0.1557389581005603,0.031220328949644577,0.43041216068133475,0.14946760315572388,0.8080009330148432,-0.2546472904199755,-0.27391530208542825,0.03074377309506727
Иркутский муниципальный район,1.8126558633731265,0.6449008224133564,-0.08605654291596898,-0.18097404366945105,-0.47850087653553813,-0.006525848194306393,1.0016752016746548,0.0
Исаклинский муниципальный район,-0.3765426382174275,-0.7185564064794085,0.0026615367508678223,-0.3704493430874731,0.1991652284798965,-0.47646939954661227,0.22935934247356535,0.0
Исетский муниципальный район,0.2096648184185343,-1.5538323098413236,-0.3545506521843449,0.09385332296469476,-0.09945800502437205,0.3530828738038974,-0.16812451291979544,0.0
Исилькульский муниципальный район,-0.17033672175062456,-0.35625750839553527,-0.5005592841292988,-0.09720592711310075,0.007082422865727897,0.07041324714641034,-0.5701285308371539,0.06148754619013454
Искитимский муниципальный район,0.357702450166723,0.4737241799457459,-0.12955070546355135,-0.244636761393418,0.15532316593952641,-0.6231608939838589,-0.4330705484747724,0.0
Иссинский муниципальный район,-0.6587222250634649,0.5040671177313537,0.39328250110986057,0.6958938859532477,0.44540348792868734,0.00881164294081274,0.04438495241755356,0.18446263857040368
Ичалковский муниципальный район,-0.5314517801503672,1.0282651007634525,0.03418861079281872,0.23170128884924768,0.4258266082164895,-0.24177063796964798,0.01643357364000798,0.0
Ишимбайский муниципальный район,0.9332738452747892,0.448875502098154,-0.19415107005876744,0.0886558813225586,0.11704708131506134,-0.3673681468781225,0.3251592999643475,0.0
Ишимский муниципальный район,0.41397190763239045,0.4870688975001896,0.18319639365621596,-0.03329035280062454,-0.6025567778328144,0.45194121775733,0.44531562877873443,0.0
Каа-Хемский муниципальный район,-0.25582289440767864,1.6880630743451068,0.486851555754792,-0.35990517199943295,-0.23085349709651487,0.21160568525994392,0.8489385498343714,0.06148754619013454
Кавалеровский муниципальный округ,0.9974140138298389,-0.4301533900974351,-0.22614028064855496,0.28179717068716104,0.07795382352463358,0.10978719205227502,-0.48643256089448145,0.03074377309506727
Кадомский муниципальный район,-0.377279081689909,0.6736517976764121,-0.1958271319258989,0.20215451669991738,-0.2558772628701176,0.19448868621692597,0.8251028188527683,0.0
Кадошкинский муниципальный район,-0.5132948782727434,0.501175750203082,0.4042275524115488,0.18301714962270185,0.18097064021921247,0.15441226162560637,0.5260212470457288,0.0
Кадуйский муниципальный округ,0.3624034891116927,-0.9811148475886887,0.34436114200191503,0.39739109209941126,0.6567174161387704,-0.29128668292783116,0.06090884166111017,0.0
Кадыйский муниципальный район,-0.4954045840511231,0.8265041602769896,0.3031963551990361,-0.486149805190582,0.4538197804649582,-0.713784099974157,-0.16902988774916652,0.0
Казанский муниципальный район,0.1329880310041011,-0.6223943101254433,0.06366123037265693,-0.5218415274359368,-0.17929129828795076,-0.262097256050876,-0.2926964340329624,0.06148754619013454
Казачинский муниципальный район,-0.02904596313780317,0.2905218355773243,0.021472120874473463,-0.4803527589247899,0.30063064764434383,-0.3565635430607223,0.07217430202456589,0.0
Казачинско-Ленский муниципальный район,1.5793613189230278,0.87529782125393,-0.08723874370238718,-0.5483862320172298,0.14767793721779646,-0.15886917293692845,0.011467907438400825,0.0
Кайбицкий муниципальный район,-1.1283200139145368,-0.9511297904407527,0.15147927528584126,0.46145829270069283,-0.4655776174550125,0.4142748653670299,1.1715643171189472,0.0
Каларский муниципальный округ,1.598981186375507,0.27659816684242167,0.39262472763003664,-0.7154218177510714,-0.6583214687350922,-0.04957558670677991,0.23966208427723554,0.0
Калачевский муниципальный район,0.2558403910846037,0.6559481690981761,-0.010441687688350486,0.48319168001752877,-0.4566037596182567,0.5208201626883723,-0.7652239327421904,0.0
Калачинский муниципальный район,-0.1710598802098632,-0.45954473138094143,-0.17624835361482333,0.1474203309131542,-0.19939096951396892,0.05053097763293195,-0.4811906760544279,0.0
Калевальский муниципальный район,1.5294960760008582,-0.13040858058790192,0.32913548547033483,-0.7007821247773347,-0.2467506080369682,-0.23928795656528024,0.22404373163618846,0.0
Калманский муниципальный район,-0.8537409119762799,-0.3820656211937219,0.011896810699982073,0.22841976280276713,-0.0622544691270419,0.37661604397794646,0.7494855836464707,0.0
Калтасинский муниципальный район,-0.5862838789639284,-0.9699410677637105,0.5404025021997311,0.6629365093908894,0.7294710487955886,-0.450996765526057,0.03733655791869579,0.0
Камешкирский муниципальный район,-0.8094093198167079,-1.441910369542974,0.19053026630864714,0.35711604241411893,0.09566066547314518,0.2941196569600376,-0.04824124471210821,0.0
Камешковский муниципальный район,0.3359060941218541,-0.2611182923560482,-0.15739748508040244,0.23927785749406064,0.6225107146367963,-0.0499490066291127,-0.4199346765361341,0.0
Камско-Устьинский муниципальный район,-0.38570896899281304,-0.15468454431881135,0.6034340164125234,-0.1296325291259138,0.5092694232488025,-0.8735634895733508,-0.184777586575128,0.12297509238026907
Камызякский муниципальный район,-0.8889389638860811,-0.08368862131503638,0.23979571442279474,0.5629247330384562,0.03703738093150576,0.4485890679967993,0.11161334083026098,0.0
Камышлинский муниципальный район,-0.4665701751644309,0.6639517945179402,-0.16788841845033106,0.04882456383298755,0.07870059417115015,-0.4186592980064231,0.5318755732879795,0.0
Камышловский муниципальный район,1.1920946047040728,0.405221275996953,0.10862359350372076,0.0,-0.12628354819776771,0.7291583611233006,0.23747502720405914,0.0
Кандалакшский муниципальный район,2.2381455817342877,0.21744648438071978,-0.2512587166337891,-0.35817560587732655,-0.204068992359156,-0.2963587642979212,-0.19295491969114245,0.06148754619013454
Карагинский муниципальный район,2.75160679588137,-1.0454723892351516,2.4835047533335257,-1.5104001817076609,-1.2849395616271135,0.45723565087442275,0.9118177662307381,0.0
Караидельский муниципальный район,-0.47561368119650765,-1.2048257263543871,-0.08428114912239178,-0.13409351640993075,0.4013484393658859,-0.20314690660737367,-0.07504278632586615,0.0
Карасукский муниципальный район,0.1926207554811826,0.3429448107617984,-0.22102702672100563,-0.3972232511852944,-0.18219635780742893,-0.028588780936228134,-0.39778761492897896,0.0
Каратузский муниципальный район,0.16275710162380563,0.6610995149668114,-0.22335976679854896,-0.20920934608667094,-0.2898128536801567,0.07169330140252964,0.32750982399835,0.0
Каргапольский муниципальный округ,-0.48181926170605266,-0.6371382677655199,-0.4845436055559562,-0.1454351487560379,0.12118961383213504,-0.08935161886868705,-0.2960674988606779,0.06148754619013454
Каргасокский муниципальный район,0.5604053190027993,-0.09182544008962298,-0.0431860077777675,-0.43225067914670906,-0.0379710744123678,-0.2999866451560797,-0.18047771935984844,0.0
Каргатский муниципальный район,-0.1959016537289845,0.0019011171444584178,-0.03232418335453014,-0.2974727791082179,-0.23299932842837526,-0.06707345789919086,0.029028995326295208,0.0
Кардымовский муниципальный район,-0.16108698120482495,-0.32811207148022126,0.14658562285335708,0.5529623919861766,0.1691545562260278,0.214702660271465,0.9666928277775653,0.0
Кармаскалинский муниципальный район,-0.3322150700680966,-0.055382111323474224,0.20413887771986072,0.5590659633308698,0.18727536753282176,-0.03369680944888529,-0.4382967857820847,0.0
Карсунский муниципальный район,-0.9630921121847537,-0.06453329519173868,-0.21232076283667742,0.3276241426089432,0.28887037795438575,-0.22912915744664925,-0.3491764414801698,0.0
Карталинский муниципальный район,-0.20181133404191712,0.22030404197234307,-0.5291121729010707,0.16847679142838848,0.2271726495982486,-0.01585760249483044,-0.5660211898988141,0.0
Карымский муниципальный район,0.3775678752223317,-0.6905007971646132,0.0034880849411989263,-0.33796031990995684,0.341295081592948,0.11737482477793929,-0.642761594623503,0.0
Касимовский муниципальный район,-0.08665351126552895,-0.7432171860602753,-0.16556836681016637,0.16640490233215213,-0.03335434183680637,-0.0764280845678172,0.3433083689047871,0.0
Каслинский муниципальный район,0.3207817957432141,-0.15507619529108102,-0.2784402153577138,0.2749803321741054,0.0380707380376042,0.172850824743126,-0.3958469206129359,0.0
Катав-Ивановский муниципальный район,0.10504765010836968,0.4155048653344176,-0.5681951120992756,0.06327753576917168,-0.00550464145521414,0.2636737441976988,-0.31429381651207594,0.0
Катайский муниципальный округ,-0.2612313376203595,-0.32614842659807364,-0.36695795405604775,0.0313610566540509,0.3046966393742735,-0.23312343792498352,-0.18358430419700167,0.0
Катангский муниципальный район,1.8798971049222502,-0.35440515318562676,2.182981261557575,-1.5620962858757879,-0.25112816768315244,-0.3192662837428344,0.7739226977806036,0.06148754619013454
Качугский муниципальный район,0.19694296898159125,-0.24992527461898634,0.1308479882793806,-0.44353819989293636,-0.029096719261153158,0.25410470653754547,0.24272618765462872,0.0
Кваркенский муниципальный район,-0.5271044235710287,0.20276059775370178,0.08845001180701324,0.3894113383910611,0.42873986101258066,-0.13470589725631438,0.3471530299227543,0.0
Кежемский муниципальный район,1.7678603266357722,0.23835297759511948,0.13313709361894982,-0.6144847238944859,0.18233976841749472,-0.2397366532728195,-0.5752889999180528,0.0
Кемеровский муниципальный округ,1.3566591998373068,1.4256787282319219,-0.1140981797077285,-0.25847139641773687,-0.06344416660799478,-0.5542262428320671,0.8618504109621639,0.0
Кемский муниципальный район,1.1238540179516148,-1.7830394203534683,-0.28177906336472086,0.20943603739805117,0.2991017908285151,-0.02253559109490046,0.035766146614157404,0.0
Кетовский муниципальный округ,0.21353970477172424,1.3475160449294292,0.3510862823409004,-0.041978898727045924,0.588282490534917,-0.4032100693378602,0.7875717543270055,0.0
Кигинский муниципальный район,-0.3682129127321419,-0.21551688691704737,0.05287467520238532,0.028682766249028546,0.46263553290160864,0.05832196418651585,0.11107264310674202,0.06148754619013454
Кизильский муниципальный район,-0.6646841896634759,-0.8708897294229275,0.09181166207372272,0.3572743349995245,-0.0539723876768229,0.6568387059099388,0.2540830803106532,0.0
Киквидзенский муниципальный район,-0.2735230804231464,-0.0026596640751100488,-0.17161652047889422,-0.03644998708357248,-0.07015245807254011,0.3853338536383515,-0.436104729156889,0.0
Килемарский муниципальный район,-0.531180343953892,-0.21989467080103925,-0.1921840760092012,-0.10888988541873232,0.2387193891255371,-0.1632382892313781,0.5088844902040384,0.0
Кильмезский муниципальный район,-0.689579480130315,-0.7822268156410424,0.26890753926477223,-0.755756252256557,0.21166221583001535,-0.5736759035159401,-0.21844096700342674,0.0
Кимовский муниципальный район,0.2844441206219225,0.4474973636596972,-0.1563024363735988,0.35258928925299665,-0.2413478170956861,0.08766326260369041,-0.7652239327421904,0.0
Кингисеппский муниципальный район,1.9904699866381332,0.49115680232737974,-0.18655854368402827,-0.30511739104062674,-0.25331003175403216,-0.21050408665816436,0.709610034529012,0.0
Кинель-Черкасский муниципальный район,0.10304245723983733,-1.1647776645010335,-0.5690359366908385,-0.026872873645919348,-0.1261080956432653,0.15583352438574477,0.03406222425900712,0.0
Кинельский муниципальный район,-0.14837081119840656,0.08162739551648081,0.18629741168006844,0.4074034844579637,0.2509174524065151,-0.5209270530922447,0.1712447093914825,0.0
Кинешемский муниципальный район,-0.09764160512111864,-0.04545325619594072,-0.07055270259790183,0.11118331502371409,-0.11660613923290723,0.6910193084138304,-0.2538105566479385,0.0
Киреевский муниципальный район,0.5226237427557195,-0.015056609226876745,-0.26703306549284206,0.13530543678181214,0.006784645794309075,-0.09152461140430705,-0.7652239327421904,0.0922313192852018
Киренский муниципальный район,1.1854070693821512,1.4254248095572046,0.5069334492925277,-0.6611330944382442,-0.35414412218362545,0.235410328109857,0.36334804371864654,0.0
Киржачский муниципальный район,1.3128324146480916,0.9765534935210028,-0.07163819276280116,-0.29184579569257363,-0.49609750464717656,0.10370610780067674,-0.13901512973013963,0.0
Киришский муниципальный район,1.5913031839098222,0.11089368223765025,-0.2503707076381462,-0.2963433139069684,-0.0347633084981615,-0.3329511604629442,0.1278754427258245,0.0
Кирово-Чепецкий муниципальный район,0.22550996514607202,0.3720523027483479,0.24047206913145464,0.38219976968464986,0.16815784659226288,-0.638406541126544,-0.05544957343738458,0.0
Кичменгско-Городецкий муниципальный округ,-0.05526030105853035,-0.17770024395583406,-0.2984971176393752,-0.2105324748037162,0.48426631033968454,-0.11698924643583991,-0.25751434833640086,0.0
Клепиковский муниципальный район,-0.06078532265216068,-0.29551393112827934,-0.30485415798578214,0.29464198531736424,-0.30149000593844744,0.06832390818542892,0.0,0.0
Клетский муниципальный район,-0.30754390948592975,-0.17019384235109686,0.2702013340661299,0.37015012965513594,-0.13512044334251452,0.6729029577362603,-0.5009772920306526,0.06148754619013454
Ключевский муниципальный район,-0.3471428784527855,0.18040718432897837,0.07994393940878845,-0.5482671588236755,-0.0758321911375303,0.21398879882795036,-0.37838704574162735,0.0
Клявлинский муниципальный район,-0.1662741571174044,0.14218486012868892,0.12193362217041219,-0.31165688838270456,0.7402151183686292,-0.6265647615303143,-0.15466633203786037,0.0
Княгининский муниципальный округ,0.2145953352148489,-0.653233160519061,-0.2295459829045213,-0.1522212311534856,-0.2531006517758883,0.25306633866169953,0.020774699857902305,0.0
Кобяйский муниципальный район,1.3774820145838624,-1.2141504442731934,2.0472303390583004,-0.8494263043613884,0.2733222144169422,0.9665223964785029,1.8730056596886868,0.0
Ковдорский муниципальный округ,2.557867860342038,0.1955244823156905,0.2622045266031335,-0.6946936174906249,0.467807064230869,-0.5833860955875372,-0.28997722558421807,0.0
Ковернинский муниципальный округ,-0.07512473823740762,0.7117477187502591,-0.01704542353502873,-0.2641455693437918,0.27933079746043565,-0.5927302663067083,0.2686827252874788,0.0
Ковылкинский муниципальный район,-0.2149351397373833,0.27548890634460554,-0.4920976755081656,0.01874958005638841,0.2099671194824853,-0.23057347413040966,-0.742650576166917,0.06148754619013454
Кожевниковский муниципальный район,-0.2084162187765049,-0.44880129730397833,0.03068179612835146,-0.23886864053236367,-0.08338202163650203,-0.08769484127241553,-0.5048613317203994,0.12297509238026907
Козельский муниципальный район,0.4560949855101398,-0.1690640671262445,0.12546515447478598,0.7845334382916993,-0.18277836585218415,0.5060437089815358,-0.15564808511884426,0.0
Козловский муниципальный округ,-0.7394165636335526,-0.6518672549446275,0.3422955500486715,0.5801809525842628,0.2335919982726357,0.04358166417357349,-0.08262590196839113,0.0
Козульский муниципальный район,0.054003032862048106,-0.18897294751936405,0.29609761020146363,-0.3235004904265975,0.40031398308513255,0.01561655681580091,-0.12094350602768304,0.0
Кологривский муниципальный округ,-0.4953952011979416,0.9703963348650231,0.4705551564013849,-0.7798962347863085,0.15043431178536193,-0.3556360795308151,-0.48576396908497804,0.0
Колосовский муниципальный район,-0.49461474340420375,-0.12420994710517275,-0.4382668117088195,-0.053615299049705134,-0.2534565330116351,0.14061138266295806,0.33674171086597604,0.06148754619013454
Колпашевский муниципальный район,0.7320561938276096,0.27478838079389484,-0.30082056772172955,-0.14605647890745418,0.33858170375024804,-0.22333638795409316,-0.7652239327421904,0.18446263857040368
Колпнянский муниципальный район,-0.39555627916717057,0.7490905084642935,0.8858290156326103,0.8243944752529946,-0.47194765851467047,0.04592402631319787,0.3344607171880179,0.06148754619013454
Колыванский муниципальный район,0.16573140466854733,0.6414917599900196,0.12559549096381767,0.08022067401928551,-0.722059190847539,0.4082422778205198,-0.4780115537704513,0.0
Колышлейский муниципальный район,-0.5862209148204905,0.07781424493211984,-0.05301901705116028,0.28736518415011847,0.1270548913680368,-0.0678163407053348,-0.15798911638947868,0.0
Кольский муниципальный район,1.5165942660756873,-1.8933326842125675,-0.20123564644476996,-0.3847773460822428,0.128216442580721,-0.3857673251588026,-0.18305703887960967,0.03074377309506727
Кольчугинский муниципальный район,1.0727197551633225,1.1570557166660353,-0.4135847990060456,0.1414434579148209,-0.06520685396605538,0.16066120147459298,0.11644688823011382,0.0
Комсомольский муниципальный округ,-1.237971773589918,-0.3272538478922174,0.22503184994030523,0.3730006832651794,0.28424329595734477,-0.033753826345979544,-0.045793068456070035,0.06148754619013454
Кондинский муниципальный район,1.490277692118064,-0.5375191379825399,-0.05973620372476211,-0.05349792390704091,0.24541072764689478,0.35601446409860865,-0.6227206171816521,0.0
Кондопожский муниципальный район,0.9375827632452781,-1.0727170521209395,0.17615582311092773,-0.38923877696874304,0.45434305758827287,-0.689267691615421,-0.192275391373124,0.06148754619013454
Коношский муниципальный район,0.7343461281080214,-0.780033085770199,0.013011743276512177,-0.5119699177266455,0.40747896148146456,-0.20876190126505154,-0.3164709178821143,0.0
Кораблинский муниципальный район,-0.27540681809080897,0.18853263434090983,0.006557918333468343,0.6039229494915741,-0.17359828053650142,0.21111915273565687,0.29215692904785473,0.0
Коркинский муниципальный округ,0.5323451173955792,1.703752605909082,0.09969262171833529,0.4040672162435033,-0.6378211211443325,0.25910298122864217,-0.4642852615735089,0.0
Кормиловский муниципальный район,-0.31850464201796436,-0.577120483614382,-0.18055999363808534,0.16270008863648874,-0.3165514708597384,0.0035030793571399813,0.3459312692275528,0.0
Косихинский муниципальный район,-0.7853416337141141,-0.06831379916309323,-0.0190674704171011,-0.44347111645489434,-0.22276175168330156,-0.19961392205958303,0.260620464266732,0.0
Костромской муниципальный район,0.8628643313486011,1.56279521078157,-0.26215273685355234,0.048204105723484304,0.0,-0.26950301858153014,-0.16235405050909218,0.0
Котельниковский муниципальный район,0.31084252058882905,0.0034214326331836677,-0.056483949676823866,0.3292402974263699,-0.15267089423913308,0.3299617530190163,-0.3114160865932327,0.0
Котельничский муниципальный район,-0.6179771539839389,-1.9275214199935753,0.129196754242799,0.14271923295965935,-0.0065529674503246975,-0.06576347816570736,0.12011893705284381,0.06148754619013454
Котласский муниципальный округ,0.26421235957206773,-2.02446015527078,-0.0066097140391250435,0.18107318070875705,0.4552506602208621,0.2023256682383717,1.1634060931456471,0.0
Котовский муниципальный район,0.032091025796023805,-1.0867271254635351,-0.47834295421717227,0.027271481300018763,-0.1350303074660448,0.24024916360702991,-0.253251311408047,0.0
Коченевский муниципальный район,0.2822320075796048,0.1985218401735029,-0.4173847270830046,0.08533303939079614,-0.19888473130868312,0.12608515978510149,-0.37216671691660447,0.06148754619013454
Кочковский муниципальный район,-0.3622802337055372,-0.8105078541098958,0.3400929461406936,-0.4303593043240947,-0.8113936159856854,0.3229310236426639,0.3548811819233106,0.0922313192852018
Кочубеевский муниципальный округ,0.07602952714184932,1.4251576634590892,-0.06948290699218189,0.39272960387853684,-0.003438684973595883,0.26447542095994137,-0.31344722316567747,0.0
Кош-Агачский муниципальный район,0.30871622899834217,1.068885114472,0.8570112107157428,-1.4412645237141224,-0.7522207910180634,-0.7077851428122088,-0.5037618607044022,0.03074377309506727
Кошехабльский муниципальный район,-0.12140514308568844,1.0532793073915638,0.08060901284307256,0.23135760418192144,-0.6305287645408082,0.6560836732464266,0.8154003370976202,0.0
Кошкинский муниципальный район,-0.1576789287994373,-0.413101534498882,-0.2530286807915595,0.27481053429764907,0.0780276390319576,0.38659952275444204,0.7247726700357099,0.0
Крапивинский муниципальный округ,0.30685792550929025,0.14330317309881682,0.45206903854426767,-0.7849561089688528,-0.24908254759348492,-0.10256257455737353,0.5457960487447694,0.0
Красноармейский муниципальный округ,-0.059619816941203385,0.5762130515886642,-0.33231070707526195,0.2671824295878889,0.06507603720981621,0.07841480491412864,-0.3865359196502414,0.06148754619013454
Краснобаковский муниципальный округ,-0.006242931768577417,-0.005725180174458815,-0.5690359366908385,-0.01972328401778692,0.10014727732469157,0.10130513448878552,-0.11063164985497245,0.06148754619013454
Красноборский муниципальный округ,-0.0409646211723152,-1.3461035214703811,-0.08779372428495422,-0.12973320882751413,0.5622435563491057,-0.16042938995319034,0.015307806441280172,0.0
Красногвардейский муниципальный округ,-0.127357538646162,0.8229470638990732,0.14494532533388918,0.09193204744184791,-0.4152622572783172,0.1484913260715778,-0.6393193033090939,0.0
Краснозерский муниципальный район,-0.19602551323918743,0.35096131324772795,-0.2847272193152404,-0.2050256769174259,-0.2487119039146527,0.09441387028856686,-0.6654856440997784,0.0
Краснозоренский муниципальный район,-0.3012756342104724,0.2629760641663908,-0.054270717441700506,0.12978574128271084,-0.23583784753744247,-0.1976936930823886,0.910541000089473,0.06148754619013454
Краснокамский муниципальный район,-0.376177365419996,0.47996450287352577,0.595783759397213,0.06315661563139979,0.12443641653360214,-0.9782338609083859,0.5659632017714251,0.0
Краснокутский муниципальный район,-0.2833541845269695,0.9207921124564318,-0.31544420338555235,0.07624743321437207,0.38945276657764843,-0.06140939268377812,0.17474563306827398,0.0
Краснооктябрьский муниципальный округ,-0.5687644149133761,1.0000356559443782,0.11893633471874243,0.4872428605917017,0.13273583470695408,0.31410701203420477,0.608176520564219,0.0
Краснопартизанский муниципальный район,-0.607216932153506,-0.2136457781559878,0.22370459402014323,0.29739241960060536,0.17024198283571945,0.8139751489405331,-0.007455592726706447,0.0
Красносельский муниципальный район,0.22220615274311079,0.536113129618055,0.13635769516055926,0.36618889623991047,0.5985626561789319,-0.23893389903876885,-0.2213354833264916,0.0
Краснослободский муниципальный район,-0.6627699844951496,0.5132851068685327,-0.06915437106441337,-0.03943586733010778,0.4568188778361173,-0.1576139166735368,0.14508385751184819,0.0
Краснотуранский муниципальный район,0.180031602121296,0.22712921378347514,-0.5690359366908385,-0.10884146228071345,0.0891914273809797,-0.029077466350395605,-0.3906096564884468,0.0
Красночетайский муниципальный округ,-1.237971773589918,-0.3653340522439883,0.19471441432029596,-0.025667640329805147,0.22026348830164794,-0.5714390264219291,0.27827966680362964,0.0
Красночикойский муниципальный район,0.32355388154656956,-0.30625993697877113,0.49096488284623935,-0.4520374245185864,-0.3123142270985307,0.9528558462595995,-0.6409492676587232,0.0
Кривошеинский муниципальный район,0.08467707985437235,-0.6915384471014646,-0.1413877685938675,-0.08192990385750627,-0.059478599294871315,0.028832958732809354,0.0350114930034622,0.0
Кромской муниципальный район,0.4825548663380419,-1.585704204630451,0.3884829892825468,0.4577098394756709,-0.27381866189839654,0.8866917583347367,2.1048670100372617,0.0
Крутинский муниципальный район,-0.44381338917292035,-0.9780311814533946,-0.15797741355732361,0.2541034940126628,0.4943606096608767,-0.023469982002098388,0.2393817205573208,0.0
Крутихинский муниципальный район,-0.6052808886993579,-1.0201342649696135,0.39887507692557034,-0.5281805019360176,-0.2851247633553566,0.08699707159933452,-0.19284959053308598,0.0
Кстовский муниципальный округ,1.5913229758921825,0.7639900261702877,-0.08846536858347256,-0.16502684568430076,-0.41723450632638226,-0.018528450090185496,0.516771738839647,0.0
Кугарчинский муниципальный район,-0.4508502629879755,-0.6563202448422121,-0.21126747056223014,-0.23431455803064846,0.3340804882792226,-0.35341198698534537,-0.5968860108873628,0.0
Куженерский муниципальный район,-1.027875131519946,-0.5528579825098835,0.26555456078197487,0.28655543895741686,0.7069423868956896,-0.19217632369611784,0.509750002262063,0.0
Кузоватовский муниципальный район,-0.5888786945730388,-0.10161508878904012,-0.3431841372515676,-0.08508339900718778,0.03888647091345555,-0.44676744850854866,-0.4031259370408697,0.0
Куйтунский муниципальный район,0.3932159788505768,-0.6989663044621538,0.4195606878775144,-0.44342316703933016,-0.0706573468936144,0.42920222872920244,-0.13533838495245257,0.0
Кукморский муниципальный район,-0.6302951668086443,-0.7595790069970695,0.5651072113514113,0.09892216980269604,0.43626627483319774,-0.6632074826327621,-0.4208151161629367,0.0
Кулундинский муниципальный район,0.06675036871987189,0.18153673623118996,0.005062377210605626,-0.5156686116494097,-0.12676843088844233,-0.1918061414544952,-0.27309220338247575,0.0
Куменский муниципальный район,-0.25990952597562383,-1.3605764901610018,0.5744647301352267,0.3835628181373746,0.6669090320168444,-0.8506584039451184,1.0171940689594197,0.0
Кумылженский муниципальный район,-0.5637316247522464,0.028546691052152986,-0.19884865225572596,-0.15104861232550706,-0.09212644367844673,0.2929904672620874,-0.22432393322364746,0.12297509238026907
Кунашакский муниципальный район,-0.4395946809972008,-0.05113263466382354,0.15938196879309896,0.45159839917207506,-0.10973996939985563,0.10409675652564837,-0.05389942648996358,0.0
Купинский муниципальный район,-0.017281214022625224,0.8112026532923594,-0.12566010401658473,-0.40722940736989993,-0.10545178973980816,-0.12141669888658879,-0.7128302778276675,0.0
Курагинский муниципальный район,0.49845747527046447,0.490592391714991,-0.5690359366908385,-0.17615481511875716,0.00926443266771952,-0.061934367550726524,-0.5374506712526829,0.0
Куркинский муниципальный район,0.2794539296114952,0.8039826500753662,-0.06449371185871738,0.22525039438260164,0.17561111833048584,-0.06659805436933851,-0.35088925465066934,0.0
Курманаевский муниципальный район,-0.6132560562243765,-0.37626897795241293,0.3605120190832852,0.5181394408299558,-0.2646480704330391,-0.012981165721496836,1.0776463770166909,0.0
Курский муниципальный округ,-0.482493708360228,0.7484903542012596,-0.06034972254669621,0.32899347155245684,-0.21590605781516445,0.03888780013823739,-0.2812113202258529,0.0
Куртамышский муниципальный округ,-0.6309800410041663,-0.4305766418314769,-0.4396509413518911,-0.028894075422178204,0.18757061655818189,0.15220293536964563,-0.4385604084750426,0.0
Курьинский муниципальный район,-0.4860330044682992,-0.29096456803920756,0.3694896419798792,-0.8349248889127692,-0.3615809759228594,-0.0544060848919351,-0.1626591525139852,0.0
Кусинский муниципальный район,-0.23048556482370666,0.20574431186527006,-0.08603069647452774,0.39772591051581396,0.22875800220673204,0.41861974686811904,-0.4688211613021337,0.0
Кушнаренковский муниципальный район,-0.5411725488138,-1.7753402700608127,0.15291804065390846,0.06550363719887456,0.7084660526376358,-0.18884546749368733,-0.06711661383357083,0.06148754619013454
Кызылский муниципальный район,0.7253410604226758,1.8776839572630677,0.869274045394049,-0.7091990984260288,-0.79654267221542,0.5215826001063645,0.6145521915152488,0.0
Кыринский муниципальный район,0.7581330945168404,-0.32767393476126067,1.2020592244279902,-0.18968171965748787,-0.7137807796558974,1.1609184974647706,1.5298793100077648,0.0
Кытмановский муниципальный район,-0.7829646013256818,-1.6032564707362984,0.44514930366629135,-0.5379469493769959,-0.3072100234174515,0.4750709079608593,0.23856603075759258,0.0
Кыштовский муниципальный район,0.04517206866730915,-0.05812099434727672,0.21863964041733486,-0.37303661242679836,-0.6054363357664336,-0.07021485123349407,0.12944299189428313,0.0
Лаганский муниципальный район,-0.4814401884506347,0.1710640476489033,-0.2220536316328603,-0.4136337601232314,0.19475363846300475,-0.029819073402697113,0.5618869520251584,0.0
Лазовский муниципальный округ,0.8191135314923323,0.2600406568367471,0.6131975285672682,0.15741091893792877,0.39825046022194555,0.2064804537645195,-0.1281704217008093,0.06148754619013454
Лаишевский муниципальный район,1.2211643497685993,1.518760526502479,0.09331547270631027,-0.23210639517382592,-0.5460082301217595,-0.12480219274407224,1.5712527048277638,0.0
Лахденпохский муниципальный район,1.280826653048578,0.10878848135755177,-0.2635537714931892,-0.4558973458535557,0.03003277605364487,-0.3461441038190624,0.019889828599948367,0.0
Лебедянский муниципальный район,0.3683441254286165,0.3459084800146681,0.09937478374148413,0.34835401404852334,0.1466565263203957,-0.28814119541614575,-0.7166096301872288,0.0
Лебяжьевский муниципальный округ,-0.7978537577571885,-0.5169887339241627,0.23252168077770954,0.11324926240421158,0.41241718020362494,0.13666242448499172,0.11437384987714098,0.0
Лев-Толстовский муниципальный район,0.47388074779113254,0.5285769712032911,0.005327080623381287,0.20660381034721606,0.10922603142064191,-0.42781766093629314,-0.4530262235065705,0.0
Левокумский муниципальный округ,-0.5664103353696109,-0.36437037776256864,-0.2030967301231024,0.22248534338845824,-0.4280001674390833,0.3885164690682505,-0.06248341482686047,0.06148754619013454
Лежневский муниципальный район,-0.3849956001951772,-1.1612494457520726,0.27795220613210886,0.07286597766114224,-0.38655971159260344,0.16439833660248207,0.5511828558567983,0.0
Лениногорский муниципальный район,0.6748002187935663,0.7111958880665754,0.23004749838904703,-0.06119965407373371,-0.011625662042839853,-0.5764955392366168,0.14758011901513018,0.0
Лиманский муниципальный район,-0.5733283842016884,0.235096625845563,-0.021988434713861315,-0.003433309292608041,-0.17966970984049344,0.4006620531777108,-0.36917620090993575,0.0
Ловозерский муниципальный район,2.05919198355367,-0.523874200616215,0.5244495573859687,-0.7221771152313422,0.4796897953355098,-0.637803222490319,-0.2537811323293441,0.06148754619013454
Лодейнопольский муниципальный район,1.410390693492706,1.305088687533263,-0.11368347742555135,-0.5473165599399896,0.3041527182792675,-0.4117077956866983,-0.6726369012305633,0.12297509238026907
Локтевский муниципальный район,-0.514293201432283,-0.33455939816110103,0.27671730838809483,-0.5939197356957273,-0.013491021538110208,-0.1068932708296541,-0.24214774241041476,0.0
Ломоносовский муниципальный район,2.1454166127182575,0.7846440601055796,-0.0440469586462898,-0.17685253350091482,-0.41322244235721645,-0.07576050356194719,0.7212708213726406,0.0
Лопатинский муниципальный район,-1.1212845794545891,-0.4414203777642767,0.8794462054276377,0.8389719075599812,-0.08882324944216204,0.20206537664136684,1.5424479944781333,0.18446263857040368
Лоухский муниципальный район,1.5599355715021874,-0.060317927988913334,-0.08167026517983245,-0.5178787736086331,0.05873716965616182,-0.4161469769131388,-0.5218694621050927,0.0
Лужский муниципальный район,1.6326197774511195,1.2229919331613506,-0.25854633055306275,-0.16474695105458084,-0.1450677559348169,0.07252361157913224,0.17511416882697306,0.0
Лукояновский муниципальный округ,-0.10303648818239874,-0.06884558568215962,-0.4124207450847953,-0.04146627243251957,0.09887142754465893,0.1700676524728095,-0.10484677344036773,0.0
Лунинский муниципальный район,-0.7647459264937867,-0.06776957602896676,0.2617375104020153,0.7035077335180543,0.3776950528641498,-0.30777917220988293,0.8621222110520139,0.0
Лухский муниципальный район,-0.7515340649140219,0.013748610845867256,1.000213069079072,0.8389719075599812,0.6454997705587764,0.7579897680724158,0.8558799466168588,0.18446263857040368
Лысковский муниципальный округ,0.5850900200100972,0.50976328071263,-0.3230791009453591,-0.24976631730547025,-0.184498372790433,0.008494551147256904,-0.33456394590202104,0.0
Лысогорский муниципальный район,-0.5265245978941243,0.1343255846096254,0.17078835797717465,0.5833637603967786,0.4370232693502176,0.5324840311385016,0.8846449770672149,0.0
Любимский муниципальный район,-0.22348566452568208,-0.1443958535581663,-0.19308286669113336,0.3206218975237037,-0.22492824163153022,0.1029676383287871,-0.5343982908570586,0.0
Любинский муниципальный район,-0.3489131577450369,-0.42073940839611706,-0.2956585868109304,0.28547777906477834,-0.042077558979986975,0.42903826201551337,-0.07808598330179713,0.0
Любытинский муниципальный район,0.42955735839580034,-0.02197251417746521,-0.3162898834809813,-0.18438324759022284,0.17140406982483705,-0.21793796043815164,-0.26752939324904285,0.0
Людиновский муниципальный район,0.54070935638019,0.7548012859671741,-0.23453297138531795,0.2237431436906583,-0.016309938794658103,-0.0739031886034788,-0.47137391435485176,0.0
Лямбирский муниципальный район,0.2820240824222145,1.9565289978720173,-0.06282784737533238,0.21981742230299672,0.3555144698814645,-0.19408762327879026,0.10273308397690838,0.0
Магдагачинский муниципальный район,0.8353145331999487,-0.6739275563833425,-0.022428987831618476,-0.34736585517437835,-0.037496488585964154,-0.4211244212823746,-0.5635328734669804,0.18446263857040368
Мазановский муниципальный район,0.5242243303757291,0.38933203701654046,-0.07310773126658776,-0.4553248475735215,-0.21117437287795846,0.037211345868875104,-0.20278320595976562,0.06148754619013454
Майкопский муниципальный район,0.2765328896191204,1.2755347077200458,-0.22791257310891605,0.025703230617383867,-0.5141978867567282,0.19437758316381484,0.5500115337633629,0.0
Майминский муниципальный район,1.2081741688669914,1.382572748819369,0.3636648109775649,-0.7869000084152575,-0.6108142245818996,0.1510032903056136,0.22012456640387332,0.0
Майнский муниципальный район,-0.657408979995688,-0.8471715474141509,-0.23390355249079361,-0.21123331028828196,0.14240560910651395,-0.4347636832743056,-0.2840616374860104,0.06148754619013454
Майский муниципальный район,-0.6531983415418989,-0.09685716445503487,0.046173081960344975,0.2353686273733718,-0.4526712746225224,0.28354191495358905,0.3125348384562904,0.0
Макарьевский муниципальный район,-0.7014928631360005,0.44570725125732963,-0.0591686459880827,-0.2625293217394996,0.16276438823539627,-0.632013309373785,-0.3299287429181566,0.0
Малмыжский муниципальный район,-0.6057614245665768,-0.5125100673998856,-0.220057872051521,-0.007703781936167821,0.45834321519061905,-0.37257327400950013,-0.2856623811211556,0.12297509238026907
Малоархангельский муниципальный район,-0.2267237755651123,-0.7204038162647661,0.10297128119134982,0.4192782071669243,0.08160895223181079,0.07101071118092027,-0.14946401845714405,0.12297509238026907
Маловишерский муниципальный район,0.485009499504719,0.5987017408882088,-0.23991912288683406,-0.17365379234150569,0.35301284463625515,-0.35545060556331937,-0.18816017071989785,0.0
Малодербетовский муниципальный район,-0.7929059532093408,-0.36727739547448374,0.38882857632946166,0.08804372524342763,-0.45311875598858203,0.3928620931822708,1.1494005814568298,0.06148754619013454
Малокарачаевский муниципальный район,-1.1746693966724306,0.13855170134497583,1.0370468168112188,0.11013178718091828,-0.3085634034627604,-0.9782338609083859,0.931689375269517,0.0922313192852018
Малосердобинский муниципальный район,-0.7748681921140873,0.097158677135999,0.3703700570833848,0.3737219136932951,0.059486633690311264,-0.07620633903516523,0.3637700194211177,0.18446263857040368
Малоярославецкий муниципальный район,1.108131314210253,0.6438487260723605,0.2735702358955666,0.41118809928832645,-0.754498544471311,0.2554572791194994,-0.10619501660106277,0.0
Мамадышский муниципальный район,-0.5972165914818642,0.0,0.40200427175514103,0.040732682933045716,0.27932049329225844,-0.8345630355312162,-0.21953729806178787,0.06148754619013454
Мамонтовский муниципальный район,-0.6838352401184382,-0.5280686162822975,0.000553490361801452,-0.32055708359451685,-0.1198277222227553,0.21200954213370965,-0.7058112047512953,0.0
Манский муниципальный район,-0.3629072167052447,0.33008661069540784,0.5311704562387727,0.4110183636409757,0.9314653089987028,-0.24197527457792062,-0.15005637528326504,0.0
Мантуровский муниципальный округ,0.1248059388529844,-0.15346801877919108,-0.07996214740474188,-0.256441496052039,0.17437116762068386,0.1388854437245738,-0.38186874755603734,0.0
Мари-Турекский муниципальный район,-0.9884028788638051,0.10761743238605341,-0.2941721344916522,0.09300410552670732,0.07645681064318087,-0.30717862839964033,-0.7350165072159213,0.0
Мариинский муниципальный округ,0.38185438795162696,0.7995492595208527,0.13061799235123564,-0.5336292216882428,-0.23688273995479298,0.08547392420927763,-0.0829261192469177,0.0
Мариинско-Посадский муниципальный округ,-1.164996673126787,-1.518844230423099,0.18973906385828557,0.41632166044545166,0.5022667660686403,-0.5446018813031909,0.14717371789698475,0.0
Марксовский муниципальный район,-0.00865610014256796,0.5954722454685744,-0.20611706670445556,0.34672932590959027,-0.4547094821901713,0.3339989621311205,-0.675209101955186,0.0
Марьяновский муниципальный район,-0.27401794905235394,-0.6896698122840971,-0.20002898274692302,0.35211717899118194,-0.0638018868242226,0.2056626884065374,0.16846774524858385,0.0
Маслянинский муниципальный район,0.07046005023549548,-0.10801761046541795,-0.13031296059427752,-0.3167762492438152,-0.5100941414352858,0.13020758053574125,-0.1663033749743327,0.0
Матвеевский муниципальный район,-0.7797369142780909,-0.5453842576495731,-0.015726076380755256,0.2518779718368998,0.22753197946408177,0.18942319161924895,0.0016314429796394335,0.06148754619013454
Мегино-Кангаласский муниципальный район,1.1920746383914886,-0.8465932520519653,1.1412287322473116,-0.7113249267967727,-0.7222881447345646,1.070033357940251,-0.2258915814676535,0.0
Медведевский муниципальный район,0.7791074212097419,1.5083855050272699,-0.3188200248929621,0.06473055117425432,-0.2990995735401038,-0.1654441917117278,0.2288785419021745,0.0
Медвежьегорский муниципальный район,1.0491778153864808,-0.43313821579202477,-0.5304568307264703,0.03253143259480549,0.22407827862406732,-0.1839003084330581,-0.5366197669908955,0.0
Медынский муниципальный район,0.2924623232476852,-0.3609461452210005,-0.17803799803474268,0.5504265964214422,-0.08683160559777271,0.33652904587802857,0.18744101026518203,0.0
Междуреченский муниципальный округ,-0.1586602599698384,-1.5058658554116782,0.7861830942520012,-0.0988193759389571,0.37681943215128333,-0.9782338609083859,1.3682124945980476,0.0
Межевской муниципальный округ,-0.5297601984232487,0.9294012177856508,0.13481419070549683,-0.7038786660962847,0.1847056650777967,-0.6259380777792949,-0.07534519692751841,0.06148754619013454
Мезенский муниципальный округ,0.24632177919201997,-1.0271653533263803,1.0998356901494033,-0.33252503616980644,0.3515146451872746,-0.9782338609083859,0.10426637593693347,0.0
Меленковский муниципальный район,-0.1851154321985751,-0.05210398285710536,0.02656684771903399,0.29034951426763717,0.3497223495135565,-0.18924897104430935,-0.3630722596933868,0.0
Мелеузовский муниципальный район,0.7444005287545987,0.5875549941681583,-0.21782003372015982,-0.13104916914428724,-0.20185409491049702,-0.13419037159738254,0.25970979600019434,0.0
Менделеевский муниципальный район,-0.08256084988679435,-0.7341022825327574,0.7595122280904586,0.3246749877523813,0.8973041765801278,-0.8147514415800156,-0.35319385312599255,0.0
Мензелинский муниципальный район,-0.26161064211872204,-0.7765602101009731,0.20397813470236895,0.2482395568148586,0.18017909300974969,-0.43223762058858994,-0.04618612746064544,0.0
Мечетлинский муниципальный район,-0.18117580083244494,-0.17534564646109455,-0.2445659427583698,-0.3889042004700126,-0.07765524405752032,0.014392034215483688,-0.5234227305573398,0.0
Мещовский муниципальный район,0.07050899224998981,-1.6870086280517256,-0.04438840520763557,0.09332515403738113,0.15988672067963797,0.5777087594799654,0.4507659077327857,0.0
Милославский муниципальный район,-0.1411966545957115,-0.6423414100071786,0.09268865908408662,0.12797531006473212,0.4596660438628966,0.04859740269975197,0.2805039647513235,0.0
Мирнинский муниципальный район,2.28729704361283,0.21103174019409635,0.7945853113668249,-1.1394120808255308,-0.37594732783662405,-0.6089171027328858,-0.3514117330634091,0.06148754619013454
Мишкинский муниципальный округ,-0.5581399048963865,-0.2315236560039403,-0.08047813399578799,-0.1558412440432289,0.09231335543712939,0.43532118237713996,-0.4307085465407064,0.06148754619013454
Миякинский муниципальный район,-0.6815315470713854,0.06406836618920701,0.7792557573218749,0.3946786077450547,0.7946376530404833,-0.3161048064175202,-0.48522869800148705,0.03074377309506727
Могойтуйский муниципальный район,0.21946755236844187,-0.4054914709303731,0.6891095226650912,-0.5373932232545687,-0.7023605382097721,0.5796426404928976,-0.05517012759692064,0.0
Моздокский муниципальный район,0.2955721390667609,0.8489316790043213,0.019801891077403024,-0.10511348213223241,-0.9398497029770548,0.3921134344166461,0.9459130933651769,0.0
Мокроусовский муниципальный округ,-0.8047598516955086,-0.2193543698676488,-0.11169476689407354,0.18622376260969717,0.30194816349607273,0.1664405961829966,0.23094571824612958,0.0
Мокшанский муниципальный район,-0.5868395227346831,-0.44541880916819687,-0.11433504169738601,0.4746538076822796,0.06754389250578897,0.04889496875459669,-0.03877129034323275,0.0
Молчановский муниципальный район,0.2717304008667441,0.028279033550456308,0.565975518258565,-0.3576962519134843,0.43091810055782426,0.14648722018974655,0.7452745516573689,0.0
Монастырщинский муниципальный район,-0.7447109183893509,-0.5194701031506318,0.01849356756170056,0.2707810238617579,0.45024682450045295,-0.1442556271686159,0.2516944201806592,0.0
Моргаушский муниципальный округ,-1.1423763596760013,-0.18885878769134767,0.08235538183930409,0.20771550231780103,0.47908164684936055,-0.31517165473275355,0.5756236518563419,0.0
Мордовский муниципальный округ,-0.4697612008072125,-0.6675045150025547,0.5379037237026554,0.6686372667866426,-0.17210697630314853,0.572466088962982,0.3885036786585439,0.0
Моркинский муниципальный район,-1.0555248664217596,-0.6877681361136446,-0.1669788606904079,-0.022367440160074286,0.22456492828056906,-0.40065453816466534,0.0025906268258490796,0.0
Мосальский муниципальный район,0.08209091308191488,-0.567607181654527,-0.20131458889050266,0.1529596828006943,-0.1490524902247022,-0.08994009813696638,0.19142895036066726,0.0
Москаленский муниципальный район,-0.30640113993545387,-0.18484883186956858,-0.19706093927837176,0.05622764566935173,-0.16134527303962934,0.43928208838023547,-0.23557793734103236,0.0
Мотыгинский муниципальный район,1.3106254245171038,1.5517761628693107,0.6759710567306806,-0.6281467849427904,0.4238755157635106,-0.968733998159411,-0.06457114582481978,0.06148754619013454
Мошковский муниципальный район,0.26970231322769095,0.027399884282845965,-0.25160697003669263,-0.13019087637443572,-0.48735533736140463,-0.01854189589846656,-0.39771267241163105,0.0
Муезерский муниципальный район,1.1352154215690902,0.11661100475125342,0.3527775589153926,-0.8180336661795213,0.467993213899246,-0.23244569742048513,0.10795145195115532,0.18446263857040368
Муромцевский муниципальный район,-0.47015153780114,-0.33276547894163805,-0.1636228638755456,-0.15417271409023253,0.3183364804314683,-0.28602595488004484,0.09129162623565999,0.0
Муслюмовский муниципальный район,-0.9716934381358715,-0.7601416877651908,0.7145179165491058,0.5086541549157053,0.4680542596671476,-0.2529679009770347,-0.04504407351516242,0.03074377309506727
Мучкапский муниципальный округ,-0.431997590367544,0.6123582370586397,0.29218708230590895,0.6429386170459027,0.024909772868371167,-0.07873090194469484,0.017754616497796884,0.0
Мышкинский муниципальный район,0.34092593972806184,-0.17028836445186726,-0.03655220707022076,0.129647096460849,-0.03089398144486288,-0.24038801104317822,0.5048589554613145,0.0
Нагайбакский муниципальный район,-0.8116125157736116,0.5906197121457517,0.8923144950593461,0.8389719075599812,0.6959858161560004,-0.006593908802040546,0.3629221694451223,0.06148754619013454
Нагорский муниципальный район,-0.988811625995754,-0.5674677878244384,0.09352717331899654,-0.30430669458003123,0.4282430652675482,-0.4231249139742075,-0.6391766009601809,0.0
Надеждинский муниципальный район,1.3626688783967233,1.2476159475886146,-0.14583948773198488,0.5612351221279688,-0.3707838537631328,0.33309271404411456,0.2806617710243369,0.0
Называевский муниципальный район,-0.5519813320181488,-0.5920294954120513,-0.2859536856136089,-0.09541717407274188,-0.2673004251408022,0.08206724915244451,-0.14835055185835067,0.0
Намский муниципальный район,1.1691387933504713,-1.6954408680378223,2.2462843525704685,-0.7406754400348464,-0.7352117372020753,1.1609184974647706,1.4291504018731336,0.0
Нанайский муниципальный район,0.34836827284231475,-0.7841071924101458,0.07769078283960419,-0.04329547458898823,-0.3957866064330787,0.47263531313397544,0.651911377752073,0.0
Наримановский муниципальный район,0.5199050328604101,1.8558758756077507,0.07814969624935064,-0.27880356880905194,-0.5825694320114025,0.0034691527763923303,0.10968237930116766,0.0
Наровчатский муниципальный район,-0.5853293104460076,-0.07131237527763673,-0.10207555474989746,0.05334630027137062,-0.0007930666380426798,-0.04664852864074565,0.8266337314002489,0.0
Неверкинский муниципальный район,-1.1868956805062183,-0.33241963152275733,1.2597808732595144,0.8389719075599812,0.2312500174297343,0.20674479657927416,0.8976595717842292,0.0
Нейский муниципальный округ,-0.11805464260167738,0.3729330783176191,-0.37847864556843597,0.09600790295756798,0.2624094530265417,0.08119285701016321,-0.4400856470505615,0.06148754619013454
Некоузский муниципальный район,-0.016038294069952774,-0.5185712359909235,0.04697997602595761,0.2707197612253456,-0.15475064956791276,0.011162287766145952,0.44885432034031886,0.0
Некрасовский муниципальный район,0.11888057305289593,-0.6408724243013495,0.32504681183363676,0.6855098451502915,0.23999789143929068,0.18716757754697852,0.1621819318316512,0.0
Немецкий национальный муниципальный район,-0.3635680692610063,0.2196128654121028,0.41616912332462375,-0.33804072706272476,0.17909847848939117,0.529779449275529,-0.1447021737450155,0.0
Нерчинский муниципальный район,0.6703121876442316,0.1832432349722318,0.18771439103315116,-0.49675144490651557,-0.21621335759576163,0.6134671634134277,0.055580698191463954,0.0
Нерюнгринский муниципальный район,2.4281147175449886,0.5848083169052307,0.3560076115005337,-1.0467681933040365,-0.22966491977465783,-0.594283225718762,0.14591618717209545,0.0
Нефтегорский муниципальный район,0.47962095682831235,0.8059269623396932,-0.39882816710496016,-0.08542856812755753,-0.01950064467158249,-0.20353537067825603,-0.20678673125468816,0.0
Нефтеюганский муниципальный район,1.6979291051611238,0.2919752795740524,0.046783993849918624,-0.6202159773947582,0.2268304480211537,-0.4335269260441561,-0.014368008755975322,0.0
Нехаевский муниципальный район,-0.24514154659101964,0.04538372340381555,0.13716251013867936,-0.1438549067860016,0.3685651475205078,-0.17484934839564695,0.2555141216967554,0.0
Нижневартовский муниципальный район,1.046370863722693,-0.7706899521923094,0.2916919907068767,-0.5196379784582131,0.3459812006730237,-0.8132278616398267,-0.48202732221357436,0.0
Нижнеилимский муниципальный район,1.147620884295892,-0.01765174905822123,0.2571276857646854,-0.8224224882651656,0.20864541488806504,-0.7284463252876197,-0.5680120043180381,0.0
Нижнеингашский муниципальный район,0.2563052372051019,0.2969099540195831,-0.17062516004530073,-0.27724413569274525,0.10412615594605472,0.3605394520764552,-0.18157099950634528,0.0
Нижнекамский муниципальный район,0.8514389050028189,0.5644458236175074,-0.09302612679895535,-0.003182327324271698,-0.25800615649005615,-0.3882391188050851,0.30075217843095947,0.0
Нижнеколымский муниципальный район,2.75160679588137,0.02337239771881191,2.4835047533335257,-1.4402988049234435,-0.3273985421377082,1.0865658735668287,1.1941412867415653,0.0
Нижнеломовский муниципальный район,-0.15676575703219797,-0.5485923337913569,-0.034634592821859586,0.5453156017917374,0.04685348254172997,0.255970207637764,-0.49187074108364903,0.0
Нижнеомский муниципальный район,-0.7913539840130417,-1.0286781328954666,0.23579710260723755,0.11437112195732914,0.16878128166257578,0.052721009092054884,0.05975018341342842,0.0
Нижнесергинский муниципальный район,0.40355366673326226,-0.18202181026775308,-0.29988161908113425,0.04540693025680132,0.4099043677422939,-0.34120275229095376,-0.5276083624886503,0.0
Нижнетавдинский муниципальный район,0.16804334095038664,-1.051560516006581,-0.3205684062757935,0.13915487654125008,0.055816990351944505,0.16582699369364304,0.32926507171658564,0.0
Нижнеудинский муниципальный район,0.47178627688824354,0.24885317150961012,0.16793020521090707,-0.29752071710815586,-0.12891649712837516,0.42732427387916794,-0.054457710399629655,0.0
Никифоровский муниципальный округ,-0.5788667095362139,-0.6623727671031456,0.008054420630883678,0.4376738738587568,0.2700296406373756,0.21217188148172722,-0.014584324227615814,0.0
Новгородский муниципальный район,1.4581148196650016,1.116202571256558,0.1669692976249831,-0.2985136167219181,-0.3983303856411601,-0.055604114815666704,0.4599732778456217,0.0
Новичихинский муниципальный район,-0.5326514500671373,0.15632692990484642,0.9569335585085551,-0.8977311281292225,-0.3477749767979752,0.29997342224670415,0.09285164353555271,0.06148754619013454
Новоаннинский муниципальный район,0.07521745755629332,0.13991369032726608,-0.24740950261510214,-0.07431649959929969,-0.04362794744276646,0.051510638184817825,-0.5792481881052203,0.0
Новобурасский муниципальный район,-0.6954836232810141,-0.35536382432150804,-0.0822115678232408,0.2560891506695081,-0.18857960245868127,0.6038130994503088,0.6808843151180984,0.0
Нововаршавский муниципальный район,-0.4803779223613173,0.6260566883701388,0.8843330485267346,0.187607358137342,0.8489190131325209,-0.32205973614107697,0.675488939179281,0.0
Новодеревеньковский муниципальный район,-0.2114691795106142,-1.5155982919398014,0.12974251498864708,0.2761383810747902,-0.06809413843571457,0.5825927397765833,-0.20457231390066322,0.0
Новодугинский муниципальный район,0.03824353864793739,-0.1520839179794822,-0.18509564326113334,-0.07914031934112015,-0.24538866906535672,0.3521045281023808,0.028827096377893248,0.06148754619013454
Новониколаевский муниципальный район,0.018441639684729377,-0.2336695656946587,0.07028745722166399,0.17493266319506875,-0.5997085524151651,0.44233167645101523,-0.3719058191673971,0.0
Новоорский муниципальный район,-0.5998295949964125,0.327426198229862,-0.11308408119050384,0.14798186677441358,0.2193792756232231,-0.49719654322819123,0.17627081306329193,0.06148754619013454
Новоселицкий муниципальный округ,-0.4097244650455891,0.05877565859023465,0.5799345952714853,0.6500130318463735,-0.41024742841358475,1.0259550976476437,0.29117889234898997,0.0
Новоселовский муниципальный район,0.2694346811455639,0.4897872640859263,0.3593189402751115,-0.1768203558058534,-0.39313266095078986,0.29760541531567253,-0.13615237483850937,0.0
Новосергиевский муниципальный район,-0.3201063372648265,-0.47876483147096943,0.029838357024680545,0.21111239949431554,0.37916921918730695,-0.2719538263925871,-0.6288103393750893,0.0
Новосибирский муниципальный район,1.817750093243753,0.9806650211093865,0.16270157308836738,-0.22863911609363805,-0.7144713735163748,-0.07772083850936558,1.8973170268948456,0.0
Новосильский муниципальный район,-0.37936351311923233,0.11067413913564726,0.009887977853967148,0.10435354393240494,0.06968708207069288,-0.6289899512540333,0.22821274356800994,0.06148754619013454
Новосокольнический муниципальный район,-0.08933201428509333,-0.29172652506069174,0.5865998133245068,0.22594574653620617,0.9557139850234935,-0.45957285763602757,0.5016996038961782,0.0
Новоспасский муниципальный район,-0.28001056380860523,-0.2685458475455081,-0.5690359366908385,0.042957298522770374,-0.005035062372572792,-0.15274488749911244,-0.2543113007007535,0.0
Новоторъяльский муниципальный район,-0.8642915403175757,0.2471077408018593,0.5250774436353541,0.43929885821851744,0.941719740306798,-0.07053706451063324,0.14133622405408713,0.0
Новоузенский муниципальный район,-0.5192393813696529,0.17232298789718636,-0.46877728249672534,0.020038935257337537,0.17923643395092553,-0.08548542987661067,-0.2377836814993216,0.06148754619013454
Новошешминский муниципальный район,-0.5547493000319274,-0.03964142446920606,0.6906801457179996,0.13365647057545726,0.5443537582742284,-0.29628504576789577,0.0008966144244914116,0.0
Нолинский муниципальный район,-0.5298475979261936,-0.5591012135494137,-0.18904464096858117,-0.05536163033031595,0.3800077214995491,-0.44170487938363906,-0.5423470218926202,0.0
Нукутский муниципальный район,0.21305323662121306,-0.8374877317161087,0.10882751410841167,-0.4401656504193271,-0.21127457580455541,0.6267679933847347,0.152490094716428,0.0
Нуримановский муниципальный район,-0.34003659411886206,-0.6515385849451241,0.05777138885930345,0.06893931148897471,0.5139439452744715,0.007797011645385578,-0.1732368056204023,0.12297509238026907
Нурлатский муниципальный район,-0.07695247408349626,0.5485093613797238,-0.05329115417255907,-0.0009649318092341993,-0.08720679435351071,-0.5108281399598302,-0.7652239327421904,0.0
Нюксенский муниципальный округ,0.1720850098174808,-1.48220047421507,0.021300538970765493,-0.3110655645573766,0.22058280906868982,-0.03581882532007897,-0.20220542179514042,0.0
Нюрбинский муниципальный район,1.1898294679012436,0.20918770561752864,1.3480222134585556,-0.8952629746251191,-0.22992708754576963,0.7881581611584703,0.26917283905868,0.0
Нязепетровский муниципальный район,-0.3173138083940999,0.16831401141125282,-0.4361167550123988,-0.04663516893988598,-0.005473403823400494,0.07524308564849914,-0.43903220334254484,0.06148754619013454
Няндомский муниципальный округ,0.9149395157752009,-0.567421400546908,-0.16966947341778002,-0.4815143639998413,0.29055198910081204,-0.16124057724814495,-0.6139291337022398,0.06148754619013454
Облученский муниципальный район,1.6710002542641558,0.35146276236483076,-0.23476694045697366,-0.3140329431207833,0.08835053504379192,-0.0208192733704384,0.16483175083699178,0.0
Одесский муниципальный район,-0.5308363831945475,-1.899837793502924,0.3274713655306016,-0.30032524097423474,-0.3483016463809137,0.19236389296887316,0.2847031084735653,0.06148754619013454
Одоевский муниципальный район,0.39263732686404945,0.562602777720138,-0.1954722713057189,0.18454647218370684,0.12739920366102567,-0.2618062142819309,0.3340070298341577,0.0
Озинский муниципальный район,-0.35292735417225846,-0.4199949595368551,-0.24213181673944575,0.39142502277973495,0.024533392991401937,0.4703156210532782,0.17856301423307186,0.0
Оймяконский муниципальный район,2.75160679588137,0.5479348870642017,1.9257884722893965,-0.9529846622049676,-1.2849395616271135,0.8067565561370148,0.8796528062503094,0.0
Оконешниковский муниципальный район,-0.504547874401843,-1.8576140685367422,0.6419441075785087,0.3452916476477492,-0.8348166511713284,1.1609184974647706,-0.013154238712285337,0.12297509238026907
Октябрьский муниципальный округ,0.26180605892709985,-1.2755111878567047,0.9934101352129243,0.8389719075599812,0.641731681883547,0.15607621267254154,0.834800120239028,0.0
Окуловский муниципальный район,0.5820200455501021,-0.34604680015500744,-0.23191006784910886,0.08836021150901607,0.17140179300276068,0.1292255501505855,-0.6216176746284297,0.12297509238026907
Олекминский муниципальный район,2.1121317219607962,0.050853616934887935,1.4252135641963322,-1.2462988780013822,-0.3037129440901014,0.44565988222522235,0.3257671870511927,0.0
Оловяннинский муниципальный район,0.6118588907623043,-0.19707802173026512,-0.02479949103003714,-0.17794735163287953,0.163690739943881,0.46337525342277974,0.029818093154021827,0.0
Олонецкий муниципальный район,0.7434601445945322,-0.3166889583063081,-0.3210884433553482,-0.2179921970444633,0.33880516134956834,-0.34954811923208473,-0.43191423020910374,0.0
Ольгинский муниципальный округ,0.7396225697680205,0.665198533210548,-0.07964450030587368,0.1094058531689816,-0.38188227238450806,0.5824621600989314,0.02301573029838715,0.0
Ольховский муниципальный район,-0.2672524293709223,-0.31884003662829324,-0.07928508811856012,0.3358241417460223,0.027257732705085785,0.41983516499929047,0.17355907120904904,0.0
Ольхонский муниципальный район,0.13647152873177706,-0.9597895512464102,1.1425329157764117,-1.0332797418750377,0.006633576909301067,-0.8466526801663058,0.7272826029068289,0.0
Олюторский муниципальный район,2.75160679588137,0.38633960078099344,2.2580016001223466,-1.5620962858757879,-1.2849395616271135,0.32215705706483344,1.2215021772390213,0.0
Омский муниципальный район,0.342716959814253,-0.1064225217231204,-0.08063480797991189,-0.055541274388701864,-0.4276823689883116,-0.11909156137868682,1.2918123441599954,0.0
Омутинский муниципальный район,0.22740180804034504,-0.7130111104223653,-0.3134682496109452,-0.15218202118730742,-0.2758956195538892,0.191443024470839,-0.32389062457630224,0.0
Омутнинский муниципальный район,0.07506272302742673,-0.8990847965508121,-0.17692589516276377,-0.09417080228468623,0.4634705201768422,-0.3488339928360539,-0.3164208045899975,0.0
Онгудайский муниципальный район,0.0019107303970948475,0.7208442058459074,1.5128928338963497,-1.135364499865843,-1.2849395616271135,0.36704064221376403,0.7076941712672588,0.0922313192852018
Онежский муниципальный район,0.8603922114342172,-0.45141975467440226,-0.42898343397430816,-0.12210008623784552,0.3283524598288275,-0.12160436372928006,-0.7086047297674679,0.0
Орджоникидзевский муниципальный район,-0.18703323562268775,0.009109784308097422,-0.12143547728381096,-0.14552783652035023,-0.0837477755809154,0.48362840448986383,0.22111951707393493,0.06148754619013454
Ордынский муниципальный район,0.2989994432452689,0.16972822922977965,0.053015206097353024,-0.07579533537369496,-0.6480903474459859,0.29053166828622523,-0.6411187977190613,0.06148754619013454
Оричевский муниципальный район,-0.3470018185144017,-1.198661348571937,0.17990315979373897,0.5905701599872216,0.39167273508890665,-0.27850494196842523,-0.047495591389484386,0.0
Оршанский муниципальный район,-0.8347955885144902,-0.5151680167062327,0.9855243707170163,0.8389719075599812,0.9557139850234935,-0.7055800804522953,0.00524789067262333,0.0
Осинский муниципальный район,-0.06835746203432526,-0.9386073295889097,0.49022865159189655,-0.4407110942318443,-0.20184609074744783,0.3611097612976724,-0.19845935210859997,0.06148754619013454
Островский муниципальный округ,-0.46745843041207996,-0.2684308374008842,-0.33567201791432594,0.09725164163117453,0.1707216136665828,0.016447294185625787,0.026586404491711017,0.06148754619013454
Охотский муниципальный округ,2.2083892346389455,0.6003371265081502,0.8595086362809018,-0.18442264998864294,-1.2849395616271135,0.33508235743556264,0.3678928128483032,0.0
Павинский муниципальный округ,-0.5795176552381718,1.3398612648259016,0.6824915873612278,-0.6408760752793152,-0.4686071813876913,0.5598549242091021,0.23652894091454835,0.0
Павловский муниципальный округ,0.9613638466841465,1.1863068922033793,-0.4101631920606924,-0.019711069012249317,-0.34424121932200574,0.16725939817144617,-0.509975825619614,0.0
Павлоградский муниципальный район,-0.38795897030042437,-1.0960236852582816,-0.08754627621108403,-0.11277913528099456,-0.24183401817067524,0.24850184525333777,-0.06940504808386094,0.12297509238026907
Палехский муниципальный район,-0.2604841143424702,0.1707706322372475,0.09828995516892311,-0.012353560450608852,0.13254929620967892,0.2883680135178977,-0.29514398631960037,0.0
Палласовский муниципальный район,-0.3523397526745042,-0.22130383860945113,-0.29606972484080796,0.11433647560415369,0.1239622368076776,0.08793906967371687,-0.24206889616025398,0.0
Панкрушихинский муниципальный район,-0.5242643410710985,0.2144365219660963,0.4795772985518469,-0.7501347982289913,-0.050644257364568436,0.2119535968560953,0.4446185587488855,0.0
Парабельский муниципальный район,0.7712480278973223,-0.2107189645944409,-0.03854758681287268,-0.4184510904509983,0.48906951424205714,-0.5419783921104198,-0.01656709861460249,0.0
Параньгинский муниципальный район,-1.178085622057798,0.18075340758480118,0.35303658884978373,0.21759909019119775,0.7697090212819145,-0.6345650195578421,0.05013273018734198,0.0
Парфеньевский муниципальный округ,-0.3267386411653835,0.6002857958438628,0.37376128247977186,-0.3460061900331683,0.5199276715828081,-0.18757145085956975,0.665341278569522,0.18446263857040368
Парфинский муниципальный район,-0.05930894276778553,0.3584849406582362,0.011780760496704455,-0.25672434557186724,0.23510377990996462,-0.5973327005746627,1.2336560640623904,0.0
Пачелмский муниципальный район,-0.6985274294879168,-0.8633743950241642,0.44274536055688624,0.5665092356666884,0.33888068275756544,0.4027337274526886,0.6005596047166121,0.0
Первомайский муниципальный округ,-0.40297242208667006,-0.7786298840572345,0.12963147042721732,0.41335507988376047,0.49684872821369314,-0.3405346714971455,1.9518926643178824,0.0
Переволоцкий муниципальный район,-0.6320262958771341,-0.5891463718627187,-0.32832960323748567,0.3151850802957061,0.03713027522827067,0.26665520264421066,0.14217063550343315,0.0
Перелюбский муниципальный район,-0.6278787839334593,-0.4813912595447719,-0.35926233818197234,0.15790501674126017,0.10595367913724701,0.36199095120625696,0.3743146480726778,0.0
Перемышльский муниципальный район,-0.1548756134504015,-1.5551786601975885,1.044285375035021,0.8389719075599812,0.09752592100656388,0.2919716944623972,0.7759783391841816,0.0
Пестравский муниципальный район,-0.0075973609452524415,0.7637472280508342,-0.4587198758148454,0.16191182397770149,-0.13699139600392396,-0.057157543980811104,-0.10280482678017014,0.0
Пестречинский муниципальный район,0.6657929817443312,-0.5067802367048383,-0.17542232235493044,-0.08056168808047001,-0.3551371865212136,-0.4562803286971498,0.9039817648991435,0.0
Пестяковский муниципальный район,-0.6963234808961095,-1.040073708578834,0.4106901941498007,0.08629579362887868,0.3218023842030474,0.04005509112823063,0.6361745716198527,0.0
Петровск-Забайкальский муниципальный район,0.13313081332494497,0.2390939484270852,0.12193652784775318,-0.40102341574763,-0.2964442768843117,0.6348915279922576,-0.22395038842196588,0.0
Петровский муниципальный округ,-0.2986917736019312,0.47549373199126854,-0.0432188377789248,0.5275357358289858,-0.2260396981727741,0.49746880050286285,-0.216829536855275,0.0
Петровский муниципальный район,-0.4890355221733737,-0.025171838452530654,-0.4499705013775527,0.1606037851107622,0.055015138249760086,0.1798761007811206,-0.5900396124907491,0.0
Петуховский муниципальный округ,-0.7055632326505749,-0.6273450610861493,0.01872641723041173,0.4221477156851,0.3258944154600533,0.4365988080538176,0.2750086970414828,0.0
Петушинский муниципальный район,1.3617566294837107,0.9520761741280386,-0.2894196383753527,-0.0642486826091264,-0.3650917953865963,0.14689657088782482,-0.19881326309928932,0.0
Печенгский муниципальный округ,2.75160679588137,-0.6958733009202704,0.1205806633373416,-0.5416371601375163,-0.03646697917857696,-0.2004333638216896,-0.2886259712279248,0.0
Пий-Хемский муниципальный район,-0.1916151545188246,1.1514545778808323,1.0610844885220996,-0.7286096368333957,-0.4995094061963431,1.1609184974647706,1.5501457778803804,0.06148754619013454
Пильнинский муниципальный округ,-0.09561694490389243,-0.1966495498753608,-0.5232248241135361,-0.11611963588628572,-0.10246348093746636,0.1784916144889114,-0.6088926113358388,0.0
Пировский муниципальный округ,0.03460970644577664,-0.2953573028804249,0.4617542327000601,-0.1720867720511746,0.4491590094815817,0.2819776873579811,-0.07586364518006936,0.0
Пителинский муниципальный район,-0.30315680742458245,-0.0747985637384624,0.783043018606067,0.27555738563328486,-0.396155730263833,0.8223373985956944,0.7316296436267967,0.0
Питерский муниципальный район,-0.5787528657910389,0.5321177628084341,-0.1505325743943103,0.3069664579255422,-0.20608018454918367,0.34993753843668685,-0.1903227892461204,0.0
Питкярантский муниципальный округ,1.2062059681686308,-0.5224117582772333,-0.16786952320315102,-0.4393550340778806,-0.07602887804393844,-0.480220520115037,-0.2557131452271282,0.0
Пичаевский муниципальный округ,-0.651248589757049,0.4279891079316455,0.4035053004772705,0.28208979597834904,0.586722720583766,-0.32813543002403256,0.9074995438727689,0.06148754619013454
Плавский муниципальный район,0.7051350795293774,-0.09489812898106731,-0.09974927276440114,0.32724370474006015,-0.2862815144301478,0.2630101679549149,-0.23862684974319745,0.0
Пластовский муниципальный район,0.3905035084102468,-0.2338326140404517,-0.5311406491073996,0.12070973683473482,-0.12176370799059724,-0.013556093964199318,-0.34778258745422574,0.0
Плесецкий муниципальный округ,0.9766266641276292,-0.28096752644040707,-0.1988501781085162,-0.24526505267983456,0.4066681170456861,-0.25382609259011535,-0.6372473561132311,0.06148754619013454
Плюсский муниципальный район,-0.0367611532241133,-1.0414510630227134,0.04318637691549613,-0.29885593289300294,0.16789489929054457,-0.6231096715142413,0.6160366281373307,0.0
Пограничный муниципальный округ,0.5352166890030632,-0.909362984506014,0.05837215270607844,0.31561708786925863,0.4918363777013559,-0.040963621385935824,-0.47436384086651434,0.12297509238026907
Поддорский муниципальный район,-0.038745357830664795,-0.678032594917254,0.46798384531943144,-0.33366091519549135,-0.4979803613270448,0.20832831581074587,0.9918146254583526,0.12297509238026907
Подосиновский муниципальный район,-0.479262911479493,-0.4116145384006541,0.20710909274112937,-0.5504587755505065,0.35884765364204824,-0.7236606527088285,-0.7093098569845193,0.0
Подпорожский муниципальный район,1.0393652418456985,0.686458444759296,-0.10343701431032837,-0.48164890530167903,0.10500895120967577,-0.2558612386095148,-0.4517892438268817,0.18446263857040368
Пожарский муниципальный округ,1.1615152001570817,0.538422319070858,-0.18880939521733342,0.418432451092093,0.1472442993549577,0.11517595154006918,-0.4371791079718899,0.0
Покровский муниципальный район,-0.3592590749452698,-1.161272158001283,-0.2916514597102595,0.027678116701029255,-0.10191943801600824,0.21423750137464037,0.13245998784808094,0.0
Половинский муниципальный округ,-1.0476400986265577,-0.8174909037047048,0.22156553875019527,0.43073709314630676,-0.27923327553312965,0.1061940152465332,0.7199676908716578,0.06148754619013454
Полтавский муниципальный район,-0.30319731931687327,-0.29827484649220615,-0.05263831341689035,-0.015381341978643777,-0.43627843805998023,0.322750773325988,0.01786709635227308,0.0
Поназыревский муниципальный округ,-0.38053048225702135,0.8415912429172336,0.2228156746255355,-0.2736959406544199,0.6996148436757632,0.22767800097142776,-0.36350188892594104,0.0
Порецкий муниципальный округ,-0.7873528722823876,-0.134430254558143,0.13374335175194546,0.22553894526045512,0.5058260146507796,-0.18644225636009215,0.05984846426640447,0.06148754619013454
Порховский муниципальный район,0.14003404419740223,-0.5447655052715347,-0.38358901940334983,-0.1358625937376922,0.11034048237849747,-0.3259284369873519,-0.3198169740495499,0.0
Поспелихинский муниципальный район,-0.315888828278394,-0.20714785224022783,0.12887311791289854,-0.5487812978616777,-0.36882232372136065,0.1400926252658052,-0.4200567573991993,0.06148754619013454
Похвистневский муниципальный район,-0.45894705145393383,1.4410617016609728,-0.11457636499624474,-0.18416451315660312,0.5787343050406518,-0.31525287784253825,0.356935869718377,0.06148754619013454
Починковский муниципальный округ,0.2603961104053455,0.03467328598800526,0.2473942084481422,-0.6931877318228439,0.11737376121701851,-0.3912135488378073,0.14725570652737954,0.0
Починковский муниципальный район,0.08462428807136155,0.20679915767511187,-0.4958644495107259,0.20355949612981777,0.23558666910428325,0.14310487078920864,0.044126224898654795,0.0
Пошехонский муниципальный район,-0.27419971560228545,-0.250454438243177,0.0031060031778822623,0.43001138833125563,-0.005394178578186708,0.36948040011426275,-0.21273210238492696,0.0
Правобережный муниципальный район,0.0944530781931973,0.9212380387968075,0.7079713497300711,-0.20181310866604163,-1.0596882699912815,-0.08934488356844199,1.9148542237869182,0.0
Предгорный муниципальный округ,0.6357359230348465,1.2969393614705464,0.02901842455226759,0.07113076898112743,-0.6980962892729439,0.03562861642370155,1.026215026411998,0.0
Приаргунский муниципальный округ,0.6260329151451859,0.6195133219349044,-0.017937147053730562,-0.4301027162794397,-0.03528586554707334,0.1697354540545862,0.048245554366924445,0.0
Приморский муниципальный округ,1.6132036306574513,0.5612030802200364,-0.12127808569828183,-0.28708237133639286,-0.5738067059343391,-0.39875307967345985,2.1462565742060113,0.0
Приозерский муниципальный район,1.5585980383858538,1.3994973050107307,-0.07917303907168444,-0.2424703071339437,-0.4181172771380691,-0.2419068544958879,-0.7052264006660947,0.0
Прионежский муниципальный район,1.7302481480265528,1.0413560244807318,1.8095803606262433,-1.3357864918693074,0.9557139850234935,-0.9782338609083859,1.250557299267812,0.06148754619013454
Притобольный муниципальный округ,-1.0563679399564752,-0.8475523579499318,-0.09361068250596576,-0.08290127689757451,0.4491290132998497,0.03911595412258343,0.238493023318241,0.0
Прокопьевский муниципальный округ,0.6015070072240594,-0.15874725175624593,-0.24417467923245498,-0.18464008591196054,-0.2845552024804757,0.013341367243560739,0.00014870253455518577,0.0
Промышленновский муниципальный округ,0.34473580749367344,0.7113403590157634,0.25311440876032715,-0.7170612113138323,-0.5222396810290089,0.05041847410484577,-0.20979876109970083,0.0
Пронский муниципальный район,-0.010383807415194644,-0.07211043428816957,-0.2498725683841857,0.23452246232612114,0.18423135660714451,-0.19811598927526125,-0.30143820678124356,0.0
Пряжинский муниципальный район,0.5210432990713811,-1.2958037829128697,0.19604146525165195,-0.6829981143311376,0.5881636984361233,-0.49590681634660466,0.8677233566499332,0.0
Псковский муниципальный район,1.930650314439937,1.0982562062303172,-0.034357080044890013,0.026147318710273936,-0.6782280889490302,0.343987704650455,-0.29036720639118174,0.0
Пугачевский муниципальный район,-0.08334406848473178,0.48254117720479883,-0.3633714727157164,0.008036960533046766,-0.48912834104350567,0.257312177039993,-0.3154491236331577,0.0
Пудожский муниципальный район,0.792498371043845,-0.17045798020423472,-0.14863479929955226,-0.3786964226328445,0.4399814789455012,-0.03994629084967795,-0.5236047195182696,0.0
Пустошкинский муниципальный район,-0.01768088337464988,-0.971211996704395,0.00041569290407976575,0.07948140270446627,-0.04024007180757428,0.06965996500159777,0.05167007818076158,0.0
Путятинский муниципальный округ,-0.27940895839739455,0.37246802625585196,0.5214125734042809,0.2434439228011822,0.8074021850687131,-0.7982878878808763,2.3563091941109415,0.0
Пучежский муниципальный район,-0.5714855263933423,0.3299218906978618,0.0951122777216983,0.3020470447512406,0.29039640334501854,-0.1201530707785076,-0.20380522957212682,0.0
Пушкиногорский муниципальный район,0.2747135572751361,-0.7753855201505374,-0.26968556516355496,-0.24933391138521782,-0.15570272560148057,-0.027882324513488845,-0.15814594940352278,0.06148754619013454
Пыщугский муниципальный округ,-0.5691188149626207,1.0371291762232342,0.5407224802456425,-0.6186894711694343,-0.08522512666625272,0.002136612765286619,-0.29411564083173974,0.0
Радищевский муниципальный район,-0.5725588032605718,-0.4382654325602942,0.04734130980091354,0.1962030485212902,-0.24718705534986724,0.668067482794689,0.6061316133006773,0.0
Ребрихинский муниципальный район,-0.9004037654853526,-0.2863253883102993,0.26720837558001015,-0.8452247808860849,0.31415877480510496,-0.24173405413663468,0.6954632819658828,0.0
Ржаксинский муниципальный округ,-0.4362428500476528,0.3739078084793717,-0.16999097166023416,0.42434710862454866,0.05410072988064066,0.14354570061126584,0.36063033808851735,0.0
Ровенский муниципальный район,-0.7214318709920348,-0.381430209024563,-0.014786537906215584,-0.016647382166411706,-0.17936699896041522,-0.2755770937353939,0.1891224953711357,0.0
Родинский муниципальный район,-0.6528972976866619,-0.4105404909903465,0.2802489027373835,-0.5390648650037506,-0.4171498828864864,0.23901598143641797,-0.3156204100883504,0.0
Родниковский муниципальный район,-0.10950214325415449,-0.022667269851101776,-0.26141394565644244,0.16297471822348084,0.14102738820669647,0.3753972279840907,-0.592670737134931,0.0
Ромненский муниципальный округ,0.12927061105145207,-0.5911070822685643,0.05747064622454396,-0.38614513041484355,0.048508616473975454,0.5702510982720195,1.0749063677444086,0.0
Ромодановский муниципальный район,-0.7301422117574247,0.03406187376563676,0.601594546133798,0.02292946700619191,0.3390658608121429,-0.9765167284710904,0.02211992259195131,0.0
Рославльский муниципальный район,0.46043705825152403,-0.19554937504056571,-0.4576849751000389,0.0796716975557286,-0.1006508710580232,0.3142937807275196,-0.43329952038570946,0.0
Ростовский муниципальный район,0.7098301444302096,0.333188932612704,-0.1850410686619235,0.03721273638457662,-0.3649382615940358,0.06750025439159613,0.3149118995784155,0.0
Ртищевский муниципальный район,-0.28273607135054823,-0.06039657378948142,-0.22035330871220113,0.29770240642321455,-0.293543602886546,0.2009059187099253,-0.5680553656527495,0.0
Рузаевский муниципальный район,0.2966002507673719,0.3498146835559612,-0.32082528950390654,0.2529360157219975,0.1002029034811876,0.2666380125136137,-0.14263362278562058,0.0
Русско-Полянский муниципальный район,-0.37503920018664005,-0.1035871054691956,-0.21714903771226168,0.23055643444025722,-0.16159261350831025,0.21405934379101993,-0.3803667674327615,0.0
Рыбно-Слободский муниципальный район,-0.9894637472794899,-0.27315501931530045,0.07198181595810914,0.43426803803954356,0.39873665569222716,-0.04577798103604525,0.6309617876007863,0.0
Рыбновский муниципальный район,0.4366590833644857,0.9801969357870276,0.2402452507737147,0.4273335933105309,-0.6404701330163687,0.1336375758258839,-0.4371157645885151,0.0
Ряжский муниципальный округ,0.35835618342227077,0.15217437301090403,-0.23551567507792512,0.2262100267529034,-0.1901360252178457,0.13978088574905545,-0.6554119175605687,0.0
Рязанский муниципальный район,1.135359501134791,0.3533423230548624,-0.12407022843941665,0.14122729750740046,-0.600323557053091,0.15017857945351945,-0.2299509168987788,0.0
Сабинский муниципальный район,-0.7300355158811437,-0.43239704436266085,0.525831191971344,0.34249246111700987,0.3704498428412369,-0.5679302824179737,-0.059733403891819505,0.0
Савинский муниципальный район,-0.42979105462778516,0.03705256495818193,0.2938581704298245,0.4951361374179571,0.1725796969220407,0.4133613580717198,-0.09412173822498042,0.0
Сакмарский муниципальный район,-0.9238866741191402,-1.25742858690807,0.11582006406885552,0.6380403266862684,-0.015016547140714976,0.21161786640709102,0.3481727479035428,0.0
Салаватский муниципальный район,-0.3035867139832765,0.41977414816045533,-0.36142095589373,-0.2175668550511998,0.29077583369681975,-0.31234853968580173,-0.36683112418812663,0.0
Самойловский муниципальный район,-0.6155298693238015,0.13469288910164448,0.31220127920345087,0.5602628023576571,-0.3866482114316127,0.8699602858724351,-0.027191381692419782,0.0
Сампурский муниципальный округ,-0.4349517123791801,-0.5000219873063719,0.03302770901470246,0.20533888577929602,0.22316706137082423,0.3659133077545714,-0.17212149876052452,0.0
Сапожковский муниципальный район,0.008655015772441104,-0.4157748761547687,0.34241405377364637,0.4524422051634891,-0.4577017527331953,0.2538761130458339,0.20100466736569253,0.0
Сараевский муниципальный район,-0.31733510283212285,0.15672657308077353,0.1405969477491537,0.32591383909771404,-0.6369545484148391,0.30113335724256945,-0.40205124633191125,0.0
Саракташский муниципальный район,-0.4602037027774159,-0.892607421681218,-0.018935510882463553,0.28139478279021907,0.57391728254243,-0.29275692009074517,-0.626832413308425,0.06148754619013454
Саргатский муниципальный район,-0.4271318514019557,-1.185563806500045,-0.042844894984938195,-0.04655419854181395,-0.29371986688612395,0.4787162703850188,0.12252503166782915,0.0
Сармановский муниципальный район,-0.845708708332548,-1.1927737281644566,0.8509334349914967,0.6957129664994495,0.3334056184610199,-0.13106876646523088,0.14062923981675046,0.0
Сарпинский муниципальный район,-0.4053373188932864,0.7185510109615159,0.7546178937815755,-0.20081590943517696,0.0010027178111269742,-0.23539387946227278,1.6288738919306023,0.0
Саткинский муниципальный район,0.7124644614175302,1.3694516214356598,-0.3801761958442375,-0.10614748811929027,-0.049205583030174756,-0.37085712530394516,-0.18121888668440464,0.0
Сафакулевский муниципальный округ,-0.9715710748267112,0.537512662103475,0.06019241502154641,0.02778455159672719,-0.1072706487502867,0.33605124329255276,0.635509671548027,0.0
Сафоновский муниципальный район,0.5145598703353442,0.25999452035217213,-0.43340927417595,-0.1790585202091386,0.05802969449705384,-0.3516634829627332,-0.44477434392337856,0.0
Саянский муниципальный район,-0.07470537752566775,-0.03122542506664029,0.20804229150429865,-0.5060013300593911,0.46475764025659233,-0.26446914585544196,0.2469415622801502,0.0
Свердловский муниципальный район,-0.5648643797680579,-1.2250547363204276,0.2768452857407572,0.40109920390412424,0.35531047738653465,-0.4338771120327423,0.1763601972052638,0.0
Светлинский муниципальный район,-0.06488500577660453,0.26313674953427657,-0.29431066898364805,-0.33541235675195397,0.12988686493573104,-0.357998679520652,0.11177333579845898,0.0
Светлоярский муниципальный район,-0.1291198695291028,-0.029529508403680606,0.7903749899585512,0.8389719075599812,-0.5912507483975282,0.8348616098675841,0.43497571375874755,0.0
Свободненский муниципальный район,0.7792238809986889,-1.3432280640853915,-0.2384624342884001,-0.35779500153285343,-0.008366895265133806,-0.4027355341442181,-0.42973158229998515,0.0
Себежский муниципальный район,0.39993236119332265,0.0301946469068477,-0.4185103486317923,-0.14142087080221513,0.13295597404260123,-0.08414735833109163,-0.731535522117622,0.0
Северо-Енисейский муниципальный район,1.9287640985205905,1.3234066314113122,0.6173540388940747,-0.5765693411442236,0.038417672108697044,-0.9782338609083859,-0.28675544174846596,0.0
Сегежский муниципальный округ,1.3387559717122313,-0.0015120621897787047,0.39685271583527265,-0.07087215216358839,0.8414518395063303,-0.7153065575937118,-0.3797214257939597,0.0
Седельниковский муниципальный район,-0.5980676870312938,-0.21746999073911355,0.23149662277984626,-0.4856989160781873,0.28278244833617683,-0.11307679327146145,0.13906600135146993,0.0
Селемджинский муниципальный район,1.2751957293142875,-1.1531110606980615,0.23030439062125638,-0.22462483879548312,-0.17717512841568944,0.49903449056198745,0.7621682439420047,0.0
Селивановский муниципальный район,-0.1461546060833413,-0.9977243282135907,0.004916600092181838,0.48371559443609796,0.018096385842247386,-0.006578092184544412,-0.26222621845270655,0.0
Сенгилеевский муниципальный район,-0.6721879422604835,-0.20893404730921036,0.05075431465470172,0.21251784889476255,0.2875872300380814,-0.49612684411169095,0.7891281712390504,0.06148754619013454
Серафимовичский муниципальный район,-0.15546040797630542,-0.3090633582572095,-0.2420067076975712,-0.10949163711870454,0.3066073024474863,-0.06906625468769467,-0.4949042099966817,0.0
Сергачский муниципальный округ,0.2345445432760863,-0.18976618166192197,-0.37640691128718873,-0.06390639547226283,-0.3870723470896814,0.21060206823146754,-0.6249443703164439,0.0
Сергиевский муниципальный район,0.09177051738081257,-1.3215847808308092,-0.31612792617461616,0.24022100534032287,-0.22579641175040538,0.3404292200393816,0.6070575681300732,0.0
Сердобский муниципальный район,-0.16066627535447084,-0.22101065141515153,-0.10384922626012018,0.4998616862746973,-0.149425084521337,0.1588997074316121,-0.19529629036801754,0.0
Сернурский муниципальный район,-0.5745137422856534,0.8748106970250286,0.28752706984267523,0.40317464639115014,0.8077981663281097,-0.5525300157206562,-0.12879571154711913,0.0
Серышевский муниципальный округ,0.6725952942871426,-1.9351082976853764,0.39302472919636505,-0.1641494766654731,-0.1523609989324736,0.9715362383900555,-0.33169996896278814,0.0
Сеченовский муниципальный округ,-0.14980637922776013,-0.14659857250427108,-0.38670754802923346,-0.010208933550249322,-0.08868221758767032,0.2606716497851036,-0.7032938109521941,0.06148754619013454
Сковородинский муниципальный округ,0.9230973109276235,-0.35676817438939457,-0.19622966633789413,-0.3288754904525901,-0.00798310588476934,0.047539958064793594,0.3593445160437333,0.0
Сладковский муниципальный район,-0.1597915669974327,-1.316011702494019,-0.13949180948611262,-0.008863893805333225,-0.01443874807413045,0.022073580583302745,-0.10644611153013332,0.18446263857040368
Сланцевский муниципальный район,1.4159175025101065,0.6634739588549382,-0.4491464554050573,-0.1804490615880757,0.058941354010369575,-0.15562133228504377,-0.44028040202029284,0.0
Слободо-Туринский муниципальный район,0.27510812482646707,-0.6552092309369505,-0.15299921244758613,0.14072896704176885,0.5208248272339577,0.019515759417294068,0.3192886124739313,0.0
Слободской муниципальный район,-0.19043306314808245,-0.6574458302618559,0.3390412907575541,0.26467261987658264,0.794008046371837,-0.7226696992991666,-0.03343896853214463,0.0
Слюдянский муниципальный район,0.5636412307614334,0.016910953807028593,-0.49591640012589,-0.14499295323994568,-0.1416699316153797,-0.037610926456328214,-0.5582064975678456,0.0
Смидовичский муниципальный район,1.1759544226508298,1.426447816022816,-0.20896795924523387,0.10686916858959476,-0.09976657184772447,0.27867770590636426,1.2139395629779528,0.0
Собинский муниципальный район,0.3946258723068848,0.19005840307775684,-0.05238036207392624,0.6037264863148779,-0.2810673629112725,0.12887170055784944,0.36141142169353113,0.0
Соболевский муниципальный район,2.699719901082656,0.10728882932723224,2.4835047533335257,0.6578596763886083,-1.2849395616271135,0.7391707167365223,2.3563091941109415,0.0
Советско-Гаванский муниципальный район,1.7671694985544886,0.023387548246320736,-0.2749482257287619,-0.33217212479184943,0.18111659710114197,-0.053102275665833434,-0.3704869364091316,0.0
Сокольский муниципальный округ,0.5768070711685972,-0.017945564489757457,0.08674023713710786,0.4384858270939932,-0.13905868808185715,0.15765207925206684,0.3815188943522826,0.0
Солигаличский муниципальный округ,-0.36599143405426887,-1.3392722164297692,-0.04590494974086693,-0.21975020459497166,-0.3025652708058045,0.325699329142425,-0.3593910290302464,0.0
Солнечный муниципальный район,0.9538969812581557,-1.1515351670820546,0.12911207691766463,0.3238132700425836,0.5575706947448088,-0.20239660752803862,0.5969663089616727,0.0
Солонешенский муниципальный район,-0.38523824681548285,-0.8061954363465945,0.9988604909137211,-0.7503347532448064,-1.2849395616271135,0.5902245385991636,0.21550478285264515,0.06148754619013454
Солтонский муниципальный район,-1.237971773589918,0.4810021903068298,-0.22117535687203507,-0.03300266899270313,0.19232201677093397,0.2653410098388704,0.8263971776811478,0.06148754619013454
Сорокинский муниципальный район,0.4015325896334783,-0.6058449212111509,0.04158829301830643,-0.3217249855505712,-0.27913339941845794,-0.15710687637282364,1.2059426349036433,0.0
Сортавальский муниципальный район,1.7124884930341449,0.7054837202566687,0.24074221021767941,-0.36394409498161134,-0.7149234446752862,0.012076094719042352,-0.11013696412439364,0.0
Сосновоборский муниципальный район,-0.26914446460509195,-0.15159461548400546,-0.07179448637129689,0.3418143044354216,-0.21721423742166082,0.2840884660330865,1.0641518223849857,0.0
Сосновский муниципальный район,1.3923330989964777,1.9565289978720173,-0.23696113235161043,0.08940526770015515,-0.2680275992212306,-0.046332968192563204,1.545692302315804,0.0
Спас-Деменский муниципальный район,0.12964815235796054,0.18587952870446225,0.12008933326151909,-0.09787920780982244,0.41683770906601747,-0.4796977440844207,0.9487524980582919,0.0
Спасский муниципальный округ,-0.5369294577423115,-0.10915177669043416,0.006171646870978889,0.15491118506563872,0.08462280830384149,0.08534206996891831,-0.11670738383851552,0.06148754619013454
Среднеахтубинский муниципальный район,0.4678289300952448,1.2871026583081575,0.0435417127604719,0.2943538619964053,-0.6160506961812438,0.4478848996834659,-0.02243967285505047,0.0
Среднеколымский муниципальный район,1.9575359370769416,-0.4495904463147179,2.4835047533335257,-1.5620962858757879,-0.4907435746918058,0.8310131875550669,0.3194654877305636,0.0
Сретенский муниципальный район,0.4797981975636349,-0.526110117775776,0.2614603836822138,-0.639350264112094,-0.029141787270622502,0.4222276967214464,-0.26983269768224344,0.0
Ставропольский муниципальный район,1.06800883569636,1.9565289978720173,0.16770896835636034,0.29109301676288196,-0.5496420051086054,-0.049083252077412924,0.8726467354281706,0.0
Становлянский муниципальный район,-0.44298955704579757,-0.9358576776193759,0.3400075229278637,0.21601925513043932,-0.5369086744955037,0.02588359424334733,2.2464602843093853,0.0
Старожиловский муниципальный район,-0.12031294227074309,0.08029431698153996,0.5187718692908063,0.20216022842416423,0.3164556512599333,-0.9782338609083859,0.12636704599171347,0.0
Старокулаткинский муниципальный район,-1.237971773589918,-0.4885246448831265,0.45759799821635966,0.2425594618299132,-0.30961617236830535,0.1359405031989655,0.9904915301971015,0.0
Старомайнский муниципальный район,-0.9711826095608137,-0.9057483160692418,0.41700193347313597,0.7240990817947657,-0.01271099480623456,0.06747130099065436,0.7278856464243592,0.0
Старополтавский муниципальный район,-0.45760467652437814,0.3727751340230152,-0.40064730777619517,0.028107317750632573,-0.05869744049668173,0.168979804790217,-0.4032102752027377,0.0
Старорусский муниципальный район,0.4425288623858857,-0.11025930337754239,-0.35668831423289826,0.3436666398339272,0.021561477660433443,0.1270913044247463,-0.22521243242582703,0.0
Старошайговский муниципальный район,-1.1011173405275603,-0.30724123962735,0.871650935291014,0.5300408928429903,0.9557139850234935,-0.31028447271198567,2.3563091941109415,0.0
Староюрьевский муниципальный округ,-0.5756646096264598,-0.038074088931281266,0.27941726659859106,0.40977783764542214,0.11614587314275698,0.2153573883674257,-0.4153466776512741,0.0
Степновский муниципальный округ,-0.4982032053789676,1.3894259154452324,0.5352541318378639,0.36427626025422716,-0.3967856206243521,0.2519261407756375,1.0545188712513331,0.0
Стерлибашевский муниципальный район,-1.1191235207899208,-1.490541667359275,0.8246225087146329,0.5509129684762001,0.7877761340657684,-0.38714856247441193,0.1549827002234815,0.0
Стерлитамакский муниципальный район,0.9657460648014912,0.5689152227553581,-0.05173405891872595,-0.038429391342208415,-0.05509834248088034,-0.3956193007881087,-0.0412145051906242,0.06148754619013454
Суворовский муниципальный район,0.3659587042462132,0.35613767133611385,-0.08421032239887125,0.3419489207014084,0.1555162289544888,-0.106582042969265,-0.6614257089413067,0.06148754619013454
Судиславский муниципальный район,-0.2689812805150767,-0.28228466053821955,-0.03811092690221759,0.1612000585353774,-0.16418592160710346,-0.3545456867396835,-0.2313441448909154,0.12297509238026907
Судогодский муниципальный район,0.17214854305818494,-0.99816395278837,-0.5097681180694921,0.08768579809822624,-0.02374111149716718,0.23463479659602227,0.11706679866329588,0.0
Суздальский муниципальный район,0.9171316960993033,1.4764816834615688,-0.06232470983518327,0.21994003244336316,-0.4479755978205837,-0.14895145111865923,-0.6139330744920651,0.0
Сузунский муниципальный район,0.16935175841653702,0.5574321939824003,-0.21263738838215246,-0.3180837144027101,-0.4361285062801004,0.2645378739745621,-0.37862440108741696,0.0
Сунский муниципальный район,-0.882537501627725,-1.913179303112316,1.221437412167307,0.8137117917336294,0.12565151361586785,-0.11646489356332392,1.2093534742559926,0.0
Сунтарский муниципальный район,1.179697359515573,-0.19267916559509318,1.653336556559211,-0.7702467957721606,-0.3149586484545319,1.1609184974647706,0.20250939003181054,0.0
Суоярвский муниципальный округ,0.8282127593719972,-0.9178138716050168,0.12576869988113443,-0.2638493563764744,0.5059428001303454,-0.6003044260443919,-0.3014332623812315,0.0
Сургутский муниципальный район,1.6204305785868478,-0.036868377623268424,0.9849505283650594,-0.31608138652888157,0.2954056633169352,-0.9782338609083859,0.36675197008364335,0.0
Суровикинский муниципальный район,-0.14636778204621476,0.18743839855140124,-0.11908041319186768,-0.019651160964531154,-0.31724157401449354,0.12972042325248864,-0.6068890780448121,0.0
Сурский муниципальный район,-0.7893042619325569,0.27209544944410025,0.1038229392808437,0.4172702654171055,0.32972328441102094,-0.3120610821028895,-0.07004086748940505,0.0
Сусанинский муниципальный район,-0.40888899565704656,-0.685475009466911,-0.4418894216195387,0.151478857916227,0.19247580935269348,0.06660756415945754,0.6644805918730571,0.0
Сухиничский муниципальный район,0.2545354812100432,-0.3337592531471731,0.06386484152513013,0.35247992173482806,0.46013886279203575,-0.1635759759022487,-0.23187434775218926,0.0
Сухобузимский муниципальный район,0.023641365452125838,0.7704608896089302,-0.2000706903487144,-0.05552582837264065,0.35243365477821786,-0.13494593226282256,0.354434768167028,0.0
Сызранский муниципальный район,0.3638221509420475,1.5042779591908446,0.17669524718497143,-0.13552517805637176,-0.7058538916796254,0.04032080605896975,1.011945888437665,0.0
Сычевский муниципальный район,0.31143651116864074,0.0748447377907191,-0.07750642070973031,0.3423941623394289,0.11348660782270155,0.24427095496522802,-0.5700766458440188,0.0
Сямженский муниципальный округ,-0.11515906255921214,-1.6780109105941183,0.3546054361462505,-0.062167553304954264,0.8541897799573194,-0.7997147546275329,2.3563091941109415,0.0
Таборинский муниципальный район,0.1207950583330213,1.0798165808832954,0.3840086255439807,0.1568479317346757,0.5813710982402619,0.7494428559021533,0.41363147534801964,0.0
Табунский муниципальный район,-0.2648010754941468,0.1305494374885842,0.24594958962133542,0.013349017536449877,-0.6497047736440902,0.8366632566752349,0.5927592131367324,0.06148754619013454
Таврический муниципальный район,-0.3221750883966842,-0.5207870312083347,-0.4880104088388967,0.09647025895681527,-0.042907580938092375,0.16673374194823065,0.1346038943439239,0.0
Таймырский Долгано-Ненецкий муниципальный район,2.6738597467451592,-1.8941318504733813,1.7692761438624682,-1.5620962858757879,0.19259369204922655,-0.49634641346284974,-0.5307744671212993,0.12297509238026907
Тайшетский муниципальный район,0.7854233506431028,-0.1648424899837074,0.27228079406781264,-0.6450640867682248,-0.3428262543782831,0.19893507820476117,-0.40300445867981827,0.06148754619013454
Тальменский муниципальный район,-0.2509555148220797,-0.08077660406876022,-0.26000608172045175,0.04668061624446406,-0.5834025800768985,0.3910350985462321,-0.3367523272330737,0.0
Тамалинский муниципальный район,-0.5558417939474452,0.20249286853281473,0.3248740657789002,0.6242580942903174,0.03579598432248607,0.161202610005626,-0.38507207730580695,0.0
Тандинский муниципальный район,0.25673566728459457,1.9565289978720173,0.4644866646905583,-0.08047517981567873,-0.7601837401090992,0.7939863638731091,0.7229501009768272,0.06148754619013454
Тарногский муниципальный округ,0.1531418452065095,-0.2868623127850002,-0.14732191700118907,-0.34347100298760963,0.30295479021799354,-0.48736368304338645,-0.5706222302386013,0.0
Тарский муниципальный район,0.20507113025388088,-0.04168638184355732,-0.31541417590155874,-0.2748713200006457,-0.22246161165414285,-0.026750440452775755,-0.5465969820053652,0.06148754619013454
Тарусский муниципальный район,0.6142689815086392,-1.002692084729085,-0.2045940034784324,0.20630184670591567,-0.05038083037827485,-0.11982495176627533,0.3647762165386255,0.0
Тасеевский муниципальный район,0.07707065938584451,0.13133361132992888,-0.16877161200368435,-0.16596767237742113,0.31969112804504013,-0.04205519326340775,0.13359739911921667,0.0
Татарский муниципальный район,0.23571160459812115,0.0737474430445064,-0.18649040026003846,-0.3959514924261711,0.0008220511643290893,-0.18776742856779569,-0.408039418784084,0.0
Татищевский муниципальный район,-0.31383044939996674,-0.14413966888849092,-0.08387956662063117,0.32906150174098586,-0.12641881618240866,0.3698666154707621,-0.36111307023284844,0.0
Таттинский муниципальный район,0.6817200157721269,-1.2156339772459448,1.6694019506982147,-1.1092629578288329,-0.003258984795130082,0.6995212047467159,0.1703604775359141,0.0
Татышлинский муниципальный район,-0.5944382585540772,0.8982892629228277,0.5096022863522526,0.10534326772609648,0.5632101639292098,-0.23994021801312088,-0.1794791018209262,0.06148754619013454
Тахтамукайский муниципальный район,1.729368308409188,1.0892476238746178,0.2807689610104085,-0.2834376583549888,-0.7014009010046932,0.04396547385522273,1.1756100021288793,0.0
Ташлинский муниципальный район,-0.6697041650100501,-0.2996956648107584,-0.30956167018266995,0.22456210666952775,0.11384837508959915,0.15934306489021713,-0.265839171408096,0.06148754619013454
Таштагольский муниципальный район,1.307636727620394,0.8734338903105813,-0.13742330365868494,-0.45170475668668675,0.027693853494194783,-0.41333606304408566,-0.25156063855705413,0.0
Таштыпский муниципальный район,0.12631138981915452,0.733456588704437,0.03822844069817217,-0.4961818500222023,-0.3548124771584154,0.16498299219911686,-0.07584714086593045,0.0
Тевризский муниципальный район,-0.22630191979164999,0.44543892190721324,-0.19476632447243983,0.0034502203218726656,0.17382203982595065,0.15032059952689264,-0.30340663611123925,0.0
Тегульдетский муниципальный район,0.1831933374061564,0.12128497004667214,0.14955134503957532,0.2467159114785926,0.6703904311497699,0.16920310256649912,0.25979166700367823,0.0
Тейковский муниципальный район,-0.16542284949877875,0.08604014222170075,0.4814078275792835,0.3384037281494525,0.07007041960728701,0.28210983349684027,1.6700255126821932,0.03074377309506727
Темкинский муниципальный район,0.27701269114709176,0.8036220562867074,0.6280090996158534,0.34186323350855924,-1.0597656594857074,0.9100159876323268,0.49665489101952526,0.0
Темниковский муниципальный район,-0.5668129010113973,-0.23021831102152476,-0.4124516966981252,0.2616804765180166,0.0037517530991293506,0.11686514110414284,-0.48685773799206483,0.0
Теньгушевский муниципальный район,-0.8274156722148569,-0.8373316884414479,0.744218005095249,0.6352711177523187,-0.21659546056576884,0.9505601219876021,0.6123182729403613,0.0
Тепло-Огаревский муниципальный район,0.21589958456300923,0.03483865296514773,0.1541704188075686,0.22407423656110287,0.6525376380134522,-0.24660341164555163,-0.23351971262436433,0.0
Тербунский муниципальный район,0.1524951954777808,0.319692562223596,0.15587151264846577,0.4994911072865369,0.26301995395442646,-0.08240814260142428,-0.607774285313629,0.0
Тереньгульский муниципальный район,-0.8241925724901658,-0.040093001379974465,0.3114981731362594,-0.0035758643004067535,0.3897918051179579,-0.5130485122247151,0.18804522512620253,0.06148754619013454
Тернейский муниципальный округ,1.2378655207095737,1.0062880743444795,-0.30910994996365687,-0.24270418765644328,-0.029178609601224544,-0.2720935667589561,0.09254956717556749,0.0
Тетюшский муниципальный район,-0.6456829526526748,-0.053640993448558966,-0.20278706931627882,0.08094986096404039,0.22589491196819064,-0.21647184534556604,-0.24429673778029282,0.0
Теучежский муниципальный район,0.8866548532021699,1.4985556544913237,0.46118370769409683,-0.12892595554291023,-0.760793958792913,0.5262892072260557,0.9246960728125456,0.0
Тигильский муниципальный район,2.75160679588137,0.8360489624759043,2.083837652507862,-1.250397384215949,-1.2495848163693501,-0.2816414701529027,1.206946188436394,0.0
Тисульский муниципальный округ,0.3546137996767771,0.47111817990717203,-0.20880151671565467,-0.3100708221586089,0.05041725930017508,0.06779288061290209,-0.20184570621410008,0.0
Тихвинский муниципальный район,1.4274076505755304,1.0593592775678815,-0.17668741709053337,-0.17819224271979006,-0.24186715762834807,-0.06659884451730105,0.30585082404750263,0.0
Тогульский муниципальный район,-0.6847285948295607,-0.1159954609035877,-0.38146548134928004,-0.14591178601782276,0.030313155902998445,0.14934864406518095,-0.4338616852511499,0.0
Тогучинский муниципальный район,0.04277768674464217,0.2746706758450371,-0.4242876308387315,-0.22073510042796543,-0.14532377400978078,-0.0009267729821827623,-0.675672906742842,0.0
Тоджинский муниципальный район,0.6980814949262182,0.736375499535655,1.736122033058628,-0.4562501559196525,-0.8127726959860125,1.1609184974647706,1.2061508913490633,0.0
Токарёвский муниципальный округ,-0.3760412194296571,0.40717659025701153,0.09628208563470254,0.49581336587571223,0.2704286400788821,-0.05336178478617924,0.18038622699211498,0.0
Томпонский муниципальный район,1.917594111084027,0.7631722486011943,1.9455955209170521,-0.851085554760895,0.011368027942078071,0.8106716281675441,-0.09118009566326678,0.18446263857040368
Томский муниципальный район,1.7674665518980328,0.6697386663610733,0.003905222188692402,-0.2984423994268145,-0.48813778492057336,-0.004787930823925066,1.2984489078378336,0.0
Тонкинский муниципальный округ,0.0935821030520773,-0.18872867274018224,0.144785004802861,-0.532244540083941,0.05866009535095112,-0.2596213245131656,0.6108160809666318,0.0
Тоншаевский муниципальный округ,0.13522182449353307,0.9181759085972756,0.41560522131131244,-0.6625901139896134,0.15754572551319151,-0.4953769169499332,-0.02460736363469264,0.06148754619013454
Топкинский муниципальный округ,0.6391712586162682,1.5047130128673432,0.5340538638623149,-0.9898731955773141,-0.23684637289444113,-0.655375466236323,-0.45321865221162017,0.0
Топчихинский муниципальный район,-0.5034297108477869,0.23261832312679012,-0.04370419582129666,0.006978242972530758,-0.2572658478034505,0.49085931157397467,-0.26945132301366514,0.0
Торбеевский муниципальный район,-0.01791695330401783,-0.1358844193623905,-0.5690359366908385,-0.033425149448385406,-0.09566368643013848,0.20545446632248537,-0.43163734142430393,0.0
Тосненский муниципальный район,1.935644621397542,0.6039220355169406,-0.019902320196041354,-0.24266690074237635,-0.32843999858043665,-0.06647601699557479,0.4568907410089317,0.0
Тотемский муниципальный округ,0.36869264344304936,-0.38124368465339337,-0.04698547933123083,-0.1963692502071337,0.17186166309587037,-0.47479181357498046,0.048319387215611666,0.0
Тоцкий муниципальный район,0.6803356668021898,1.4401268427627396,-0.12204728392021415,0.16085157969289604,-0.40758024384790675,0.25166001025123047,-0.29483873028997054,0.0
Третьяковский муниципальный район,-0.42519754053558606,-0.05888424798581196,0.2319084876271122,-0.6175011014633509,-0.0521656756512739,-0.0017102862106789908,0.2555075066850594,0.0
Троснянский муниципальный район,-0.42448811153903765,-0.46174922338256946,0.7188419398340611,0.5050482829571541,0.27529293687881945,0.2780385640531821,1.5777929543871223,0.12297509238026907
Труновский муниципальный округ,-0.17996352186276027,-0.34656199197098275,0.014340050430903906,0.03051447018463909,-0.43249404199041674,0.3317839012597896,-0.17264951787149452,0.06148754619013454
Тужинский муниципальный район,-0.6567158579433876,0.21924850161493267,0.22578871582810492,-0.49412531197803644,0.32764810241258524,-0.7845740883136741,-0.5417473147103237,0.06148754619013454
Туймазинский муниципальный район,0.6512076214370769,0.5525718451117818,-0.24282113207442796,-0.18205456551197535,-0.12505160630011466,-0.35941132925683783,0.06780497755474313,0.0
Туркменский муниципальный округ,-0.6441217203767087,-0.4419525064135475,0.11404758455321554,-0.081198620612135,-0.2763814142849877,0.26422463988562217,0.13350569403391402,0.0
Турковский муниципальный район,-0.35647464986568905,0.39107322938795924,0.30526529958007087,0.4154160074319662,-0.1764014512780134,0.8821083880928916,0.2098938356686399,0.0
Турочакский муниципальный район,0.35106466369202805,0.8387813584205617,0.9416574282551773,-1.0621391504468294,-0.4772221479237367,0.2206986998101216,-0.2573921356547236,0.0
Туруханский муниципальный район,2.262796254161272,-0.08002507432703927,2.3961284821248943,-1.5620962858757879,-0.026582990166184553,-0.7449443195491214,0.420326273751895,0.0
Тутаевский муниципальный район,0.7755446838604351,1.5773134945043115,-0.15449156510307685,0.2631438194153152,-0.34433168120363616,0.051995450511966045,-0.2203642412477944,0.0
Тындинский муниципальный округ,1.7633805198372035,0.02464979202619614,0.383048212796467,0.026207106202361285,-0.0064220276232535975,0.4870673096235414,0.8179808706558528,0.0
Тюкалинский муниципальный район,-0.5670213492064229,-0.6997992526530248,-0.3238382776447839,-0.09092708949611197,0.2181724252611448,-0.13327061534339923,0.6873069452703311,0.0
Тюльганский муниципальный район,-0.6842353022442534,-1.0038262315854576,-0.2708322717329105,0.1637867235298148,0.38626728695515355,-0.00815217321861792,0.011312110982596152,0.06148754619013454
Тюлячинский муниципальный район,-1.237971773589918,-1.3189890468891095,1.0905772765000838,-0.22178770568944903,0.8597478604996529,-0.9782338609083859,2.0569988624887614,0.0
Тюменский муниципальный район,1.664307765279652,1.8442374646471025,0.1515367370676298,-0.17642833709176547,-0.5730866023406516,-0.1630792692215387,1.532437112617596,0.0
Тюменцевский муниципальный район,-0.5556540579577878,-0.0002663274599578627,0.5073106282371015,-0.7022271716219903,-0.44211687963423324,0.3219705825923052,0.46756953979631155,0.0
Тюхтетский муниципальный округ,-0.00797291329076021,0.18310582127158367,0.3221693391113336,-0.3821190536770576,0.28590662896084174,0.3655823214292187,0.10082090407553664,0.06148754619013454
Тяжинский муниципальный округ,0.04651168802677459,0.1850781128055449,0.009526587746964268,-0.48294037352119157,-0.012413276952560153,0.05700541743714561,0.011553406607266907,0.0
Убинский муниципальный район,-0.2847290965416588,-0.3583808039191753,-0.33662321575818027,-0.055777226603822415,0.051431208040770164,0.1750326686803645,0.46349956413673354,0.0
Уватский муниципальный район,1.1456875903712405,-1.8147484946230354,0.04585339898587747,-0.3775262217148587,0.4763486518805998,-0.3900450518673522,-0.48975995931060085,0.0
Увельский муниципальный район,-0.2390212635895286,-0.9676669305856961,-0.0034630577480932777,0.3977191098182042,0.42747030115423834,-0.05030080682978055,0.35533747172017094,0.0
Угличский муниципальный район,0.878531609541931,0.9632117252960796,-0.19593948983738493,-0.08289071946474882,-0.5078809080288444,0.017119095823684247,-0.3348814681789114,0.0
Угловский муниципальный район,-0.8945072471075666,0.15458480313582307,-0.11967047794239345,-0.2287976311125543,0.3234200674088039,-0.4250585242398131,0.13377204339317267,0.0
Угранский муниципальный район,0.09331557712030386,0.4898564417278929,-0.119964150469872,-0.07944854236879643,-0.35105433020819615,0.3594445537691427,-0.24375247407931672,0.0
Ужурский муниципальный район,0.7819606791539475,0.7201164779281597,-0.13228345551930934,-0.3276170428680505,-0.583261414360283,0.3470657170984343,-0.44226254796217473,0.0
Узловский муниципальный район,0.9974697409128189,1.163420684001558,-0.16564882329358024,0.021018427642907785,-0.3925736120517763,-0.05417301508015776,0.5998830601042412,0.0
Уйский муниципальный район,-0.5096618744808167,-0.33085565555204377,0.41498333669557586,0.44718134306920104,0.1727963991791861,0.9793228269616044,0.012896120402409762,0.0
Улаганский муниципальный район,0.6502210974971155,0.20559740543414007,2.3076402711244217,-1.5620962858757879,-1.203912992428341,-0.42046917472560036,0.860474506860831,0.0
Улуг-Хемский муниципальный район,-0.1292939213598604,0.4066981881167042,1.5323555985403086,-0.8681385675987617,-1.2737044533905966,0.6776012102948037,0.5024975686348626,0.0
Ульчский муниципальный район,0.8390998806941284,1.2912558931841212,1.1535112267332819,-0.7141307375045364,-1.0761432884024198,-0.033836773091926,-0.13373017128003625,0.0
Умётский муниципальный округ,-0.510162103247831,0.9267066446101369,0.07245351309087998,0.4294577625922716,0.39322873784559015,0.04308520703359143,0.1108547831796315,0.12297509238026907
Упоровский муниципальный район,0.28016459363162816,-0.19770170365664394,-0.19486095553037716,-0.18632106427807063,-0.10679048734563937,-0.23365063170086048,-0.4336548786155015,0.0
Уренский муниципальный округ,0.2528101951310985,0.8042975130576755,-0.34013685062556076,-0.3173161604250449,0.12005410171315758,-0.10280651445610105,-0.7652239327421904,0.12297509238026907
Уржумский муниципальный район,-0.42253992838967386,-0.6041995059405271,-0.14924482570734737,-0.4939584965162508,0.2118698872548149,-0.4677487620679186,0.062037587374950694,0.0
Урицкий муниципальный район,-0.5498081931219347,-2.02446015527078,0.03330633848452302,0.3233004648312884,0.200545014590929,0.509803789042513,1.0084498054409754,0.0
Урмарский муниципальный округ,-1.237971773589918,-0.9819941032142581,0.31750054066058275,0.5507086567786086,0.1265812078446628,0.01400971120165178,0.300633010827876,0.0
Урупский муниципальный район,-0.22630960964275806,0.38054918456357006,-0.22051344688450739,-0.06041967753979749,-0.13427104832711242,0.10259346744662132,0.7366830516878703,0.06148754619013454
Усвятский муниципальный район,-0.32987154160997406,0.41917274607262855,0.2551022589361236,-0.26151388262311626,0.3164651053859147,-0.7996154050107043,1.2818943616247271,0.0
Усманский муниципальный район,0.02659647380073496,0.34611030561032313,-0.25305425617779453,0.3290816637427382,-0.10045909077641207,-0.062355566764186264,-0.6666703161042502,0.0
Усольский муниципальный район,0.295768515391687,0.5299284289063458,0.31939684568889143,0.6488002792094264,0.5726323909784885,0.21635917292611234,0.3096854449344789,0.0
Усть-Абаканский муниципальный район,0.6371197049510068,0.8582927629757279,-0.3508393515155809,0.21509566635451333,-0.2761438806334787,0.3449004111272237,0.4855571864942526,0.0
Усть-Алданский муниципальный район,0.566900517940497,-1.273910865468309,1.6257334719839573,-0.830324970272557,0.05640976721186578,1.0689640241741225,-0.14939751070909363,0.0
Усть-Большерецкий муниципальный район,2.5551613696649587,0.12393220489664288,2.4835047533335257,0.47161534915062486,-1.2849395616271135,0.7578002271807387,0.26975724632347997,0.06148754619013454
Усть-Джегутинский муниципальный район,-0.7136210434284469,1.4985268864271133,0.2546378871091014,-0.15826678727537097,-0.5354444286587108,-0.497641210250368,1.3830772525237411,0.0
Усть-Илимский муниципальный район,0.0750331245496537,0.9410923905825246,1.1035603979870634,0.8389719075599812,0.4249585912989471,-0.2208056984857093,1.5879434590391464,0.0
Усть-Ишимский муниципальный район,-0.3230072749531076,1.4492656170451224,0.5618838095645007,-0.07406859318347797,-0.2923201864450701,0.29468867502772833,0.467133672285101,0.0
Усть-Калманский муниципальный район,-0.7147894896390846,-0.2789548097047748,0.06294914838515045,-0.5011421909016135,-0.36674904210382187,0.1645405384009215,-0.05114483133075318,0.06148754619013454
Усть-Камчатский муниципальный район,2.7421846002674948,0.41167788179196646,0.5452759380530469,-0.7189337066629605,-0.6244362755258631,0.22436200656253752,1.0176308265943286,0.0
Усть-Канский муниципальный район,-0.20582274825900512,0.06160433106406638,1.5787191414194774,-1.0364817863477926,-1.2849395616271135,0.3842384131844885,0.5571243685080081,0.0
Усть-Коксинский муниципальный район,0.3209421549904047,0.7557986365359016,1.1428950786272238,-0.8624579491345646,-0.863218670089064,0.42783269693050346,0.22811878483846965,0.0
Усть-Кубинский муниципальный округ,-0.02755020479331335,-0.9489389095183692,-0.1487426351894577,0.27620925041718036,0.025350526211956374,-0.25553496634348555,0.43360232553116324,0.0
Усть-Кутский муниципальный район,1.944940390609601,-0.02423743158733857,0.3883534421350896,-0.7604882261366848,-0.5113945784558003,-0.17962089094879008,0.4546023536490059,0.0
Усть-Майский муниципальный район,1.9488559113566342,0.0187905685111652,2.4835047533335257,0.3316873913501538,-0.6581217889046631,1.1609184974647706,1.37595296938277,0.03074377309506727
Усть-Пристанский муниципальный район,-0.8747488303288178,-0.3426246858524973,0.37698416784404826,-0.8353685518196031,-0.19591739650188497,-0.0713465331470307,-0.09735363132777622,0.0922313192852018
Усть-Таркский муниципальный район,0.01919506978465049,-0.2716058517394909,0.022479433812887913,-0.10709828319608926,-0.3770140129455908,0.1989419853516865,0.6214137188149504,0.0
Усть-Удинский муниципальный район,0.156673043069002,0.18711592503615473,0.021858579914309496,-0.24751249574357667,-0.0987610259996401,0.3001922978453147,0.6539072498090946,0.0
Усть-Янский муниципальный район,2.75160679588137,0.02069158202329263,2.4835047533335257,-1.5620962858757879,-1.2849395616271135,1.1609184974647706,0.6787357858186199,0.06148754619013454
Устьянский муниципальный округ,0.694052537867029,-0.4150039551569453,0.1354448895131195,-0.5153709691159636,0.2552976150451013,-0.09197395665564087,-0.4384324998355376,0.0
Устюженский муниципальный округ,0.17593323011909762,0.22287161070091163,-0.0587617348311452,0.16793849693228993,0.41060155491299954,0.05102167616533565,-0.06450082702547341,0.0
Уфимский муниципальный район,1.1398740417284356,1.1328871918111136,-0.06283439367561092,0.11748644387686642,-0.6781692753847568,-0.00693098153531916,0.7730627789631688,0.0
Ухоловский муниципальный район,-0.40564275447104764,0.059548061567258705,0.3915918963188688,0.2090185524091316,-0.7692430578325727,-0.2288143909582544,0.15039539969890053,0.06148754619013454
Учалинский муниципальный район,0.7504232290024024,0.7102432691716191,0.05176466552743443,0.08351732210554284,-0.1498753122417101,-0.1909757965241136,0.47267811898542555,0.0
Уярский муниципальный район,0.08531711642142394,0.12614177938826762,-0.2109342425576667,-0.2727027085285721,-0.04645091163440964,-0.4322196308193097,-0.0998614326199332,0.0
Ферзиковский муниципальный район,0.6625518540339594,1.8619294296251683,0.661810842180465,0.616454641619951,0.11584394380977263,0.11699465261852562,0.43566605497993516,0.03074377309506727
Фурмановский муниципальный район,-0.13644235761577492,-0.24136719413185317,-0.23107799554408318,0.3598589195653049,0.2915961059159162,0.06012463308974273,-0.3294769754147398,0.0
Хабаровский муниципальный район,1.8564415316856187,0.34940678579434403,0.30314668332863365,0.24586702801937918,-0.4623106558236843,0.8253833558120907,0.974608937646956,0.0
Хабарский муниципальный район,-0.5427220947131621,0.006479632724262628,-0.2631590297665633,-0.2916753982592375,-0.41355865824039345,0.2587093389524021,0.0015305426823245109,0.0
Хабезский муниципальный район,-0.7850718290343552,1.1514395314031758,0.5105872893101734,-0.3431123164839372,-0.7385441677328386,0.08879490648951734,1.5398772802102554,0.0
Хайбуллинский муниципальный район,0.01277428877167522,0.6501338862373682,-0.17726534883501788,-0.12846657296925904,0.06613264067652358,-0.15823212559612934,-0.3711859087561058,0.0
Хангаласский муниципальный район,1.2173976415462646,-2.02446015527078,0.9117457347175489,-0.820088625786017,-0.28519723526418617,0.6374668139772628,0.0645932456511287,0.0
Ханкайский муниципальный округ,0.5832790684990864,0.3307089654157435,-0.10693155531684781,0.15936931106155222,0.41635943780758045,0.13216534821199544,-0.42143127225287824,0.0
Ханты-Мансийский муниципальный район,1.2027540835846036,0.400648712438553,0.7154718076146914,0.21488232686832096,0.4036455402837545,-0.08513741941729791,0.18848496320626945,0.0
Харабалинский муниципальный район,-0.7163305292308922,-0.38641038912066344,0.11933089835541766,0.42417666830047285,-0.2205055360734178,0.6340616219597495,-0.48667439391754974,0.12297509238026907
Харовский муниципальный округ,0.21386237552176166,-0.7217048812392352,0.4534156416186898,0.5198260889938062,0.8946788895397347,0.18344251696200092,-0.001487070219958339,0.0
Хасанский муниципальный округ,1.1537707306995428,0.4454426746516339,0.21085722448755764,0.5624680488396436,0.10871367082281203,0.14167557578095302,-0.7259834898809996,0.0
Хвалынский муниципальный район,-0.27647866170305707,0.004717429188360004,-0.3723495861631687,0.04067160489145544,-0.2058850345576985,-0.03223001706549631,-0.49546714724967506,0.0922313192852018
Хвастовичский муниципальный район,-0.3377702873639246,-0.7961189232458188,-0.29203488098150837,0.11737813357414982,0.006009086963681554,0.02843810804850859,0.5632008515590295,0.0
Хворостянский муниципальный район,-0.06346391592076468,0.3126843511434292,0.03344453196849594,0.39056730173129744,0.20221743059812455,-0.01834935208838621,-0.4326402932553731,0.15371886547533634
Хилокский муниципальный район,0.2545454133817998,-0.25928121907356977,-0.025443238736302245,-0.5276704568132663,-0.10845090094917205,0.27741962953881355,-0.2245419950704478,0.0
Хиславичский муниципальный район,-0.4856041519279313,-0.7865946532314745,0.1268751669588887,-0.12737180253647779,-0.10483788499012378,0.18390668303064742,0.04414480900192731,0.06148754619013454
Хлевенский муниципальный район,-0.10651071082652362,-0.09719447287313938,0.009244060487917429,0.45646949268559056,0.13619213737039107,-0.16672618123701902,-0.1449574051256151,0.06148754619013454
Холм-Жирковский муниципальный район,0.028105849096372794,1.3680618175973296,-0.28416619911624524,0.30518015349663125,0.1044288274910199,0.08879426486968423,0.19896101242596465,0.0
Холмогорский муниципальный округ,0.00020264294767907497,-1.7210926955948418,-0.044152069220845955,0.13052798011014335,0.5159086883989037,-0.36787150963829496,0.7968325175818874,0.0
Холмский муниципальный район,0.16759064782585614,-1.1252537251091301,0.033663576107347236,0.10606125514353751,0.2617278327840016,0.2697905908824469,0.6298055312733399,0.0
Хорольский муниципальный округ,0.47757584037650264,-0.8878077276542846,0.0778161375903069,0.6469205340890801,-0.04327678777176352,0.646784217883348,-0.18052656353344468,0.0
Хотынецкий муниципальный район,-0.4797726655104373,0.3028187110265561,0.7952200675382592,0.2052661131741567,0.9557139850234935,-0.7227221252839683,0.8832407610424979,0.0
Целинный муниципальный округ,-1.0878482070481683,-0.3778282996367436,-0.11867814166282324,0.06087930859650023,0.2972771138722008,0.20040138037396277,0.35035235618123545,0.0
Цивильский муниципальный округ,-0.5727504002350641,0.7268107541130688,-0.046347102299850854,0.1953726963771399,0.08388786467283085,-0.47375399330874685,0.2818226437515759,0.0
Чагодощенский муниципальный округ,0.7797685311006406,-0.2883068106962649,-0.3689766051419332,-0.060182646520294085,0.19110358079891018,-0.19935792321837842,-0.140496641746179,0.0
Чаинский муниципальный район,0.16829585416645107,-0.3509106114140401,0.029417388779750194,-0.4738010100505261,0.17232184794767896,-0.20960648709662774,-0.050108947575848245,0.0
Чамзинский муниципальный район,-0.04896448031267574,0.2826801055393063,-0.17848032206364112,-0.2100599546879297,0.2705687025691029,-0.518602726696861,-0.6154329526365236,0.0
Чановский муниципальный район,0.1639400408832766,0.7762608750424472,0.24273082713957267,-0.7249924988301629,-0.3360589080917819,-0.28478406039966214,-0.7119521124646967,0.0
Чаплыгинский муниципальный район,0.16691478801100149,-0.28443435106348336,-0.34110977729379394,0.28859693652466173,-0.054766440760084564,0.38619487040569894,-0.2628463675824111,0.0
Частоозерский муниципальный округ,-0.7139563146788456,-0.26391974886762865,0.07726478735270062,0.12058885137771129,0.5723873913349375,0.08656680134754242,0.6527752035275824,0.0
Чебаркульский муниципальный район,-0.06385070741799247,1.9565289978720173,0.2521695336560807,0.5196004366338846,-0.07068773123639391,0.02622026207205886,1.6135147252361401,0.0
Чебоксарский муниципальный округ,0.010513531237114557,1.9565289978720173,-0.2416974644879085,0.02188331221856389,-0.25318431625744203,-0.39714841785981647,0.20514797590261005,0.0
Чебулинский муниципальный округ,0.18766834665467141,1.0337314639694906,0.7451710201664887,-0.8736574912290355,-0.1785414122465736,0.026898849379722933,0.5795526040980851,0.0
Чеди-Хольский муниципальный район,-0.1973547352250941,1.9565289978720173,0.6240738616667236,-0.2574405381700868,0.07453784799680031,0.1260747885968028,2.3563091941109415,0.0
Чекмагушевский муниципальный район,-0.5855876652326635,-1.1606215034257243,0.13514831908275854,0.41165193008043355,0.744475050962072,-0.29714998213149935,-0.08105543749676428,0.15371886547533634
Челно-Вершинский муниципальный район,-0.46843244273206047,0.33069315243126035,0.029260135065057348,0.12334589882091627,0.4933601297014142,0.00478132160467509,0.492144881519175,0.0
Чемальский муниципальный район,0.7874251487448004,0.0817307618985021,1.8045999422257586,-1.4562649328320691,-1.0247449852655763,-0.13694228773104727,-0.4883097827406566,0.0
Чердаклинский муниципальный район,-0.5539157838320627,0.3414994644454876,-0.369532947265472,0.28355934861991317,-0.13777500623700162,0.24230681157656156,-0.028971140655522552,0.0
Черемховский муниципальный район,0.14944094315108652,0.5187845917100423,-0.05193048743127497,0.11042472667220846,0.013737208818102862,0.38457017524149184,-0.23868208820091594,0.0
Черемшанский муниципальный район,-0.915365650901839,-0.8068061975490223,0.7146957728457244,0.3477741726587397,0.37199878578736273,-0.7592836765302554,0.0762815103785746,0.0
Черепановский муниципальный район,0.16719142745174828,0.8922005538247669,-0.5333397069448961,-0.08745134626488443,0.023965483613664892,-0.23656740446613408,-0.1903713646938714,0.0
Череповецкий муниципальный район,0.9190546637930446,0.3959209530293134,-0.17021386679907158,-0.06614917708988788,-0.20252511885783422,-0.29479496018656637,0.581736830184834,0.0
Черлакский муниципальный район,-0.2510580518470196,-0.4772892950631667,-0.3307344103696848,-0.1801595609533583,0.08889236648244382,-0.21268582522156226,-0.20116201735145753,0.0
Черноярский муниципальный район,-0.5398815655412068,-1.9133726714551778,0.6638700173785628,0.6859707702396798,-0.09860909636566635,0.7748881328655371,0.5054004253447976,0.0
Чернский муниципальный район,0.5719975613187427,0.4799121142302782,-0.09764294375428868,0.10072448883107135,-0.18826909854584942,0.5216145710757919,-0.2556403616076936,0.0
Чернышевский муниципальный район,0.7528076832100933,-0.04537940957050742,-0.073066592461867,-0.4051009344760406,0.2706024600371618,0.030175318432813895,-0.518449073316343,0.06148754619013454
Чернышковский муниципальный район,-0.25713781878980485,-0.18125646842963103,0.33353628437207644,-0.5071667936923391,-0.2014064718229338,0.08192144307243521,0.33893719076304096,0.0
Чесменский муниципальный район,-0.25130575602328475,0.7881723325306984,-0.003121488732585013,0.3155696765227021,0.3670831695998851,0.014150070388867775,-0.2245999920400655,0.06148754619013454
Чистоозерный муниципальный район,-0.1881980913882536,0.35104431305758693,0.11341974576760959,-0.27581043308803166,-0.08004286077053267,0.22003708737179242,-0.03673408467427812,0.0
Чистопольский муниципальный район,0.3157107477061118,0.8911997973462297,-0.38186968240924823,0.021491352423188535,-0.3646748830677178,-0.21720344300162703,-0.049288214421788025,0.0
Читинский муниципальный район,0.4411804217678318,0.18322516601407132,-0.2490377282298136,0.23156741104113945,-0.02330864711910664,0.345804260882725,0.18994810566802475,0.0
Чишминский муниципальный район,0.38266696477156936,0.5737154815365936,-0.41939841819367396,0.2809518533325602,-0.15869465793522006,0.21004239578875,-0.2302229365361422,0.0
Чойский муниципальный район,-0.2537574683602522,-0.217928777368675,0.8270828460040505,-0.45786500563188837,-0.34073746982694053,0.5464773894790212,0.19614107615996332,0.0922313192852018
Чугуевский муниципальный округ,0.7692917551298952,0.0053050614925411145,0.0134406004932187,-0.07219392203381711,0.02438549626349681,0.5379216444038004,-0.17420351180521154,0.0
Чудовский муниципальный район,0.7588059579918183,0.31724906998946373,-0.23258631021433124,-0.1414066666471332,0.4610048769230215,-0.4294215581057833,-0.22997782241085793,0.0
Чулымский муниципальный район,-0.10921221757075605,-0.3687156618721646,-0.014538386084500931,0.18715379846940042,-0.41522541814485375,0.20241264527030128,-0.2852953064350652,0.0
Чунский муниципальный район,0.21123501816796345,0.13307125309108608,0.6371722640022056,-0.6854175646897478,-0.06732974208076806,0.47723575560074505,-0.17251755889127074,0.0
Чурапчинский муниципальный район,0.868483668626648,-1.4042691985060702,1.804034540380368,-0.5603212329670638,-0.2727123070428292,1.1609184974647706,0.17614886687843773,0.0
Чухломский муниципальный район,-0.2585540420008526,0.6508582731535885,-0.15556301562722422,-0.11664198917847676,-0.027396547124039692,0.32876703459593204,-0.30783653336026673,0.06148754619013454
Чучковский муниципальный район,-0.29865918851015444,0.23972200838152782,0.2914229742308125,0.11475837656527672,0.23625984758067625,-0.07726266922487708,0.541901202772195,0.03074377309506727
Шабалинский муниципальный район,-0.5236102063054444,-0.5734322231610006,-0.22971101490495707,-0.34329189099261276,0.3353465740807371,-0.1828609402665238,-0.30304194083114794,0.0
Шаблыкинский муниципальный район,-0.5031822956974346,-2.02446015527078,0.08109674198792396,-0.045520263203656534,-0.05170811981905552,-0.012894616392103478,0.8131398076272335,0.0
Шарангский муниципальный округ,0.010623870825225323,0.2876760794669148,0.38930573622212306,-0.5788314166702435,-0.20926122617365014,0.480623171185666,-0.16557901540947256,0.12297509238026907
Шаранский муниципальный район,-0.9530410665955062,-1.5363555933923128,0.8997875032118238,0.20924009090506768,0.49947167886675886,-0.7408326002019534,0.5341808031138036,0.0
Шарлыкский муниципальный район,-0.7334675694124113,-1.0144388137949412,0.09567464320721526,0.178299619909162,0.47209069964851574,-0.4766434543456623,0.4029641641459886,0.18446263857040368
Шарьинский муниципальный район,-0.27851949844962093,1.0068342262763967,-0.2340992726668206,-0.06686745242288446,0.04988108249480026,0.28712775531174906,0.8440066023514896,0.0
Шатковский муниципальный округ,-0.2565034199783979,-0.5593918605701664,-0.2590979565491763,0.1200277681301063,0.09912398309975448,0.37779225518778586,-0.17913219256194132,0.0
Шатровский муниципальный округ,-0.7480200967513619,-0.10332836273430672,-0.3778731026413486,0.033422284052850845,-0.02928558147563702,0.2297447021413784,0.040922228976500274,0.0
Шацкий муниципальный район,-0.21420189972596954,-0.2564967219139523,-0.3138466611198643,0.08543007632474733,-0.26830900074582387,-0.11876432704557932,0.004256998898023155,0.0
Шебалинский муниципальный район,-0.14209370332397156,0.3374496656013977,0.7568051214286416,-0.8117548964546825,-0.6064323591326456,0.5267637826137921,0.472030746447263,0.0
Шегарский муниципальный район,-0.05630241008838553,-1.7475024956637004,-0.27365548350689795,-0.3267984063116038,-0.19757278993071525,0.31642005478659785,-0.7266030280154734,0.0
Шекснинский муниципальный район,0.6462757368613783,-0.36757384547821614,-0.42826984502803134,0.1845763536768608,0.24956662244645633,-0.10822581196903187,0.5538490146285793,0.0
Шелаболихинский муниципальный район,-0.6615115657025284,-0.6072208489927559,0.6299415464589635,-0.612654772303236,0.4451102712810304,0.0684843009346041,-0.546674159533046,0.06148754619013454
Шелеховский муниципальный район,1.3696246427340115,0.20947499893081512,0.13194449452809404,-0.3334203886775512,-0.4161554824204314,0.019138517390869195,0.6008581967983421,0.0
Шелопугинский муниципальный район,-0.15114815009543361,0.3947794744197819,0.49020888278878366,-0.6910247028467206,0.5029468486576661,0.2514953769409834,0.5900252996968047,0.06148754619013454
Шемуршинский муниципальный округ,-1.237971773589918,-1.3661724840554066,0.2673486598260828,0.044153274574700335,0.42737260353674844,0.05393918170908375,0.7674575197170128,0.06148754619013454
Шенкурский муниципальный округ,0.3364031414423456,-0.9623904650890039,0.0796571107035825,-0.5122989661363072,0.04348024792175964,-0.4309614907493976,-0.4095629097453393,0.0
Шенталинский муниципальный район,-0.34922215265674106,-0.12290776185353738,-0.20546649620568241,0.06297520089141063,-0.040133261605062816,0.07761409259781714,-0.21447297657198452,0.0
Шербакульский муниципальный район,-0.45914322818264725,-0.26655600823795494,0.19842930477645973,0.06510292636350565,-0.5926667805298254,0.6143518112468997,0.14957879216896355,0.0
Шигонский муниципальный район,-0.19583197936234487,0.6178555243394557,0.0877278148931059,0.43982853875821,-0.24570889258274337,0.1033659422819891,-0.5019202862179213,0.06148754619013454
Шилкинский муниципальный район,0.6701155992096482,-0.2581703135098121,-0.2951981723105689,-0.3257265636851647,0.17944990652094045,0.052871940170454206,-0.7201681727601853,0.06148754619013454
Шиловский муниципальный район,-0.014176699214818381,-0.8743283269782314,0.2906244444405855,0.5347093025557462,-0.25651641811651327,0.39172150333121936,-0.03585042673527807,0.0
Шимановский муниципальный округ,1.0915676340610438,-2.02446015527078,0.31877771966988433,0.08313732335613587,0.13252049662161838,0.36236388256133245,1.931008381269763,0.06148754619013454
Шимский муниципальный район,0.019017634621880577,-0.2559721016607115,0.06929840284009915,0.2836402652189857,-0.15579227571518015,0.22541600373630855,-0.4143123110072877,0.06148754619013454
Шипуновский муниципальный район,-0.3261608292260533,-0.60842489727982,0.47467086224892974,-0.5570576370794481,-0.49359517978085904,0.5265436226384038,-0.7405328056378214,0.0
Ширинский муниципальный район,0.15746323023279526,0.41669944152566807,0.15871130644653028,-0.5313694265062545,-0.21933171311616395,-0.17133923534170892,-0.5279790208326168,0.0
Шовгеновский муниципальный район,-0.5938463226446227,0.9668713592841384,0.6375617375625402,-0.4903248913089633,0.1522904930474039,-0.2128554232988285,1.239523253311751,0.06148754619013454
Шпаковский муниципальный округ,1.2157273763377219,1.5658982166738258,-0.12073653817140248,0.009003327865351232,-0.5997470987041035,0.2237672013450045,0.7387206175521716,0.0
Шуйский муниципальный район,0.31054882323378236,0.8387856815632337,0.2118539260525722,-0.18761657541230453,-0.6739553464915001,0.1346384519140316,0.19333330801483511,0.06148754619013454
Шумячский муниципальный район,-0.6374120804050056,0.048815479094013584,-0.17695494197858,0.35782349617598713,0.2660265275291998,0.2745365378403369,0.21348347753954985,0.0
Шушенский муниципальный район,0.7205801571236008,-0.07614422077198134,-0.3476937373146438,-0.12814731763974713,-0.16107019704066206,0.22468907622053325,-0.42380169907071863,0.0
Щекинский муниципальный район,1.2380749170300787,1.1376515210059166,-0.14202719286995635,-0.03522189306104738,-0.5179356166529052,0.10874476852284573,0.20626933089035762,0.0
Щучанский муниципальный округ,-0.13729763567661613,0.43193605997047,-0.14409167030879713,0.1769371233163158,0.19556017937030287,0.5141683338238455,-0.14113350887618706,0.06148754619013454
Эвенкийский муниципальный район,1.9262818215588584,-0.22508372347981684,2.4835047533335257,-1.5620962858757879,-0.09951239655085536,-0.3216609907794522,0.6338844681833156,0.03074377309506727
Энгельсский муниципальный район,0.9445600665284349,0.660066096429462,-0.331343706363231,0.013788894479187226,-0.29440140594597214,0.1279539018214189,0.21624498814745033,0.0
Эхирит-Булагатский муниципальный район,0.061355548199414134,-0.9717282306784704,-0.03458653250493463,-0.3401779355833016,0.22906639360216288,0.1281027381407016,-0.018991423721398868,0.0
Южский муниципальный район,-0.2022222015015335,-0.4263690614670491,-0.4549470528897346,0.01282942614261417,0.034174166776343516,0.29795001405947524,-0.4824588942962931,0.0
Юргамышский муниципальный округ,-0.32583690288038125,-0.6936848577722906,-0.28378257695927933,-0.13797354902829762,0.029799364930061183,0.2693479868904336,0.09830018799496683,0.0
Юргинский муниципальный район,0.29716612747212734,-0.9412064865880482,0.37630683030794987,-0.18195026431381217,-0.5657479865816585,0.2635520753411639,-0.3260629875226799,0.0
Юринский муниципальный район,-0.8427681192782626,-0.22358696814711657,-0.20954852976723823,-0.19998390262652976,0.24905285988029832,-0.3739471947500695,1.274647660831604,0.06148754619013454
Юрьев-Польский муниципальный район,0.4291478310558564,0.2912371217477704,-0.22198766782603851,0.44218256305676024,-0.12814247149900498,0.2594597039534538,-0.7652239327421904,0.0
Юрьевецкий муниципальный район,-0.4228806215936159,0.7010922880120836,-0.1721366327456368,-0.29228558055200043,0.21117974437989645,-0.28624160989465297,-0.24159616166334957,0.0
Юрьянский муниципальный район,-0.4256174836886598,-1.4281081877154522,0.7386900069294965,0.7443146441377201,0.7496775013762385,0.012410292622163584,0.8861520040157239,0.0
Юстинский муниципальный район,-0.33001076735854273,-0.3812084681126206,1.1869330341366389,-0.6052040904099694,-0.8673058599433193,-0.6165353920222548,0.7906388443232554,0.0
Ютазинский муниципальный район,-0.5413753772878268,-1.8560578649338304,0.08872660524350538,0.3131887255441898,0.6853573868119118,-0.536009660383202,-0.21442651822350595,0.0
Юхновский муниципальный район,0.1484441413524239,-1.2950966464620142,-0.3945697962577723,0.25554788682796686,0.16910867666292173,0.2945420133294057,0.7861615224684254,0.0
Ядринский муниципальный округ,-0.7777342329884961,-0.8723860268485415,-0.4094751127393463,0.013110046289891854,0.22249557198880704,-0.0845875883377513,-0.5828678792352612,0.0
Яйский муниципальный округ,0.31773339317219246,0.6483302275359137,0.44241055978528504,-0.7427118764201631,0.06306541736715048,-0.1986324536376506,-0.06106881178411157,0.0
Яльчикский муниципальный округ,-1.237971773589918,-2.02446015527078,0.20713202402216388,-0.36351742265384374,0.02620711418385446,0.0014559112190434846,0.9798641949589375,0.0
Янаульский муниципальный район,-0.09530717204023141,0.16777152425064637,0.2087109951282002,0.24225908027140897,0.03461698019785565,-0.3750490829825701,-0.1678184572676999,0.0
Янтиковский муниципальный округ,-1.237971773589918,-1.060149273130498,0.4685636283171956,-0.035064030644618674,0.21342029597639747,-0.9717486194264813,1.8473761515899871,0.0
Яранский муниципальный район,-0.33062042755650667,-0.7181682320848508,0.012531698756531704,-0.13629749633510152,0.5380718271459481,-0.3930183879173027,-0.3260088384895082,0.0
Ярковский муниципальный район,0.0989661984593716,-0.2707895312694224,0.06247920723889895,-0.000767802977470917,0.6340591858340108,-0.2599423748128684,0.17380627220590303,0.0
Ярославский муниципальный район,1.6653842861317556,0.18654418966117772,-0.320920604268328,-0.04826469067773213,-0.06151726805526621,-0.30859810641334123,0.884264013570428,0.0
Ярцевский муниципальный район,0.49964255634377824,1.059171428706221,-0.559504346443528,-0.12888167361396588,-0.03055834008880561,-0.1124800161885878,-0.5976332690773624,0.0
Ясногорский муниципальный район,0.8347966448256725,0.5913528227839359,-0.1387826885716771,0.41959221766608434,0.09671224203804979,0.1401613642081151,-0.18540336409161975,0.0
Яшалтинский муниципальный район,-0.8098614524004685,0.309836663915064,1.5629091393785635,0.19085640407747356,-0.6523429721841297,-0.1625478157631208,1.371660057068342,0.0
Яшкинский муниципальный округ,0.4789224961376209,0.9681282994443767,0.47516301532007826,-0.7462664035909058,-0.3781087007503805,-0.23811397959361089,-0.04519524631752477,0.0
Яшкульский муниципальный район,-0.5169130762234613,0.20105190785717952,0.9367620799840599,0.00321853228299819,0.4049591439918509,-0.9549523584480755,2.3563091941109415,0.0
городской округ Абдулинский,-0.3902464144100774,-0.2721719353080354,-0.10858495215538655,0.22585823015724993,0.44288481669157354,-0.11839635090341227,-0.436530463350407,0.0
городской округ Богданович,0.936160486559209,0.775960059535035,-0.4685271817436164,-0.07327949191911153,-0.08415768543090121,-0.2779323283564282,-0.2828583933751588,0.0
городской округ Верхний Тагил,0.5509798061667662,0.1858043231509265,0.2487729008833404,0.3634211268092706,0.5604458342650362,-0.28876629344268767,-0.3133907912050187,0.18446263857040368
городской округ Верхняя Пышма,1.871418910607223,0.8649124692481085,-0.30962144704272937,0.0032153405306598686,-0.17105028146433746,-0.15950162968633125,0.4011468132049576,0.0
городской округ Верхняя Тура,0.5794313604196454,-0.11830364225873354,-0.15021069916207283,-0.2531058810516459,0.24700116687389412,-0.44914343749649865,0.4934263519029916,0.0
городской округ Верхотурский,0.5058353148553242,-0.373998395506985,-0.49652736932053154,0.02011573485375285,0.30733777632142406,0.12343442834861239,-0.0009943431041393278,0.0
городской округ Воротынский,-0.4338457036960312,-1.5580978431231187,-0.004564983889888275,-0.2492516395973975,-0.09069004897519507,0.17011160144339355,-0.4037832171875399,0.0
городской округ Гайский,0.1289978482841885,-0.9151346692990118,-0.12209204910928775,0.02368504008469768,-0.1655521764127299,-0.4236852084472399,0.9183393307002228,0.0
городской округ Дегтярск,0.4474522220167203,-2.02446015527078,-0.1266723918860396,0.11403397654118999,0.46761630933542936,-0.3944961740158645,-0.10207813701360907,0.0
городской округ Жигулевск,0.9992833024434683,1.492049742330759,-0.2602204180255129,-0.11166241114844576,-0.10839563291808568,-0.12353777635229257,0.395593075354521,0.0
городской округ Заречный,1.2343783519099696,0.005657697210266165,-0.2621004464536975,0.15626632054309902,0.3582822980458611,-0.28833119554390013,-0.6298315485213593,0.0
городской округ Карпинск,0.7784180301726673,-1.51644139119795,-0.25931083195166166,-0.2054300499342489,0.3311297578800719,-0.2557049425492417,0.2591747463180167,0.0
городской округ Краснотурьинск,1.4882384558954465,0.235723888153141,-0.3213148905886333,-0.042530885240195986,0.09468160221641603,-0.18038846976131118,-0.19028041163940343,0.0
городской округ Красноуральск,0.5179460954815936,-0.3215693709727342,0.2972946776895755,0.42134885271507133,0.4182488309466916,-0.25273720030036534,-0.32776648178061374,0.06148754619013454
городской округ Красноуфимск,0.7011354845852896,1.0001076595071403,-0.5690359366908385,-0.11986922334537642,0.04781446121684816,-0.13541861711263345,-0.22383851951183664,0.0
городской округ Кувандыкский,-0.22124451605892814,0.6276542087477035,-0.3673664738210762,-0.031204349250332324,0.032665589844405624,-0.2574811302191275,-0.31044920325719255,0.06148754619013454
городской округ Навашинский,0.23844442724188405,-1.2970058347409186,-0.1570341072937542,0.2418167629070418,0.19817074785474847,-0.2934557591031257,0.07021744021525547,0.0
городской округ Нижняя Салда,0.8202466502018735,0.04074894866058957,0.43917229204191843,0.21886595147007173,0.665467404285123,-0.5303039963364149,-0.43557238484741495,0.0
городской округ Новокуйбышевск,1.2712456976119588,0.754227805950033,0.1500380544437275,-0.3053078371527758,-0.35365561659296924,-0.19969336594273077,0.512558567048089,0.0
городской округ Октябрьск,-0.10979920772222544,-0.580515328922382,-0.23949261387067644,0.2560651564280589,0.24030367199847846,-0.1274232580524964,-0.6462633615758456,0.06148754619013454
городской округ Отрадный,1.0320983371188217,0.743199428941803,-0.05184860481100349,-0.2144439598101862,-0.2789570391732686,-0.1423822770034179,0.2285592515865673,0.0
городской округ Пелым,0.4988395000034697,0.7131326935453677,0.8295131136289654,-0.24503430027751014,0.9557139850234935,-0.9782338609083859,0.7071269469820319,0.06148754619013454
городской округ Первоуральск,1.2380193898365497,0.9557711712645626,-0.35770378766950706,0.03683473801614816,-0.08904795167382229,-0.15627503002147408,0.38728980713699757,0.0
городской округ Перевозский,0.024985947836270842,-0.4762408744818387,-0.4008069936000655,-0.1819448835864316,0.024692619833242262,-0.2829932240300939,-0.45623865332184027,0.0
городской округ Ревда,1.318181763802855,0.858753946889101,-0.176971728721605,0.15687478068881772,-0.040194884148456296,-0.27589283007227533,0.4591127274888118,0.0
городской округ Рефтинский,0.8841495826078726,-0.04941961974737943,0.7751226658606759,0.059165180161938384,0.7016092913581252,-0.9782338609083859,-0.11200727079757157,0.0
городской округ Семеновский,0.3097529858102345,-0.05987027873655348,-0.1590027036151666,0.15138281784657573,-0.5859341349549166,0.4522706746077828,-0.2426900389831886,0.0
городской округ Сокольский,-0.0002735995042769342,-0.29273180209764665,-0.41581255586121596,-0.25055126626428864,-0.09106331640556,0.031162300557224614,-0.1882091167765717,0.0
городской округ Соль-Илецкий,-0.07165846690674703,-0.039233914762795315,0.8841751123703304,0.32853459584414463,-1.2849395616271135,0.5274298250337779,1.1363574440621789,0.0
городской округ Сорочинский,0.13336699055495727,0.5735588948605818,-0.4582815169099071,0.13827753344319701,0.38094106508605285,-0.11460910552655801,-0.3724112949604543,0.0
городской округ Среднеуральск,1.0296864747210515,-1.004612482809533,0.6552417615323931,0.4223062828003331,-0.9652950071986911,0.13962242679931589,-0.2654433858452202,0.0
городской округ Сухой Лог,0.9221534921727004,0.2003649707959942,-0.4043429698427424,-0.10741834988185006,-0.21785076618417926,0.07306797726825372,-0.16998507044511899,0.0
городской округ Ясненский,0.10227756959479443,-1.7186858044219755,-0.158824188388633,-0.4146102178556861,-0.1568810174143101,0.04900144993675015,-0.022605585523368606,0.0
городской округ город Агидель,-0.40686613555825574,-1.6089459204412175,0.7259745464417874,0.27898386907728323,0.9557139850234935,-0.4028430165846249,-0.07214167018422085,0.0
городской округ город Алатырь,-0.45542692995843886,0.3125089942887605,-0.002036097786257996,0.4038395103118092,0.08721323862906791,0.083308125915779,-0.5959397841414974,0.0
городской округ город Арзамас,1.0033308865697554,0.9045594951465828,0.002290239701453728,-0.23742968540869783,-0.4581295661290872,-0.09308636021493576,-0.01748370174825797,0.0
городской округ город Бор,1.3672302529436744,0.7785317344431841,-0.039692716258269714,-0.2008473731400818,-0.5057434230197664,0.13821267649896135,0.10359434403144505,0.0
городской округ город Бугуруслан,0.6726154722090844,1.0966400232593339,-0.4898579689075147,-0.04186069015882395,-0.07816709766567483,-0.0789017950566347,0.009872396896407322,0.0
городской округ город Бузулук,1.0063355093806023,1.0766139273463695,-0.2267678924074466,-0.23169144353706642,0.00757510545105519,-0.21314095408320127,0.43972452806888085,0.0
городской округ город Волжск,0.23703985789365686,0.15979085190604464,0.49162014229886664,0.5798180090050971,0.5025596858443142,-0.34652372884375426,-0.2877298835074506,0.0
городской округ город Воткинск,0.9401057815565578,0.68173949196646,-0.22438572100268667,-0.04431317497189445,-0.13014328606636716,-0.2904604867953893,-0.2743974798754688,0.0
городской округ город Выкса,1.3180027831692782,0.7029459730796807,-0.09231230233201748,-0.3973686523436209,-0.3152821593971404,0.041933898266449526,-0.34259449590999314,0.0
городской округ город Вятские Поляны,0.09109946601075916,0.11995988800737913,-0.24985899199943068,0.20583813519588307,-0.10727423099704232,-0.1991497730785963,-0.5834936116538245,0.03074377309506727
городской округ город Глазов,0.5619713900690193,0.9150511771061656,-0.3016544458722761,-0.27580447014284387,-0.2701928443907668,-0.27386599593133426,-0.2169644484082616,0.0
городской округ город Дзержинск,1.6248066569245923,0.838774933730047,-0.0750613045169129,-0.15004419657368298,-0.4644795377789903,0.18217791439968803,0.16292641978356712,0.0
городской округ город Ижевск,1.2742070454174075,0.9473562043767284,-0.4159024607042092,-0.08226778539981515,-0.1490150368177564,-0.17298662039693666,-0.05102002730664803,0.0
городской округ город Йошкар-Ола,0.7617000362121957,0.8865612282990811,-0.1959088317065455,0.2676585187085377,-0.18552831691899013,-0.1085220288213272,-0.6296924412794676,0.0
городской округ город Казань,1.619168035500167,0.5599438389607054,-0.2158225774745202,-0.064781822460137,-0.34088112873801363,-0.2480728052866734,0.38231987591944183,0.0
городской округ город Канаш,-0.2308969679561848,0.6706785312451662,-0.3388035484831467,-0.015797142245773967,-0.37025346730159003,-0.16238898117903489,-0.40780809047193195,0.0
городской округ город Киров,1.477637136182549,0.6697900913504797,-0.36732976306208626,-0.08724667818088194,-0.10048149469030472,-0.19312687748059465,0.07892473819776134,0.0
городской округ город Кирово-Чепецк,0.9470714274873314,0.20698623206100222,0.04355213703916414,0.17591237113560265,0.27540809513665043,-0.5405802336333637,-0.2689944397563164,0.0
городской округ город Котельнич,-0.1287013952548828,-0.35389280013693586,-0.005142470489065878,0.3320458223629015,0.7425134665458722,-0.37823271422527494,-0.5811017547215291,0.0
городской округ город Кулебаки,0.5773491307813522,0.5685207402488144,-0.39622980383186873,-0.01666797761023617,-0.06653692261536152,-0.03539395632344436,-0.7652239327421904,0.0
городской округ город Кумертау,0.5189564283754778,0.49467715258840467,-0.33610855054515837,0.07345396948462547,-0.013712646246014261,-0.24847787225295068,0.14951493712967848,0.0
городской округ город Медногорск,-0.09218360854690807,0.42241347535267987,0.0035069525549428298,-0.016010926961213548,0.2728623243441578,-0.5644465635305663,-0.38449146103305437,0.0
городской округ город Можга,0.07391274064728058,1.325700630204662,-0.44738746756044045,-0.10252670264458723,-0.1717844719503219,-0.2804591495707219,-0.38856968432685657,0.0
городской округ город Набережные Челны,1.1730866120911214,1.1962811171871404,-0.12094738815896157,-0.018394258304936736,-0.2597302005508735,-0.31699403584844993,0.3857924367386795,0.0
городской округ город Нефтекамск,0.9465722102792969,0.6750075704867188,-0.10215496697441971,-0.11987181426143073,-0.031747690414161735,-0.47559912270874305,0.13210676109103572,0.0
городской округ город Нижний Новгород,1.7314517971831829,0.4127802952715377,-0.053352464144963856,-0.14807882778012343,-0.42445077298874395,-0.08868629392323936,0.1293850567281309,0.0
городской округ город Новотроицк,0.6637296800756605,1.3072857151540795,-0.18374157622627835,-0.24091134257872981,-0.3071729171790086,-0.2525584027686065,0.6273687983343756,0.0
городской округ город Новочебоксарск,0.7652909614464578,0.7311443270917707,-0.2954059461546129,0.04957216580426593,-0.224702737032546,-0.12147704073212398,0.30405954139841185,0.0
городской округ город Октябрьский,0.9748511180894566,0.2678641043132749,-0.2658450419793735,0.00883587938337292,-0.08067740216614318,-0.3276978726399921,0.19984794039221332,0.0
городской округ город Первомайск,0.004014758829722982,-0.6819347447037561,-0.5140990451800403,0.04081593365956527,0.11926854655677874,-0.0771511291358796,-0.584110199992627,0.15371886547533634
городской округ город Салават,0.9074858840761398,0.5427614963023661,-0.20973870327429184,0.14251698586502046,0.024744574318787984,-0.29731176871247206,0.32642810971547925,0.0
городской округ город Сарапул,0.8714998306101929,1.3953844052983673,-0.30613210947325764,-0.3636492431496338,-0.15564207647659994,-0.4327832707130361,0.21563668328560076,0.0
городской округ город Саратов,1.1836692192035752,0.6195199976389285,-0.3820194228029689,0.004610823903583227,-0.22928055350875534,0.05847456813398759,-0.039107808687184185,0.0
городской округ город Сибай,0.6717598986344946,0.6575103210724442,-0.17587184842980008,0.11340896220063855,-0.08841292539812864,-0.1109302549718945,-0.010990419010405053,0.0
городской округ город Слободской,0.018949939944664672,0.03928369358750766,-0.08434668831554237,0.3088024543478177,0.5191576180116886,-0.34566564857314874,-0.6690020573618259,0.06148754619013454
городской округ город Стерлитамак,0.9562406409984818,0.9065322523537827,-0.18456741498894627,-0.11015525193045926,-0.11732637559768212,-0.45509638648874734,-0.09716956312034901,0.0
городской округ город Уфа,1.4578841972720082,0.3824282071693225,-0.382780429925831,-0.016433059200335453,-0.12689110660661362,-0.24300107379496336,0.3465475319420152,0.0
городской округ город Чебоксары,0.9373363177838043,0.708575969492141,-0.1921885506837975,-0.027988943738633924,-0.4457541473622367,-0.05132344220339338,0.21619526973599312,0.0
городской округ город Чкаловск,0.2605712266978011,-0.1072219268499776,-0.29109930012326224,-0.20546299277369828,-0.15938771939868074,-0.31270769632155065,-0.09927483358826525,0.0
городской округ город Шахунья,0.09294135368228387,0.28949178693448857,-0.5359091762336873,-0.20012276016872452,0.1686175400112262,-0.048627793660300636,-0.6331397027091469,0.06148754619013454
городской округ город Шиханы,0.47408486762953794,0.6894965730002244,0.7738602662432635,0.20532130760824838,-0.254626800378319,1.1609184974647706,0.8608831243521322,0.0
городской округ город Шумерля,-0.34876401537729257,-0.6627530419154779,-0.21519149881130228,0.4094603558192375,-0.23532655652154136,0.26280148918916846,-0.3620565251703557,0.0
