mo,2023-01,2023-02,2023-03,2023-04,2023-05,2023-06,2023-07,2023-08,2023-09,2023-10,2023-11,2023-12,2024-01,2024-02,2024-03,2024-04,2024-05,2024-06,2024-07,2024-08,2024-09,2024-10,2024-11,2024-12
Абазинский муниципальный район,17866.0,18710.0,19392.0,18216.0,18621.0,20265.0,20254.0,22079.0,21854.0,22094.0,20814.0,26266.0,20466.0,21238.0,22797.0,23119.0,23015.0,25706.0,25755.0,26581.0,24697.0,25277.0,24485.0,28058.0
Абанский муниципальный район,17165.0,19549.0,21175.0,18799.0,19370.0,19493.0,20761.0,20190.0,18275.0,20219.0,19899.0,23924.0,17717.0,20870.0,23261.0,22183.0,21921.0,22384.0,22516.0,22352.0,20444.0,21534.0,21483.0,27144.0
Абатский муниципальный район,19488.0,21002.0,22929.0,21353.0,22180.0,22142.0,23080.0,23207.0,19899.0,23039.0,22527.0,27405.0,20917.0,23135.0,25241.0,23853.0,25286.0,26062.0,26526.0,27642.0,24478.0,26171.0,24571.0,30410.0
Абзелиловский муниципальный район,16642.0,16923.0,18467.0,16168.0,15867.0,16631.0,16137.0,16807.0,15674.0,16063.0,16718.0,20724.0,15947.0,17926.0,19367.0,18433.0,19251.0,18931.0,18941.0,18998.0,17391.0,17944.0,18664.0,22044.0
Абыйский муниципальный район,30207.0,36625.0,39757.0,34641.0,37172.0,42556.0,49076.0,51366.0,41722.0,41365.0,40773.0,53234.0,37605.0,42703.0,47415.0,47949.0,41080.0,51504.0,58192.0,53615.0,49038.0,51975.0,45022.0,56054.0
Агинский муниципальный район,20169.0,23109.0,23813.0,21158.0,22414.0,23384.0,25530.0,25026.0,22134.0,22284.0,23018.0,28576.0,20483.0,22266.0,24431.0,24650.0,25267.0,25134.0,28423.0,28062.0,26509.0,27868.0,27379.0,32175.0
Агрызский муниципальный район,18032.0,18598.0,19860.0,18071.0,18067.0,17930.0,18589.0,19265.0,17679.0,19038.0,18976.0,22122.0,17771.0,19385.0,20939.0,20882.0,20550.0,21342.0,21422.0,22456.0,21469.0,22742.0,22641.0,25553.0
Адамовский муниципальный район,15224.0,17001.0,17975.0,16488.0,16098.0,15891.0,17111.0,17083.0,16548.0,17268.0,17367.0,22205.0,17424.0,18956.0,20755.0,20120.0,20513.0,21538.0,20751.0,21012.0,18526.0,20433.0,21151.0,24671.0
Азнакаевский муниципальный район,20595.0,21063.0,22842.0,20530.0,20760.0,20025.0,21254.0,21967.0,19926.0,21131.0,21411.0,24956.0,21461.0,22761.0,24700.0,23820.0,23854.0,23359.0,24200.0,24586.0,23075.0,24369.0,23889.0,27017.0
Азовский немецкий национальный муниципальный район,18578.0,20541.0,22221.0,18652.0,18767.0,19593.0,20120.0,21099.0,18172.0,19358.0,19465.0,24316.0,17419.0,20801.0,21614.0,21207.0,21635.0,22501.0,22501.0,23313.0,20672.0,22782.0,21671.0,25490.0
Акбулакский муниципальный район,15328.0,16669.0,18928.0,16646.0,17161.0,16546.0,17712.0,18268.0,16926.0,17795.0,18356.0,20880.0,15966.0,18033.0,20608.0,20310.0,19342.0,19768.0,19665.0,20978.0,18968.0,19891.0,19082.0,22612.0
Аксубаевский муниципальный район,14881.0,16321.0,16713.0,14383.0,15386.0,14972.0,16096.0,17246.0,15597.0,15795.0,16862.0,19087.0,15940.0,16806.0,18776.0,18408.0,19342.0,19369.0,19476.0,19970.0,17769.0,18757.0,19262.0,21197.0
Актанышский муниципальный район,16037.0,16463.0,16961.0,15634.0,16450.0,16918.0,16501.0,17107.0,15988.0,16168.0,16643.0,18774.0,15734.0,17085.0,18759.0,18224.0,18251.0,20162.0,19624.0,19038.0,17761.0,18674.0,18412.0,20710.0
Алагирский муниципальный район,17547.0,17579.0,20319.0,19939.0,20509.0,20524.0,24339.0,21992.0,22968.0,22257.0,24045.0,28194.0,22516.0,23259.0,25699.0,24741.0,23673.0,24520.0,25403.0,26834.0,23720.0,25456.0,25323.0,30127.0
Аларский муниципальный район,21341.0,23072.0,24193.0,22641.0,23682.0,24471.0,25770.0,24356.0,22232.0,22566.0,23023.0,29616.0,20893.0,23296.0,25937.0,25024.0,25598.0,25955.0,27666.0,26664.0,24174.0,24991.0,25504.0,32897.0
Алданский муниципальный район,31245.0,33819.0,37710.0,35654.0,36813.0,39791.0,41777.0,42815.0,38960.0,38193.0,38716.0,47663.0,35874.0,39265.0,44090.0,43646.0,44534.0,48627.0,50055.0,50515.0,44433.0,46153.0,45441.0,55604.0
Александро-Невский муниципальный район,18744.0,20184.0,21739.0,19331.0,19673.0,20630.0,20909.0,20606.0,20092.0,21238.0,21384.0,25642.0,19502.0,22091.0,24053.0,24221.0,24297.0,22583.0,22903.0,23617.0,22883.0,25271.0,25302.0,30423.0
Александрово-Гайский муниципальный район,15914.0,16755.0,18170.0,16888.0,16760.0,18182.0,18363.0,18080.0,17368.0,16841.0,18541.0,20955.0,16381.0,18586.0,20964.0,21051.0,20234.0,20846.0,20492.0,23090.0,20889.0,20097.0,20023.0,24262.0
Аликовский муниципальный округ,14015.0,14667.0,15212.0,13156.0,15205.0,14203.0,15268.0,15225.0,12705.0,12973.0,13989.0,16821.0,12881.0,14508.0,15122.0,14901.0,16005.0,15655.0,17611.0,15232.0,14926.0,15753.0,15733.0,18601.0
Алькеевский муниципальный район,15921.0,17031.0,18628.0,15869.0,17351.0,17198.0,17819.0,18309.0,16738.0,17987.0,17833.0,20595.0,17558.0,18331.0,20409.0,18915.0,19627.0,19423.0,19269.0,20545.0,18507.0,19101.0,19019.0,22674.0
Альменевский муниципальный округ,13460.0,15607.0,16416.0,15497.0,15731.0,15536.0,16553.0,17014.0,15038.0,15858.0,16441.0,20652.0,15808.0,17532.0,19225.0,19265.0,19685.0,19284.0,19513.0,21465.0,19484.0,20125.0,18855.0,23619.0
Альметьевский муниципальный район,24807.0,25089.0,27668.0,26556.0,27703.0,27232.0,28567.0,29576.0,27977.0,29151.0,29485.0,33573.0,28562.0,29959.0,32900.0,32292.0,32080.0,32489.0,33309.0,34370.0,31666.0,33364.0,33334.0,38329.0
Альшеевский муниципальный район,17810.0,18828.0,20308.0,18232.0,18813.0,18220.0,19324.0,19379.0,17860.0,18936.0,18877.0,22308.0,18118.0,19567.0,21671.0,20382.0,20920.0,20736.0,20953.0,21756.0,19332.0,20164.0,20653.0,24091.0
Амгинский муниципальный район,23058.0,26976.0,29533.0,26004.0,26155.0,31392.0,30369.0,34711.0,28133.0,29201.0,26932.0,36653.0,23392.0,26754.0,30231.0,30666.0,29963.0,35048.0,34536.0,36553.0,30365.0,31593.0,31050.0,42147.0
Амурский муниципальный район,28111.0,29263.0,31567.0,28657.0,28985.0,28587.0,29618.0,29866.0,28295.0,28880.0,29456.0,35546.0,28334.0,31140.0,34108.0,33940.0,34035.0,34403.0,34431.0,35414.0,32747.0,34452.0,34978.0,41913.0
Анабарский национальный (долгано-эвенкийский) муниципальный район,32577.0,39590.0,37633.0,30976.0,36385.0,44482.0,50884.0,47667.0,43624.0,43905.0,38400.0,52521.0,35280.0,42444.0,47739.0,47265.0,45588.0,51320.0,50228.666666666664,49137.333333333336,48046.0,46260.0,41749.0,63334.0
Анадырский муниципальный район,43062.0,47515.0,51823.0,54072.0,56654.0,59764.0,70036.0,68651.0,59858.0,56152.0,55416.0,68608.0,49892.0,53049.0,63556.0,61171.0,64822.0,72740.0,83925.0,80238.0,72458.0,72042.0,63956.0,79488.0
Андроповский муниципальный округ,18750.0,19710.0,21568.0,20015.0,20546.0,20094.0,20966.0,21427.0,20516.0,20439.0,21907.0,25296.0,19368.0,21941.0,23827.0,23274.0,22873.0,23843.0,24004.0,24992.0,22199.0,24106.0,23914.0,29610.0
Антроповский муниципальный район,16239.0,18335.0,19157.0,17889.0,19210.0,18911.0,20353.0,20405.0,19348.0,19942.0,19687.0,23108.0,17540.0,20255.0,21217.0,21488.0,19347.0,20437.0,21376.0,21608.0,20830.0,22392.0,22241.0,27320.0
Анучинский муниципальный округ,19425.0,21579.0,22650.0,21436.0,22594.0,21677.0,21522.0,22303.0,22955.0,23568.0,23053.0,27433.0,21485.0,23419.0,24018.0,24597.0,24024.0,24463.0,25170.0,26058.0,25265.0,26521.0,26712.0,32172.0
Апанасенковский муниципальный округ,17154.0,17983.0,20061.0,17993.0,18955.0,19327.0,19373.0,21165.0,19367.0,20024.0,20713.0,24131.0,18784.0,20282.0,22613.0,22289.0,21951.0,22033.0,23440.0,24375.0,21870.0,22815.0,22907.0,27902.0
Апастовский муниципальный район,14702.0,16288.0,16814.0,14140.0,14768.0,15046.0,15439.0,16941.0,13980.0,14551.0,16557.0,17035.0,14746.0,15573.0,17378.0,16877.0,16837.0,17004.0,17809.0,17391.0,16018.0,17814.0,17485.0,20563.0
Аргаяшский муниципальный район,17869.0,18966.0,20738.0,18156.0,19151.0,18943.0,19477.0,19864.0,17665.0,19253.0,19105.0,23314.0,17702.0,19919.0,21707.0,21688.0,21989.0,21844.0,22172.0,23120.0,21338.0,22857.0,22877.0,26328.0
Ардатовский муниципальный округ,17712.0,19147.0,20481.0,19049.0,18929.0,19193.0,19912.0,19369.0,18461.0,18794.0,19059.0,22825.0,17684.0,20605.0,22427.0,22006.0,22218.0,23656.0,23893.0,23282.0,21188.0,21901.0,22204.0,26513.0
Ардатовский муниципальный район,14232.0,16024.0,16912.0,14291.0,15574.0,14821.0,14868.0,15520.0,15264.0,15068.0,16235.0,18489.0,13989.0,16312.0,17333.0,17167.0,16930.0,17599.0,17870.0,17850.0,16668.0,16899.0,18281.0,21582.0
Ардонский муниципальный район,16450.0,17076.0,18271.0,18239.0,18641.0,21179.0,21468.0,22658.0,20631.0,23555.0,23040.0,28889.0,20237.0,21279.0,24251.0,23853.0,22597.0,25143.0,25673.0,24391.0,25254.0,25086.0,23616.0,27779.0
Арзгирский муниципальный округ,16344.0,17683.0,18850.0,17729.0,17438.0,17631.0,18630.0,19479.0,18208.0,18276.0,18693.0,24222.0,18936.0,20172.0,21097.0,21211.0,20135.0,20502.0,22638.0,23317.0,20565.0,21390.0,22104.0,26453.0
Аркадакский муниципальный район,16666.0,18056.0,19910.0,17946.0,18764.0,18936.0,18858.0,19387.0,18100.0,19072.0,19759.0,23694.0,17181.0,20131.0,21780.0,21987.0,21686.0,22182.0,21971.0,22645.0,20928.0,21459.0,22361.0,26549.0
Армизонский муниципальный район,19019.0,19457.0,22197.0,20670.0,21057.0,21288.0,23395.0,23333.0,20866.0,22410.0,23886.0,26745.0,20048.0,22085.0,26342.0,25005.0,25758.0,25501.0,25441.0,25306.0,22322.0,25987.0,24415.0,32067.0
Аромашевский муниципальный район,18320.0,19239.0,21395.0,19545.0,20862.0,20377.0,21508.0,21332.0,19601.0,21125.0,20607.0,25698.0,19136.0,21955.0,23930.0,24473.0,23591.0,24695.0,25444.0,24215.0,21902.0,26163.0,24370.0,28021.0
Арсеньевский муниципальный район,20998.0,22762.0,25164.0,21852.0,22358.0,23069.0,23837.0,24455.0,22896.0,23983.0,24425.0,30729.0,22937.0,26617.0,25663.0,25522.0,26321.0,26221.0,29105.0,28660.0,26024.0,27586.0,28253.0,31596.0
Арский муниципальный район,16831.0,17276.0,18625.0,15994.0,16779.0,16212.0,17567.0,17817.0,16255.0,16692.0,17600.0,20520.0,16871.0,18441.0,20073.0,19678.0,19548.0,20337.0,20510.0,20678.0,19519.0,20217.0,21136.0,24147.0
Архангельский муниципальный район,18077.0,19243.0,20995.0,18586.0,18613.0,18756.0,19251.0,18947.0,17526.0,17607.0,18300.0,23142.0,18657.0,20279.0,23054.0,21468.0,22509.0,21913.0,22830.0,22917.0,21125.0,21400.0,20944.0,25860.0
Архаринский муниципальный округ,21391.0,23791.0,25921.0,24181.0,24600.0,25235.0,26542.0,26750.0,24654.0,24241.0,24997.0,30605.0,22188.0,25961.0,29171.0,27566.0,29006.0,28879.0,28723.0,29198.0,26900.0,28393.0,26800.0,33699.0
Асекеевский муниципальный район,17427.0,18197.0,19341.0,17757.0,18504.0,17265.0,18347.0,18090.0,17097.0,18393.0,18718.0,22675.0,18060.0,19965.0,22134.0,22455.0,20628.0,21582.0,20944.0,20608.0,18977.0,20463.0,21133.0,25102.0
Асиновский муниципальный район,20156.0,22054.0,24359.0,21602.0,22347.0,22846.0,24266.0,23771.0,21887.0,22112.0,21973.0,26393.0,20046.0,22761.0,25340.0,24700.0,26043.0,25942.0,26664.0,26198.0,23987.0,24643.0,24986.0,29945.0
Аскинский муниципальный район,16502.0,17155.0,18579.0,17181.0,17609.0,17218.0,19644.0,18822.0,17310.0,17016.0,17861.0,20639.0,15984.0,17452.0,20261.0,20087.0,19877.0,20376.0,20573.0,21029.0,19287.0,20072.0,20361.0,23835.0
Аткарский муниципальный район,18054.0,19127.0,20413.0,18273.0,19092.0,19182.0,19515.0,19989.0,18822.0,18974.0,20017.0,23973.0,17671.0,20415.0,22191.0,21833.0,21775.0,22382.0,22722.0,23630.0,21794.0,22047.0,22039.0,26566.0
Атнинский муниципальный район,15150.0,16269.0,16512.0,14465.0,14566.0,14945.0,13789.0,14161.0,12819.0,13533.0,14601.0,17184.0,15254.0,15556.0,16348.0,15646.0,17278.0,17577.0,17750.0,16928.0,17145.0,16461.0,17834.0,19191.0
Атюрьевский муниципальный район,14255.0,15265.0,16022.0,15546.0,15685.0,16481.0,17145.0,16120.0,15361.0,16022.0,17914.0,19096.0,15585.0,17704.0,19286.0,19514.0,19609.0,19774.0,19637.0,18696.0,18581.0,19943.0,19009.0,22627.0
Атяшевский муниципальный район,15509.0,17051.0,19103.0,17010.0,17282.0,16468.0,18454.0,17409.0,17119.0,17331.0,17883.0,21086.0,16113.0,18700.0,20008.0,20648.0,19830.0,20369.0,21583.0,21228.0,19701.0,20414.0,20035.0,23688.0
Аургазинский муниципальный район,16364.0,16968.0,18047.0,16325.0,16972.0,16601.0,17414.0,17365.0,15525.0,15620.0,15664.0,17998.0,15797.0,16900.0,18964.0,17660.0,16976.0,18152.0,18453.0,17899.0,15973.0,16950.0,17218.0,19335.0
Ахтубинский муниципальный район,19980.0,22005.0,23742.0,21189.0,21624.0,21626.0,22608.0,23092.0,21462.0,21963.0,23155.0,28784.0,20509.0,23819.0,25759.0,25606.0,24575.0,24394.0,25042.0,25870.0,24148.0,25221.0,25482.0,31862.0
Ашинский муниципальный район,20945.0,22078.0,25111.0,22905.0,23974.0,22945.0,24629.0,24909.0,23048.0,24339.0,24370.0,29050.0,23084.0,25487.0,28417.0,27335.0,27860.0,28136.0,28552.0,29212.0,26984.0,28223.0,28906.0,33433.0
Бабаевский муниципальный округ,23803.0,25150.0,27436.0,24354.0,24119.0,24084.0,24507.0,24536.0,22151.0,23109.0,24288.0,28228.0,22435.0,24865.0,27646.0,27251.0,27671.0,27660.0,27115.0,28090.0,25534.0,27903.0,28044.0,32251.0
Бабушкинский муниципальный округ,19192.0,20415.0,22200.0,19999.0,20900.0,20573.0,20699.0,21193.0,19052.0,19738.0,20890.0,24532.0,18586.0,20934.0,23138.0,22441.0,24187.0,23795.0,23825.0,23461.0,21435.0,23078.0,21661.0,26640.0
Бабынинский муниципальный район,23462.0,24620.0,26811.0,22085.0,22933.0,22003.0,22046.0,21107.0,21231.0,20948.0,22682.0,26882.0,21114.0,24301.0,26109.0,24792.0,24977.0,25079.0,25585.0,26251.0,24303.0,24633.0,25178.0,29739.0
Бавлинский муниципальный район,19608.0,20170.0,21823.0,19543.0,19975.0,19299.0,20206.0,20114.0,18485.0,18437.0,19837.0,22553.0,19340.0,20938.0,22331.0,22963.0,22554.0,21920.0,22447.0,22831.0,20095.0,20380.0,20685.0,24031.0
Баганский муниципальный район,17646.0,18305.0,19362.0,18739.0,19284.0,20236.0,21065.0,21227.0,19983.0,20921.0,20470.0,24873.0,18873.0,21160.0,23521.0,23523.0,23344.0,23888.0,25177.0,24931.0,22383.0,23488.0,25116.0,31074.0
Баевский муниципальный район,15397.0,16318.0,18007.0,17964.0,17546.0,17918.0,18724.0,19503.0,17764.0,17074.0,18295.0,22065.0,16474.0,19156.0,20055.0,20210.0,20169.0,21149.0,22469.0,22014.0,19682.0,20324.0,20881.0,25065.0
Базарно-Карабулакский муниципальный район,16040.0,17937.0,18192.0,16159.0,16806.0,16742.0,17406.0,17153.0,16944.0,16753.0,17238.0,20540.0,15551.0,17717.0,19090.0,19479.0,19264.0,19968.0,20051.0,20326.0,18601.0,19777.0,19949.0,23681.0
Базарносызганский муниципальный район,16003.0,18269.0,18766.0,17265.0,17851.0,18716.0,19267.0,19976.0,18517.0,18951.0,18804.0,23220.0,17191.0,19764.0,21876.0,22180.0,20766.0,21225.0,22917.0,22158.0,20362.0,22316.0,21892.0,27438.0
Бай-Тайгинский муниципальный район,13815.0,15664.0,16037.0,15705.0,16080.0,18765.0,18388.0,20131.0,17530.0,18681.0,18339.0,23627.0,15090.0,18044.0,20783.0,18030.0,20240.0,20246.0,24438.0,24553.0,21140.0,18882.0,17200.0,24031.0
Байкаловский муниципальный район,21217.0,23153.0,24928.0,22980.0,22849.0,22748.0,23921.0,23816.0,21715.0,22503.0,22247.0,27262.0,21418.0,23710.0,26075.0,25801.0,25755.0,26351.0,27897.0,27260.0,24536.0,25828.0,25689.0,30501.0
Баймакский муниципальный район,17866.0,18529.0,20097.0,18530.0,18825.0,19540.0,19859.0,20144.0,17801.0,18619.0,19338.0,22985.0,17660.0,19064.0,20845.0,20854.0,21062.0,21852.0,22201.0,23572.0,20954.0,22558.0,22439.0,25634.0
Бакалинский муниципальный район,17561.0,18252.0,19977.0,17798.0,17738.0,17692.0,18501.0,18656.0,16860.0,17416.0,17980.0,20978.0,17110.0,19400.0,21105.0,20578.0,20670.0,21032.0,21415.0,21236.0,19268.0,20569.0,20696.0,24103.0
Бакчарский муниципальный район,18904.0,20863.0,22516.0,20003.0,20942.0,22084.0,22657.0,23500.0,20040.0,20462.0,21521.0,25477.0,19904.0,22802.0,23945.0,25124.0,24926.0,26830.0,26536.0,26160.0,24160.0,25594.0,25480.0,30826.0
Балаганский муниципальный район,18120.0,21144.0,21664.0,19908.0,21530.0,22203.0,24208.0,22578.0,20543.0,22459.0,23531.0,29157.0,19818.0,23174.0,24360.0,24026.0,25017.0,25451.0,26094.0,24979.0,24262.0,26064.0,24612.0,30600.0
Балаковский муниципальный район,22492.0,23585.0,26250.0,24775.0,25828.0,25519.0,26808.0,27287.0,26000.0,26784.0,27095.0,32866.0,25748.0,28091.0,30799.0,30316.0,30520.0,30819.0,31257.0,31788.0,29832.0,31161.0,31594.0,37818.0
Балахнинский муниципальный округ,23269.0,24397.0,26838.0,26103.0,27350.0,27530.0,28486.0,29189.0,28101.0,29071.0,29673.0,34143.0,27395.0,29557.0,32951.0,32093.0,32472.0,32971.0,34109.0,34879.0,32585.0,34471.0,34448.0,40428.0
Балахтинский муниципальный район,19671.0,21765.0,24033.0,21671.0,21971.0,22765.0,23498.0,24125.0,21800.0,22751.0,22771.0,29311.0,23704.0,26495.0,29891.0,28619.0,29784.0,30617.0,29597.0,28853.0,26219.0,28821.0,28547.0,33287.0
Балашовский муниципальный район,19131.0,20109.0,22209.0,20808.0,21382.0,21442.0,22701.0,22884.0,21778.0,22371.0,23334.0,27749.0,21461.0,23608.0,25921.0,25299.0,25764.0,26340.0,27154.0,27556.0,25620.0,26932.0,26977.0,32648.0
Балейский муниципальный район,21572.0,23480.0,25533.0,23127.0,25080.0,24929.0,26428.0,26856.0,23966.0,24982.0,25208.0,30774.0,22802.0,25916.0,27974.0,26468.0,28863.0,29432.0,28929.0,31061.0,26321.0,30190.0,27547.0,35211.0
Балтайский муниципальный район,16528.0,17571.0,18842.0,17472.0,18016.0,19026.0,18782.0,18803.0,17024.0,19634.0,18400.0,22828.0,16564.0,18889.0,19845.0,21107.0,20734.0,20928.0,21453.0,22259.0,21109.0,22215.0,21292.0,25847.0
Балтасинский муниципальный район,15872.0,16784.0,17747.0,15795.0,16428.0,17069.0,17402.0,17257.0,16231.0,16410.0,16983.0,19992.0,16275.0,18011.0,19353.0,19149.0,18804.0,19887.0,19968.0,19498.0,17734.0,19249.0,19054.0,22015.0
Балтачевский муниципальный район,15418.0,16277.0,18556.0,17993.0,18067.0,16444.0,17920.0,17731.0,15955.0,16287.0,16476.0,20102.0,16197.0,18035.0,20207.0,19790.0,20176.0,20330.0,20178.0,20021.0,17608.0,19402.0,19514.0,22004.0
Барабинский муниципальный район,19210.0,20421.0,22753.0,21526.0,22169.0,22815.0,24174.0,24979.0,23232.0,23923.0,23740.0,27719.0,21954.0,23978.0,26659.0,25650.0,26025.0,28042.0,28634.0,28743.0,26600.0,28592.0,28126.0,32589.0
Барун-Хемчикский муниципальный район,15011.0,15698.0,18567.0,15610.0,14776.0,17003.0,18362.0,19379.0,18016.0,18646.0,18468.0,25058.0,15305.0,19422.0,22778.0,21398.0,21593.0,21497.0,20909.0,23045.0,19440.0,20983.0,19447.0,24404.0
Барышский муниципальный район,16162.0,17585.0,18947.0,16985.0,17490.0,17290.0,18264.0,18616.0,17189.0,18294.0,18492.0,21099.0,16693.0,17859.0,20002.0,19858.0,20208.0,20756.0,21155.0,21223.0,19717.0,20326.0,20919.0,24692.0
Барятинский муниципальный район,20955.0,22014.0,22225.0,20700.0,23404.0,22115.0,23001.0,24786.0,20402.0,25819.0,22492.0,29052.0,22476.0,25207.0,27963.0,26379.0,26947.0,26245.0,26485.0,25580.0,26006.0,24638.0,27591.0,32302.0
Батыревский муниципальный округ,14585.0,14885.0,15482.0,14049.0,14388.0,14160.0,14811.0,15176.0,13959.0,14052.0,14812.0,17576.0,14223.0,15820.0,16688.0,16623.0,16502.0,17195.0,17550.0,17047.0,16449.0,17308.0,17253.0,20469.0
Башмаковский муниципальный район,18457.0,19402.0,20428.0,18079.0,19651.0,18979.0,19878.0,19984.0,18672.0,20317.0,20783.0,23067.0,17865.0,19942.0,21690.0,21032.0,21880.0,22467.0,21998.0,23254.0,21741.0,22806.0,22747.0,26749.0
Баяндаевский муниципальный район,18485.0,19834.0,22129.0,18574.0,20668.0,20836.0,20729.0,23533.0,19123.0,20206.0,21570.0,24056.0,17745.0,20452.0,21452.0,20478.0,22665.0,22603.0,23563.0,25478.0,21875.0,22457.0,21492.0,26976.0
Бежаницкий муниципальный район,19129.0,20075.0,23067.0,20919.0,21085.0,21637.0,22473.0,22018.0,20970.0,21621.0,22043.0,25166.0,19420.0,21631.0,23580.0,23375.0,24864.0,24437.0,26112.0,25822.0,23460.0,24505.0,25345.0,28653.0
Безенчукский муниципальный район,21052.0,21813.0,24324.0,21887.0,22924.0,22555.0,23703.0,23982.0,22586.0,22808.0,23784.0,27914.0,21844.0,24507.0,27437.0,26414.0,26664.0,27085.0,27189.0,27850.0,26226.0,27326.0,27099.0,32657.0
Бейский муниципальный район,22785.0,23688.0,25267.0,23659.0,25082.0,25714.0,25794.0,25783.0,24258.0,24431.0,26253.0,31409.0,23320.0,26041.0,28979.0,27446.0,28777.0,28878.0,30880.0,30976.0,28157.0,30027.0,28925.0,37309.0
Бековский муниципальный район,17835.0,19603.0,20115.0,17711.0,17519.0,17923.0,19600.0,19119.0,18510.0,18866.0,20716.0,23103.0,19043.0,22168.0,23775.0,21880.0,22034.0,22234.0,23337.0,23202.0,21537.0,23637.0,23885.0,28894.0
Белебеевский муниципальный район,22143.0,22771.0,25545.0,24438.0,25126.0,24786.0,26347.0,26760.0,24920.0,25906.0,26607.0,30760.0,25261.0,27032.0,30312.0,29209.0,28782.0,29536.0,30277.0,30288.0,27978.0,29458.0,29728.0,34976.0
Белевский муниципальный район,20999.0,22248.0,24559.0,22369.0,22739.0,22854.0,24861.0,23399.0,23017.0,23900.0,25180.0,29694.0,22962.0,25178.0,27918.0,27042.0,27022.0,26607.0,28581.0,27388.0,26692.0,28438.0,28690.0,33621.0
Белинский муниципальный район,16701.0,17681.0,18516.0,16768.0,17417.0,16855.0,17684.0,17869.0,17211.0,18690.0,18736.0,23482.0,18205.0,19594.0,20662.0,19764.0,19563.0,20126.0,19504.0,19307.0,18557.0,20779.0,20982.0,24683.0
Беловский муниципальный округ,18490.0,21189.0,22355.0,21648.0,21212.0,21172.0,23129.0,23071.0,20847.0,22848.0,22817.0,25766.0,21402.0,23073.0,25295.0,25448.0,26170.0,28011.0,27847.0,31190.0,27548.0,30241.0,28498.0,33608.0
Белогорский муниципальный округ,23377.0,24933.0,27130.0,26443.0,27463.0,28053.0,29168.0,29176.0,28542.0,28905.0,28895.0,37688.0,26760.0,30422.0,34032.0,32869.0,32248.0,32076.0,33019.0,33115.0,30078.0,32502.0,31537.0,40620.0
Белокатайский муниципальный район,18436.0,18867.0,21084.0,19065.0,18930.0,19325.0,20726.0,21296.0,18692.0,19666.0,20257.0,24550.0,19209.0,21308.0,24058.0,22498.0,22739.0,23443.0,23607.0,23434.0,22154.0,22415.0,23245.0,27313.0
Беломорский муниципальный округ,27620.0,29996.0,31758.0,30317.0,31214.0,32150.0,32195.0,32170.0,29020.0,29966.0,30822.0,35957.0,28205.0,32058.0,35342.0,34303.0,36432.0,35614.0,35667.0,35640.0,32446.0,34267.0,33941.0,40784.0
Белорецкий муниципальный район,20006.0,21511.0,23991.0,22936.0,23512.0,23562.0,24576.0,25314.0,23111.0,24347.0,25244.0,29721.0,24341.0,25801.0,28670.0,27916.0,27710.0,28530.0,28791.0,29675.0,27707.0,29251.0,29531.0,34137.0
Белохолуницкий муниципальный район,17149.0,18571.0,20118.0,17729.0,18263.0,17852.0,18285.0,18332.0,17293.0,17324.0,17926.0,20777.0,16538.0,18192.0,19965.0,20184.0,20003.0,19882.0,20705.0,19866.0,18215.0,20034.0,20156.0,23145.0
Белоярский муниципальный район,30722.0,32542.0,35583.0,31492.0,34310.0,37083.0,39099.0,38864.0,33710.0,34577.0,32603.0,39158.0,32372.0,35458.0,39016.0,36105.0,37973.0,40767.0,43087.0,42784.0,38640.0,39371.0,36515.0,42594.0
Беляевский муниципальный район,16050.0,16790.0,18389.0,15966.0,16034.0,16405.0,16693.0,16852.0,14820.0,16235.0,16513.0,19762.0,15911.0,17490.0,18824.0,19270.0,19733.0,18640.0,18962.0,18605.0,17505.0,18467.0,19125.0,21544.0
Бердюжский муниципальный район,20272.0,20874.0,22016.0,20401.0,21279.0,22453.0,22705.0,23013.0,21023.0,22541.0,22560.0,27739.0,20686.0,22485.0,24468.0,24982.0,24904.0,25434.0,25459.0,26596.0,23422.0,26708.0,26299.0,30412.0
Бессоновский муниципальный район,18655.0,19730.0,20734.0,18996.0,19673.0,19930.0,20746.0,21987.0,21250.0,21689.0,23266.0,25765.0,20484.0,22930.0,25425.0,24938.0,24131.0,24284.0,25504.0,25599.0,24269.0,25869.0,26417.0,30431.0
Бижбулякский муниципальный район,17078.0,18268.0,19610.0,17847.0,18785.0,18375.0,19083.0,19611.0,17475.0,18170.0,18481.0,21935.0,17371.0,19461.0,21994.0,21516.0,20451.0,21000.0,22117.0,22062.0,19404.0,20995.0,20062.0,24010.0
Бийский муниципальный район,16351.0,18173.0,19019.0,19136.0,21098.0,21217.0,22406.0,24106.0,22294.0,23257.0,23661.0,28370.0,20735.0,23693.0,26174.0,24938.0,26185.0,26463.0,28413.0,29122.0,27048.0,28249.0,29010.0,32791.0
Бикинский муниципальный район,28699.0,30420.0,32893.0,29049.0,30193.0,30458.0,31378.0,32909.0,30302.0,28992.0,29581.0,37610.0,28235.0,32081.0,36449.0,34467.0,36206.0,35712.0,37129.0,38281.0,36225.0,36397.0,36804.0,46104.0
Билибинский муниципальный район,52257.0,52456.0,55376.0,55815.0,61581.0,67773.0,75608.0,77001.0,67117.0,63360.0,64139.0,76013.0,53280.0,60257.0,68102.0,65019.0,68439.0,73081.0,79341.0,83953.0,73723.0,70171.0,67940.0,80882.0
Бирилюсский муниципальный район,18353.0,19874.0,21491.0,20635.0,18953.0,19417.0,19817.0,19156.0,18356.0,19948.0,18940.0,25017.0,20709.0,22110.0,23371.0,22903.0,23387.0,24482.0,24198.0,23100.0,21314.0,22634.0,23329.0,27034.0
Биробиджанский муниципальный район,22518.0,25916.0,26288.0,24808.0,24966.0,23608.0,25735.0,25478.0,25914.0,27376.0,27181.0,33579.0,22587.0,28299.0,30320.0,29162.0,27120.0,27144.0,30126.0,30122.0,30397.0,29654.0,32396.0,39576.0
Бирский муниципальный район,20833.0,21105.0,23734.0,22932.0,23796.0,23025.0,24611.0,25330.0,23453.0,24470.0,24619.0,29102.0,23684.0,25252.0,28087.0,26865.0,27014.0,27400.0,28285.0,29594.0,27234.0,28887.0,28895.0,33604.0
Благоварский муниципальный район,18542.0,19106.0,20641.0,17385.0,18824.0,18423.0,18544.0,19286.0,16832.0,17944.0,17688.0,21629.0,17411.0,19202.0,21628.0,21684.0,21594.0,21947.0,21802.0,22375.0,19696.0,21352.0,21281.0,25457.0
Благовещенский муниципальный округ,30118.0,31707.0,34200.0,32484.0,33851.0,34539.0,36891.0,36964.0,35734.0,36540.0,37264.0,44267.0,34399.0,38249.0,41415.0,41116.0,42249.0,43580.0,44390.0,46515.0,42920.0,44632.0,44328.0,53235.0
Богатовский муниципальный район,18186.0,19642.0,21546.0,19688.0,20435.0,19694.0,21163.0,20832.0,19654.0,19702.0,20208.0,25005.0,19163.0,21697.0,23902.0,23786.0,22962.0,23004.0,23321.0,24071.0,23074.0,24189.0,23889.0,29018.0
Богородицкий муниципальный район,21927.0,23411.0,25417.0,23753.0,24748.0,24559.0,25932.0,26233.0,25063.0,26459.0,26961.0,31767.0,24622.0,26486.0,28723.0,29097.0,29036.0,29594.0,30785.0,30903.0,29574.0,31428.0,31311.0,36622.0
Боградский муниципальный район,16503.0,19346.0,20765.0,18969.0,18912.0,18814.0,19626.0,18899.0,17794.0,17623.0,19922.0,24752.0,16200.0,18869.0,21670.0,20332.0,20863.0,22655.0,23407.0,22082.0,19927.0,21408.0,22129.0,25200.0
Богучанский муниципальный район,27221.0,29677.0,32103.0,30217.0,32147.0,32214.0,33063.0,33697.0,29829.0,30406.0,31037.0,37020.0,27922.0,32195.0,35769.0,34988.0,36640.0,37514.0,38966.0,39587.0,35789.0,37396.0,36603.0,42733.0
Бокситогорский муниципальный район,26943.0,27130.0,29799.0,28041.0,29101.0,29163.0,29596.0,29975.0,27749.0,28740.0,28768.0,33209.0,28000.0,29754.0,33131.0,32308.0,33718.0,33502.0,34622.0,34645.0,31902.0,33556.0,34066.0,39993.0
Болотнинский муниципальный район,18092.0,19751.0,21413.0,20461.0,20891.0,21490.0,22852.0,23740.0,22358.0,23521.0,23728.0,28968.0,21390.0,24241.0,26218.0,26200.0,25870.0,27234.0,28048.0,29579.0,27070.0,28117.0,28209.0,33426.0
Болховский муниципальный район,19052.0,20118.0,21970.0,19611.0,19589.0,19190.0,20163.0,21380.0,18979.0,19768.0,20314.0,25226.0,19236.0,21631.0,23140.0,21883.0,21319.0,21241.0,20962.0,21763.0,20722.0,21823.0,21987.0,26322.0
Большеберезниковский муниципальный район,13938.0,15869.0,17301.0,14932.0,15554.0,14402.0,16939.0,15664.0,15565.0,15660.0,16071.0,18131.0,14787.0,16121.0,17622.0,18378.0,17733.0,19119.0,19049.0,18191.0,16796.0,17832.0,17568.0,19869.0
Большеболдинский муниципальный округ,18076.0,20425.0,21677.0,20011.0,20559.0,21435.0,21595.0,21528.0,21733.0,20691.0,22276.0,26836.0,18648.0,21214.0,23659.0,23486.0,24179.0,24911.0,25455.0,25553.0,23849.0,24510.0,25154.0,30772.0
Большеглушицкий муниципальный район,18975.0,19287.0,22177.0,19718.0,20556.0,20245.0,20700.0,21294.0,20394.0,20208.0,21207.0,25298.0,19282.0,21174.0,23529.0,23005.0,23681.0,23788.0,24031.0,23582.0,22528.0,24249.0,23857.0,28998.0
Большемурашкинский муниципальный округ,18292.0,20231.0,21513.0,18873.0,18853.0,19675.0,20551.0,20165.0,18881.0,19767.0,19852.0,24035.0,18316.0,20606.0,22754.0,23099.0,23203.0,23894.0,22707.0,23523.0,22238.0,23004.0,23554.0,27750.0
Большемуртинский муниципальный район,19513.0,21327.0,22507.0,20187.0,20682.0,22432.0,21664.0,21444.0,19160.0,20487.0,20694.0,25249.0,19194.0,22433.0,24237.0,23858.0,24835.0,24983.0,25162.0,24749.0,23795.0,25625.0,24959.0,29216.0
Большереченский муниципальный район,15736.0,16896.0,18642.0,16423.0,17827.0,17261.0,17904.0,17986.0,17604.0,17989.0,18557.0,21380.0,16818.0,18614.0,20195.0,21059.0,21761.0,22143.0,22858.0,22791.0,21686.0,22644.0,21971.0,25218.0
Большесельский муниципальный район,19194.0,19732.0,21536.0,20298.0,20123.0,18430.0,20634.0,20128.0,18660.0,18761.0,20028.0,23385.0,18461.0,20373.0,24462.0,24237.0,23363.0,22380.0,22952.0,24132.0,22118.0,25882.0,25580.0,30131.0
Большеуковский муниципальный район,16438.0,16864.0,19430.0,19502.0,19928.0,17502.0,19257.0,17591.0,16545.0,17692.0,17580.0,21280.0,16324.0,17765.0,20998.0,20602.0,20830.0,21082.0,22497.0,21186.0,18630.0,20735.0,19494.0,23472.0
Большеулуйский муниципальный район,20122.0,21735.0,24939.0,19425.0,19804.0,21352.0,22953.0,21403.0,19487.0,20525.0,21637.0,25083.0,18341.0,20975.0,22876.0,22154.0,24034.0,23044.0,22677.0,23027.0,19045.0,21869.0,20614.0,25221.0
Большечерниговский муниципальный район,18589.0,19886.0,21984.0,19886.0,20367.0,20644.0,20865.0,21092.0,20780.0,20730.0,20541.0,25089.0,19445.0,22090.0,25060.0,23875.0,24929.0,25087.0,24227.0,24576.0,23556.0,24297.0,23955.0,29200.0
Бондарский муниципальный округ,15152.0,16231.0,17516.0,15176.0,14838.0,15545.0,16027.0,15677.0,15366.0,15287.0,15749.0,18309.0,14834.0,16978.0,17825.0,17606.0,17520.0,18134.0,19996.0,19420.0,16769.0,18073.0,19518.0,20342.0
Борзинский муниципальный район,22559.0,24744.0,26744.0,25054.0,26136.0,27201.0,27889.0,28369.0,26484.0,26902.0,26514.0,32536.0,24920.0,28294.0,31535.0,30115.0,31828.0,31688.0,33089.0,33388.0,30228.0,32436.0,30836.0,38723.0
Борисоглебский муниципальный район,21557.0,22822.0,23983.0,21964.0,22189.0,22609.0,22996.0,22892.0,21640.0,21856.0,22230.0,25097.0,20806.0,22854.0,26449.0,25206.0,26068.0,26217.0,27368.0,27896.0,26214.0,27550.0,26927.0,31912.0
Боровичский муниципальный район,23913.0,24503.0,27181.0,26277.0,26885.0,26520.0,27631.0,27956.0,26221.0,27150.0,28355.0,32667.0,25880.0,28033.0,31231.0,30660.0,31530.0,30905.0,31657.0,32053.0,30049.0,31761.0,32759.0,38335.0
Боровский муниципальный район,25810.0,26796.0,28919.0,27317.0,28170.0,28186.0,29445.0,30281.0,29324.0,30640.0,32168.0,36748.0,29745.0,31611.0,34114.0,33292.0,33147.0,33694.0,34222.0,35388.0,33859.0,35667.0,36145.0,42109.0
Борский муниципальный район,18755.0,19922.0,20791.0,19710.0,20476.0,20535.0,21031.0,21265.0,20063.0,21397.0,21205.0,26303.0,19671.0,21756.0,23480.0,23431.0,23152.0,23081.0,23539.0,23674.0,23016.0,24591.0,25359.0,30825.0
Боханский муниципальный район,18066.0,20274.0,21284.0,18763.0,20313.0,20926.0,21420.0,21809.0,20232.0,20194.0,21004.0,25204.0,17461.0,20778.0,23357.0,22697.0,23394.0,23997.0,24372.0,24451.0,21810.0,22179.0,22097.0,27882.0
Братский муниципальный район,21729.0,23743.0,25266.0,21361.0,21887.0,22061.0,22310.0,21731.0,19998.0,20537.0,21063.0,25839.0,19747.0,23334.0,25560.0,24966.0,25782.0,26499.0,25934.0,26982.0,23251.0,25393.0,24138.0,27933.0
Брединский муниципальный район,16696.0,17787.0,19646.0,17805.0,17666.0,17702.0,17990.0,18672.0,17510.0,18465.0,19647.0,23729.0,18537.0,20453.0,22053.0,21936.0,21336.0,22550.0,22060.0,23076.0,21081.0,23741.0,23118.0,27673.0
Брейтовский муниципальный район,19663.0,20657.0,21671.0,19941.0,19346.0,20150.0,20292.0,20258.0,20791.0,21194.0,21154.0,25854.0,20005.0,21519.0,22848.0,22775.0,24087.0,24491.0,24464.0,25694.0,24615.0,26139.0,27156.0,30646.0
Бугульминский муниципальный район,22250.0,22963.0,25349.0,24726.0,25830.0,25276.0,26502.0,27260.0,25347.0,26246.0,26756.0,30631.0,25399.0,26925.0,29881.0,29575.0,29554.0,29505.0,30496.0,31033.0,28701.0,30483.0,30632.0,34989.0
Бугурусланский муниципальный район,19449.0,22138.0,22636.0,20511.0,21449.0,21609.0,22706.0,22606.0,22013.0,22213.0,23566.0,27915.0,21101.0,24488.0,26752.0,25061.0,24311.0,24612.0,26123.0,26123.0,23698.0,25798.0,25857.0,30358.0
Будённовский муниципальный округ,20675.0,21387.0,23646.0,22194.0,22996.0,23136.0,24820.0,25586.0,24547.0,25262.0,26226.0,30924.0,24401.0,26520.0,29043.0,28384.0,28090.0,28973.0,30178.0,31949.0,29287.0,30579.0,30584.0,36816.0
Буздякский муниципальный район,18187.0,18948.0,20310.0,18569.0,19736.0,19196.0,19790.0,20048.0,17355.0,18797.0,18910.0,22754.0,18416.0,19800.0,21523.0,21252.0,21652.0,21700.0,22153.0,21795.0,19391.0,20587.0,21639.0,24615.0
Буинский муниципальный район,17195.0,17091.0,18874.0,16920.0,17793.0,17732.0,18742.0,18520.0,17244.0,17600.0,18246.0,21410.0,17077.0,18746.0,21378.0,19897.0,20705.0,21226.0,21640.0,21964.0,20166.0,21768.0,21618.0,24997.0
Буйский муниципальный район,20246.0,20658.0,23139.0,22945.0,21534.0,21378.0,22388.0,23276.0,21106.0,21184.0,23286.0,25978.0,20986.0,23761.0,26348.0,25841.0,25876.0,26502.0,25995.0,27269.0,25183.0,24966.0,23765.0,28580.0
Булунский муниципальный район,31748.0,36420.0,41525.0,39422.0,42654.0,49700.0,57934.0,56093.0,48146.0,46806.0,43486.0,58703.0,38986.0,43474.0,48461.0,46566.0,47153.0,56434.0,64205.0,64771.0,49380.0,49320.0,43530.0,61696.0
Бураевский муниципальный район,17085.0,18376.0,19138.0,17623.0,18319.0,17798.0,18638.0,19289.0,17061.0,18232.0,18162.0,21883.0,17710.0,19069.0,21071.0,21238.0,20399.0,20275.0,21322.0,20453.0,18387.0,18999.0,19929.0,22953.0
Бурейский муниципальный округ,23423.0,25747.0,27901.0,25540.0,26622.0,27067.0,28351.0,28167.0,25941.0,25649.0,25059.0,31644.0,23507.0,26609.0,29028.0,27885.0,28152.0,27727.0,29144.0,29585.0,27691.0,28821.0,27950.0,34751.0
Бурзянский муниципальный район,14959.0,16178.0,17109.0,16364.0,17305.0,17964.0,18554.0,18638.0,16876.0,16772.0,18063.0,21465.0,17277.0,18142.0,20551.0,20555.0,19759.0,20839.0,19659.0,20766.0,18531.0,19580.0,18815.0,23203.0
Бурлинский муниципальный район,14506.0,16980.0,17826.0,17320.0,17319.0,18909.0,19284.0,19716.0,17291.0,17610.0,18626.0,22649.0,17360.0,19234.0,20113.0,20638.0,20156.0,21706.0,21731.0,21930.0,18846.0,19597.0,20413.0,25390.0
Бутурлинский муниципальный округ,19003.0,20667.0,22398.0,20398.0,21160.0,21838.0,21801.0,21895.0,22303.0,20571.0,21524.0,25229.0,19368.0,21679.0,23508.0,23508.0,23890.0,25206.0,24818.0,25529.0,23310.0,24851.0,25285.0,29487.0
Быковский муниципальный район,16709.0,18397.0,18632.0,16785.0,17591.0,17976.0,17823.0,18514.0,16992.0,17985.0,17970.0,22350.0,15472.0,18527.0,18179.0,19067.0,19725.0,20046.0,19581.0,20668.0,19533.0,20249.0,21056.0,25149.0
Быстроистокский муниципальный район,14355.0,15893.0,16431.0,15115.0,15246.0,16392.0,16704.0,16119.0,14989.0,15484.0,15703.0,18979.0,14240.0,16105.0,18281.0,18952.0,18157.0,19015.0,19222.0,19851.0,17621.0,18871.0,20103.0,22568.0
Вагайский муниципальный район,20411.0,21858.0,23898.0,23203.0,22752.0,22201.0,23514.0,23272.0,20869.0,21995.0,22143.0,26316.0,19189.0,21857.0,24884.0,23182.0,24072.0,24761.0,24718.0,24750.0,22130.0,23621.0,23692.0,28620.0
Вадинский муниципальный район,14913.0,16482.0,18762.0,16029.0,17265.0,16672.0,17378.0,17687.0,16830.0,18385.0,18110.0,21910.0,17244.0,19238.0,22104.0,21504.0,19406.0,20929.0,21724.0,21422.0,21534.0,22120.0,22186.0,25087.0
Вадский муниципальный округ,19914.0,21762.0,22733.0,20970.0,21463.0,20925.0,22055.0,22112.0,20461.0,21429.0,22566.0,26443.0,20647.0,21860.0,23651.0,22912.0,23758.0,24076.0,24549.0,23958.0,22040.0,22943.0,23477.0,28025.0
Валдайский муниципальный район,24360.0,25563.0,27341.0,26057.0,26816.0,25857.0,27557.0,26756.0,25347.0,25950.0,25911.0,31360.0,24453.0,27213.0,29749.0,29440.0,30883.0,30456.0,31026.0,31297.0,29472.0,30786.0,31106.0,37930.0
Ванинский муниципальный район,32705.0,35281.0,37733.0,35365.0,36624.0,36511.0,38873.0,39183.0,35146.0,35538.0,36003.0,43466.0,34655.0,38774.0,42598.0,41379.0,41564.0,42180.0,44974.0,44578.0,40282.0,41460.0,40806.0,49702.0
Варгашинский муниципальный округ,17717.0,19212.0,20738.0,17696.0,17212.0,17820.0,18671.0,18570.0,17016.0,17387.0,17174.0,19514.0,15360.0,16538.0,19769.0,18325.0,19974.0,18883.0,20131.0,20803.0,19020.0,18518.0,19680.0,23132.0
Варнавинский муниципальный округ,19163.0,21020.0,22602.0,21164.0,20988.0,21313.0,22206.0,22382.0,20969.0,21998.0,22322.0,27291.0,20570.0,22566.0,25345.0,25976.0,24198.0,26446.0,27430.0,26311.0,24568.0,25516.0,25094.0,31598.0
Варненский муниципальный район,18783.0,19754.0,21075.0,18884.0,19704.0,19900.0,20955.0,21188.0,19734.0,20243.0,21069.0,25507.0,19835.0,22427.0,24813.0,23876.0,24185.0,24773.0,24337.0,25180.0,22348.0,25006.0,25117.0,29740.0
Вачский муниципальный округ,18505.0,20471.0,21862.0,19942.0,19975.0,20296.0,20771.0,21072.0,19681.0,19480.0,19987.0,24320.0,18793.0,21761.0,23057.0,22660.0,23796.0,24590.0,23490.0,23227.0,22502.0,23888.0,24280.0,29065.0
Велижский муниципальный район,17621.0,18615.0,20075.0,18911.0,19984.0,20142.0,20662.0,20653.0,19179.0,19356.0,19898.0,23845.0,17008.0,20414.0,22720.0,21733.0,22415.0,22845.0,22709.0,23424.0,23098.0,22227.0,22958.0,26381.0
Великоустюгский муниципальный округ,22176.0,22929.0,25331.0,23792.0,24702.0,24973.0,25461.0,25868.0,24189.0,25028.0,25562.0,29838.0,24550.0,26163.0,29302.0,28185.0,28873.0,29513.0,29976.0,30245.0,27646.0,29637.0,29582.0,35160.0
Вельский муниципальный район,24156.0,25810.0,28178.0,26341.0,27149.0,27273.0,28388.0,28876.0,26228.0,27494.0,27834.0,32409.0,25466.0,28103.0,31819.0,31124.0,32019.0,32518.0,32881.0,33154.0,30187.0,31626.0,31874.0,37333.0
Венгеровский муниципальный район,16375.0,17337.0,19504.0,17937.0,19060.0,18988.0,20321.0,20678.0,19324.0,20224.0,20328.0,23740.0,17921.0,20530.0,21807.0,21717.0,21356.0,21891.0,23792.0,24013.0,21271.0,22585.0,23155.0,26504.0
Веневский муниципальный район,22457.0,24001.0,25910.0,23856.0,24327.0,24296.0,24966.0,24779.0,24029.0,24877.0,25590.0,29124.0,22744.0,25586.0,28001.0,26690.0,27187.0,27671.0,28423.0,28848.0,26833.0,28638.0,29106.0,33356.0
Верхнебуреинский муниципальный район,32091.0,35122.0,38670.0,34271.0,35630.0,36354.0,36997.0,37556.0,32200.0,32404.0,32800.0,39421.0,32983.0,37480.0,40382.0,39865.0,40953.0,42256.0,42294.0,43261.0,38885.0,39384.0,37872.0,44607.0
Верхневилюйский муниципальный район,22942.0,27005.0,29436.0,25560.0,25633.0,28518.0,30102.0,30023.0,25929.0,26295.0,26185.0,35035.0,23052.0,27618.0,31091.0,30383.0,29638.0,34660.0,32750.0,34458.0,29880.0,30760.0,30077.0,40588.0
Верхнекетский муниципальный район,21240.0,24257.0,25338.0,22689.0,24246.0,25025.0,26567.0,24764.0,23268.0,24241.0,24348.0,30219.0,21554.0,24632.0,27453.0,27642.0,27958.0,28476.0,29454.0,30395.0,26554.0,28838.0,28159.0,34686.0
Верхнеколымский муниципальный район,34476.0,44061.0,49719.0,44402.0,44868.0,48905.0,54790.0,56723.0,50618.0,45996.0,48300.0,61384.0,37985.0,47963.0,54767.0,50026.0,48214.0,55491.0,66397.0,64890.0,52012.0,48438.0,52427.0,65393.0
Верхнетоемский муниципальный округ,20025.0,22200.0,24040.0,20028.0,21159.0,21682.0,22720.0,22680.0,20209.0,21308.0,21046.0,25004.0,19755.0,22348.0,24341.0,23090.0,24805.0,24995.0,26063.0,24944.0,22606.0,24854.0,23285.0,27372.0
Верхнеуральский муниципальный район,19305.0,19950.0,21581.0,19732.0,19850.0,18963.0,19818.0,20242.0,17797.0,19259.0,19798.0,25250.0,20196.0,21549.0,23361.0,22731.0,22322.0,23209.0,23915.0,23604.0,21418.0,22876.0,23208.0,28268.0
Верхнеуслонский муниципальный район,24041.0,25153.0,26392.0,22708.0,23098.0,22740.0,24221.0,24352.0,23310.0,24369.0,27289.0,28337.0,22773.0,25839.0,28365.0,28324.0,26860.0,26497.0,26226.0,27256.0,24522.0,25728.0,27178.0,27947.0
Верховажский муниципальный округ,20173.0,21139.0,23477.0,21510.0,22197.0,21973.0,23164.0,22916.0,20838.0,21443.0,21789.0,25225.0,19949.0,22061.0,25919.0,25692.0,26083.0,26343.0,26700.0,26904.0,23924.0,26325.0,25568.0,30575.0
Верховский муниципальный район,19244.0,20681.0,21906.0,19519.0,20248.0,20872.0,21440.0,21678.0,20711.0,20154.0,21854.0,24255.0,20070.0,21941.0,22981.0,23881.0,23212.0,23508.0,23489.0,24515.0,21431.0,23712.0,24555.0,27442.0
Верхошижемский муниципальный район,16415.0,17799.0,19630.0,17266.0,17937.0,17874.0,18091.0,18344.0,17786.0,17167.0,16747.0,20032.0,15845.0,19218.0,20173.0,19232.0,18840.0,19833.0,19317.0,20450.0,18453.0,20953.0,20855.0,23495.0
Верхоянский муниципальный район,26533.0,31599.0,34037.0,30866.0,34742.0,41616.0,47689.0,47034.0,37239.0,36704.0,35631.0,44887.0,30514.0,33326.0,39065.0,37835.0,38330.0,46789.0,53994.0,51908.0,41891.0,42353.0,40443.0,52977.0
Ветлужский муниципальный округ,17775.0,19899.0,20944.0,19919.0,20381.0,20838.0,21722.0,21761.0,20634.0,21404.0,21684.0,25776.0,19638.0,22552.0,24161.0,23768.0,24278.0,25734.0,25756.0,25816.0,24268.0,25360.0,25969.0,29894.0
Вешкаймский муниципальный район,15698.0,17522.0,17950.0,16153.0,17368.0,17205.0,17918.0,17993.0,16906.0,17322.0,17871.0,20660.0,16599.0,18416.0,19749.0,20107.0,20595.0,20320.0,19893.0,20413.0,18509.0,19604.0,19422.0,24234.0
Викуловский муниципальный район,18757.0,20839.0,23172.0,21147.0,21257.0,21973.0,23604.0,22075.0,19569.0,21731.0,22101.0,27008.0,20290.0,23199.0,25696.0,25034.0,24478.0,26955.0,26496.0,26996.0,24474.0,27024.0,26681.0,31009.0
Вилюйский муниципальный район,24687.0,27313.0,31368.0,27389.0,26689.0,30767.0,32949.0,34126.0,29201.0,28926.0,28922.0,37490.0,24585.0,27875.0,31721.0,31017.0,30652.0,33720.0,34431.0,35029.0,29844.0,31243.0,30976.0,43057.0
Виноградовский муниципальный округ,21393.0,23277.0,25261.0,21838.0,23165.0,24053.0,25366.0,24860.0,21793.0,23567.0,22898.0,27890.0,21314.0,24048.0,26928.0,26356.0,27746.0,28073.0,29296.0,29071.0,26221.0,27375.0,26755.0,31690.0
Вичугский муниципальный район,15576.0,17117.0,18934.0,17511.0,18065.0,18620.0,19366.0,19994.0,18593.0,19052.0,19688.0,24107.0,18355.0,21048.0,23444.0,23726.0,23520.0,22635.0,23238.0,23750.0,23566.0,23409.0,23118.0,27804.0
Вожегодский муниципальный округ,21909.0,23564.0,25126.0,22175.0,22892.0,22314.0,22213.0,23278.0,20085.0,21869.0,23626.0,26327.0,21682.0,23856.0,25033.0,25638.0,25996.0,25088.0,24419.0,24705.0,23267.0,25741.0,25488.0,29338.0
Вознесенский муниципальный округ,17063.0,18166.0,19773.0,17865.0,18662.0,18829.0,19659.0,20522.0,19106.0,19279.0,19714.0,23846.0,18817.0,20706.0,22770.0,22493.0,22591.0,23267.0,23331.0,23975.0,22499.0,23507.0,23809.0,27510.0
Вологодский муниципальный округ,24929.0,26273.0,28492.0,26482.0,27955.0,27456.0,28459.0,28417.0,26951.0,28709.0,29149.0,33495.0,26776.0,29527.0,31830.0,30737.0,31699.0,32950.0,32509.0,32357.0,30274.0,33903.0,34700.0,38968.0
Володарский муниципальный округ,22340.0,24273.0,25781.0,23209.0,22093.0,22427.0,23303.0,23478.0,21940.0,21802.0,22921.0,27481.0,21301.0,24195.0,25674.0,25187.0,26069.0,26216.0,26783.0,27262.0,25212.0,25243.0,26008.0,31413.0
Волосовский муниципальный район,26130.0,27147.0,28644.0,27794.0,27974.0,28848.0,30013.0,29684.0,27250.0,29028.0,29080.0,32906.0,26144.0,28908.0,32354.0,32092.0,34014.0,34538.0,35516.0,35606.0,32968.0,35438.0,35211.0,41425.0
Волховский муниципальный район,26666.0,27486.0,29608.0,29686.0,30907.0,31458.0,32274.0,32723.0,30565.0,31857.0,32403.0,37555.0,30305.0,32623.0,36584.0,35582.0,37520.0,37287.0,38020.0,38681.0,35855.0,37533.0,37915.0,44793.0
Волчихинский муниципальный район,15673.0,16740.0,18133.0,16656.0,17177.0,18383.0,19469.0,19230.0,18603.0,18400.0,18338.0,22158.0,16153.0,18130.0,19872.0,19779.0,20399.0,21486.0,21902.0,22391.0,20205.0,21023.0,21117.0,24785.0
Вольский муниципальный район,18954.0,20552.0,22438.0,21178.0,21955.0,21769.0,23256.0,23531.0,22005.0,22845.0,23654.0,29410.0,21472.0,24226.0,26582.0,26339.0,25879.0,27088.0,28179.0,28057.0,25428.0,26971.0,27459.0,33679.0
Воскресенский муниципальный округ,18273.0,19985.0,21457.0,19393.0,20205.0,19933.0,21328.0,20600.0,20293.0,20175.0,20334.0,23906.0,17924.0,20832.0,22797.0,22816.0,23893.0,23913.0,23980.0,24244.0,22478.0,23660.0,23526.0,28228.0
Воскресенский муниципальный район,17183.0,17106.0,18505.0,17458.0,16764.0,17795.0,17642.0,17637.0,16599.0,15779.0,16928.0,21953.0,15375.0,16332.0,17757.0,18177.0,18606.0,19628.0,17721.0,19528.0,18456.0,20559.0,20959.0,24147.0
Вохомский муниципальный район,15147.0,16561.0,17338.0,16463.0,17339.0,17934.0,18333.0,18655.0,17065.0,17074.0,18023.0,21769.0,16858.0,18755.0,20094.0,20698.0,20724.0,21255.0,22400.0,22041.0,20227.0,21279.0,20336.0,25001.0
Всеволожский муниципальный район,34543.0,35056.0,38989.0,38932.0,40343.0,40681.0,42096.0,42825.0,41135.0,43141.0,43871.0,49861.0,40576.0,42798.0,47363.0,46084.0,47724.0,47952.0,48711.0,48949.0,46463.0,48577.0,48851.0,56677.0
Вурнарский муниципальный округ,17156.0,17892.0,18936.0,17144.0,17903.0,17775.0,18018.0,18128.0,16778.0,17339.0,17569.0,20586.0,16278.0,18118.0,20449.0,20096.0,19826.0,20063.0,20250.0,20625.0,19777.0,21030.0,20679.0,24695.0
Выборгский муниципальный район,30274.0,31119.0,33966.0,33520.0,35032.0,35581.0,36799.0,37313.0,35566.0,37102.0,37342.0,43254.0,34499.0,36623.0,40427.0,39693.0,42129.0,42051.0,42850.0,43173.0,40715.0,42838.0,42688.0,50052.0
Высокогорский муниципальный район,20439.0,20858.0,22306.0,20607.0,20663.0,21715.0,22555.0,24287.0,23161.0,24751.0,26166.0,29531.0,23918.0,26543.0,28792.0,27975.0,28706.0,29099.0,29983.0,30292.0,28420.0,30282.0,30425.0,34046.0
Вытегорский муниципальный район,23812.0,24579.0,27790.0,25399.0,26770.0,26844.0,27606.0,27813.0,26194.0,26843.0,26550.0,31349.0,24633.0,27048.0,30840.0,29996.0,31808.0,32618.0,33328.0,33147.0,30236.0,31227.0,31563.0,37323.0
Вязниковский муниципальный район,20528.0,21859.0,23862.0,22304.0,22984.0,23365.0,24022.0,24734.0,23576.0,24122.0,24729.0,28967.0,22538.0,25228.0,27530.0,26878.0,27679.0,28088.0,28902.0,28791.0,26616.0,28227.0,28133.0,34004.0
Вятскополянский муниципальный район,17972.0,19348.0,20466.0,19436.0,19632.0,18351.0,20016.0,19832.0,18034.0,18870.0,19420.0,22753.0,18850.0,21514.0,22972.0,23054.0,22601.0,22158.0,23823.0,22004.0,20695.0,21148.0,21625.0,24288.0
Гаврилов-Ямский муниципальный район,21127.0,21981.0,24207.0,21501.0,21414.0,20877.0,22130.0,22220.0,21302.0,21474.0,22217.0,26445.0,21254.0,22536.0,25096.0,24856.0,25407.0,24375.0,25746.0,25321.0,24465.0,25733.0,25819.0,29690.0
Гаврилово-Посадский муниципальный район,17312.0,18482.0,19766.0,18283.0,18028.0,17936.0,18894.0,19068.0,17961.0,18307.0,19841.0,24681.0,17394.0,20149.0,21556.0,22052.0,21878.0,21586.0,22576.0,23376.0,21281.0,22841.0,22610.0,26470.0
Гавриловский муниципальный округ,16946.0,17066.0,18918.0,17419.0,18362.0,18315.0,19469.0,18638.0,17050.0,19904.0,20279.0,23461.0,18046.0,21410.0,22291.0,20555.0,21273.0,21503.0,22081.0,23091.0,19848.0,26439.0,23111.0,25613.0
Гагаринский муниципальный район,23861.0,25388.0,27973.0,26055.0,26686.0,26782.0,27725.0,28189.0,26014.0,27153.0,28390.0,33908.0,25497.0,28936.0,32012.0,31892.0,32509.0,32630.0,33541.0,34949.0,32332.0,34060.0,34656.0,40985.0
Гагинский муниципальный округ,16232.0,18190.0,20053.0,18141.0,17993.0,19132.0,19401.0,19005.0,18344.0,17878.0,18425.0,22331.0,16883.0,19706.0,22034.0,21039.0,22221.0,22342.0,22174.0,22993.0,20620.0,21760.0,22250.0,26872.0
Галичский муниципальный район,17703.0,18941.0,19755.0,18703.0,19019.0,19695.0,20277.0,19229.0,21003.0,20403.0,20709.0,26149.0,19940.0,21573.0,24753.0,24376.0,22935.0,23147.0,23856.0,24297.0,23570.0,24109.0,25052.0,28843.0
Гатчинский муниципальный район,30599.0,31470.0,34367.0,34369.0,35520.0,35773.0,36839.0,37757.0,35690.0,37570.0,38281.0,44158.0,35226.0,37674.0,41675.0,40744.0,42181.0,42203.0,42671.0,42991.0,40962.0,43044.0,43471.0,50502.0
Гафурийский муниципальный район,17911.0,19000.0,20255.0,18398.0,18832.0,18821.0,19803.0,20285.0,17701.0,19033.0,18590.0,21877.0,17887.0,19437.0,21158.0,20472.0,19838.0,20893.0,21097.0,21766.0,20446.0,20849.0,20130.0,23697.0
Гдовский муниципальный район,19202.0,21295.0,22800.0,19182.0,19209.0,19591.0,20560.0,21637.0,19331.0,19758.0,20463.0,24038.0,19178.0,19910.0,22398.0,22220.0,23389.0,23899.0,23133.0,23487.0,23223.0,25329.0,24108.0,28226.0
Гиагинский муниципальный район,17368.0,18496.0,19611.0,18528.0,18673.0,18636.0,20270.0,20369.0,18922.0,19905.0,19826.0,23823.0,18548.0,20610.0,22645.0,21560.0,21610.0,22400.0,22321.0,22957.0,21443.0,22663.0,22524.0,27367.0
Глазуновский муниципальный район,17300.0,18888.0,19814.0,17803.0,18738.0,18958.0,19333.0,18715.0,17721.0,18027.0,18934.0,21643.0,17105.0,19073.0,19373.0,19727.0,19768.0,20104.0,20408.0,21984.0,18405.0,20191.0,20904.0,24089.0
Глинковский муниципальный район,17846.0,18626.0,19621.0,18863.0,18819.0,19235.0,20046.0,20626.0,19461.0,20985.0,21025.0,24469.0,18319.0,20366.0,22507.0,22324.0,23123.0,22399.0,23806.0,23422.0,20982.0,20775.0,21389.0,25630.0
Горномарийский муниципальный район,15203.0,16182.0,15565.0,15160.0,15285.0,15713.0,16021.0,16639.0,15545.0,15766.0,16993.0,20100.0,16272.0,17543.0,18805.0,18531.0,18921.0,19296.0,18942.0,19477.0,18114.0,19097.0,19184.0,22107.0
Горный муниципальный район,22798.0,24840.0,28051.0,23904.0,24064.0,26063.0,26641.0,29253.0,25330.0,25193.0,24807.0,31842.0,22206.0,26147.0,27824.0,27966.0,26381.0,29143.0,28541.0,29321.0,25009.0,26477.0,26807.0,33847.0
Городецкий муниципальный округ,21868.0,23139.0,25461.0,24182.0,25574.0,25654.0,27038.0,27690.0,26648.0,27389.0,28300.0,33143.0,25503.0,28022.0,31055.0,30523.0,31567.0,31673.0,33312.0,33670.0,31502.0,33161.0,33244.0,38967.0
Городовиковский муниципальный район,15030.0,16330.0,17793.0,15634.0,16020.0,16851.0,17922.0,18711.0,17124.0,17175.0,19426.0,21415.0,16474.0,17971.0,20283.0,20001.0,19147.0,21580.0,19891.0,21247.0,20337.0,19897.0,19868.0,22794.0
Гороховецкий муниципальный район,21707.0,22904.0,24967.0,22958.0,23499.0,22882.0,23565.0,24204.0,23278.0,23594.0,24108.0,28904.0,23539.0,26006.0,27999.0,27619.0,28311.0,27754.0,28073.0,28255.0,26526.0,27513.0,27951.0,33044.0
Горьковский муниципальный район,15734.0,17373.0,17508.0,15109.0,16420.0,16204.0,17463.0,16895.0,15638.0,16478.0,16212.0,20284.0,15210.0,17642.0,19424.0,19737.0,18709.0,20376.0,19814.0,20689.0,19071.0,19926.0,19997.0,23601.0
Грачёвский муниципальный округ,17245.0,18413.0,19479.0,17394.0,17513.0,17218.0,17707.0,19079.0,18167.0,18495.0,19980.0,24079.0,17862.0,20001.0,21699.0,20916.0,20267.0,21514.0,22076.0,23120.0,21165.0,22058.0,21925.0,26964.0
Грязинский муниципальный район,21334.0,22440.0,24462.0,22376.0,23084.0,22548.0,24308.0,24259.0,23289.0,24428.0,25236.0,29463.0,23995.0,25502.0,27203.0,26417.0,26961.0,26972.0,28198.0,28842.0,27077.0,28378.0,29385.0,33208.0
Грязовецкий муниципальный округ,22240.0,23245.0,26124.0,22157.0,22278.0,22532.0,22819.0,22856.0,20973.0,22248.0,22993.0,25925.0,21189.0,23440.0,25441.0,24866.0,25175.0,26065.0,25582.0,25988.0,23960.0,25641.0,25337.0,29556.0
Гурьевский муниципальный округ,20164.0,21108.0,23821.0,22581.0,23879.0,24376.0,25286.0,25360.0,23894.0,24340.0,23845.0,27752.0,22227.0,23191.0,27153.0,27587.0,28266.0,29638.0,30186.0,30962.0,28748.0,29526.0,29670.0,34685.0
Гусь-Хрустальный муниципальный район,18098.0,19884.0,20477.0,18771.0,19827.0,19894.0,21160.0,20436.0,19276.0,19806.0,20415.0,24498.0,18943.0,21178.0,23731.0,23019.0,23068.0,23254.0,24536.0,24300.0,22517.0,22492.0,21577.0,25980.0
Давлекановский муниципальный район,19510.0,20495.0,22205.0,20170.0,20773.0,20208.0,21449.0,22074.0,20068.0,21547.0,21585.0,25512.0,20417.0,22531.0,25620.0,23926.0,24257.0,23738.0,24384.0,24883.0,23006.0,23820.0,23745.0,27879.0
Далматовский муниципальный округ,18209.0,19342.0,21392.0,19486.0,19790.0,19904.0,20632.0,20967.0,19254.0,20029.0,20905.0,24293.0,18453.0,20767.0,23125.0,21885.0,22431.0,22926.0,22342.0,23310.0,21152.0,22914.0,22683.0,27338.0
Дальнеконстантиновский муниципальный округ,20198.0,21439.0,23411.0,20821.0,21253.0,21432.0,22016.0,21671.0,21321.0,22367.0,22512.0,27213.0,19952.0,23254.0,24718.0,23613.0,23928.0,25372.0,25573.0,26616.0,25539.0,25957.0,26877.0,32780.0
Дальнереченский муниципальный район,19510.0,19943.0,19723.0,18218.0,17194.0,19518.0,21733.0,21578.0,22208.0,22003.0,23224.0,28058.0,19964.0,24422.0,26661.0,25875.0,24620.0,25644.0,27344.0,26848.0,23776.0,25120.0,26806.0,30540.0
Данковский муниципальный район,21913.0,23237.0,25229.0,22782.0,23712.0,23246.0,24140.0,23972.0,22903.0,23497.0,25120.0,29097.0,23437.0,25507.0,28098.0,26987.0,27972.0,27472.0,27761.0,28629.0,26485.0,28410.0,28784.0,33299.0
Даровской муниципальный район,15723.0,15772.0,19062.0,17224.0,17953.0,17206.0,17930.0,18627.0,16699.0,17496.0,17569.0,20783.0,15376.0,18568.0,20162.0,20768.0,20900.0,21263.0,21473.0,22010.0,18685.0,19975.0,18677.0,23058.0
Дедовичский муниципальный район,20227.0,21257.0,23141.0,21815.0,22277.0,22342.0,23204.0,22196.0,21177.0,21733.0,22526.0,26293.0,20857.0,23684.0,25883.0,25648.0,25353.0,25226.0,25247.0,25112.0,22362.0,25052.0,24437.0,28842.0
Демидовский муниципальный район,16136.0,17594.0,18940.0,17733.0,17854.0,17324.0,17861.0,18548.0,17261.0,17352.0,18652.0,22716.0,16263.0,19761.0,20508.0,21096.0,20700.0,20992.0,21527.0,22482.0,19977.0,22628.0,21832.0,25664.0
Дергачевский муниципальный район,15556.0,17064.0,18102.0,16199.0,16654.0,16531.0,16929.0,17877.0,16143.0,16871.0,17798.0,20874.0,16528.0,18921.0,18649.0,18751.0,18802.0,19605.0,20206.0,20283.0,18930.0,19708.0,19542.0,23131.0
Дзун-Хемчикский муниципальный район,13898.0,17076.0,17981.0,15527.0,16326.0,20206.0,18233.0,20118.0,17992.0,19195.0,19351.0,24148.0,14816.0,19195.0,20196.0,19324.0,19865.0,22555.0,21128.0,23083.0,19490.0,21689.0,19829.0,23844.0
Дивеевский муниципальный округ,20870.0,21906.0,23465.0,21583.0,22403.0,22422.0,23478.0,23967.0,23339.0,24013.0,25533.0,27853.0,22131.0,24086.0,26110.0,25312.0,25692.0,26266.0,27268.0,27756.0,27237.0,28211.0,28609.0,33875.0
Дигорский муниципальный район,15778.0,17471.0,18942.0,17491.0,18263.0,20582.0,20798.0,22471.0,21188.0,21432.0,23854.0,26250.0,20488.0,23374.0,22131.0,22955.0,23947.0,23847.0,23712.0,25386.0,22643.0,25594.0,24321.0,29696.0
Дновский муниципальный район,20770.0,21744.0,24203.0,22160.0,23056.0,22838.0,24092.0,24402.0,22971.0,23229.0,23047.0,26537.0,22346.0,24148.0,27440.0,25709.0,27639.0,27165.0,27155.0,27847.0,25981.0,27539.0,26068.0,30467.0
Добринский муниципальный район,19383.0,20779.0,21475.0,19378.0,19945.0,20171.0,20443.0,21094.0,20560.0,21115.0,22117.0,25760.0,21013.0,22564.0,23928.0,23016.0,23025.0,23833.0,24286.0,24663.0,23024.0,24343.0,24497.0,29373.0
Добровский муниципальный район,18851.0,19823.0,21033.0,18126.0,18812.0,18584.0,19543.0,19595.0,18432.0,19161.0,20149.0,22136.0,18341.0,20206.0,21238.0,20950.0,21407.0,21752.0,21988.0,22459.0,21488.0,23248.0,22958.0,26444.0
Доволенский муниципальный район,15482.0,16793.0,17618.0,16579.0,17185.0,18211.0,18377.0,19138.0,17519.0,17987.0,17990.0,21520.0,16624.0,17574.0,19690.0,19845.0,19378.0,20318.0,21463.0,22037.0,19818.0,21836.0,21166.0,25586.0
Долгоруковский муниципальный район,19384.0,19929.0,21584.0,18622.0,18677.0,18755.0,19226.0,19250.0,18623.0,18976.0,20717.0,24148.0,19281.0,21288.0,22504.0,22384.0,22095.0,22077.0,23123.0,23214.0,20890.0,22532.0,22507.0,27229.0
Должанский муниципальный район,16675.0,18379.0,19575.0,17574.0,18231.0,18320.0,18469.0,19056.0,18602.0,18889.0,18874.0,22193.0,16980.0,19879.0,23275.0,21284.0,20453.0,19897.0,20913.0,21672.0,19682.0,22123.0,19912.0,25735.0
Домбаровский муниципальный район,16053.0,17796.0,18723.0,16863.0,18673.0,19113.0,19884.0,19649.0,18466.0,18678.0,18644.0,23937.0,19179.0,21370.0,21604.0,21066.0,19861.0,19814.0,19925.0,21564.0,19388.0,19772.0,20461.0,22352.0
Дорогобужский муниципальный район,24316.0,24672.0,27446.0,24857.0,25458.0,25044.0,25319.0,24733.0,24321.0,25044.0,25322.0,30297.0,25431.0,27648.0,30130.0,29213.0,29534.0,29307.0,30392.0,30671.0,28686.0,30838.0,31765.0,36772.0
Дрожжановский муниципальный район,15103.0,14584.0,17117.0,14526.0,14393.0,15053.0,14579.0,14804.0,14164.0,14136.0,15853.0,18241.0,14789.0,15354.0,17631.0,18162.0,17147.0,17181.0,16721.0,17151.0,16343.0,17979.0,17447.0,19973.0
Дуванский муниципальный район,19455.0,19855.0,22280.0,20130.0,20814.0,20625.0,22083.0,22387.0,19995.0,21220.0,21244.0,25916.0,19750.0,21520.0,23708.0,22883.0,23469.0,24133.0,24617.0,25545.0,22984.0,24480.0,24624.0,30039.0
Дульдургинский муниципальный район,18679.0,21147.0,22147.0,20265.0,21479.0,22138.0,24204.0,24200.0,20049.0,21218.0,22219.0,27173.0,19785.0,21194.0,23301.0,23389.0,25768.0,25738.0,27083.0,27421.0,24968.0,23665.0,24262.0,29783.0
Думиничский муниципальный район,19883.0,21015.0,22948.0,20258.0,20563.0,20015.0,21087.0,21619.0,19774.0,20804.0,20857.0,24886.0,18723.0,21676.0,23293.0,22445.0,22453.0,23258.0,24309.0,24814.0,23041.0,25086.0,23551.0,28656.0
Духовницкий муниципальный район,16400.0,17273.0,18554.0,17188.0,18109.0,18199.0,18833.0,17962.0,18131.0,17743.0,18518.0,23549.0,16909.0,19466.0,20796.0,19870.0,20894.0,21146.0,20449.0,21060.0,19702.0,20873.0,20924.0,24290.0
Духовщинский муниципальный район,19763.0,20874.0,21805.0,20058.0,20774.0,19997.0,19961.0,20499.0,19302.0,19417.0,21787.0,25330.0,19992.0,22754.0,24036.0,24279.0,24735.0,23132.0,23969.0,24522.0,24043.0,24858.0,26098.0,31485.0
Дюртюлинский муниципальный район,19888.0,20885.0,22670.0,21337.0,22567.0,22791.0,23779.0,24134.0,22666.0,23522.0,23533.0,27887.0,23157.0,24645.0,27740.0,26257.0,26565.0,26505.0,26988.0,27419.0,25421.0,26157.0,26758.0,31207.0
Егорьевский муниципальный район,13083.0,15330.0,15663.0,13875.0,14197.0,14777.0,16183.0,15809.0,16061.0,14529.0,16286.0,18458.0,13821.0,15826.0,17259.0,17572.0,18395.0,18911.0,18954.0,19785.0,17739.0,18346.0,18211.0,22750.0
Екатериновский муниципальный район,18437.0,20032.0,20397.0,17602.0,18028.0,18265.0,18453.0,19284.0,18812.0,19215.0,19933.0,23755.0,18045.0,19407.0,21111.0,20703.0,20858.0,22146.0,22057.0,22982.0,21009.0,23046.0,22293.0,26972.0
Елабужский муниципальный район,22739.0,23164.0,25528.0,24272.0,25187.0,25126.0,26756.0,27739.0,26406.0,28035.0,28588.0,32713.0,27174.0,28878.0,31951.0,30903.0,31338.0,31886.0,33078.0,34350.0,31870.0,33462.0,33595.0,38854.0
Еланский муниципальный район,18696.0,19733.0,20771.0,19174.0,19698.0,20141.0,20470.0,21149.0,19308.0,20333.0,20772.0,24820.0,19561.0,21418.0,22557.0,23507.0,23683.0,24267.0,24665.0,24747.0,22912.0,24177.0,24043.0,29057.0
Елизовский муниципальный район,42492.0,44457.0,49326.0,47081.0,48597.0,50403.0,52109.0,52141.0,49231.0,49973.0,49308.0,60028.0,46644.0,50645.0,56095.0,54581.0,54864.0,56788.0,58310.0,58665.0,54339.0,56991.0,57286.0,66752.0
Елховский муниципальный район,17525.0,17711.0,20488.0,18908.0,19917.0,19531.0,19934.0,20144.0,19674.0,20314.0,20033.0,24604.0,19122.0,21141.0,23684.0,22312.0,21243.0,21835.0,22133.0,21274.0,20488.0,22391.0,21286.0,25434.0
Ельниковский муниципальный район,16537.0,17102.0,18244.0,16556.0,16192.0,16716.0,17660.0,18011.0,17458.0,17963.0,18034.0,21789.0,16988.0,19258.0,19816.0,20585.0,20801.0,19865.0,21315.0,20597.0,18134.0,19808.0,20437.0,24275.0
Ельнинский муниципальный район,18892.0,20232.0,22456.0,20070.0,20651.0,20719.0,22132.0,21186.0,21227.0,20565.0,21571.0,26966.0,20071.0,21542.0,24882.0,24348.0,25195.0,25297.0,26457.0,25691.0,23270.0,25883.0,26223.0,32257.0
Ельцовский муниципальный район,13720.0,15885.0,16075.0,15251.0,15515.0,17022.0,16898.0,17147.0,16332.0,15432.0,17915.0,19820.0,15676.0,18892.0,19704.0,19353.0,20568.0,19470.0,21892.0,21116.0,20495.0,21374.0,21077.0,25422.0
Еманжелинский муниципальный район,19484.0,20757.0,23133.0,20812.0,21722.0,20798.0,22434.0,22280.0,21379.0,21752.0,22812.0,26770.0,20925.0,22828.0,25578.0,25087.0,25269.0,25902.0,26062.0,27029.0,25922.0,26676.0,26779.0,30902.0
Емельяновский муниципальный район,26201.0,27623.0,30299.0,29031.0,29874.0,31155.0,32546.0,33135.0,31904.0,33845.0,34005.0,39598.0,31371.0,33460.0,36133.0,34586.0,35244.0,36973.0,38665.0,38868.0,36306.0,37947.0,38498.0,43594.0
Енисейский муниципальный район,25032.0,26606.0,28173.0,24868.0,24927.0,26690.0,28562.0,27960.0,26274.0,27714.0,28140.0,32710.0,24745.0,28295.0,32213.0,29723.0,30206.0,31174.0,31085.0,30522.0,26883.0,29686.0,30860.0,35782.0
Енотаевский муниципальный район,17045.0,18369.0,20116.0,17288.0,18425.0,18308.0,18733.0,18902.0,18879.0,17937.0,19302.0,22634.0,17045.0,19181.0,20799.0,21747.0,20734.0,21909.0,21981.0,22878.0,20828.0,21307.0,20468.0,25441.0
Ермаковский муниципальный район,19046.0,20998.0,23241.0,21202.0,22478.0,23685.0,23854.0,24362.0,22239.0,22358.0,22958.0,28236.0,20861.0,24090.0,26271.0,25817.0,26299.0,26607.0,27633.0,28575.0,25824.0,27711.0,27200.0,32816.0
Ермекеевский муниципальный район,16496.0,17882.0,19172.0,17057.0,16878.0,17185.0,15823.0,16981.0,15066.0,17099.0,17723.0,20517.0,16438.0,17858.0,20517.0,19246.0,20071.0,20515.0,21389.0,20076.0,18276.0,19479.0,19726.0,22561.0
Ермишинский муниципальный район,16004.0,17180.0,18202.0,16677.0,16649.0,16985.0,19143.0,18084.0,18086.0,17341.0,18418.0,20970.0,16309.0,18736.0,20912.0,21391.0,21077.0,20294.0,21079.0,22731.0,20424.0,20363.0,20760.0,25159.0
Ершичский муниципальный район,16178.0,17666.0,18747.0,16027.0,16664.0,17090.0,19542.0,18857.0,17720.0,17319.0,17542.0,23003.0,16523.0,19322.0,21994.0,20810.0,19986.0,20712.0,22169.0,23729.0,18750.0,20957.0,22528.0,27731.0
Ершовский муниципальный район,16885.0,18175.0,19630.0,17248.0,17812.0,17893.0,18563.0,18787.0,17503.0,18415.0,19304.0,22745.0,17752.0,19809.0,20969.0,20671.0,20282.0,21032.0,21319.0,21844.0,19729.0,20972.0,21476.0,25341.0
Еткульский муниципальный район,19297.0,20390.0,22919.0,20513.0,20544.0,20580.0,21950.0,21487.0,20759.0,20496.0,22272.0,27122.0,20594.0,22863.0,26013.0,24666.0,25062.0,25904.0,25555.0,26995.0,24319.0,25156.0,25716.0,31211.0
Жердевский муниципальный округ,19241.0,20404.0,21436.0,19734.0,19569.0,20171.0,20653.0,20797.0,19896.0,20438.0,21543.0,24262.0,20108.0,22303.0,23839.0,23596.0,23046.0,23672.0,24299.0,24368.0,22810.0,23942.0,24657.0,27841.0
Жигаловский муниципальный район,21094.0,21896.0,24247.0,21552.0,23383.0,25092.0,26706.0,25905.0,24306.0,25402.0,26179.0,30649.0,25130.0,25873.0,29455.0,28532.0,30432.0,32095.0,32097.0,32090.0,30346.0,30951.0,29163.0,36263.0
Жиздринский муниципальный район,20608.0,21978.0,23387.0,22398.0,22882.0,23148.0,22528.0,23515.0,21555.0,22577.0,21755.0,27379.0,21396.0,23681.0,27005.0,25110.0,24656.0,26113.0,27263.0,27505.0,26228.0,26557.0,27397.0,33377.0
Жирновский муниципальный район,20433.0,21432.0,23445.0,21156.0,21780.0,21687.0,21927.0,22511.0,20832.0,21437.0,21882.0,24949.0,19866.0,22295.0,24470.0,24553.0,24991.0,25118.0,25357.0,25396.0,23592.0,24248.0,24400.0,28846.0
Жуковский муниципальный район,24225.0,25635.0,27624.0,24634.0,24394.0,23812.0,24775.0,25667.0,24252.0,25241.0,25979.0,30300.0,24036.0,26501.0,28218.0,27574.0,27895.0,28285.0,29453.0,30574.0,29009.0,30488.0,31419.0,35541.0
Забайкальский муниципальный район,27498.0,29586.0,31598.0,28335.0,29546.0,31247.0,31593.0,32173.0,28950.0,29065.0,29869.0,37010.0,27104.0,32068.0,34078.0,33225.0,34500.0,35125.0,36903.0,37031.0,32960.0,35463.0,34061.0,42782.0
Завитинский муниципальный округ,20849.0,23778.0,24295.0,22719.0,22452.0,23222.0,24939.0,24773.0,23110.0,22880.0,23405.0,28803.0,21096.0,24827.0,27269.0,26071.0,26489.0,27587.0,27681.0,28171.0,25807.0,26737.0,24828.0,30998.0
Заволжский муниципальный район,16878.0,18361.0,20802.0,19343.0,19900.0,19478.0,20350.0,20517.0,19876.0,20327.0,21335.0,25658.0,19088.0,22074.0,23548.0,23225.0,23293.0,23678.0,25894.0,24754.0,23682.0,25072.0,24966.0,31079.0
Завьяловский муниципальный район,16256.0,17234.0,17916.0,17184.0,18190.0,18972.0,19540.0,19813.0,17701.0,18588.0,18994.0,22932.0,16191.0,18254.0,20976.0,19922.0,21547.0,22329.0,22394.0,23518.0,20554.0,22080.0,21017.0,25874.0
Задонский муниципальный район,19833.0,20975.0,22004.0,20550.0,20994.0,20205.0,21225.0,21619.0,20102.0,20550.0,21415.0,25298.0,21181.0,22580.0,24056.0,23801.0,23814.0,23725.0,24219.0,24999.0,23176.0,24633.0,25169.0,29636.0
Заинский муниципальный район,19820.0,20299.0,22601.0,20797.0,21039.0,21330.0,22485.0,23013.0,21842.0,23475.0,23236.0,26752.0,22000.0,23287.0,26239.0,25045.0,25255.0,26316.0,27662.0,28694.0,26224.0,27587.0,27545.0,30496.0
Заларинский муниципальный район,19128.0,20806.0,22641.0,21342.0,22110.0,22853.0,23691.0,23825.0,21974.0,21854.0,22710.0,27833.0,20612.0,23237.0,25837.0,25488.0,26642.0,27210.0,28070.0,27990.0,25286.0,26200.0,25101.0,32192.0
Залегощенский муниципальный район,17747.0,18511.0,19467.0,17095.0,18436.0,18372.0,19094.0,19086.0,17411.0,17484.0,19494.0,22731.0,17304.0,19966.0,20654.0,21818.0,20666.0,19339.0,20800.0,22092.0,19625.0,20650.0,20132.0,24894.0
Залесовский муниципальный округ,14994.0,16136.0,18005.0,16357.0,17276.0,17739.0,18224.0,18501.0,17020.0,17508.0,17367.0,21299.0,15748.0,17804.0,19431.0,19162.0,17787.0,17090.0,17740.0,18092.0,16823.0,18376.0,18454.0,23324.0
Заокский муниципальный район,24582.0,26476.0,28433.0,27481.0,27887.0,28402.0,29724.0,30487.0,29986.0,30822.0,31439.0,36216.0,28099.0,30923.0,33604.0,32258.0,33557.0,34879.0,35992.0,36762.0,34333.0,37187.0,36518.0,43655.0
Захаровский муниципальный район,18012.0,19847.0,19926.0,17391.0,19037.0,17980.0,18886.0,17948.0,16145.0,17891.0,18664.0,23212.0,17228.0,20201.0,22588.0,21951.0,20287.0,22064.0,20791.0,21859.0,20064.0,21793.0,21661.0,24441.0
Звениговский муниципальный район,19552.0,20008.0,21631.0,19779.0,20185.0,19839.0,21313.0,21427.0,20242.0,20763.0,21928.0,25173.0,20610.0,22400.0,24612.0,24210.0,24364.0,24821.0,24971.0,25069.0,23202.0,24000.0,24337.0,27771.0
Звериноголовский муниципальный округ,14851.0,16438.0,17604.0,16048.0,16198.0,17319.0,17716.0,17509.0,15465.0,16340.0,15805.0,19897.0,15119.0,17720.0,18785.0,16954.0,17133.0,16652.0,17975.0,18655.0,18562.0,17159.0,17737.0,22909.0
Здвинский муниципальный район,15963.0,17616.0,19382.0,17512.0,18139.0,19276.0,19780.0,20198.0,18753.0,19692.0,19956.0,23358.0,17992.0,19444.0,21196.0,20409.0,20354.0,21299.0,21802.0,22650.0,19799.0,21011.0,21508.0,25484.0
Зеленодольский муниципальный район,23305.0,23574.0,26108.0,25386.0,26463.0,26446.0,27635.0,28503.0,27144.0,28416.0,29208.0,33788.0,27478.0,29161.0,32134.0,31183.0,31510.0,32527.0,33150.0,33817.0,31829.0,33010.0,33275.0,38613.0
Зеленчукский муниципальный район,18122.0,19019.0,20265.0,18038.0,19132.0,18956.0,19787.0,20155.0,19522.0,19295.0,20847.0,24422.0,19006.0,21727.0,22759.0,22051.0,22423.0,21932.0,23068.0,24516.0,21995.0,23336.0,23832.0,28232.0
Земетчинский муниципальный район,16987.0,17653.0,18110.0,16159.0,16760.0,17045.0,18345.0,18156.0,17347.0,18691.0,19244.0,22347.0,18136.0,18933.0,20115.0,20239.0,20135.0,20221.0,22295.0,21784.0,20765.0,21897.0,21838.0,26371.0
Зианчуринский муниципальный район,17388.0,18047.0,19554.0,19123.0,19332.0,19172.0,19997.0,20598.0,18464.0,19117.0,19142.0,22491.0,17151.0,19424.0,21898.0,21154.0,22493.0,22089.0,23027.0,22624.0,20309.0,21199.0,21504.0,25374.0
Зилаирский муниципальный район,16238.0,17626.0,18592.0,16999.0,17870.0,18116.0,18753.0,19106.0,18120.0,18390.0,19212.0,22660.0,18032.0,19817.0,21567.0,21802.0,21757.0,22918.0,22072.0,23971.0,21462.0,22538.0,22465.0,26873.0
Зиминский муниципальный район,20948.0,23579.0,22982.0,21799.0,22270.0,22098.0,25081.0,23156.0,22815.0,22940.0,23489.0,29998.0,21333.0,24217.0,27512.0,27853.0,27568.0,27990.0,26641.0,29627.0,25859.0,26643.0,27703.0,31073.0
Змеиногорский муниципальный район,17540.0,19404.0,21508.0,19499.0,20265.0,20434.0,22062.0,21945.0,20166.0,20057.0,21109.0,24934.0,19278.0,20792.0,23862.0,23601.0,23650.0,24435.0,25333.0,25959.0,22945.0,23943.0,23173.0,27892.0
Знаменский муниципальный округ,18219.0,19789.0,20143.0,18451.0,17943.0,18133.0,19354.0,18947.0,17280.0,17907.0,19400.0,24398.0,18972.0,20132.0,21400.0,21024.0,22246.0,21529.0,21810.0,22022.0,20072.0,21999.0,23440.0,28383.0
Зональный муниципальный район,15207.0,16150.0,17732.0,14022.0,14967.0,15067.0,15277.0,16286.0,14060.0,14877.0,15684.0,20776.0,15203.0,17749.0,18580.0,19991.0,19827.0,19776.0,21364.0,21068.0,19051.0,20618.0,20450.0,21950.0
Зубово-Полянский муниципальный район,18207.0,18884.0,20833.0,18559.0,19432.0,18575.0,20288.0,20016.0,18685.0,18954.0,19908.0,23849.0,19059.0,21197.0,22872.0,22515.0,22648.0,23295.0,24132.0,23535.0,21485.0,22421.0,23888.0,29031.0
Зуевский муниципальный район,18224.0,19153.0,20551.0,18479.0,18933.0,19053.0,19054.0,19829.0,17670.0,18551.0,19032.0,22235.0,17435.0,19351.0,21605.0,21912.0,21041.0,21601.0,21958.0,21314.0,19818.0,21173.0,21632.0,24430.0
Зырянский муниципальный район,16772.0,19505.0,20445.0,18317.0,18937.0,19152.0,19645.0,19340.0,18287.0,18902.0,18741.0,23151.0,16642.0,19921.0,21946.0,21881.0,21583.0,21341.0,23349.0,22041.0,20639.0,21726.0,21815.0,26162.0
Ибресинский муниципальный округ,16223.0,16694.0,17643.0,16483.0,17155.0,17550.0,17760.0,17897.0,17115.0,18008.0,17399.0,20874.0,16749.0,18098.0,18616.0,18540.0,17401.0,17810.0,19317.0,17835.0,16874.0,17919.0,17950.0,20367.0
Ивановский муниципальный округ,21768.0,23723.0,25688.0,24663.0,25563.0,27379.0,27632.0,28303.0,26559.0,26571.0,27773.0,33919.0,24790.0,28227.0,31196.0,29655.0,30130.0,31400.0,30694.0,31959.0,27791.0,29110.0,28680.0,38447.0
Ивановский муниципальный район,23395.0,25208.0,28155.0,28486.0,28161.0,29057.0,31050.0,31896.0,30975.0,32037.0,33429.0,39866.0,29502.0,32122.0,35822.0,34770.0,34609.0,35591.0,37487.0,38034.0,34958.0,36479.0,40080.0,43086.0
Ивантеевский муниципальный район,16776.0,18573.0,20057.0,18190.0,19032.0,18584.0,19486.0,20598.0,19049.0,19201.0,19792.0,23074.0,17257.0,20469.0,22647.0,21484.0,22428.0,22600.0,22733.0,22520.0,20641.0,22317.0,22829.0,26625.0
Иглинский муниципальный район,20740.0,22109.0,23685.0,21857.0,22962.0,23820.0,24877.0,26038.0,24459.0,25863.0,26035.0,30437.0,24113.0,25440.0,28101.0,27068.0,27183.0,28658.0,28647.0,30128.0,27839.0,29830.0,29496.0,34248.0
Идринский муниципальный район,16934.0,18416.0,20169.0,18079.0,18141.0,19043.0,19936.0,19611.0,18315.0,19097.0,19350.0,24074.0,17770.0,20008.0,22375.0,21417.0,21977.0,21851.0,22897.0,22006.0,20738.0,22093.0,22342.0,26339.0
Ижморский муниципальный округ,16772.0,19108.0,20676.0,19342.0,20691.0,20555.0,21678.0,21776.0,19994.0,20659.0,20476.0,24868.0,19050.0,21157.0,23873.0,24027.0,24887.0,24650.0,25771.0,25996.0,23508.0,25259.0,24985.0,30146.0
Измалковский муниципальный район,18896.0,19831.0,21689.0,18903.0,19269.0,19678.0,20213.0,20832.0,18852.0,19886.0,20196.0,23317.0,18852.0,20275.0,21906.0,22347.0,21329.0,22873.0,22305.0,22267.0,20699.0,22550.0,21901.0,26595.0
Износковский муниципальный район,18732.0,20773.0,22073.0,20441.0,20482.0,19075.0,20600.0,19774.0,20852.0,21699.0,23465.0,27597.0,22215.0,23509.0,25426.0,26013.0,26141.0,25788.0,25257.0,25244.0,23372.0,24848.0,25913.0,30520.0
Икрянинский муниципальный район,15529.0,17432.0,18902.0,16508.0,16929.0,17190.0,17512.0,17622.0,16950.0,16709.0,17922.0,21032.0,15000.0,17594.0,19184.0,19990.0,20095.0,20007.0,20646.0,21699.0,20208.0,21171.0,20163.0,24664.0
Иланский муниципальный район,20141.0,21824.0,23770.0,20964.0,21548.0,21586.0,22312.0,22331.0,21310.0,22448.0,22915.0,25859.0,20379.0,22801.0,24971.0,24632.0,24894.0,25179.0,25427.0,26322.0,23548.0,24969.0,25272.0,29815.0
Илекский муниципальный район,16764.0,17652.0,19336.0,17109.0,17710.0,17474.0,18090.0,18877.0,17197.0,17704.0,18479.0,22880.0,17522.0,18732.0,21249.0,19737.0,20740.0,20401.0,20356.0,20312.0,18212.0,19914.0,20398.0,23229.0
Илишевский муниципальный район,16412.0,16925.0,18707.0,17299.0,17869.0,17541.0,18049.0,18079.0,16563.0,17113.0,17112.0,20767.0,17142.0,18593.0,20333.0,19788.0,20055.0,20181.0,20390.0,21246.0,19547.0,20424.0,19742.0,23313.0
Иловлинский муниципальный район,18616.0,20112.0,21459.0,18990.0,19908.0,19915.0,19813.0,20854.0,19464.0,20332.0,20469.0,23843.0,18457.0,21139.0,23181.0,22988.0,22667.0,22612.0,22003.0,23017.0,22120.0,23578.0,23409.0,27282.0
Ильинский муниципальный район,17423.0,17873.0,19395.0,17723.0,18184.0,17522.0,18247.0,18335.0,17059.0,16975.0,19036.0,21655.0,16229.0,19557.0,21116.0,21569.0,20662.0,21765.0,23741.0,21284.0,19261.0,21799.0,22806.0,22990.0
Инжавинский муниципальный округ,17510.0,18336.0,20046.0,18171.0,17634.0,18591.0,18940.0,19008.0,18230.0,19281.0,20079.0,22968.0,18083.0,20641.0,22188.0,22017.0,21381.0,21677.0,22045.0,22550.0,20879.0,22272.0,22512.0,25605.0
Инзенский муниципальный район,16527.0,17731.0,19430.0,18034.0,18917.0,18316.0,19704.0,19948.0,18830.0,18712.0,19763.0,23676.0,18286.0,20689.0,22407.0,22397.0,22439.0,22627.0,23903.0,23190.0,21514.0,22341.0,22762.0,26754.0
Инсарский муниципальный район,15836.0,17018.0,19024.0,17140.0,18091.0,18146.0,18203.0,18590.0,18020.0,18800.0,18907.0,22852.0,17556.0,19454.0,21570.0,21179.0,21270.0,21776.0,23072.0,22595.0,20817.0,21925.0,22726.0,26084.0
Ирафский муниципальный район,14769.0,15647.0,15320.0,15863.0,16827.0,17694.0,17358.0,18368.0,18562.0,19046.0,20820.0,21195.0,16459.0,19125.0,21534.0,22414.0,20094.0,22621.0,20308.0,22770.0,19974.0,21401.0,20777.0,25099.0
Ирбейский муниципальный район,20462.0,21883.0,23335.0,21151.0,21643.0,21313.0,22633.0,22361.0,20538.0,21007.0,21304.0,26996.0,20871.0,24499.0,26406.0,24661.0,25812.0,26081.0,26673.0,25861.0,23558.0,25054.0,23973.0,28923.0
Иркутский муниципальный район,28366.0,29845.0,32666.0,30942.0,32790.0,34138.0,34728.0,35992.0,35059.0,36214.0,37135.0,42929.0,33710.0,36415.0,40740.0,38854.0,39707.0,40516.0,40987.0,41448.0,39084.0,40831.0,40634.0,47561.0
Исаклинский муниципальный район,16532.0,18806.0,19856.0,18680.0,20006.0,19752.0,19590.0,20820.0,18887.0,18538.0,19471.0,21585.0,17503.0,18997.0,21980.0,21320.0,21940.0,22490.0,21479.0,21922.0,20221.0,22014.0,22491.0,25447.0
Исетский муниципальный район,21008.0,21773.0,24290.0,22387.0,22636.0,22837.0,23599.0,24176.0,21271.0,23153.0,22769.0,27792.0,21392.0,23102.0,25687.0,24652.0,23752.0,24925.0,25145.0,25595.0,23712.0,24460.0,24431.0,29805.0
Исилькульский муниципальный район,18420.0,19296.0,21324.0,19431.0,19472.0,19727.0,21297.0,21260.0,18992.0,19944.0,20289.0,24806.0,18789.0,20469.0,23134.0,22369.0,22350.0,24049.0,23728.0,24290.0,21785.0,23506.0,23002.0,27276.0
Искитимский муниципальный район,20372.0,21696.0,24101.0,22298.0,22779.0,22603.0,23243.0,24058.0,22174.0,22650.0,23753.0,27072.0,22151.0,23739.0,26551.0,26062.0,27137.0,27492.0,28198.0,28506.0,26786.0,28131.0,26859.0,30977.0
Иссинский муниципальный район,16241.0,17409.0,19085.0,15909.0,16845.0,17003.0,17977.0,17040.0,16711.0,16446.0,18231.0,21155.0,17490.0,19059.0,20470.0,20920.0,20066.0,20438.0,19851.0,20503.0,19060.0,20007.0,21992.0,25133.0
Ичалковский муниципальный район,16534.0,17525.0,19335.0,16995.0,17276.0,17265.0,18115.0,17272.0,17553.0,17874.0,17762.0,21356.0,16906.0,19001.0,21180.0,21789.0,20756.0,22068.0,22149.0,21908.0,20603.0,22121.0,22072.0,26220.0
Ишимбайский муниципальный район,23464.0,24658.0,27196.0,25723.0,26775.0,26200.0,27344.0,28437.0,26275.0,27207.0,28379.0,32382.0,27442.0,28909.0,32314.0,31497.0,30959.0,30926.0,31766.0,32318.0,30506.0,31322.0,31824.0,36757.0
Ишимский муниципальный район,20298.0,21685.0,21757.0,21384.0,21605.0,23086.0,23978.0,24743.0,23070.0,25120.0,25092.0,30006.0,22180.0,23893.0,27264.0,27196.0,27018.0,27990.0,28052.0,27942.0,26256.0,28392.0,28015.0,33899.0
Каа-Хемский муниципальный район,14715.0,17585.0,19380.0,16843.0,18193.0,18968.0,21681.0,21042.0,17724.0,19910.0,19342.0,24178.0,18171.0,22081.0,22648.0,21365.0,22972.0,23173.0,23518.0,25881.0,23190.0,24422.0,23981.0,29551.0
Кавалеровский муниципальный округ,24596.0,27321.0,29442.0,26511.0,27511.0,26712.0,28674.0,28348.0,26689.0,27934.0,28521.0,33573.0,26275.0,29977.0,32010.0,31250.0,30818.0,30779.0,31925.0,32133.0,30005.0,31112.0,32029.0,38118.0
Кадомский муниципальный район,17227.0,17050.0,19495.0,16741.0,17805.0,17481.0,18895.0,19016.0,19132.0,19202.0,20263.0,23973.0,17239.0,20614.0,21723.0,22976.0,21079.0,22449.0,23919.0,22578.0,21098.0,22294.0,23008.0,26751.0
Кадошкинский муниципальный район,15256.0,16750.0,18958.0,17318.0,17846.0,17829.0,18641.0,18143.0,19097.0,18003.0,18883.0,21896.0,16726.0,18999.0,23265.0,21812.0,21057.0,20526.0,21232.0,20641.0,20203.0,21589.0,22528.0,26858.0
Кадуйский муниципальный округ,23625.0,23336.0,26627.0,23677.0,23832.0,22959.0,23993.0,23502.0,21469.0,22669.0,23304.0,26720.0,22329.0,24291.0,26374.0,26249.0,26518.0,27088.0,26282.0,25992.0,23979.0,26088.0,26609.0,31256.0
Кадыйский муниципальный район,16030.0,16981.0,18725.0,17823.0,17328.0,18768.0,18771.0,19176.0,17013.0,17706.0,18262.0,21403.0,16429.0,19027.0,21342.0,21890.0,21642.0,22167.0,22910.0,23013.0,20790.0,23047.0,21277.0,24654.0
Казанский муниципальный район,19930.0,20765.0,22693.0,21358.0,21677.0,22489.0,23328.0,23676.0,21345.0,22285.0,21401.0,25542.0,20167.0,21295.0,24921.0,23464.0,24723.0,25681.0,25964.0,26536.0,23911.0,25775.0,24986.0,29402.0
Казачинский муниципальный район,18314.0,20587.0,21067.0,18998.0,21189.0,21299.0,21365.0,22202.0,20203.0,19371.0,20879.0,24860.0,19447.0,21371.0,23461.0,24244.0,24299.0,24333.0,26452.0,26410.0,23397.0,24424.0,23477.0,28260.0
Казачинско-Ленский муниципальный район,26497.0,28788.0,31426.0,29973.0,31465.0,31745.0,33944.0,33642.0,30935.0,32040.0,33409.0,39365.0,29564.0,34242.0,37481.0,37234.0,38607.0,39030.0,40199.0,40998.0,36678.0,38563.0,36317.0,45060.0
Кайбицкий муниципальный район,14316.0,15095.0,16149.0,14785.0,14793.0,15174.0,15943.0,15798.0,15709.0,15127.0,17524.0,20616.0,15805.0,16722.0,18196.0,16039.0,17555.0,16514.0,18325.0,18216.0,16698.0,17417.0,17215.0,20072.0
Каларский муниципальный округ,27655.0,28297.0,30495.0,29313.0,31903.0,33237.0,35067.0,35221.0,33010.0,33111.0,34409.0,38504.0,31091.0,32974.0,36052.0,34465.0,37205.0,39478.0,40178.0,40559.0,36219.0,38676.0,37627.0,46243.0
Калачевский муниципальный район,20333.0,21316.0,23015.0,20771.0,21075.0,20991.0,22110.0,22773.0,22005.0,22486.0,23311.0,28418.0,21529.0,23467.0,25517.0,25474.0,25456.0,25667.0,26108.0,27144.0,25979.0,27815.0,28010.0,33409.0
Калачинский муниципальный район,19225.0,19680.0,21513.0,18686.0,19239.0,19889.0,20960.0,20649.0,19400.0,20258.0,20595.0,24532.0,19030.0,20496.0,22765.0,21822.0,22992.0,23432.0,23381.0,23885.0,21718.0,23256.0,23878.0,27377.0
Калевальский муниципальный район,27080.0,29107.0,30708.0,29932.0,31508.0,33156.0,33159.0,35620.0,32423.0,32667.0,32609.0,38007.0,29290.0,32834.0,36516.0,35057.0,37775.0,37880.0,37857.0,40063.0,34496.0,36532.0,36763.0,43152.0
Калманский муниципальный район,15922.0,17593.0,17619.0,15125.0,17051.0,16592.0,17012.0,17137.0,16070.0,16222.0,16544.0,19961.0,15159.0,16771.0,19091.0,17861.0,18854.0,19684.0,19380.0,19574.0,17909.0,19522.0,20328.0,24465.0
Калтасинский муниципальный район,18144.0,19449.0,20422.0,18442.0,17587.0,16913.0,18504.0,17934.0,16966.0,17270.0,18459.0,20747.0,17688.0,19436.0,20749.0,20498.0,21067.0,19926.0,20413.0,19864.0,18964.0,20455.0,19262.0,23484.0
Камешкирский муниципальный район,15679.0,17452.0,18330.0,16843.0,17214.0,16648.0,17216.0,17716.0,16612.0,16721.0,18176.0,21524.0,15482.0,18857.0,19065.0,19401.0,18612.0,18994.0,18405.0,20102.0,17025.0,18862.0,18732.0,22026.0
Камешковский муниципальный район,20941.0,23072.0,24663.0,22842.0,23780.0,23206.0,23345.0,23405.0,21577.0,22252.0,22928.0,27462.0,21446.0,24669.0,27123.0,26673.0,26597.0,26190.0,26415.0,26518.0,24578.0,26891.0,26773.0,31971.0
Камско-Устьинский муниципальный район,17884.0,18704.0,19978.0,17400.0,18559.0,20373.0,19051.0,20075.0,18023.0,18358.0,19037.0,21707.0,18799.0,20688.0,21946.0,21094.0,21745.0,22703.0,23175.0,22115.0,20805.0,21554.0,20871.0,24243.0
Камызякский муниципальный район,15565.0,16945.0,17703.0,15749.0,16026.0,15781.0,15816.0,16996.0,15667.0,15655.0,16880.0,21161.0,15223.0,17451.0,18903.0,19328.0,18514.0,18093.0,18737.0,20553.0,18495.0,19508.0,19518.0,23155.0
Камышлинский муниципальный район,17081.0,17324.0,17913.0,16903.0,18266.0,17555.0,19339.0,17980.0,17910.0,19084.0,19210.0,21857.0,17417.0,19592.0,22525.0,21992.0,21213.0,21119.0,22276.0,22842.0,21280.0,22183.0,21115.0,25476.0
Камышловский муниципальный район,26190.0,25976.0,28201.0,27595.0,27735.0,28100.0,30496.0,30896.0,27567.0,28639.0,29535.0,37607.0,27358.0,30217.0,34448.0,32758.0,33357.0,34366.0,33942.0,35027.0,33573.0,33757.0,32990.0,42897.0
Кандалакшский муниципальный район,34381.0,34766.0,37337.0,36654.0,38218.0,38815.0,40034.0,40281.0,37902.0,39406.0,40116.0,46116.0,37004.0,39908.0,44143.0,42306.0,44939.0,45726.0,47132.0,47034.0,43617.0,45187.0,45192.0,52520.0
Карагинский муниципальный район,33736.0,39853.0,43192.0,39426.0,42820.0,46308.0,50306.0,60486.0,53455.0,54125.0,54241.0,57729.0,39170.0,43273.0,47388.0,46806.0,45619.0,51809.0,54600.0,65110.0,54724.0,58784.0,55123.0,63777.0
Караидельский муниципальный район,17183.0,18122.0,20235.0,18957.0,19802.0,18367.0,19853.0,19476.0,17356.0,18106.0,18916.0,22450.0,17834.0,19484.0,20628.0,20248.0,20957.0,21439.0,21838.0,21764.0,19187.0,20507.0,20408.0,23706.0
Карасукский муниципальный район,18794.0,20254.0,21823.0,20563.0,21596.0,22339.0,23696.0,23249.0,21758.0,22173.0,22566.0,26978.0,20759.0,22763.0,25335.0,25036.0,25366.0,26207.0,26991.0,27031.0,24657.0,26420.0,26383.0,30924.0
Каратузский муниципальный район,18234.0,19634.0,21278.0,19893.0,21234.0,22028.0,22365.0,22651.0,21798.0,22653.0,23000.0,27353.0,20624.0,23398.0,25974.0,24827.0,25523.0,25235.0,26826.0,26671.0,24858.0,27147.0,25468.0,30846.0
Каргапольский муниципальный округ,17316.0,18617.0,19224.0,18157.0,18289.0,18523.0,19492.0,19520.0,17534.0,18150.0,18864.0,21830.0,16704.0,18628.0,21113.0,20943.0,21017.0,21209.0,21776.0,22441.0,19809.0,21206.0,21003.0,25270.0
Каргасокский муниципальный район,21188.0,22998.0,25158.0,22584.0,24114.0,24382.0,26247.0,26981.0,24154.0,24253.0,24707.0,29602.0,23381.0,25989.0,28464.0,26979.0,27652.0,28930.0,29838.0,30343.0,26830.0,28300.0,27507.0,32481.0
Каргатский муниципальный район,16503.0,18900.0,20470.0,18463.0,19239.0,20287.0,20203.0,20912.0,20173.0,20592.0,20537.0,24727.0,18567.0,21295.0,22705.0,22321.0,22704.0,23236.0,24222.0,24278.0,22420.0,23254.0,22985.0,26804.0
Кардымовский муниципальный район,18945.0,20460.0,22816.0,19095.0,19944.0,19780.0,21206.0,20598.0,18288.0,19499.0,20664.0,23301.0,18757.0,20566.0,23978.0,22931.0,22100.0,22033.0,22281.0,23102.0,22495.0,23376.0,24634.0,29858.0
Кармаскалинский муниципальный район,18157.0,18885.0,20368.0,17934.0,18544.0,18432.0,19195.0,19428.0,17986.0,19795.0,20059.0,23403.0,19001.0,20644.0,22940.0,21951.0,21919.0,22265.0,21719.0,22661.0,20558.0,22146.0,22153.0,26373.0
Карсунский муниципальный район,14856.0,16617.0,17675.0,15771.0,15792.0,15325.0,16076.0,16268.0,15525.0,15957.0,16522.0,19200.0,15423.0,17130.0,18587.0,18341.0,18378.0,18823.0,19121.0,19333.0,17955.0,18600.0,18911.0,22150.0
Карталинский муниципальный район,17584.0,18744.0,20882.0,19110.0,19576.0,19121.0,20295.0,20332.0,18951.0,19825.0,20375.0,24464.0,19021.0,21433.0,23256.0,22854.0,22903.0,22992.0,23377.0,23992.0,21805.0,23013.0,23495.0,27447.0
Карымский муниципальный район,20986.0,23172.0,24916.0,21765.0,23632.0,23823.0,24984.0,25305.0,22287.0,22708.0,23140.0,28844.0,21488.0,24455.0,26407.0,25895.0,27213.0,28228.0,27821.0,27767.0,24677.0,25920.0,25326.0,31401.0
Касимовский муниципальный район,19418.0,20806.0,22234.0,20100.0,20659.0,21051.0,21377.0,20968.0,19467.0,20418.0,21301.0,23755.0,18553.0,21260.0,22823.0,22728.0,23546.0,22635.0,23557.0,23934.0,21883.0,24265.0,25144.0,28719.0
Каслинский муниципальный район,20944.0,21621.0,23850.0,21984.0,22565.0,22736.0,22935.0,23939.0,22204.0,22810.0,23924.0,28367.0,22160.0,24737.0,26834.0,26021.0,26013.0,25898.0,26352.0,27153.0,25115.0,26411.0,26485.0,31877.0
Катав-Ивановский муниципальный район,18606.0,19880.0,22293.0,20105.0,21066.0,20775.0,22049.0,22419.0,20692.0,21559.0,22384.0,27475.0,20606.0,22960.0,25374.0,24690.0,24737.0,25180.0,25859.0,26338.0,24077.0,25502.0,25255.0,30343.0
Катайский муниципальный округ,18305.0,19381.0,21379.0,19238.0,19428.0,19389.0,20433.0,20426.0,18449.0,18988.0,19737.0,22718.0,17915.0,20134.0,22873.0,22128.0,22550.0,22073.0,23095.0,23261.0,21594.0,22658.0,22921.0,27113.0
Катангский муниципальный район,27532.0,33825.0,34012.0,30779.0,34869.0,39677.0,40471.0,37350.0,34517.0,37753.0,33960.0,43140.0,28988.0,36876.0,38531.0,37251.0,40830.0,42989.0,47279.0,48093.0,36922.0,40490.0,38330.0,45042.0
Качугский муниципальный район,18737.0,21055.0,22669.0,20493.0,21606.0,22474.0,23833.0,23389.0,21644.0,22240.0,23380.0,28175.0,19838.0,22987.0,26035.0,24904.0,26362.0,26138.0,26245.0,27738.0,24633.0,25133.0,24242.0,30264.0
Кваркенский муниципальный район,17124.0,18391.0,19422.0,17754.0,17141.0,17613.0,19233.0,18610.0,16314.0,17106.0,18609.0,21724.0,17219.0,19191.0,21038.0,21164.0,21461.0,20662.0,20904.0,21713.0,19669.0,22179.0,21743.0,25426.0
Кежемский муниципальный район,29051.0,31683.0,35345.0,32093.0,34420.0,34452.0,36299.0,35203.0,32339.0,33341.0,34059.0,39980.0,30069.0,34348.0,39529.0,37138.0,39841.0,41122.0,42298.0,42103.0,38546.0,39903.0,39593.0,47365.0
Кемеровский муниципальный округ,25564.0,25988.0,28268.0,27473.0,28181.0,29770.0,29975.0,30747.0,29849.0,31591.0,32111.0,37197.0,30061.0,31797.0,35996.0,35540.0,37071.0,36976.0,37711.0,38006.0,34443.0,36774.0,36539.0,40673.0
Кемский муниципальный район,27316.0,29341.0,31698.0,28117.0,29586.0,30116.0,29873.0,31403.0,27827.0,28310.0,29721.0,34108.0,27302.0,31000.0,33068.0,31188.0,32298.0,32487.0,31498.0,30868.0,28548.0,31001.0,31727.0,37372.0
Кетовский муниципальный округ,18795.0,19306.0,21567.0,22214.0,22030.0,21286.0,22653.0,23208.0,21369.0,20209.0,23053.0,25897.0,21693.0,24331.0,27503.0,25797.0,26100.0,26351.0,26762.0,26776.0,25326.0,26603.0,26835.0,32024.0
Кигинский муниципальный район,17763.0,18186.0,19528.0,18365.0,19405.0,19093.0,20036.0,20168.0,17740.0,18430.0,18149.0,24018.0,18917.0,19965.0,22270.0,21191.0,22186.0,22375.0,22287.0,22479.0,20248.0,21342.0,22150.0,25393.0
Кизильский муниципальный район,16990.0,18362.0,18874.0,17885.0,16735.0,16661.0,17890.0,17911.0,17243.0,16994.0,17961.0,22451.0,15314.0,18992.0,19345.0,19715.0,19536.0,19774.0,20873.0,20416.0,19492.0,20074.0,19681.0,24669.0
Киквидзенский муниципальный район,17859.0,18859.0,19641.0,18228.0,19242.0,19878.0,19650.0,20618.0,18763.0,19178.0,19712.0,24051.0,18085.0,20220.0,22185.0,22211.0,21801.0,22899.0,22530.0,24730.0,21797.0,22167.0,22615.0,28278.0
Килемарский муниципальный район,16549.0,17163.0,18186.0,17411.0,17922.0,18037.0,18472.0,19005.0,18113.0,17715.0,19552.0,22724.0,17488.0,18951.0,21344.0,21320.0,21430.0,22284.0,20953.0,21620.0,20016.0,20352.0,20042.0,23755.0
Кильмезский муниципальный район,15682.0,17357.0,18255.0,16841.0,18543.0,17769.0,18718.0,19463.0,17220.0,17092.0,17002.0,19938.0,15367.0,17938.0,19892.0,19618.0,19622.0,20318.0,21233.0,21260.0,19822.0,19776.0,18870.0,22847.0
Кимовский муниципальный район,20476.0,22029.0,23337.0,21180.0,21039.0,21895.0,22427.0,22758.0,21976.0,22950.0,23753.0,27887.0,21422.0,24148.0,25769.0,25956.0,25543.0,26187.0,27003.0,27354.0,25561.0,27209.0,28016.0,32132.0
Кингисеппский муниципальный район,30468.0,31228.0,34024.0,34063.0,35508.0,36055.0,37285.0,37800.0,36103.0,37393.0,38177.0,43870.0,35347.0,38174.0,41876.0,40817.0,42396.0,42097.0,42954.0,43689.0,40616.0,42671.0,42498.0,49412.0
Кинель-Черкасский муниципальный район,19858.0,21100.0,22538.0,21167.0,21881.0,22311.0,23177.0,23299.0,21739.0,21832.0,22198.0,26345.0,20379.0,22785.0,25084.0,24446.0,23569.0,23824.0,24929.0,24574.0,23175.0,24153.0,24504.0,29244.0
Кинельский муниципальный район,18891.0,20405.0,21494.0,19612.0,19171.0,19878.0,20694.0,19317.0,18549.0,20432.0,20630.0,24239.0,19811.0,21040.0,24811.0,22209.0,22153.0,23722.0,23918.0,24009.0,22460.0,24002.0,24223.0,26286.0
Кинешемский муниципальный район,18250.0,19099.0,21614.0,19044.0,19831.0,20277.0,20960.0,21768.0,20246.0,19773.0,20774.0,26115.0,18663.0,21633.0,23443.0,23085.0,23854.0,23443.0,23492.0,23873.0,22989.0,23765.0,24232.0,29954.0
Киреевский муниципальный район,21848.0,23140.0,25325.0,23047.0,23548.0,23646.0,24710.0,24345.0,23507.0,24308.0,25560.0,29663.0,22695.0,25346.0,27926.0,28245.0,27438.0,28136.0,28870.0,28067.0,26994.0,28657.0,28647.0,32867.0
Киренский муниципальный район,22148.0,25759.0,27794.0,25164.0,26845.0,28476.0,30945.0,30085.0,27605.0,29940.0,29987.0,36539.0,26494.0,30638.0,33691.0,31509.0,33882.0,36114.0,37266.0,38782.0,34124.0,35010.0,33452.0,42493.0
Киржачский муниципальный район,24251.0,26462.0,28597.0,27822.0,29085.0,29180.0,30426.0,31161.0,29978.0,30951.0,31329.0,36573.0,28042.0,31011.0,34527.0,33633.0,34721.0,34991.0,36202.0,37481.0,35158.0,36735.0,37100.0,43829.0
Киришский муниципальный район,27694.0,29189.0,32041.0,31641.0,32495.0,32486.0,33347.0,33561.0,32374.0,33327.0,33542.0,38520.0,30752.0,33769.0,37891.0,36546.0,37854.0,37274.0,38602.0,39035.0,35784.0,37769.0,38368.0,43824.0
Кирово-Чепецкий муниципальный район,21406.0,22169.0,22744.0,21458.0,21081.0,21804.0,22050.0,22450.0,21388.0,22994.0,22687.0,25057.0,21174.0,23955.0,26733.0,25881.0,25191.0,25783.0,25918.0,26372.0,24929.0,26641.0,27052.0,30955.0
Кичменгско-Городецкий муниципальный округ,18944.0,19923.0,22340.0,20631.0,20889.0,20804.0,21360.0,21617.0,19326.0,19906.0,20483.0,24681.0,18633.0,21141.0,24006.0,23290.0,24287.0,24342.0,25363.0,24598.0,22704.0,23871.0,23983.0,28568.0
Клепиковский муниципальный район,19418.0,21034.0,22200.0,19492.0,20052.0,20275.0,20629.0,21239.0,20259.0,20218.0,21381.0,24920.0,18878.0,21606.0,23683.0,22619.0,22644.0,23020.0,24580.0,24318.0,23537.0,25158.0,24698.0,28875.0
Клетский муниципальный район,17869.0,18441.0,20610.0,18559.0,18694.0,18336.0,18947.0,20073.0,19110.0,18919.0,19877.0,25217.0,18453.0,20094.0,22411.0,21466.0,22572.0,21636.0,21860.0,23921.0,21562.0,22328.0,22047.0,27469.0
Ключевский муниципальный район,16187.0,17243.0,19549.0,18074.0,19027.0,19960.0,20289.0,20060.0,18457.0,18650.0,19282.0,23656.0,17761.0,19371.0,21400.0,21346.0,21655.0,22684.0,23724.0,24035.0,21544.0,22372.0,22191.0,27112.0
Клявлинский муниципальный район,18218.0,19128.0,20767.0,19248.0,19721.0,20951.0,21375.0,20654.0,19002.0,19305.0,19922.0,23467.0,18745.0,20973.0,24557.0,24130.0,23239.0,23687.0,24385.0,24116.0,22455.0,22585.0,22467.0,26526.0
Княгининский муниципальный округ,20084.0,21327.0,22930.0,20679.0,22134.0,21960.0,24078.0,24119.0,22872.0,22252.0,22812.0,27742.0,21195.0,23422.0,25106.0,24431.0,25476.0,26086.0,26613.0,25344.0,24025.0,25029.0,25683.0,30544.0
Кобяйский муниципальный район,27702.0,31592.0,35047.0,31728.0,29329.0,33373.0,35941.0,35529.0,29768.0,26570.0,26573.0,36872.0,25915.0,29855.0,33880.0,32566.0,31000.0,35065.0,40473.0,39219.0,33479.0,31263.0,34015.0,47083.0
Ковдорский муниципальный округ,37855.0,38283.0,42030.0,40761.0,43757.0,43708.0,44973.0,44198.0,41204.0,41019.0,40835.0,47316.0,39023.0,42737.0,47457.0,49247.0,50209.0,50428.0,52052.0,50192.0,47622.0,48361.0,47880.0,58269.0
Ковернинский муниципальный округ,18513.0,19964.0,21867.0,19445.0,19772.0,20124.0,20438.0,21052.0,20164.0,20099.0,20109.0,23132.0,18177.0,21025.0,23742.0,23757.0,24506.0,24216.0,25378.0,25704.0,24098.0,24690.0,24586.0,29058.0
Ковылкинский муниципальный район,17664.0,18993.0,20746.0,18927.0,19683.0,19160.0,20026.0,20023.0,19327.0,19875.0,19879.0,23628.0,18688.0,20974.0,22729.0,22716.0,23054.0,23217.0,23494.0,24042.0,22275.0,22954.0,23495.0,27377.0
Кожевниковский муниципальный район,17401.0,19689.0,20859.0,18503.0,19894.0,20186.0,20457.0,21759.0,18440.0,20058.0,21139.0,23895.0,17888.0,20334.0,22547.0,22583.0,22655.0,23103.0,23386.0,24321.0,21389.0,23383.0,22964.0,26986.0
Козельский муниципальный район,22663.0,24288.0,25995.0,22728.0,22872.0,22337.0,23693.0,22995.0,22676.0,23567.0,25088.0,29544.0,22812.0,25147.0,26691.0,26597.0,26266.0,26442.0,27311.0,27972.0,26403.0,28410.0,28520.0,34618.0
Козловский муниципальный округ,16861.0,17901.0,18847.0,16727.0,17443.0,16807.0,17121.0,17260.0,16330.0,16345.0,17678.0,21187.0,17373.0,18196.0,19063.0,19543.0,18843.0,19520.0,19774.0,19769.0,19132.0,19536.0,19682.0,23082.0
Козульский муниципальный район,18992.0,21415.0,22570.0,20680.0,21612.0,21577.0,22925.0,21764.0,20702.0,20069.0,20332.0,26052.0,19642.0,21982.0,24627.0,23591.0,23971.0,24830.0,27134.0,26105.0,23700.0,24108.0,24266.0,29286.0
Кологривский муниципальный округ,14676.0,16715.0,17692.0,17491.0,18031.0,18375.0,19032.0,19451.0,17566.0,18019.0,19050.0,21500.0,16221.0,18455.0,20734.0,22306.0,21569.0,22740.0,22901.0,23229.0,21460.0,22075.0,21605.0,26049.0
Колосовский муниципальный район,16639.0,17431.0,18629.0,17126.0,17219.0,18007.0,19869.0,19099.0,17661.0,18438.0,19665.0,22944.0,17468.0,18665.0,21673.0,20571.0,21144.0,21417.0,21301.0,22529.0,20385.0,22137.0,20320.0,25217.0
Колпашевский муниципальный район,22480.0,24866.0,27110.0,23784.0,25043.0,25609.0,26687.0,26499.0,24690.0,24990.0,25427.0,30688.0,24182.0,27344.0,30146.0,28570.0,29604.0,30742.0,31078.0,31475.0,28107.0,29833.0,29356.0,35293.0
Колпнянский муниципальный район,17999.0,18592.0,18572.0,16298.0,17106.0,17595.0,18276.0,19991.0,17280.0,19241.0,19846.0,24058.0,19469.0,20981.0,22312.0,20663.0,21134.0,21562.0,21656.0,22296.0,21830.0,23501.0,22904.0,25885.0
Колыванский муниципальный район,19550.0,20884.0,22322.0,19055.0,20538.0,21073.0,22141.0,22490.0,21480.0,22277.0,22750.0,27784.0,20385.0,22386.0,24594.0,23900.0,24756.0,25734.0,26935.0,27255.0,25766.0,26893.0,27480.0,31974.0
Колышлейский муниципальный район,16606.0,17527.0,18736.0,16600.0,17623.0,16976.0,18855.0,17982.0,17345.0,17215.0,18458.0,22274.0,17153.0,19956.0,21019.0,19654.0,20291.0,20778.0,21205.0,21982.0,19463.0,20556.0,21258.0,24140.0
Кольский муниципальный район,30759.0,32064.0,34479.0,32079.0,33576.0,33165.0,34630.0,34919.0,32060.0,31972.0,32337.0,36224.0,29755.0,32053.0,34864.0,35130.0,35752.0,37201.0,36686.0,35951.0,32447.0,34184.0,35013.0,41060.0
Кольчугинский муниципальный район,23599.0,24856.0,27491.0,25871.0,27026.0,26311.0,28140.0,28486.0,27523.0,28406.0,29596.0,34665.0,27771.0,30082.0,33181.0,32435.0,33058.0,32577.0,34062.0,34281.0,31941.0,33303.0,33761.0,41226.0
Комсомольский муниципальный округ,14168.0,14498.0,15245.0,13363.0,14213.0,14328.0,15689.0,14880.0,12983.0,13827.0,14991.0,17726.0,13949.0,15801.0,16661.0,16196.0,16665.0,16096.0,17607.0,16227.0,15720.0,16509.0,16912.0,19530.0
Кондинский муниципальный район,28464.0,30962.0,33782.0,29563.0,31214.0,31970.0,33559.0,33667.0,30612.0,30901.0,30997.0,39373.0,29572.0,33783.0,37379.0,34846.0,35112.0,36973.0,37364.0,37554.0,33494.0,35475.0,34269.0,43901.0
Кондопожский муниципальный район,24913.0,26404.0,28532.0,28291.0,28323.0,28759.0,28947.0,28505.0,26371.0,27120.0,27484.0,30907.0,25611.0,28370.0,30952.0,30253.0,31644.0,30987.0,31889.0,31340.0,29184.0,30079.0,30089.0,34658.0
Коношский муниципальный район,23554.0,25454.0,27263.0,25511.0,26501.0,26527.0,27406.0,27195.0,24693.0,25549.0,24998.0,30113.0,22580.0,26144.0,29192.0,28312.0,30513.0,30736.0,30709.0,30491.0,27830.0,28674.0,28634.0,34638.0
Кораблинский муниципальный район,18585.0,19400.0,20966.0,18499.0,18673.0,18272.0,19041.0,18842.0,18759.0,19715.0,20274.0,23510.0,17548.0,20577.0,22295.0,22287.0,21727.0,22201.0,22379.0,23502.0,21517.0,24194.0,24047.0,28361.0
Коркинский муниципальный округ,20168.0,21706.0,24165.0,21429.0,22249.0,22098.0,23468.0,24005.0,23060.0,25422.0,25714.0,30129.0,23589.0,25544.0,28408.0,27226.0,27179.0,28227.0,28779.0,30771.0,29248.0,31118.0,31298.0,36669.0
Кормиловский муниципальный район,18500.0,19079.0,21113.0,18775.0,18658.0,18907.0,20046.0,19708.0,18290.0,19508.0,19257.0,23790.0,18460.0,19095.0,21858.0,20570.0,21203.0,22051.0,22156.0,24090.0,21048.0,23225.0,23200.0,25756.0
Косихинский муниципальный район,14852.0,16757.0,17835.0,15699.0,16209.0,17728.0,18278.0,17057.0,16429.0,16772.0,17482.0,20333.0,15075.0,17076.0,18498.0,18976.0,19609.0,20029.0,20586.0,21255.0,19076.0,21113.0,19855.0,23135.0
Костромской муниципальный район,22776.0,23177.0,25288.0,24237.0,25326.0,25270.0,25928.0,27533.0,25346.0,26289.0,27468.0,32082.0,26149.0,28424.0,31199.0,31156.0,31400.0,31151.0,32246.0,32762.0,31154.0,32200.0,33051.0,37846.0
Котельниковский муниципальный район,21169.0,22520.0,24143.0,21859.0,22375.0,22126.0,22339.0,23691.0,22056.0,22582.0,23434.0,27780.0,21350.0,23505.0,25859.0,26369.0,25576.0,25577.0,26005.0,28128.0,25884.0,27204.0,27084.0,33356.0
Котельничский муниципальный район,17265.0,18745.0,19011.0,18473.0,18240.0,18464.0,18889.0,17917.0,16816.0,19303.0,18619.0,21646.0,16782.0,18777.0,19598.0,19550.0,20337.0,19648.0,19632.0,19803.0,19461.0,20025.0,18688.0,22588.0
Котласский муниципальный округ,22288.0,24364.0,25393.0,22824.0,23439.0,22851.0,25573.0,26481.0,22215.0,23015.0,22474.0,27742.0,21994.0,24433.0,26462.0,24913.0,26188.0,24495.0,25702.0,23279.0,21400.0,22400.0,24070.0,28776.0
Котовский муниципальный район,20406.0,21144.0,22731.0,21254.0,21344.0,21346.0,22037.0,22380.0,21090.0,20653.0,21677.0,25727.0,19227.0,22054.0,23482.0,23201.0,23553.0,24144.0,24494.0,24687.0,23222.0,24229.0,24308.0,29272.0
Коченевский муниципальный район,19928.0,22267.0,23991.0,20815.0,21420.0,22635.0,23315.0,23415.0,21820.0,22551.0,22800.0,28154.0,21102.0,23822.0,25841.0,24975.0,25612.0,26553.0,27058.0,27092.0,25407.0,27454.0,27916.0,31665.0
Кочковский муниципальный район,15839.0,18265.0,18862.0,17508.0,19043.0,19890.0,20433.0,20971.0,18575.0,20067.0,21000.0,24165.0,18072.0,19415.0,20892.0,20274.0,20852.0,22298.0,22869.0,23080.0,20254.0,22716.0,21846.0,25746.0
Кочубеевский муниципальный округ,18826.0,19408.0,21172.0,19455.0,19494.0,20114.0,20853.0,21609.0,20251.0,21162.0,22442.0,27059.0,21032.0,22982.0,25658.0,25318.0,24453.0,25444.0,25620.0,26954.0,24717.0,25544.0,25911.0,31548.0
Кош-Агачский муниципальный район,18416.0,19976.0,21728.0,19577.0,21659.0,23406.0,24575.0,24901.0,23078.0,23397.0,22930.0,26914.0,19759.0,22429.0,24530.0,24571.0,27262.0,29349.0,30353.0,30321.0,28575.0,28833.0,27317.0,30659.0
Кошехабльский муниципальный район,16565.0,18073.0,18520.0,19026.0,19044.0,19454.0,20361.0,21190.0,20029.0,20780.0,22053.0,25833.0,19319.0,22258.0,24267.0,22798.0,22492.0,23445.0,23467.0,24565.0,23559.0,25151.0,25024.0,31036.0
Кошкинский муниципальный район,17840.0,18811.0,20382.0,19288.0,20466.0,20093.0,21124.0,20747.0,19950.0,20108.0,21260.0,25460.0,19791.0,22380.0,23392.0,23530.0,22880.0,21902.0,23068.0,23359.0,21151.0,22684.0,23004.0,28002.0
Крапивинский муниципальный округ,19330.0,20636.0,23650.0,22651.0,22943.0,23777.0,24208.0,24090.0,22291.0,22526.0,22083.0,27008.0,20635.0,22030.0,24535.0,25097.0,25867.0,26853.0,28882.0,28491.0,26323.0,28066.0,27950.0,32251.0
Красноармейский муниципальный округ,18537.5,19701.5,21391.5,19268.0,19389.0,19931.0,20597.0,20751.0,19732.0,20488.0,21198.5,25917.5,19882.5,21852.5,24217.5,23919.0,24132.0,23380.0,24748.0,25396.0,23509.5,24649.0,24210.5,28784.5
Краснобаковский муниципальный округ,19373.0,20569.0,22187.0,20158.0,20431.0,20703.0,21606.0,21481.0,20518.0,20671.0,20487.0,25074.0,19206.0,21889.0,23405.0,23582.0,24047.0,24455.0,25453.0,25357.0,23171.0,24117.0,25006.0,30045.0
Красноборский муниципальный округ,20030.0,21865.0,23665.0,20840.0,21454.0,21491.0,21582.0,21573.0,19694.0,20173.0,20934.0,24844.0,18093.0,21808.0,23883.0,22915.0,23915.0,24218.0,24593.0,25018.0,21862.0,22278.0,23056.0,27151.0
Красногвардейский муниципальный округ,17543.0,18931.0,20066.0,18895.0,18699.0,18681.0,19975.0,22022.0,19952.0,20253.0,21236.0,25046.0,19078.0,21798.0,23060.0,23449.0,22876.0,23275.0,24350.0,25867.0,23305.0,24737.0,24166.0,29295.0
Краснозерский муниципальный район,17115.0,18858.0,19898.0,18383.0,19050.0,20042.0,20556.0,20879.0,19079.0,20166.0,20516.0,24556.0,18410.0,21274.0,22366.0,22125.0,22380.0,23464.0,24885.0,24802.0,22060.0,23525.0,23875.0,28032.0
Краснозоренский муниципальный район,16785.0,18203.0,21420.0,16471.0,18863.0,19045.0,19583.0,19340.0,19066.0,19603.0,21121.0,23505.0,18490.0,21530.0,21403.0,22183.0,22037.0,21600.0,24003.0,23544.0,21489.0,23206.0,22637.0,26377.0
Краснокамский муниципальный район,17377.0,18654.0,20206.0,16663.0,18448.0,18002.0,18077.0,20318.0,19030.0,19204.0,18771.0,22089.0,18035.0,20362.0,22860.0,21944.0,22297.0,21472.0,23339.0,22915.0,21243.0,22700.0,23267.0,23685.0
Краснокутский муниципальный район,17506.0,18658.0,19810.0,17932.0,18553.0,18599.0,18958.0,19277.0,18348.0,19006.0,19603.0,24390.0,18136.0,20518.0,22738.0,23116.0,22617.0,24175.0,23650.0,24727.0,21703.0,23283.0,22343.0,26881.0
Краснооктябрьский муниципальный округ,16361.0,17653.0,18172.0,16568.0,17375.0,16808.0,18266.0,17239.0,17162.0,17151.0,18719.0,21407.0,17489.0,18003.0,20290.0,21688.0,21436.0,20870.0,20533.0,21766.0,20132.0,22235.0,22131.0,27841.0
Краснопартизанский муниципальный район,15210.0,17948.0,18297.0,16946.0,17400.0,17553.0,18118.0,18119.0,16834.0,18022.0,18890.0,23313.0,16458.0,19694.0,20799.0,20271.0,20557.0,20601.0,20885.0,21016.0,19237.0,19937.0,19720.0,25748.0
Красносельский муниципальный район,19712.0,21467.0,23557.0,22011.0,21380.0,21109.0,22049.0,22147.0,21223.0,21474.0,23380.0,27129.0,22109.0,23797.0,26054.0,26621.0,26226.0,26593.0,26906.0,26219.0,23688.0,25621.0,26890.0,30504.0
Краснослободский муниципальный район,16098.0,17056.0,19230.0,16562.0,17319.0,16987.0,17739.0,17426.0,16916.0,16663.0,16981.0,20650.0,16046.0,17806.0,20349.0,20273.0,20246.0,20961.0,21563.0,21355.0,20389.0,20414.0,20675.0,25064.0
Краснотуранский муниципальный район,19356.0,20892.0,22839.0,20913.0,21893.0,22084.0,22631.0,22503.0,21081.0,21512.0,22315.0,27389.0,20611.0,23452.0,25395.0,24445.0,25109.0,26246.0,26511.0,26617.0,25291.0,26321.0,25739.0,30114.0
Красночетайский муниципальный округ,13787.0,14402.0,15813.0,14384.0,14885.0,14875.0,16209.0,15334.0,14683.0,15336.0,15293.0,17588.0,15314.0,16126.0,17359.0,17001.0,16965.0,17569.0,17275.0,17559.0,17259.0,16622.0,16455.0,19542.0
Красночикойский муниципальный район,19703.0,21900.0,22788.0,20983.0,22424.0,23961.0,25167.0,24856.0,21868.0,22893.0,23046.0,30131.0,20821.0,23570.0,25397.0,24907.0,26249.0,26998.0,28543.0,28253.0,24762.0,26637.0,25512.0,33605.0
Кривошеинский муниципальный район,20136.0,22173.0,23234.0,20567.0,21311.0,22282.0,22339.0,22225.0,20631.0,21267.0,21792.0,25389.0,19409.0,22276.0,23564.0,23164.0,23995.0,25878.0,25046.0,25672.0,23501.0,25469.0,24657.0,30023.0
Кромской муниципальный район,21405.0,22071.0,24529.0,23568.0,24756.0,24447.0,25899.0,25747.0,24868.0,25068.0,26382.0,30941.0,23708.0,26591.0,28199.0,27465.0,26769.0,25920.0,24756.0,25444.0,23728.0,26132.0,27336.0,33606.0
Крутинский муниципальный район,18277.0,19382.0,20403.0,18721.0,18658.0,18179.0,19675.0,19591.0,17468.0,17606.0,18686.0,23084.0,17580.0,19331.0,21943.0,20930.0,21231.0,22065.0,20889.0,21460.0,19493.0,21668.0,20598.0,24314.0
Крутихинский муниципальный район,15989.0,17596.0,18510.0,16442.0,17534.0,18107.0,20098.0,19140.0,18079.0,18292.0,18575.0,21818.0,16454.0,18364.0,19659.0,19728.0,20071.0,21030.0,22389.0,20971.0,19284.0,19714.0,19189.0,23921.0
Кстовский муниципальный округ,26809.0,27835.0,31067.0,30079.0,31381.0,31446.0,32447.0,33720.0,32550.0,33778.0,34636.0,39857.0,31613.0,34080.0,37532.0,36564.0,37344.0,38194.0,38846.0,39300.0,36947.0,38661.0,39179.0,45553.0
Кугарчинский муниципальный район,17285.0,18093.0,19599.0,18487.0,18720.0,18782.0,19817.0,19581.0,17643.0,18268.0,19104.0,22197.0,17532.0,19324.0,20992.0,21541.0,21708.0,21122.0,21986.0,22767.0,20067.0,21041.0,20414.0,24270.0
Куженерский муниципальный район,15326.0,16845.0,17730.0,16289.0,15773.0,15649.0,16337.0,15857.0,15182.0,14878.0,15988.0,18230.0,14652.0,16975.0,17816.0,18088.0,18048.0,19374.0,18549.0,17912.0,16904.0,18167.0,18127.0,22221.0
Кузоватовский муниципальный район,16109.0,17287.0,19252.0,16715.0,17632.0,17333.0,18762.0,18702.0,17401.0,17960.0,18453.0,21108.0,16395.0,18804.0,20519.0,20890.0,20303.0,21008.0,21037.0,21080.0,20179.0,21129.0,21252.0,23858.0
Куйтунский муниципальный район,19879.0,22620.0,23664.0,22734.0,22698.0,24575.0,25357.0,24492.0,22948.0,23569.0,24422.0,30207.0,20613.0,24232.0,26554.0,26516.0,26890.0,27785.0,27915.0,28304.0,24779.0,26667.0,26203.0,31684.0
Кукморский муниципальный район,17793.0,17498.0,18573.0,17463.0,18544.0,17318.0,18883.0,18693.0,16895.0,17079.0,17905.0,20439.0,17572.0,18608.0,20461.0,19924.0,20541.0,20080.0,20813.0,20178.0,18677.0,20218.0,20145.0,22728.0
Кулундинский муниципальный район,18007.0,19647.0,21062.0,20120.0,21006.0,21907.0,22747.0,22752.0,21020.0,21304.0,22282.0,25876.0,20018.0,22285.0,24087.0,24320.0,24479.0,25987.0,25521.0,26423.0,24026.0,25182.0,24846.0,29195.0
Куменский муниципальный район,20163.0,21926.0,23949.0,19819.0,20083.0,19752.0,19732.0,19278.0,18061.0,19622.0,19212.0,21852.0,18076.0,20391.0,22285.0,22057.0,21828.0,21934.0,22690.0,22588.0,20764.0,22837.0,22004.0,24687.0
Кумылженский муниципальный район,16114.0,17220.0,17960.0,16900.0,17815.0,17796.0,18664.0,18751.0,17861.0,18455.0,17352.0,22980.0,16987.0,18788.0,20006.0,20742.0,20703.0,21313.0,21604.0,21803.0,19906.0,21029.0,21080.0,24961.0
Кунашакский муниципальный район,17129.0,19496.0,20049.0,17551.0,17760.0,17215.0,18687.0,19159.0,17568.0,18527.0,19508.0,23000.0,17415.0,19529.0,21924.0,20407.0,21128.0,21069.0,22432.0,21937.0,21164.0,22216.0,21977.0,25850.0
Купинский муниципальный район,17339.0,19100.0,20847.0,19089.0,19816.0,20773.0,21844.0,21796.0,20099.0,21269.0,21421.0,25244.0,19109.0,22007.0,23786.0,23912.0,24124.0,25644.0,25980.0,25814.0,23819.0,25227.0,24877.0,29613.0
Курагинский муниципальный район,20708.0,22322.0,24138.0,22175.0,23340.0,24150.0,24957.0,24535.0,23336.0,24023.0,24641.0,29493.0,22860.0,25250.0,27921.0,27204.0,27863.0,28588.0,29168.0,29372.0,26926.0,28599.0,28226.0,33423.0
Куркинский муниципальный район,20101.0,21947.0,22995.0,21630.0,22194.0,21970.0,22070.0,21970.0,21561.0,21937.0,23457.0,27334.0,21326.0,23873.0,25105.0,26410.0,27251.0,26127.0,27145.0,27018.0,26296.0,27942.0,27492.0,32389.0
Курманаевский муниципальный район,16043.0,17466.0,19056.0,16418.0,16115.0,16703.0,18047.0,18639.0,16940.0,18771.0,19892.0,23081.0,17478.0,19592.0,20460.0,21245.0,19609.0,20388.0,20546.0,20761.0,19308.0,20197.0,20672.0,22741.0
Курский муниципальный округ,16218.0,17620.0,18157.0,17247.0,17690.0,17058.0,18107.0,19111.0,17170.0,18530.0,19595.0,22867.0,18112.0,19879.0,20911.0,20926.0,21123.0,21286.0,21182.0,23455.0,21231.0,22055.0,22197.0,25949.0
Куртамышский муниципальный округ,16194.0,17502.0,18864.0,17033.0,17593.0,17557.0,18787.0,18523.0,17381.0,17323.0,17559.0,21430.0,16272.0,18563.0,20404.0,20228.0,20258.0,20182.0,20429.0,21655.0,18904.0,20433.0,20040.0,24817.0
Курьинский муниципальный район,15418.0,16909.0,18156.0,17502.0,18221.0,19422.0,20089.0,19482.0,18419.0,18427.0,19519.0,22581.0,16547.0,18046.0,20868.0,20403.0,21122.0,22026.0,22563.0,23025.0,20663.0,21884.0,20861.0,24835.0
Кусинский муниципальный район,18102.0,19220.0,21141.0,18588.0,19188.0,19147.0,19763.0,19864.0,18569.0,19586.0,19978.0,24274.0,18207.0,20681.0,23391.0,22742.0,22930.0,22763.0,22390.0,23473.0,21954.0,23063.0,23242.0,29060.0
Кушнаренковский муниципальный район,18023.0,19013.0,20769.0,18752.0,19240.0,19096.0,19083.0,19498.0,16761.0,18093.0,17505.0,21620.0,16818.0,19134.0,21220.0,20877.0,20318.0,19801.0,20665.0,20485.0,19261.0,19760.0,19148.0,23283.0
Кызылский муниципальный район,18935.0,21526.0,24141.0,21855.0,22730.0,24439.0,26075.0,27039.0,24603.0,26508.0,27286.0,34139.0,22743.0,26036.0,28841.0,28570.0,30292.0,32549.0,32764.0,34860.0,31464.0,31567.0,31566.0,37642.0
Кыринский муниципальный район,20440.0,23751.0,23339.0,23895.0,25280.0,26491.0,28761.0,27256.0,25313.0,26840.0,29165.0,35474.0,24223.0,26396.0,29588.0,29309.0,28827.0,30222.0,30167.0,30807.0,26461.0,29513.0,30697.0,38211.0
Кытмановский муниципальный район,15005.0,16744.0,17980.0,16906.0,17583.0,18887.0,18954.0,18373.0,16414.0,16661.0,17702.0,21315.0,15112.0,16468.0,18844.0,18430.0,18501.0,19457.0,20349.0,19188.0,18107.0,20106.0,19209.0,23042.0
Кыштовский муниципальный район,18768.0,19304.0,20489.0,19819.0,20629.0,21423.0,22290.0,22341.0,22183.0,22285.0,22114.0,25807.0,20524.0,21645.0,24202.0,23567.0,24117.0,24451.0,25745.0,25962.0,23667.0,26192.0,23870.0,29193.0
Лаганский муниципальный район,15883.0,17013.0,19046.0,16775.0,18394.0,18818.0,18933.0,19289.0,17183.0,18897.0,18551.0,23559.0,17048.0,19368.0,21191.0,21497.0,21227.0,21969.0,23440.0,22770.0,20829.0,20718.0,20866.0,24387.0
Лазовский муниципальный округ,24377.0,24315.0,26444.0,23291.0,27697.0,26538.0,26610.0,26658.0,23716.0,25787.0,27773.0,32450.0,25655.0,27593.0,29535.0,30499.0,31953.0,31929.0,30680.0,30286.0,27845.0,29841.0,31094.0,37312.0
Лаишевский муниципальный район,23313.0,23733.0,25962.0,26662.0,27751.0,28204.0,29263.0,30733.0,29378.0,31358.0,31469.0,36102.0,29360.0,31535.0,34593.0,33926.0,33668.0,34731.0,35360.0,36385.0,33964.0,35713.0,36025.0,41686.0
Лахденпохский муниципальный район,27489.0,27835.0,31216.0,28451.0,29362.0,30246.0,30520.0,30669.0,29182.0,29082.0,29189.0,35085.0,26827.0,30077.0,32956.0,32753.0,34905.0,35397.0,37148.0,37114.0,33820.0,35137.0,35302.0,40564.0
Лебедянский муниципальный район,21331.0,22082.0,23902.0,22087.0,22697.0,22385.0,23298.0,22943.0,22284.0,23029.0,24527.0,27791.0,23179.0,24880.0,26942.0,26511.0,26713.0,26689.0,27513.0,27446.0,25900.0,27205.0,27622.0,31763.0
Лебяжьевский муниципальный округ,15709.0,17092.0,18750.0,16307.0,16807.0,16179.0,18198.0,17400.0,16931.0,16857.0,16256.0,20069.0,15535.0,18095.0,20266.0,18553.0,19723.0,19734.0,19644.0,19747.0,17773.0,19266.0,18706.0,24066.0
Лев-Толстовский муниципальный район,21572.0,22669.0,24178.0,22750.0,23840.0,23386.0,23934.0,23665.0,22511.0,24202.0,24509.0,28041.0,23738.0,25249.0,27489.0,27384.0,27066.0,27471.0,28550.0,28565.0,26990.0,28770.0,29006.0,32876.0
Левокумский муниципальный округ,15805.0,17524.0,18760.0,17378.0,17281.0,17374.0,18645.0,18664.0,18007.0,18237.0,19082.0,22766.0,17951.0,18765.0,20345.0,19884.0,19786.0,20124.0,21061.0,21884.0,19951.0,20730.0,20914.0,25136.0
Лежневский муниципальный район,17381.0,19781.0,21442.0,17851.0,18213.0,18050.0,19430.0,19734.0,20281.0,19368.0,19514.0,23425.0,16449.0,20113.0,20733.0,21041.0,21099.0,22473.0,21563.0,22092.0,20496.0,21314.0,22274.0,25267.0
Лениногорский муниципальный район,22413.0,22366.0,24668.0,23365.0,24555.0,24362.0,25841.0,26357.0,24661.0,25568.0,26323.0,29904.0,25668.0,26405.0,29945.0,29195.0,29370.0,29496.0,30036.0,30883.0,28069.0,30123.0,29965.0,33861.0
Лиманский муниципальный район,15236.0,17454.0,18837.0,17115.0,17462.0,16939.0,18259.0,18909.0,18118.0,17548.0,18323.0,22142.0,16545.0,19506.0,19960.0,20153.0,20186.0,20986.0,21029.0,22477.0,20845.0,20861.0,20753.0,26404.0
Ловозерский муниципальный район,31808.0,35634.0,37626.0,36746.0,36913.0,39597.0,39627.0,40060.0,35332.0,36000.0,36579.0,43091.0,34173.0,38143.0,42731.0,41114.0,42458.0,45141.0,44353.0,44516.0,39997.0,40857.0,40737.0,47065.0
Лодейнопольский муниципальный район,25883.0,27416.0,30146.0,29227.0,30000.0,30482.0,31632.0,31530.0,29462.0,29973.0,30755.0,35645.0,27951.0,31428.0,35752.0,35554.0,37447.0,37695.0,38868.0,38900.0,35673.0,37045.0,37329.0,44440.0
Локтевский муниципальный район,15568.0,17331.0,19146.0,17929.0,17720.0,18948.0,19379.0,19262.0,17582.0,18032.0,19072.0,22553.0,16636.0,17700.0,20242.0,20790.0,21368.0,22336.0,22341.0,22016.0,20211.0,21408.0,21270.0,24253.0
Ломоносовский муниципальный район,31187.0,32252.0,35186.0,35181.0,36523.0,36990.0,38360.0,39217.0,37325.0,39569.0,40377.0,45833.0,37243.0,39578.0,43444.0,42596.0,44125.0,43885.0,44682.0,45229.0,42948.0,45094.0,45724.0,53107.0
Лопатинский муниципальный район,14809.0,16604.0,16772.0,13659.0,13736.0,14577.0,15396.0,15684.0,14762.0,14932.0,18994.0,19733.0,14990.0,17369.0,17952.0,18683.0,18022.0,17144.0,17293.0,17594.0,16050.0,17555.0,18170.0,20797.0
Лоухский муниципальный район,28297.0,30170.0,32094.0,30996.0,32793.0,32347.0,33155.0,34134.0,31750.0,31888.0,33135.0,37217.0,29166.0,33535.0,36171.0,35684.0,37872.0,37970.0,39405.0,39100.0,36209.0,36727.0,36905.0,43744.0
Лужский муниципальный район,26964.0,28380.0,30753.0,30524.0,31673.0,31997.0,32912.0,33920.0,32151.0,33120.0,33811.0,39746.0,31397.0,34848.0,37956.0,37364.0,39120.0,38452.0,39130.0,40343.0,37642.0,39362.0,40099.0,48216.0
Лукояновский муниципальный округ,18344.0,20180.0,21975.0,19628.0,20164.0,20204.0,20807.0,21043.0,19780.0,19993.0,20517.0,24453.0,18035.0,21027.0,23221.0,22752.0,23785.0,24020.0,24327.0,24148.0,22926.0,23886.0,24465.0,29462.0
Лунинский муниципальный район,16922.0,17015.0,19518.0,16393.0,17440.0,16349.0,16412.0,16298.0,15401.0,16418.0,17912.0,20546.0,16038.0,19235.0,19366.0,18637.0,19281.0,19365.0,20131.0,20375.0,18884.0,20122.0,20818.0,22779.0
Лухский муниципальный район,15325.0,18937.0,19153.0,15697.0,16997.0,16976.0,15750.0,17439.0,15802.0,15769.0,17052.0,22754.0,17003.0,18375.0,20751.0,19071.0,19067.0,19790.0,20808.0,20072.0,18172.0,18721.0,20247.0,24402.0
Лысковский муниципальный округ,20813.0,22252.0,24541.0,23337.0,24192.0,24435.0,24933.0,25418.0,24578.0,25095.0,25374.0,29525.0,22987.0,25287.0,28299.0,27586.0,28337.0,29496.0,30101.0,29486.0,27576.0,29453.0,29933.0,35395.0
Лысогорский муниципальный район,16425.0,18136.0,19373.0,16767.0,17225.0,16928.0,17296.0,18832.0,17489.0,18234.0,19454.0,23674.0,17166.0,19943.0,21693.0,22044.0,21930.0,21457.0,21359.0,21184.0,19196.0,20104.0,20310.0,25738.0
Любимский муниципальный район,18266.0,19480.0,20722.0,18998.0,18904.0,19146.0,19987.0,20266.0,18873.0,20111.0,20754.0,24049.0,18351.0,20623.0,22761.0,21932.0,22727.0,22156.0,23193.0,22952.0,22083.0,23722.0,23931.0,27696.0
Любинский муниципальный район,18250.0,18868.0,20430.0,18239.0,18697.0,19131.0,19800.0,20011.0,18211.0,18674.0,19277.0,23268.0,17714.0,19836.0,21941.0,21051.0,21516.0,21812.0,22017.0,22368.0,20356.0,22551.0,22758.0,27786.0
Любытинский муниципальный район,20820.0,22110.0,23993.0,23418.0,23064.0,24174.0,24048.0,24189.0,23406.0,23780.0,23845.0,28450.0,21939.0,24587.0,27981.0,27213.0,26958.0,27254.0,28649.0,27833.0,26385.0,27338.0,27471.0,31956.0
Людиновский муниципальный район,22050.0,22221.0,25281.0,23069.0,23121.0,23559.0,24468.0,24432.0,23232.0,24051.0,24789.0,28961.0,23459.0,25145.0,28367.0,27764.0,28065.0,27492.0,28982.0,29749.0,27828.0,29037.0,30420.0,35124.0
Лямбирский муниципальный район,18720.0,19246.0,21817.0,20933.0,21490.0,20438.0,21113.0,22121.0,21379.0,21412.0,23905.0,27364.0,22345.0,24812.0,26764.0,27199.0,26589.0,28248.0,28567.0,28965.0,26638.0,28122.0,28533.0,34049.0
Магдагачинский муниципальный район,24300.0,26041.0,27498.0,25187.0,26063.0,26577.0,27880.0,28685.0,26248.0,26222.0,27228.0,30844.0,24926.0,27292.0,30387.0,29206.0,29564.0,30432.0,31771.0,32549.0,29211.0,29701.0,28596.0,34742.0
Мазановский муниципальный район,20204.0,22619.0,23418.0,22651.0,23862.0,24304.0,25773.0,25375.0,23208.0,24856.0,24729.0,29605.0,22393.0,25555.0,27752.0,26138.0,28004.0,28875.0,30022.0,30367.0,26900.0,29623.0,27673.0,34139.0
Майкопский муниципальный район,18656.0,19382.0,21792.0,20715.0,20806.0,20950.0,22923.0,23277.0,22636.0,23151.0,24071.0,28855.0,22247.0,24427.0,26162.0,25838.0,25544.0,27006.0,27356.0,28646.0,25699.0,28230.0,27554.0,32452.0
Майминский муниципальный район,22785.0,24454.0,26753.0,25567.0,27230.0,28930.0,30477.0,31527.0,29532.0,29923.0,30195.0,36378.0,26461.0,29870.0,33542.0,33292.0,34220.0,35521.0,37008.0,37598.0,34278.0,36256.0,34887.0,42595.0
Майнский муниципальный район,15860.0,17694.0,18993.0,17478.0,17548.0,17484.0,18615.0,18642.0,17935.0,16935.0,17889.0,20997.0,16273.0,18753.0,19534.0,19797.0,20055.0,20087.0,21242.0,20578.0,18789.0,20018.0,20333.0,22487.0
Майский муниципальный район,15139.0,16850.0,18054.0,16358.0,17296.0,16878.0,17599.0,17916.0,17718.0,17315.0,19695.0,22613.0,16888.0,19090.0,20280.0,19373.0,19470.0,19665.0,20752.0,21501.0,20148.0,20389.0,20554.0,24011.0
Макарьевский муниципальный район,15130.0,15863.0,17998.0,16196.0,17318.0,17368.0,17922.0,18056.0,16730.0,17620.0,17672.0,19871.0,16918.0,18300.0,19719.0,20022.0,20291.0,20225.0,21176.0,21007.0,19255.0,21055.0,20089.0,23683.0
Малмыжский муниципальный район,16723.0,17482.0,18568.0,17938.0,18298.0,18212.0,18558.0,18307.0,16997.0,17666.0,17723.0,20956.0,16895.0,18671.0,21275.0,20269.0,20111.0,20419.0,20978.0,20855.0,19079.0,20487.0,20346.0,23697.0
Малоархангельский муниципальный район,18250.0,19893.0,21906.0,18679.0,19850.0,19479.0,20245.0,20245.0,18320.0,20306.0,20984.0,24261.0,18560.0,22377.0,21927.0,22182.0,22326.0,22465.0,22257.0,23026.0,21004.0,22739.0,22713.0,26669.0
Маловишерский муниципальный район,21602.0,22875.0,24861.0,22701.0,23656.0,23955.0,24570.0,24122.0,22315.0,23309.0,23405.0,28409.0,22211.0,24541.0,27537.0,27459.0,28594.0,27841.0,29553.0,29214.0,27673.0,28912.0,28510.0,33095.0
Малодербетовский муниципальный район,15987.0,16748.0,17447.0,16727.0,14485.0,16284.0,17077.0,19021.0,16520.0,17131.0,17903.0,21225.0,16645.0,16854.0,19034.0,18708.0,19831.0,19175.0,20367.0,20724.0,19470.0,19306.0,18066.0,23853.0
Малокарачаевский муниципальный район,14499.0,15510.0,16063.0,13726.0,14621.0,15009.0,15809.0,16419.0,14622.0,15921.0,15807.0,15693.0,15579.0,16436.0,16884.0,17022.0,16576.0,16327.0,18527.0,19590.0,17159.0,17775.0,18192.0,21230.0
Малосердобинский муниципальный район,15153.0,16410.0,18173.0,16364.0,17136.0,16460.0,16673.0,16092.0,16521.0,17569.0,17416.0,21441.0,15997.0,17946.0,20181.0,19343.0,19212.0,20009.0,18859.0,20859.0,18477.0,21222.0,20624.0,22624.0
Малоярославецкий муниципальный район,24646.0,25601.0,28289.0,26154.0,26656.0,26511.0,28178.0,29076.0,27769.0,29690.0,30875.0,35463.0,28501.0,30212.0,32298.0,31437.0,31194.0,31990.0,33177.0,34452.0,32717.0,34647.0,35697.0,40847.0
Мамадышский муниципальный район,16719.0,17764.0,18677.0,16871.0,17190.0,17553.0,19053.0,18530.0,16770.0,17928.0,18275.0,20252.0,17539.0,19033.0,20931.0,21008.0,19907.0,20582.0,21073.0,21412.0,20378.0,20504.0,20303.0,23442.0
Мамонтовский муниципальный район,15231.0,16832.0,17977.0,16678.0,17323.0,17921.0,18415.0,18500.0,17424.0,17087.0,18300.0,21608.0,15783.0,17761.0,19714.0,19853.0,19623.0,20997.0,20362.0,20907.0,19098.0,19883.0,20246.0,24041.0
Манский муниципальный район,18034.0,19108.0,20851.0,18074.0,18501.0,18878.0,19429.0,18708.0,16892.0,17845.0,19158.0,22986.0,18514.0,21310.0,22012.0,22128.0,22624.0,22506.0,22647.0,22681.0,20465.0,22194.0,21242.0,25979.0
Мантуровский муниципальный округ,19129.0,20011.0,21672.0,21645.0,22363.0,21764.0,22751.0,22541.0,21290.0,21471.0,22354.0,26491.0,20313.0,22290.0,24928.0,25180.0,25419.0,25256.0,25456.0,26037.0,24079.0,24792.0,24761.0,30533.0
Мари-Турекский муниципальный район,14731.0,15659.0,16453.0,15472.0,15188.0,15510.0,16697.0,17064.0,15254.0,15376.0,17032.0,19159.0,15218.0,17210.0,18339.0,18786.0,18076.0,18426.0,19203.0,19659.0,17650.0,18699.0,19005.0,21784.0
Мариинский муниципальный округ,19031.0,20178.0,22556.0,21785.0,22416.0,23209.0,24561.0,24607.0,22973.0,23710.0,23867.0,28510.0,21987.0,23798.0,26732.0,26403.0,27103.0,27787.0,29198.0,29099.0,26422.0,27739.0,27649.0,33584.0
Мариинско-Посадский муниципальный округ,15014.0,16488.0,17647.0,15530.0,15930.0,15038.0,16086.0,15870.0,15049.0,15114.0,15466.0,17597.0,14456.0,16326.0,18260.0,17598.0,16443.0,17361.0,16787.0,17265.0,15650.0,16633.0,18068.0,19515.0
Марксовский муниципальный район,18498.0,19792.0,21497.0,19174.0,19834.0,19855.0,20949.0,21619.0,20153.0,21102.0,21851.0,25942.0,20147.0,22132.0,23868.0,23511.0,23084.0,24121.0,24346.0,25476.0,24301.0,25572.0,25898.0,30748.0
Марьяновский муниципальный район,19113.0,19622.0,21348.0,18247.0,18677.0,19483.0,20062.0,20142.0,18535.0,20226.0,19592.0,24033.0,17860.0,20586.0,22457.0,22778.0,21172.0,22423.0,21650.0,23386.0,21272.0,22266.0,22608.0,26809.0
Маслянинский муниципальный район,18252.0,20142.0,21083.0,19665.0,21447.0,21232.0,22329.0,22971.0,21358.0,21974.0,22596.0,26610.0,19982.0,21704.0,24122.0,24491.0,23902.0,24795.0,25580.0,26054.0,24063.0,25666.0,25064.0,29526.0
Матвеевский муниципальный район,16280.0,16582.0,17950.0,16027.0,16862.0,17020.0,17404.0,18024.0,16598.0,16776.0,17305.0,20875.0,16593.0,17855.0,19373.0,19769.0,19678.0,20107.0,19503.0,18610.0,18072.0,19605.0,19074.0,23526.0
Мегино-Кангаласский муниципальный район,24553.0,26868.0,29891.0,27228.0,27653.0,31405.0,30518.0,33982.0,29806.0,30316.0,28358.0,37855.0,25257.0,28988.0,32623.0,31190.0,31695.0,35188.0,33449.0,36486.0,32509.0,32610.0,32264.0,42726.0
Медведевский муниципальный район,21659.0,22556.0,24127.0,24077.0,24743.0,24707.0,25514.0,26410.0,25546.0,26517.0,27215.0,31081.0,25487.0,27762.0,30817.0,29430.0,29964.0,30384.0,31240.0,31765.0,30263.0,32230.0,32865.0,37837.0
Медвежьегорский муниципальный район,25907.0,27723.0,29567.0,27742.0,28117.0,28019.0,28978.0,28529.0,26400.0,27728.0,28508.0,33092.0,26477.0,28776.0,31664.0,31018.0,32273.0,32882.0,32418.0,32890.0,30328.0,32513.0,32536.0,38049.0
Медынский муниципальный район,21619.0,23445.0,25072.0,22077.0,21966.0,22237.0,22256.0,22401.0,21936.0,22020.0,23563.0,28408.0,21245.0,23703.0,25915.0,25279.0,25009.0,25024.0,27227.0,26715.0,25633.0,26881.0,27109.0,31871.0
Междуреченский муниципальный округ,21158.0,21636.0,23597.0,19317.0,19092.0,20847.0,23747.0,21287.0,19094.0,19930.0,19251.0,22109.0,18455.0,21062.0,22954.0,22461.0,23413.0,22376.0,23241.0,22534.0,20938.0,24660.0,21941.0,24641.0
Межевской муниципальный округ,15433.0,16663.0,17673.0,16810.0,17571.0,18350.0,18745.0,19312.0,18018.0,17801.0,18270.0,20869.0,16473.0,18570.0,20391.0,22080.0,22567.0,21184.0,22810.0,23164.0,20946.0,22145.0,20914.0,25249.0
Мезенский муниципальный округ,20735.0,24890.0,25838.0,21660.0,21379.0,23507.0,24288.0,25059.0,20800.0,21623.0,22172.0,25568.0,20631.0,24879.0,26858.0,23587.0,23379.0,26306.0,27626.0,28455.0,24866.0,25801.0,23705.0,27147.0
Меленковский муниципальный район,18751.0,20415.0,21428.0,19463.0,19484.0,19515.0,19723.0,20275.0,19361.0,19028.0,20181.0,23860.0,18578.0,21692.0,22720.0,23011.0,23252.0,22471.0,23327.0,24131.0,22449.0,23217.0,23073.0,27374.0
Мелеузовский муниципальный район,22100.0,22389.0,25123.0,24250.0,25556.0,24989.0,26316.0,27006.0,24887.0,26388.0,26861.0,31346.0,25471.0,26885.0,30019.0,29133.0,29235.0,30050.0,30697.0,31496.0,29024.0,30530.0,30872.0,35687.0
Менделеевский муниципальный район,20659.0,21303.0,23280.0,20470.0,21236.0,19830.0,21167.0,21038.0,18906.0,19571.0,20566.0,23915.0,20542.0,21544.0,24100.0,23401.0,24574.0,23578.0,23604.0,23962.0,21511.0,23069.0,23055.0,25590.0
Мензелинский муниципальный район,19574.0,19716.0,21882.0,19048.0,19588.0,18712.0,19644.0,20026.0,18693.0,20169.0,19851.0,23255.0,19058.0,20216.0,22505.0,21912.0,22008.0,22591.0,22831.0,23491.0,21719.0,21828.0,21792.0,25252.0
Мечетлинский муниципальный район,17527.0,19057.0,20294.0,18962.0,19883.0,20134.0,21418.0,21245.0,19511.0,19915.0,19898.0,24864.0,18637.0,20819.0,22719.0,22083.0,23137.0,23177.0,24163.0,24560.0,22585.0,23496.0,22547.0,27015.0
Мещовский муниципальный район,20111.0,21738.0,24145.0,20553.0,21434.0,22326.0,23671.0,21193.0,20868.0,22113.0,22302.0,28038.0,19322.0,22235.0,24659.0,24705.0,24836.0,23640.0,24306.0,24871.0,22072.0,23069.0,23197.0,28189.0
Милославский муниципальный район,18757.0,19260.0,21470.0,19819.0,20759.0,22107.0,20895.0,20624.0,19001.0,18821.0,21850.0,24313.0,19006.0,21197.0,23729.0,23695.0,22857.0,22759.0,23289.0,23119.0,21170.0,22841.0,23685.0,27868.0
Мирнинский муниципальный район,32932.0,35366.0,38081.0,35707.0,37692.0,40717.0,43654.0,43437.0,39483.0,39358.0,38804.0,45741.0,37395.0,38699.0,42798.0,42906.0,44819.0,47495.0,51005.0,50547.0,44854.0,46175.0,43955.0,51869.0
Мишкинский муниципальный округ,16419.0,17268.0,19125.0,17421.0,17443.0,18017.0,19576.0,18933.0,17167.0,17748.0,17772.0,22434.0,16537.0,18499.0,20731.0,20236.0,20652.0,21235.0,21179.0,22161.0,19810.0,21131.0,20146.0,25938.0
Миякинский муниципальный район,17278.0,17440.0,18251.0,16712.0,17297.0,16839.0,17739.0,17749.0,16536.0,16411.0,17399.0,20835.0,17253.0,18964.0,20923.0,20463.0,20470.0,20542.0,20383.0,20576.0,18854.0,19206.0,19746.0,23593.0
Могойтуйский муниципальный район,18888.0,21803.0,21447.0,21099.0,22419.0,22465.0,24150.0,24880.0,21931.0,22665.0,22414.0,28033.0,20561.0,22816.0,24161.0,23652.0,24186.0,25858.0,27494.0,27842.0,25155.0,26746.0,25104.0,32144.0
Моздокский муниципальный район,18308.0,19797.0,21545.0,20032.0,21015.0,21426.0,23490.0,23798.0,23250.0,23908.0,25358.0,29536.0,22312.0,23962.0,26228.0,25475.0,25394.0,26515.0,27914.0,28431.0,26258.0,27703.0,27278.0,32458.0
Мокроусовский муниципальный округ,15791.0,16983.0,18699.0,16374.0,16195.0,16212.0,17286.0,17712.0,15726.0,16860.0,16615.0,20514.0,16161.0,17039.0,18832.0,19251.0,20005.0,19663.0,20416.0,19990.0,17817.0,19296.0,19757.0,23836.0
Мокшанский муниципальный район,17676.0,18544.0,19906.0,16582.0,16737.0,17651.0,18249.0,18010.0,17013.0,17652.0,18573.0,21938.0,16738.0,19020.0,20592.0,19847.0,20332.0,20918.0,20990.0,20936.0,19417.0,20528.0,21041.0,24433.0
Молчановский муниципальный район,20729.0,23071.0,25441.0,20668.0,21700.0,22371.0,23938.0,23540.0,21048.0,21709.0,21216.0,28037.0,19188.0,23182.0,26099.0,25406.0,26232.0,27662.0,28898.0,27866.0,25898.0,26359.0,24896.0,31504.0
Монастырщинский муниципальный район,16067.0,17286.0,19532.0,16949.0,17639.0,16958.0,17643.0,17258.0,15862.0,16612.0,17089.0,20768.0,16155.0,17985.0,19485.0,19172.0,20388.0,18569.0,20593.0,19616.0,18827.0,19820.0,20570.0,22943.0
Моргаушский муниципальный округ,15085.0,15809.0,17439.0,15167.0,14985.0,14687.0,15429.0,15358.0,14773.0,14539.0,15419.0,18080.0,14294.0,16267.0,17935.0,16992.0,17272.0,18206.0,19013.0,18779.0,17166.0,17934.0,16949.0,20963.0
Мордовский муниципальный округ,17288.0,18200.0,19045.0,18181.0,18365.0,17288.0,18110.0,19162.0,18611.0,18907.0,19858.0,23753.0,19301.0,19580.0,21263.0,20691.0,20996.0,20250.0,21369.0,21117.0,19815.0,20018.0,21127.0,25797.0
Моркинский муниципальный район,14708.0,15476.0,16570.0,15312.0,15842.0,15740.0,16034.0,16553.0,15244.0,16028.0,16581.0,19172.0,15528.0,16755.0,17794.0,17778.0,18613.0,18460.0,18812.0,18185.0,17107.0,17787.0,17218.0,20065.0
Мосальский муниципальный район,20992.0,21382.0,23654.0,20497.0,21033.0,20919.0,21022.0,22713.0,21754.0,21282.0,21795.0,25430.0,20244.0,21847.0,24036.0,23800.0,24503.0,24141.0,25956.0,25534.0,23299.0,25319.0,24717.0,29544.0
Москаленский муниципальный район,18133.0,19034.0,20231.0,18018.0,18673.0,19227.0,20304.0,20439.0,18154.0,19365.0,18977.0,23989.0,17863.0,19963.0,22304.0,21011.0,21608.0,22507.0,22538.0,23623.0,21884.0,22670.0,22193.0,27878.0
Мотыгинский муниципальный район,26186.0,28336.0,29636.0,26819.0,28049.0,29721.0,31228.0,32428.0,27309.0,28615.0,28751.0,33479.0,27105.0,32550.0,34501.0,33511.0,36718.0,36979.0,38645.0,39400.0,35596.0,36911.0,34862.0,41610.0
Мошковский муниципальный район,19530.0,21267.0,23295.0,21244.0,21557.0,22420.0,22916.0,23478.0,22099.0,23188.0,24366.0,27838.0,21189.0,23731.0,25009.0,24686.0,25454.0,26626.0,27112.0,28003.0,25570.0,27143.0,26740.0,30915.0
Муезерский муниципальный район,24136.0,26542.0,27487.0,28314.0,29352.0,29680.0,30283.0,30706.0,27412.0,28281.0,28461.0,34210.0,25717.0,29799.0,33202.0,31946.0,34560.0,35480.0,35464.0,36193.0,31211.0,31352.0,32144.0,39114.0
Муромцевский муниципальный район,17281.0,18533.0,19304.0,17348.0,18487.0,18169.0,18794.0,19668.0,18372.0,17909.0,18221.0,22885.0,16877.0,19178.0,21953.0,21023.0,22098.0,21946.0,21603.0,22295.0,20407.0,21231.0,20821.0,23831.0
Муслюмовский муниципальный район,16774.0,16715.0,17395.0,15918.0,16024.0,15940.0,16045.0,16651.0,14840.0,15897.0,16289.0,19520.0,15794.0,17092.0,18606.0,18214.0,18088.0,19063.0,19023.0,18522.0,16604.0,17907.0,18879.0,21030.0
Мучкапский муниципальный округ,17176.0,18691.0,19261.0,17074.0,18091.0,18073.0,18098.0,17896.0,18150.0,18154.0,19080.0,23132.0,18966.0,20743.0,21550.0,20888.0,20502.0,21118.0,22433.0,22761.0,21220.0,21940.0,23016.0,25765.0
Мышкинский муниципальный район,22735.0,22495.0,24854.0,22305.0,22507.0,23227.0,22970.0,23237.0,21830.0,22702.0,23149.0,27152.0,21723.0,23517.0,24887.0,25606.0,27001.0,26515.0,27004.0,26978.0,26736.0,28425.0,26938.0,31619.0
Нагайбакский муниципальный район,16220.0,17565.0,18779.0,15243.0,16204.0,15786.0,16716.0,16724.0,14673.0,16097.0,16874.0,20414.0,16068.0,18955.0,19758.0,19849.0,19981.0,18792.0,19813.0,19435.0,18394.0,19586.0,20895.0,23995.0
Нагорский муниципальный район,14386.0,15829.0,17421.0,15844.0,16036.0,16421.0,17539.0,16551.0,15666.0,15596.0,16096.0,18937.0,14591.0,16514.0,19161.0,18248.0,18304.0,18469.0,19923.0,18665.0,17204.0,18338.0,18494.0,21091.0
Надеждинский муниципальный район,26116.0,28180.0,30033.0,26270.0,27645.0,27980.0,29419.0,30190.0,29808.0,31621.0,32687.0,39015.0,29723.0,33505.0,36972.0,34791.0,34464.0,35525.0,36477.0,36520.0,34781.0,37516.0,36605.0,44161.0
Называевский муниципальный район,16610.0,17286.0,19643.0,16837.0,17419.0,17553.0,19465.0,18977.0,17187.0,18986.0,19089.0,22378.0,16622.0,18612.0,20710.0,20049.0,20319.0,21499.0,21390.0,21529.0,19971.0,21104.0,20242.0,24393.0
Намский муниципальный район,22986.0,26370.0,28946.0,27991.0,27930.0,32581.0,31750.0,33803.0,29878.0,31281.0,29561.0,40783.0,25531.0,29550.0,32719.0,31369.0,29964.0,36002.0,32919.0,34419.0,30362.0,29987.0,30020.0,42813.0
Нанайский муниципальный район,21500.0,23946.0,25062.0,21297.0,21966.0,23046.0,24188.0,24661.0,23089.0,23801.0,23261.0,27835.0,19578.0,23829.0,25861.0,25492.0,26150.0,26053.0,26939.0,28761.0,24845.0,25952.0,27326.0,33665.0
Наримановский муниципальный район,19302.0,20535.0,22412.0,21212.0,22174.0,23027.0,23660.0,25212.0,24300.0,24729.0,25701.0,29718.0,23248.0,25486.0,27675.0,27872.0,28019.0,29433.0,29607.0,31817.0,29071.0,30166.0,29666.0,35742.0
Наровчатский муниципальный район,16296.0,17528.0,17593.0,16454.0,17002.0,18275.0,17434.0,19177.0,18392.0,17461.0,19305.0,22052.0,17154.0,19620.0,21352.0,20600.0,20058.0,20977.0,21819.0,21796.0,19284.0,19918.0,19899.0,24331.0
Неверкинский муниципальный район,14397.0,16873.0,16657.0,13725.0,14801.0,14045.0,15509.0,15009.0,14225.0,15235.0,15423.0,19674.0,15930.0,16724.0,17765.0,16467.0,17781.0,18119.0,16743.0,16019.0,16403.0,18027.0,18014.0,20229.0
Нейский муниципальный округ,18556.0,19225.0,20725.0,19897.0,20025.0,19659.0,20565.0,20970.0,19321.0,19726.0,20434.0,24718.0,18783.0,21922.0,23415.0,23154.0,23623.0,23668.0,24707.0,24378.0,22502.0,23689.0,24324.0,29020.0
Некоузский муниципальный район,20824.0,21295.0,22598.0,20142.0,20246.0,20832.0,21712.0,21304.0,20775.0,19838.0,20918.0,24787.0,20008.0,21810.0,22876.0,22200.0,23789.0,23782.0,24430.0,24305.0,23338.0,25171.0,24579.0,29234.0
Некрасовский муниципальный район,21606.0,22969.0,24019.0,21484.0,21242.0,20929.0,21345.0,21399.0,20267.0,20875.0,22946.0,26692.0,20974.0,22415.0,24463.0,24306.0,24694.0,24746.0,25478.0,24751.0,23253.0,25102.0,25187.0,29854.0
Немецкий национальный муниципальный район,15832.0,18646.0,19086.0,17857.0,18403.0,19612.0,19655.0,20227.0,18528.0,18254.0,19178.0,23987.0,16704.0,19444.0,22130.0,21646.0,22665.0,23200.0,23158.0,22649.0,20601.0,22553.0,22024.0,27834.0
Нерчинский муниципальный район,20917.0,23294.0,24486.0,23111.0,24618.0,25628.0,26906.0,26993.0,24602.0,24556.0,25990.0,33208.0,23019.0,25768.0,28899.0,28121.0,29538.0,30010.0,30833.0,31624.0,27985.0,29850.0,28359.0,35649.0
Нерюнгринский муниципальный район,32934.0,35465.0,38561.0,37809.0,39718.0,41588.0,43807.0,44440.0,41154.0,41056.0,40999.0,48205.0,38112.0,41616.0,46128.0,45015.0,47460.0,50006.0,51811.0,51782.0,47222.0,47988.0,46687.0,54028.0
Нефтегорский муниципальный район,20833.0,21619.0,24252.0,21956.0,23271.0,22813.0,24414.0,25022.0,23906.0,23909.0,23991.0,28309.0,22281.0,24960.0,28624.0,28013.0,27305.0,28309.0,28356.0,28836.0,27255.0,28972.0,29142.0,34156.0
Нефтеюганский муниципальный район,29111.0,30277.0,33064.0,31199.0,32674.0,34507.0,36150.0,36578.0,32178.0,33043.0,32965.0,38397.0,31521.0,34068.0,39252.0,37762.0,38972.0,40428.0,40496.0,41182.0,36596.0,37646.0,38682.0,46210.0
Нехаевский муниципальный район,17545.0,18363.0,20238.0,19139.0,19205.0,19534.0,19571.0,21893.0,19144.0,18641.0,19848.0,24311.0,18602.0,21195.0,23086.0,21782.0,23814.0,23798.0,22766.0,24045.0,20920.0,22281.0,22929.0,26160.0
Нижневартовский муниципальный район,26169.0,27581.0,29967.0,26612.0,28085.0,28568.0,30122.0,30132.0,27051.0,28011.0,28421.0,31700.0,25752.0,29205.0,32170.0,30697.0,32617.0,33852.0,34104.0,33330.0,30371.0,30717.0,30353.0,35601.0
Нижнеилимский муниципальный район,24249.0,26290.0,29333.0,27599.0,29217.0,29481.0,30676.0,30516.0,27965.0,29105.0,29144.0,33277.0,26326.0,29353.0,32677.0,32499.0,34188.0,34510.0,35729.0,35318.0,32040.0,33509.0,32306.0,37372.0
Нижнеингашский муниципальный район,18843.0,20722.0,22686.0,21560.0,21911.0,22383.0,23680.0,23548.0,22141.0,22524.0,22324.0,28554.0,20739.0,23920.0,26049.0,25526.0,26291.0,26777.0,27626.0,27344.0,24260.0,26362.0,26165.0,32014.0
Нижнекамский муниципальный район,23126.0,23401.0,26017.0,24842.0,25825.0,25274.0,26544.0,27688.0,26270.0,27489.0,28088.0,31694.0,26871.0,27983.0,30862.0,30036.0,30288.0,30718.0,31308.0,32429.0,29896.0,31473.0,31400.0,35971.0
Нижнеколымский муниципальный район,35670.0,49894.0,51222.0,43221.0,47884.0,49978.0,57495.0,55222.0,47991.0,49826.0,46703.0,66914.0,42037.0,48670.0,53073.0,53853.0,55199.0,61049.0,69905.0,68645.0,58706.0,54085.0,50455.0,72705.0
Нижнеломовский муниципальный район,19046.0,19814.0,21615.0,19336.0,19520.0,19430.0,20755.0,20405.0,19827.0,20291.0,21086.0,24941.0,19518.0,21769.0,23662.0,23001.0,22671.0,22562.0,22859.0,22688.0,21898.0,22409.0,23477.0,27894.0
Нижнеомский муниципальный район,16884.0,17445.0,18140.0,16019.0,17000.0,16851.0,17488.0,18153.0,15884.0,16954.0,17290.0,21134.0,16198.0,17296.0,18965.0,18960.0,19769.0,19821.0,20625.0,19423.0,17058.0,19737.0,18659.0,22199.0
Нижнесергинский муниципальный район,21436.0,22922.0,25098.0,23046.0,23826.0,23129.0,24182.0,24492.0,22125.0,23118.0,23303.0,27417.0,22364.0,24714.0,27165.0,26911.0,26717.0,27177.0,27453.0,27327.0,25770.0,27372.0,27142.0,31894.0
Нижнетавдинский муниципальный район,21463.0,22607.0,24758.0,22070.0,21707.0,21450.0,22470.0,23567.0,20473.0,21849.0,22511.0,26680.0,19634.0,22253.0,24580.0,25083.0,24145.0,25180.0,26337.0,25557.0,23506.0,25773.0,24869.0,30092.0
Нижнеудинский муниципальный район,19605.0,21892.0,23967.0,22362.0,22872.0,24114.0,24588.0,24838.0,24004.0,23921.0,24873.0,30655.0,21454.0,25262.0,27672.0,27683.0,27215.0,28399.0,29045.0,29289.0,26265.0,27919.0,27693.0,33798.0
Никифоровский муниципальный округ,17598.0,18733.0,18982.0,17236.0,17846.0,17898.0,17786.0,17794.0,17302.0,17513.0,18850.0,22390.0,16847.0,18668.0,20185.0,21218.0,20762.0,20652.0,20877.0,20489.0,19085.0,20656.0,20334.0,24435.0
Новгородский муниципальный район,26021.0,26064.0,29033.0,28738.0,30112.0,30393.0,31861.0,32344.0,31338.0,32547.0,32696.0,38024.0,30185.0,32304.0,36619.0,35558.0,36961.0,36718.0,37672.0,38378.0,36142.0,37876.0,38089.0,44779.0
Новичихинский муниципальный район,14373.0,16203.0,18051.0,16466.0,18078.0,18955.0,19549.0,19178.0,18641.0,18156.0,19055.0,22940.0,15910.0,17949.0,20343.0,20694.0,20915.0,22627.0,22715.0,23169.0,19594.0,21066.0,21921.0,25584.0
Новоаннинский муниципальный район,19155.0,19928.0,21645.0,20796.0,21294.0,21149.0,21845.0,22700.0,20671.0,21359.0,22006.0,25691.0,19943.0,22405.0,23957.0,24953.0,24774.0,24560.0,25184.0,25649.0,24161.0,25328.0,25460.0,30594.0
Новобурасский муниципальный район,16368.0,17548.0,18701.0,16377.0,16782.0,16816.0,17142.0,18065.0,16234.0,16898.0,18182.0,22995.0,15830.0,17679.0,18857.0,19922.0,20275.0,19630.0,20993.0,20728.0,19433.0,21067.0,20024.0,23974.0
Нововаршавский муниципальный район,17982.0,18857.0,19929.0,16598.0,17518.0,17674.0,19087.0,18739.0,16883.0,17090.0,17188.0,22466.0,18191.0,18905.0,21609.0,22356.0,21261.0,22493.0,22992.0,22904.0,19662.0,21478.0,21037.0,24924.0
Новодеревеньковский муниципальный район,18546.0,20862.0,21283.0,19771.0,19486.0,20782.0,20806.0,20854.0,20030.0,19528.0,20384.0,25162.0,19093.0,21913.0,21265.0,21958.0,22138.0,22007.0,22462.0,22344.0,20794.0,22176.0,21553.0,27151.0
Новодугинский муниципальный район,18813.0,20228.0,20652.0,20310.0,21010.0,21769.0,21967.0,21487.0,20760.0,21764.0,22081.0,26607.0,19707.0,21702.0,24397.0,24451.0,23376.0,24426.0,25342.0,25965.0,23292.0,24288.0,25353.0,29952.0
Новониколаевский муниципальный район,19044.0,20129.0,21929.0,19794.0,20629.0,20996.0,21040.0,22359.0,20236.0,22125.0,21828.0,26425.0,20081.0,21666.0,22842.0,23396.0,23606.0,23737.0,24600.0,25743.0,22623.0,25784.0,26059.0,30148.0
Новоорский муниципальный район,15496.0,17226.0,18907.0,16959.0,17136.0,17027.0,18014.0,18149.0,16871.0,18012.0,18808.0,21683.0,18042.0,18817.0,20665.0,20510.0,20727.0,20992.0,21676.0,21362.0,19608.0,20986.0,20928.0,23299.0
Новоселицкий муниципальный округ,16988.0,18690.0,18838.0,17242.0,17682.0,18023.0,18238.0,20234.0,18015.0,17959.0,20039.0,25605.0,19237.0,20188.0,21806.0,20730.0,20583.0,20423.0,22088.0,23548.0,20811.0,21543.0,21536.0,27232.0
Новоселовский муниципальный район,18602.0,21212.0,22639.0,21608.0,22258.0,22630.0,22970.0,23332.0,21143.0,23183.0,23263.0,27766.0,20179.0,23567.0,24843.0,24664.0,26038.0,26764.0,26480.0,27548.0,25946.0,28812.0,28114.0,33093.0
Новосергиевский муниципальный район,18084.0,19212.0,21030.0,18700.0,19346.0,19306.0,19603.0,19793.0,17957.0,19043.0,19829.0,23032.0,18884.0,20421.0,22267.0,21740.0,21595.0,22128.0,22850.0,23392.0,20104.0,21691.0,22141.0,25598.0
Новосибирский муниципальный район,27187.0,28426.0,31524.0,31174.0,31901.0,33811.0,34889.0,36176.0,35713.0,37237.0,38056.0,43223.0,34685.0,37003.0,40464.0,39493.0,39286.0,40664.0,41160.0,41858.0,39327.0,41323.0,41648.0,47480.0
Новосильский муниципальный район,17961.0,18229.0,19607.0,17835.0,18819.0,18407.0,18995.0,19276.0,17568.0,18815.0,20494.0,22298.0,17388.0,20131.0,22209.0,21632.0,21511.0,22462.0,22388.0,22553.0,21267.0,23734.0,21961.0,24826.0
Новосокольнический муниципальный район,19776.0,20184.0,23021.0,20599.0,19876.0,20266.0,20546.0,19925.0,19723.0,19354.0,20817.0,25216.0,19824.0,20787.0,25479.0,24793.0,24648.0,24447.0,23697.0,24914.0,21368.0,22737.0,22455.0,25953.0
Новоспасский муниципальный район,17963.0,19321.0,20896.0,19196.0,19063.0,18890.0,20203.0,20091.0,18858.0,18901.0,20022.0,23000.0,18164.0,20524.0,21674.0,21525.0,21738.0,22483.0,23297.0,23649.0,21484.0,23080.0,22689.0,26892.0
Новоторъяльский муниципальный район,15982.0,16804.0,17595.0,15694.0,16395.0,16551.0,16236.0,16192.0,15647.0,15338.0,16789.0,20464.0,16139.0,17527.0,20352.0,20111.0,19203.0,19621.0,20258.0,19255.0,17969.0,18754.0,18466.0,22732.0
Новоузенский муниципальный район,16119.0,17972.0,19224.0,16862.0,17640.0,17561.0,19151.0,19044.0,17443.0,18199.0,18273.0,22242.0,17216.0,19240.0,20938.0,21454.0,20615.0,21972.0,21558.0,21944.0,19669.0,21742.0,21248.0,25096.0
Новошешминский муниципальный район,17972.0,17494.0,18803.0,16890.0,17973.0,17795.0,18780.0,18877.0,17924.0,16975.0,17673.0,21140.0,17754.0,18885.0,21628.0,21254.0,20923.0,20584.0,21650.0,21748.0,19131.0,20032.0,20585.0,24884.0
Нолинский муниципальный район,17178.0,18228.0,19756.0,17933.0,18313.0,18164.0,18790.0,18729.0,17464.0,18169.0,18145.0,21311.0,16747.0,18597.0,21211.0,21033.0,20723.0,21316.0,21310.0,21576.0,19611.0,21164.0,20745.0,23988.0
Нукутский муниципальный район,19004.0,21140.0,23203.0,20886.0,22893.0,22661.0,24662.0,24544.0,21700.0,22556.0,22330.0,28818.0,20875.0,23354.0,24438.0,24688.0,24960.0,26061.0,25907.0,27209.0,24082.0,25465.0,23948.0,30858.0
Нуримановский муниципальный район,18074.0,19339.0,21031.0,19316.0,18700.0,19521.0,19915.0,20499.0,18003.0,18170.0,18737.0,23349.0,18194.0,19787.0,22056.0,22028.0,22065.0,21211.0,23043.0,23192.0,19927.0,21173.0,22123.0,25879.0
Нурлатский муниципальный район,18679.0,19629.0,21094.0,18878.0,19907.0,19883.0,20744.0,21253.0,19626.0,20600.0,21094.0,24190.0,19866.0,21424.0,23675.0,23252.0,23439.0,23855.0,24886.0,25742.0,23545.0,24834.0,24681.0,27926.0
Нюксенский муниципальный округ,20542.0,22104.0,23709.0,21938.0,22635.0,23995.0,22965.0,23406.0,22136.0,22036.0,22374.0,26393.0,20099.0,22492.0,25441.0,24801.0,24490.0,25338.0,25656.0,26316.0,23220.0,23059.0,24384.0,29082.0
Нюрбинский муниципальный район,23618.0,26390.0,29804.0,25809.0,26440.0,30961.0,31445.0,32896.0,28065.0,30011.0,27235.0,38200.0,26900.0,29750.0,32907.0,32085.0,31090.0,37055.0,38431.0,37755.0,32655.0,32506.0,30410.0,42232.0
Нязепетровский муниципальный район,16911.0,17946.0,19802.0,18136.0,19265.0,19012.0,19612.0,20448.0,18623.0,19410.0,19716.0,23191.0,17905.0,20024.0,22551.0,22002.0,22608.0,21918.0,22631.0,22712.0,21544.0,23114.0,22594.0,27513.0
Няндомский муниципальный округ,24395.0,26062.0,28369.0,26386.0,27732.0,27833.0,28473.0,28938.0,25980.0,26533.0,26498.0,32023.0,24146.0,27664.0,30185.0,30409.0,31290.0,32172.0,32469.0,32132.0,29360.0,30361.0,30790.0,36488.0
Облученский муниципальный район,28341.0,29150.0,32835.0,31937.0,32836.0,33297.0,34481.0,35348.0,32523.0,32778.0,33030.0,40488.0,32014.0,34897.0,37888.0,37956.0,38958.0,37964.0,39910.0,40104.0,36673.0,38572.0,38651.0,46064.0
Одесский муниципальный район,17751.0,19101.0,19664.0,17402.0,18037.0,18137.0,20531.0,19569.0,17615.0,19336.0,18759.0,22943.0,16649.0,18434.0,19839.0,19519.0,19894.0,21355.0,22387.0,21722.0,19259.0,19054.0,19700.0,23255.0
Одоевский муниципальный район,20576.0,23328.0,24021.0,22305.0,23122.0,22128.0,22703.0,24289.0,21846.0,21895.0,25218.0,27644.0,21363.0,24515.0,27527.0,26899.0,26210.0,27212.0,28321.0,27687.0,27730.0,28134.0,28291.0,32760.0
Озинский муниципальный район,18002.0,18244.0,19965.0,17825.0,18385.0,18832.0,19584.0,19900.0,18398.0,19330.0,19682.0,24796.0,18524.0,21030.0,22210.0,21484.0,21992.0,21295.0,22882.0,22005.0,20140.0,21178.0,21961.0,26180.0
Оймяконский муниципальный район,34643.0,37510.0,42139.0,39149.0,39906.0,43613.0,50898.0,53430.0,43966.0,47093.0,46800.0,56755.0,42239.0,44902.0,45104.0,43623.0,46329.0,53234.0,59250.0,60226.0,52302.0,54208.0,56652.0,68048.0
Оконешниковский муниципальный район,17296.0,19345.0,19808.0,17787.0,18340.0,17969.0,18788.0,19676.0,18125.0,18749.0,20488.0,24096.0,16445.0,17786.0,20054.0,19465.0,19866.0,20426.0,21149.0,21219.0,18498.0,20534.0,21731.0,26487.0
Октябрьский муниципальный округ,23583.0,25712.0,27205.0,22022.0,21719.0,21547.0,22480.0,21556.0,21953.0,22445.0,21661.0,28705.0,21512.0,24568.0,26248.0,25531.0,25526.0,25963.0,25667.0,25057.0,23329.0,24858.0,25124.0,29132.0
Окуловский муниципальный район,23029.0,23659.0,25842.0,23915.0,24545.0,24781.0,24961.0,24868.0,23908.0,24163.0,25325.0,30400.0,23568.0,25378.0,28185.0,27808.0,28322.0,28258.0,29360.0,29644.0,26845.0,27303.0,28500.0,33803.0
Олекминский муниципальный район,28530.0,33076.0,36601.0,34950.0,36255.0,40064.0,42424.0,42355.0,37617.0,36951.0,37207.0,45919.0,32964.0,37455.0,42246.0,40792.0,41277.0,46362.0,47751.0,48623.0,40657.0,42553.0,41734.0,54725.0
Оловяннинский муниципальный район,20596.0,24285.0,24987.0,23603.0,24842.0,25415.0,25977.0,26215.0,24014.0,25090.0,24957.0,31458.0,23267.0,26389.0,28136.0,28263.0,29067.0,28891.0,29975.0,29422.0,25702.0,28571.0,28306.0,35117.0
Олонецкий муниципальный район,23593.0,24474.0,26623.0,25319.0,25993.0,26456.0,27155.0,26751.0,24395.0,25219.0,26048.0,30482.0,23956.0,27127.0,29897.0,28839.0,29865.0,29741.0,30591.0,31038.0,28151.0,28862.0,29871.0,34280.0
Ольгинский муниципальный округ,21496.0,24021.0,25626.0,23748.0,24661.0,24656.0,25752.0,26086.0,25524.0,26609.0,26137.0,32049.0,23736.0,27600.0,29098.0,28715.0,28837.0,29288.0,31872.0,31721.0,28092.0,30501.0,32011.0,38900.0
Ольховский муниципальный район,18519.0,19981.0,21205.0,17831.0,19261.0,18719.0,19295.0,19985.0,19461.0,19066.0,19880.0,24579.0,17850.0,19973.0,22347.0,22460.0,23036.0,22438.0,22352.0,23422.0,21183.0,22594.0,22824.0,27568.0
Ольхонский муниципальный район,18761.0,21273.0,23150.0,21371.0,21545.0,21628.0,24225.0,25095.0,22535.0,21235.0,22587.0,25603.0,19412.0,23183.0,25950.0,22857.0,24942.0,25962.0,26719.0,28803.0,24536.0,24525.0,21712.0,26559.0
Олюторский муниципальный район,35934.0,40795.0,42898.0,39405.0,44630.0,51330.0,57306.0,57211.0,50589.0,50083.0,50572.0,60629.0,40969.0,47653.0,53616.0,50989.0,48574.0,56707.0,63807.0,65664.0,59690.0,63480.0,53581.0,68491.0
Омский муниципальный район,19875.0,20278.0,22543.0,21834.0,22174.0,22708.0,23645.0,25057.0,23105.0,24458.0,25069.0,29088.0,23151.0,24579.0,27287.0,26061.0,26071.0,26551.0,27088.0,27084.0,25117.0,26707.0,27025.0,30163.0
Омутинский муниципальный район,20120.0,21126.0,23720.0,21955.0,22099.0,22682.0,23771.0,24107.0,21790.0,22686.0,22741.0,27349.0,20412.0,23285.0,25545.0,24696.0,24110.0,25830.0,25923.0,26385.0,24470.0,26543.0,25842.0,30839.0
Омутнинский муниципальный район,20673.0,21555.0,23354.0,21569.0,21820.0,21504.0,23538.0,22761.0,20315.0,20880.0,21039.0,24777.0,20505.0,22258.0,24296.0,24207.0,24165.0,24908.0,25566.0,24647.0,22682.0,23989.0,24156.0,28679.0
Онгудайский муниципальный район,16422.0,18093.0,19931.0,18551.0,19542.0,21280.0,21996.0,23152.0,19933.0,21966.0,23194.0,27529.0,17436.0,19691.0,22607.0,22976.0,24770.0,25301.0,26653.0,28402.0,26810.0,26942.0,25408.0,29431.0
Онежский муниципальный район,24097.0,26238.0,28400.0,25442.0,26685.0,27279.0,27844.0,27438.0,25295.0,26466.0,26923.0,31422.0,24582.0,27581.0,31079.0,29407.0,30766.0,31119.0,31822.0,31339.0,28504.0,29713.0,30419.0,36481.0
Орджоникидзевский муниципальный район,17667.0,19021.0,20283.0,19548.0,18666.0,19549.0,20548.0,20846.0,19239.0,19399.0,20431.0,26530.0,18559.0,19772.0,22563.0,23098.0,22832.0,23647.0,24763.0,25265.0,21361.0,23130.0,23647.0,27282.0
Ордынский муниципальный район,19961.0,21439.0,23658.0,20954.0,21684.0,22287.0,23313.0,23660.0,22326.0,23658.0,23575.0,27991.0,20862.0,23616.0,25159.0,24387.0,25554.0,26778.0,27417.0,27732.0,26204.0,27993.0,27539.0,32910.0
Оричевский муниципальный район,19341.0,20511.0,22583.0,18582.0,18961.0,18594.0,19409.0,19670.0,17691.0,18974.0,19710.0,22958.0,18180.0,20556.0,22131.0,21458.0,21195.0,21302.0,22693.0,21524.0,19929.0,21362.0,21936.0,24584.0
Оршанский муниципальный район,16829.0,17896.0,19208.0,16665.0,17218.0,15881.0,16160.0,16733.0,15199.0,16223.0,17061.0,19450.0,17276.0,18817.0,20620.0,19856.0,19271.0,19975.0,18981.0,18340.0,17476.0,17894.0,18246.0,21440.0
Осинский муниципальный район,18125.0,20294.0,22282.0,19803.0,19950.0,20917.0,22056.0,22746.0,20370.0,20106.0,21450.0,26457.0,18387.0,21174.0,23450.0,22222.0,23620.0,23803.0,24765.0,26212.0,22412.0,23360.0,22245.0,27607.0
Островский муниципальный округ,16844.0,17520.0,18463.0,18284.0,18826.0,18363.0,19079.0,18622.0,17465.0,18829.0,19494.0,23115.0,17519.0,19895.0,21683.0,21013.0,21237.0,21234.0,22099.0,21727.0,19710.0,21643.0,21153.0,24792.0
Охотский муниципальный округ,32450.0,34394.0,35917.0,34082.0,34242.0,37539.0,42033.0,41939.0,36695.0,40118.0,40419.0,48318.0,37546.0,39176.0,42152.0,39199.0,40775.0,42512.0,48437.0,50155.0,42317.0,48501.0,50845.0,55060.0
Павинский муниципальный округ,14176.0,14849.0,16609.0,16278.0,17631.0,16570.0,18908.0,19022.0,17950.0,18202.0,18635.0,22937.0,15958.0,18144.0,20389.0,21401.0,20627.0,21512.0,23742.0,22654.0,20676.0,21624.0,21969.0,27164.0
Павловский муниципальный округ,22891.0,24254.0,26401.0,24928.0,26152.0,26166.0,27314.0,27527.0,26753.0,27482.0,28503.0,33430.0,25613.0,28708.0,31664.0,30610.0,31536.0,31929.0,32965.0,34068.0,31695.0,33372.0,34129.0,40326.0
Павлоградский муниципальный район,17757.0,18322.0,20162.0,19140.0,18645.0,18921.0,20464.0,18695.0,18957.0,19437.0,19872.0,23383.0,17084.0,19131.0,21132.0,20610.0,21027.0,21910.0,23080.0,22322.0,19684.0,21755.0,21741.0,25659.0
Палехский муниципальный район,16814.0,18328.0,20647.0,19502.0,19600.0,19569.0,19405.0,19984.0,19374.0,18576.0,19928.0,24041.0,17747.0,20019.0,22710.0,23117.0,22196.0,22009.0,22540.0,23644.0,22961.0,23078.0,23220.0,28268.0
Палласовский муниципальный район,17455.0,18168.0,19675.0,18880.0,18646.0,18590.0,19684.0,19918.0,18810.0,19319.0,19633.0,22825.0,18354.0,20227.0,22019.0,22047.0,22035.0,21560.0,22250.0,22877.0,20760.0,21260.0,21761.0,27066.0
Панкрушихинский муниципальный район,14817.0,16728.0,17915.0,16704.0,17504.0,19127.0,19004.0,19571.0,17682.0,18480.0,18754.0,23537.0,16368.0,18915.0,20448.0,20917.0,21774.0,22039.0,23202.0,23067.0,20412.0,20640.0,20366.0,24775.0
Парабельский муниципальный район,23372.0,26591.0,28318.0,24558.0,25929.0,26336.0,27379.0,27232.0,25033.0,24814.0,24812.0,29841.0,23527.0,26106.0,30092.0,29208.0,29954.0,30763.0,31952.0,32013.0,28495.0,29727.0,29586.0,34676.0
Параньгинский муниципальный район,14492.0,15237.0,15624.0,14693.0,15332.0,14784.0,15462.0,15332.0,14607.0,14427.0,15726.0,17676.0,14406.0,17095.0,18133.0,18075.0,17616.0,18530.0,18151.0,17305.0,16670.0,17803.0,17044.0,20333.0
Парфеньевский муниципальный округ,17132.0,17817.0,19384.0,17121.0,19305.0,19136.0,19929.0,20119.0,18811.0,18068.0,19778.0,22786.0,17768.0,21734.0,21444.0,23028.0,23050.0,22640.0,24791.0,23414.0,21824.0,21344.0,20723.0,27232.0
Парфинский муниципальный район,19463.0,19887.0,22259.0,21030.0,19903.0,20690.0,20935.0,20793.0,20390.0,19690.0,19504.0,22977.0,18707.0,21215.0,22548.0,22940.0,24172.0,24428.0,24348.0,26417.0,23983.0,25502.0,24610.0,29083.0
Пачелмский муниципальный район,15978.0,18139.0,19521.0,16142.0,17279.0,17150.0,17426.0,17444.0,17705.0,17618.0,17052.0,22710.0,16669.0,19279.0,20807.0,19649.0,19155.0,20756.0,19795.0,19090.0,17923.0,18958.0,20133.0,23051.0
Первомайский муниципальный округ,19073.0,20699.0,22130.0,18204.0,19089.0,18745.0,20123.0,18706.0,16347.0,17075.0,19704.0,21626.0,17187.0,19055.0,20531.0,21835.0,21179.0,21179.0,21892.0,21655.0,20706.0,22462.0,22511.0,25495.0
Переволоцкий муниципальный район,16602.0,17854.0,18960.0,16471.0,16969.0,18161.0,18107.0,18923.0,17198.0,17244.0,17726.0,22398.0,16653.0,18647.0,20888.0,20650.0,19618.0,19750.0,19910.0,20676.0,19004.0,20570.0,20689.0,23995.0
Перелюбский муниципальный район,16672.0,16734.0,18866.0,16999.0,17246.0,17825.0,17863.0,17863.0,17214.0,18415.0,18611.0,21919.0,16752.0,18693.0,20585.0,19472.0,20889.0,20810.0,20588.0,21608.0,18794.0,19056.0,19847.0,25035.0
Перемышльский муниципальный район,21019.0,22783.0,24607.0,19219.0,20415.0,19053.0,20092.0,20300.0,18508.0,19850.0,21953.5,24057.0,19147.0,21789.0,22778.0,22214.0,21714.0,22226.0,21023.0,23218.0,20051.0,22125.0,24854.0,27987.0
Пестравский муниципальный район,18701.0,19047.0,21106.0,18790.0,19747.0,20346.0,20593.0,21567.0,20566.0,21468.0,21737.0,25783.0,19959.0,22520.0,24768.0,24316.0,24219.0,24361.0,25278.0,25424.0,23256.0,25292.0,25255.0,29376.0
Пестречинский муниципальный район,22753.0,23189.0,25453.0,24241.0,24573.0,24152.0,25708.0,26516.0,25581.0,26785.0,27719.0,30942.0,25140.0,26860.0,28744.0,28106.0,28642.0,29330.0,29915.0,30104.0,27574.0,28831.0,28025.0,31624.0
Пестяковский муниципальный район,15166.0,17183.0,19109.0,16795.0,18145.0,18429.0,17526.0,18142.0,16596.0,17965.0,18720.0,21096.0,15450.0,18327.0,21168.0,20592.0,19374.0,19060.0,21049.0,18972.0,17908.0,19049.0,20662.0,23362.0
Петровск-Забайкальский муниципальный район,18119.0,20251.0,21364.0,20062.0,21557.0,21461.0,22986.0,23419.0,21465.0,22205.0,21723.0,27813.0,20085.0,22085.0,25128.0,24484.0,24601.0,25976.0,26173.0,27597.0,24201.0,25860.0,24597.0,31965.0
Петровский муниципальный округ,17123.5,18472.0,20125.5,17490.0,18018.5,18000.0,19559.5,19330.0,18833.0,19531.5,20598.0,25131.0,18663.0,21018.5,23015.5,22201.0,21518.5,22303.0,23034.5,22886.0,21777.0,23031.5,22908.5,27660.5
Петровский муниципальный район,16689.0,17809.0,19343.0,17745.0,18179.0,17996.0,18769.0,18492.0,17895.0,18174.0,18547.0,22733.0,17166.0,19304.0,20992.0,20417.0,21450.0,21493.0,21305.0,21659.0,20397.0,21914.0,21912.0,25779.0
Петуховский муниципальный округ,16076.0,17021.0,18919.0,16497.0,17113.0,17622.0,18460.0,17913.0,16853.0,17022.0,17699.0,21149.0,17229.0,18933.0,20543.0,19907.0,19107.0,19802.0,19551.0,19014.0,18879.0,19319.0,18875.0,25013.0
Петушинский муниципальный район,25743.0,26741.0,29238.0,28060.0,29640.0,29584.0,30574.0,31382.0,29896.0,30710.0,31781.0,37180.0,29213.0,32047.0,34824.0,34074.0,35114.0,35240.0,36774.0,37222.0,34970.0,37070.0,37524.0,44521.0
Печенгский муниципальный округ,41709.0,40848.0,45430.0,44390.0,46409.0,46786.0,47483.0,46929.0,43920.0,44228.0,44775.0,52852.0,41481.0,44724.0,49622.0,48947.0,50406.0,51978.0,54257.0,53534.0,49410.0,51045.0,50416.0,59790.0
Пий-Хемский муниципальный район,15775.0,18658.0,20400.0,17758.0,18424.0,20022.0,21037.0,21346.0,18201.0,18451.0,20283.0,25782.0,17363.0,18819.0,21501.0,20779.0,23360.0,24613.0,27229.0,25109.0,26419.0,23583.0,23362.0,32497.0
Пильнинский муниципальный округ,17897.0,19435.0,21468.0,19411.0,19980.0,20147.0,21416.0,21805.0,20500.0,20379.0,20795.0,25267.0,19260.0,21291.0,23772.0,23075.0,23070.0,23714.0,24124.0,24688.0,22646.0,23614.0,23544.0,28522.0
Пировский муниципальный округ,17806.0,20980.0,22482.0,20214.0,21361.0,20987.0,22495.0,22609.0,20364.0,21709.0,20853.0,26274.0,18691.0,22963.0,26467.0,24474.0,24486.0,24208.0,25161.0,25001.0,22992.0,24581.0,22481.0,29787.0
Пителинский муниципальный район,16508.0,19795.0,19694.0,18119.0,18393.0,19382.0,18680.0,19501.0,19867.0,19776.0,20698.0,23940.0,16254.0,20611.0,22699.0,22390.0,20478.0,22251.0,24162.0,21195.0,22027.0,22534.0,23511.0,29774.0
Питерский муниципальный район,16238.0,16895.0,17911.0,16161.0,17277.0,17507.0,18069.0,17940.0,17291.0,17828.0,18595.0,23048.0,17291.0,19625.0,20909.0,19693.0,20532.0,20589.0,21395.0,21993.0,20703.0,20689.0,21716.0,25391.0
Питкярантский муниципальный округ,27318.0,28324.0,29381.0,28329.0,29437.0,30495.0,31335.0,30152.0,28357.0,29446.0,29479.0,33632.0,26965.0,29136.0,32527.0,32270.0,33904.0,33678.0,34709.0,35425.0,32225.0,34816.0,33392.0,38856.0
Пичаевский муниципальный округ,16435.0,17061.0,19321.0,16609.0,18097.0,17740.0,17012.0,17591.0,15676.0,17060.0,17347.0,20797.0,17293.0,18920.0,20306.0,20272.0,18871.0,20310.0,22748.0,21402.0,18979.0,20602.0,21113.0,24327.0
Плавский муниципальный район,22854.0,24096.0,26842.0,24042.0,25028.0,25661.0,24889.0,25741.0,24772.0,25901.0,26408.0,31972.0,24536.0,26744.0,28780.0,28989.0,28057.0,28486.0,29392.0,29635.0,28819.0,30883.0,30570.0,35408.0
Пластовский муниципальный район,21231.0,22382.0,24785.0,22740.0,23197.0,22778.0,23773.0,24356.0,22323.0,24080.0,23964.0,27889.0,22269.0,24271.0,26986.0,25754.0,26232.0,26529.0,26912.0,28432.0,26217.0,26844.0,27662.0,32642.0
Плесецкий муниципальный округ,24653.0,26366.0,28130.0,27087.0,28225.0,27897.0,28459.0,28280.0,26093.0,27234.0,27679.0,32594.0,25562.0,28507.0,31632.0,30680.0,32298.0,32764.0,32451.0,32915.0,29365.0,31110.0,31422.0,36967.0
Плюсский муниципальный район,20029.0,21307.0,22778.0,21536.0,21447.0,20216.0,22509.0,21742.0,19943.0,21576.0,20518.0,22915.0,19254.0,20405.0,23175.0,22831.0,23685.0,24461.0,24397.0,24852.0,22562.0,24382.0,22981.0,27846.0
Пограничный муниципальный округ,23284.0,25798.0,27099.0,23555.0,24061.0,24234.0,25092.0,25607.0,23325.0,23910.0,23627.0,29606.0,23329.0,26281.0,28421.0,27111.0,27375.0,28066.0,28332.0,28001.0,25238.0,26638.0,27452.0,32266.0
Поддорский муниципальный район,18834.0,19292.0,20942.0,19125.0,20252.0,21259.0,21870.0,23599.0,22130.0,20389.0,22050.0,25297.0,19018.0,21018.0,24409.0,22233.0,24163.0,24199.0,24125.0,25890.0,20561.0,23630.0,25131.0,28966.0
Подосиновский муниципальный район,16524.0,17897.0,19403.0,18119.0,18659.0,18855.0,19841.0,19647.0,17913.0,18680.0,18078.0,20980.0,17253.0,18604.0,21326.0,21502.0,21025.0,21579.0,22628.0,22335.0,19963.0,21601.0,20312.0,24142.0
Подпорожский муниципальный район,24004.0,25668.0,26942.0,26393.0,27725.0,28150.0,28768.0,29243.0,26376.0,27461.0,28053.0,33003.0,25917.0,28347.0,31872.0,31160.0,33467.0,33308.0,34419.0,34755.0,32165.0,32672.0,33216.0,39213.0
Пожарский муниципальный округ,25905.0,27707.0,29597.0,27253.0,28279.0,28010.0,28913.0,28877.0,27372.0,28084.0,28976.0,34974.0,28248.0,31063.0,33378.0,33087.0,32538.0,32460.0,33709.0,34157.0,32247.0,34555.0,34976.0,41574.0
Покровский муниципальный район,18021.0,19304.0,20295.0,19368.0,20021.0,19048.0,19515.0,19993.0,18664.0,18937.0,19129.0,23547.0,17772.0,19044.0,21517.0,21152.0,20623.0,21878.0,21227.0,23126.0,20422.0,22660.0,21496.0,25682.0
Половинский муниципальный округ,15351.0,16510.0,17649.0,15198.0,14478.0,15144.0,16868.0,15918.0,14994.0,17054.0,15708.0,19585.0,14495.0,16667.0,17278.0,17835.0,18041.0,17315.0,18747.0,18044.0,16989.0,18522.0,19251.0,21184.0
Полтавский муниципальный район,17694.0,18614.0,20284.0,18442.0,18580.0,18420.0,19857.0,20412.0,18899.0,20574.0,19588.0,23972.0,17975.0,19099.0,21830.0,21138.0,21982.0,22622.0,23706.0,23456.0,20384.0,22864.0,23361.0,27339.0
Поназыревский муниципальный округ,16336.0,17134.0,19323.0,18274.0,18815.0,18707.0,19969.0,19627.0,17806.0,17793.0,18312.0,22928.0,17827.0,19479.0,21611.0,22754.0,23343.0,22079.0,24034.0,23193.0,20101.0,22008.0,22108.0,28245.0
Порецкий муниципальный округ,15413.0,16082.0,18454.0,16628.0,17016.0,16818.0,16827.0,17847.0,16526.0,16241.0,17311.0,20341.0,16400.0,18543.0,20178.0,20663.0,18368.0,19421.0,19568.0,20028.0,18567.0,19510.0,18930.0,23087.0
Порховский муниципальный район,20564.0,20851.0,22682.0,21590.0,22046.0,21983.0,23105.0,22838.0,21317.0,22160.0,22005.0,25238.0,20545.0,22823.0,24625.0,24562.0,25264.0,25141.0,25424.0,25274.0,24250.0,24711.0,25220.0,29674.0
Поспелихинский муниципальный район,16316.0,17767.0,19785.0,18068.0,19192.0,19931.0,20083.0,20901.0,19159.0,19315.0,19683.0,24137.0,17594.0,19191.0,21559.0,21303.0,21872.0,22929.0,23346.0,23844.0,21457.0,22479.0,23292.0,26327.0
Похвистневский муниципальный район,14988.0,18116.0,17955.0,16770.0,18056.0,17797.0,18334.0,19266.0,17163.0,17790.0,19066.0,22316.0,16884.0,19218.0,23084.0,22577.0,22265.0,22286.0,23099.0,23948.0,20367.0,22247.0,22166.0,26231.0
Починковский муниципальный округ,19700.0,21420.0,23201.0,21949.0,22514.0,23164.0,23766.0,23755.0,23552.0,22030.0,21531.0,25452.0,19749.0,22830.0,25570.0,25540.0,26097.0,26988.0,27486.0,27498.0,25573.0,26648.0,26212.0,31815.0
Починковский муниципальный район,19812.0,20969.0,23183.0,20830.0,20950.0,20953.0,21605.0,21433.0,20332.0,21361.0,21137.0,25936.0,19479.0,22767.0,24663.0,24178.0,24775.0,24995.0,25325.0,26411.0,23818.0,24988.0,26002.0,30964.0
Пошехонский муниципальный район,18159.0,19482.0,20611.0,19245.0,19087.0,18804.0,19916.0,19397.0,18163.0,19567.0,19918.0,24600.0,18279.0,21352.0,21915.0,21610.0,21975.0,21711.0,23172.0,22525.0,22019.0,23566.0,22243.0,27306.0
Правобережный муниципальный район,18002.0,17968.0,19511.0,18670.0,19789.0,19708.0,22349.0,22914.0,22618.0,23134.0,24544.0,27648.0,21656.0,23199.0,23732.0,25602.0,24313.0,25624.0,26279.0,26900.0,24308.0,26795.0,25613.0,28993.0
Предгорный муниципальный округ,20325.0,21389.0,23102.0,22277.0,23248.0,23459.0,24594.0,26385.0,25051.0,26059.0,27447.0,31231.0,25449.0,26984.0,28971.0,28581.0,28214.0,28932.0,29859.0,31182.0,28925.0,30574.0,30683.0,35611.0
Приаргунский муниципальный округ,20586.0,22976.0,23678.0,22899.0,24241.0,24917.0,26512.0,26198.0,23540.0,25159.0,25313.0,31633.0,22960.0,26373.0,28880.0,28542.0,28519.0,30057.0,31069.0,31608.0,27158.0,29708.0,28891.0,34758.0
Приморский муниципальный округ,25984.0,27743.0,30911.0,28808.0,31243.0,32344.0,34482.0,34570.0,33331.0,34305.0,36582.0,39955.0,33887.0,35719.0,37972.0,36344.0,37387.0,37823.0,38834.0,39496.0,36558.0,39086.0,37526.0,43083.0
Приозерский муниципальный район,27304.0,28371.0,30593.0,28972.0,29968.0,30818.0,31883.0,33224.0,31393.0,33055.0,33030.0,37941.0,30292.0,33130.0,35995.0,35982.0,38412.0,38751.0,39155.0,40508.0,37608.0,40146.0,40183.0,46594.0
Прионежский муниципальный район,27570.0,29850.0,30359.0,33591.0,34914.0,35062.0,36206.0,36369.0,32880.0,30653.0,32189.0,38151.0,31146.0,36489.0,41248.0,41006.0,43511.0,43425.0,45021.0,43458.0,36663.0,34319.0,36583.0,42350.0
Притобольный муниципальный округ,14527.0,15116.0,17313.0,16613.0,16661.0,15947.0,16591.0,16789.0,14732.0,15011.0,15824.0,18852.0,14660.0,16255.0,18029.0,17674.0,18008.0,18061.0,17700.0,18450.0,17369.0,17979.0,17851.0,21658.0
Прокопьевский муниципальный округ,21534.0,22779.0,25126.0,24191.0,24580.0,24795.0,25418.0,26642.0,24482.0,25568.0,25122.0,29684.0,24190.0,25442.0,28086.0,27232.0,27736.0,28649.0,28760.0,29761.0,27714.0,29297.0,28626.0,34633.0
Промышленновский муниципальный округ,18867.0,20704.0,22528.0,21810.0,22526.0,23403.0,24096.0,24249.0,22305.0,23242.0,23661.0,27480.0,20352.0,22533.0,25548.0,25458.0,25892.0,27873.0,29082.0,29573.0,27048.0,28773.0,28568.0,33851.0
Пронский муниципальный район,19752.0,20577.0,22673.0,19726.0,20581.0,20664.0,21265.0,21274.0,19922.0,20475.0,21375.0,25084.0,20171.0,21299.0,23857.0,24335.0,24493.0,23651.0,24621.0,24737.0,22927.0,24741.0,25150.0,28570.0
Пряжинский муниципальный район,23289.0,24477.0,25904.0,24632.0,25025.0,26276.0,26605.0,24532.0,23232.0,23519.0,24874.0,27834.0,20810.0,25133.0,27486.0,26333.0,29374.0,28183.0,29193.0,30530.0,26268.0,25949.0,24877.0,31326.0
Псковский муниципальный район,30466.0,30860.0,33693.0,32201.0,33036.0,34243.0,35561.0,36580.0,34550.0,36792.0,37350.0,44494.0,34450.0,36448.0,40727.0,39074.0,41103.0,41198.0,42685.0,44106.0,41438.0,43757.0,44538.0,52497.0
Пугачевский муниципальный район,17698.0,19079.0,20408.0,18521.0,19487.0,19925.0,20537.0,21321.0,20420.0,21096.0,21558.0,25979.0,19626.0,21684.0,23315.0,22898.0,22975.0,24505.0,24650.0,25568.0,23007.0,24662.0,24540.0,29017.0
Пудожский муниципальный район,22818.0,24935.0,26411.0,25825.0,26519.0,26484.0,27396.0,27411.0,24703.0,25274.0,26485.0,31720.0,24113.0,26679.0,29759.0,29812.0,31016.0,31722.0,31591.0,30400.0,28560.0,29750.0,29311.0,35649.0
Пустошкинский муниципальный район,19462.0,20040.0,22057.0,20785.0,20660.0,20107.0,22794.0,22499.0,20183.0,21434.0,22160.0,25723.0,19804.0,22610.0,24054.0,23501.0,23747.0,23089.0,25178.0,23455.0,22322.0,23288.0,23430.0,27898.0
Путятинский муниципальный округ,20260.0,20097.0,22976.0,17833.0,19392.0,19061.0,18879.0,18599.0,18524.0,17364.0,18732.0,21784.0,16720.0,21049.0,21224.0,23122.0,23519.0,22139.0,24451.0,23368.0,22224.0,23554.0,23523.0,26422.0
Пучежский муниципальный район,16066.0,17411.0,19085.0,17110.0,16702.0,18077.0,17919.0,17662.0,17851.0,17615.0,18396.0,21966.0,17498.0,19673.0,21045.0,20532.0,20616.0,21298.0,21829.0,20566.0,19529.0,21602.0,20875.0,24723.0
Пушкиногорский муниципальный район,20378.0,21591.0,23660.0,22849.0,22860.0,22930.0,24219.0,23758.0,22146.0,22717.0,23259.0,27604.0,20585.0,22961.0,25304.0,25475.0,26064.0,25641.0,25323.0,27708.0,24566.0,27075.0,26403.0,30257.0
Пыщугский муниципальный округ,13845.0,16128.0,17660.0,16923.0,17938.0,17476.0,18212.0,18890.0,17692.0,18092.0,18177.0,22287.0,16086.0,18851.0,20199.0,20973.0,21643.0,21168.0,21863.0,23456.0,21358.0,22152.0,21120.0,25546.0
Радищевский муниципальный район,15569.0,17498.0,18029.0,16211.0,18118.0,18066.0,18875.0,18604.0,18302.0,17971.0,19468.0,22940.0,16751.0,19803.0,20832.0,20566.0,20227.0,19835.0,21544.0,20218.0,19019.0,20632.0,20754.0,25857.0
Ребрихинский муниципальный район,14478.0,15827.0,17232.0,15274.0,16853.0,16467.0,17040.0,17296.0,16238.0,16462.0,16663.0,20220.0,14619.0,16056.0,18501.0,19373.0,19574.0,20372.0,21377.0,21044.0,18165.0,18212.0,17373.0,21533.0
Ржаксинский муниципальный округ,16802.0,17889.0,19123.0,17250.0,17014.0,17888.0,18629.0,19651.0,18477.0,18651.0,19001.0,23558.0,18313.0,20556.0,22770.0,21147.0,21899.0,21026.0,21927.0,22334.0,19988.0,21742.0,21839.0,25859.0
Ровенский муниципальный район,15999.0,16890.0,17815.0,15998.0,16873.0,16690.0,17380.0,18731.0,17246.0,17808.0,17714.0,21234.0,17125.0,18676.0,19434.0,18621.0,19982.0,20362.0,21063.0,20405.0,18862.0,19861.0,19233.0,22400.0
Родинский муниципальный район,14960.0,16571.0,17422.0,16508.0,17400.0,18258.0,18990.0,18700.0,17588.0,17534.0,18655.0,22201.0,15928.0,17886.0,19770.0,19451.0,19862.0,20416.0,21978.0,21397.0,19394.0,20378.0,20456.0,24002.0
Родниковский муниципальный район,18077.0,19327.0,21824.0,19737.0,19589.0,19780.0,20956.0,20809.0,19921.0,20270.0,21029.0,25325.0,18341.0,21525.0,24222.0,23393.0,23752.0,23500.0,23866.0,23882.0,22233.0,23612.0,24029.0,29291.0
Ромненский муниципальный округ,19153.0,19911.0,20936.0,20754.0,22140.0,22960.0,23812.0,24246.0,22001.0,21357.0,21916.0,27483.0,20236.0,23334.0,25779.0,24847.0,24355.0,25491.0,25144.0,26307.0,22544.0,23659.0,24157.0,30951.0
Ромодановский муниципальный район,16131.0,17417.0,18729.0,15851.0,16637.0,16644.0,18339.0,17443.0,16085.0,17099.0,17509.0,20043.0,16878.0,18958.0,19336.0,19520.0,19779.0,20420.0,20986.0,20846.0,19593.0,19612.0,19931.0,21599.0
Рославльский муниципальный район,21192.0,22658.0,24759.0,23015.0,23705.0,23960.0,24709.0,24474.0,23104.0,23708.0,24423.0,29122.0,22490.0,24460.0,27234.0,26754.0,26990.0,26918.0,27646.0,27957.0,26453.0,27807.0,28501.0,34165.0
Ростовский муниципальный район,21893.0,22879.0,25173.0,23316.0,24748.0,24920.0,25665.0,26584.0,25344.0,26206.0,27544.0,31869.0,25199.0,26668.0,29789.0,28661.0,29522.0,29398.0,29812.0,30784.0,28455.0,29876.0,30441.0,35161.0
Ртищевский муниципальный район,17463.0,18543.0,20356.0,18014.0,19094.0,18679.0,19715.0,20416.0,18809.0,19768.0,20684.0,23947.0,18695.0,20664.0,22316.0,21902.0,21733.0,22201.0,22368.0,22945.0,21572.0,22921.0,23358.0,27423.0
Рузаевский муниципальный район,19921.0,21070.0,23255.0,22140.0,22336.0,21709.0,23372.0,23073.0,22299.0,22783.0,23468.0,27725.0,22167.0,24351.0,26588.0,26298.0,26031.0,26273.0,26246.0,26809.0,25436.0,26269.0,26880.0,33296.0
Русско-Полянский муниципальный район,17733.0,17965.0,19953.0,17626.0,18158.0,18178.0,19580.0,19606.0,18128.0,18982.0,20445.0,23524.0,17461.0,19929.0,22562.0,21083.0,21606.0,21688.0,22779.0,23055.0,20135.0,22160.0,22460.0,26559.0
Рыбно-Слободский муниципальный район,15473.0,16240.0,18180.0,15416.0,15752.0,16162.0,16638.0,15679.0,14860.0,14948.0,16904.5,18861.0,14701.0,16946.0,18281.0,18271.0,18799.0,18236.0,18086.0,18490.0,17966.0,18853.0,19143.0,22665.0
Рыбновский муниципальный район,20636.0,22290.0,23836.0,21508.0,22222.0,22063.0,22609.0,24242.0,23454.0,23443.0,25348.0,28428.0,22894.0,24710.0,27057.0,26250.0,26421.0,26482.0,27886.0,28647.0,28336.0,29814.0,30149.0,35198.0
Ряжский муниципальный округ,21006.0,22090.0,24233.0,22268.0,22443.0,22198.0,23064.0,23787.0,22421.0,22889.0,24244.0,28214.0,21485.0,24434.0,26305.0,25917.0,26049.0,26412.0,27562.0,27913.0,26101.0,27291.0,28415.0,32940.0
Рязанский муниципальный район,25050.0,26293.0,27940.0,27092.0,27105.0,27737.0,28526.0,29825.0,28589.0,29759.0,30465.0,34739.0,27382.0,29749.0,33107.0,31616.0,32186.0,32489.0,33568.0,34291.0,32332.0,34652.0,35320.0,41185.0
Сабинский муниципальный район,16642.0,17443.0,18731.0,16133.0,17233.0,16939.0,18096.0,17532.0,16688.0,17060.0,17563.0,19779.0,17711.0,18390.0,19583.0,20329.0,19186.0,19697.0,19868.0,19959.0,18699.0,18885.0,19988.0,22859.0
Савинский муниципальный район,16654.0,17982.0,20144.0,18141.0,17506.0,18394.0,18312.0,19024.0,18222.0,18296.0,19185.0,24151.0,17935.0,19986.0,21714.0,22173.0,21879.0,21197.0,20581.0,21809.0,20864.0,21862.0,22050.0,26019.0
Сакмарский муниципальный район,16416.0,17713.0,19023.0,15238.0,15735.0,15613.0,16610.0,16741.0,15444.0,16944.0,17104.0,20455.0,15358.0,17171.0,19041.0,18174.0,17766.0,19066.0,18622.0,18459.0,17716.0,18167.0,18229.0,21666.0
Салаватский муниципальный район,17023.0,17870.0,19891.0,18519.0,19253.0,18872.0,20311.0,20163.0,18519.0,18836.0,19079.0,23386.0,18850.0,19895.0,22719.0,22152.0,22140.0,23228.0,23443.0,23352.0,21794.0,22955.0,22467.0,26184.0
Самойловский муниципальный район,15868.0,17157.0,17489.0,16946.0,17158.0,16920.0,17764.0,17990.0,17099.0,17567.0,19248.0,23331.0,17327.0,19772.0,19987.0,19039.0,20026.0,20098.0,21044.0,21304.0,19080.0,21192.0,21128.0,26182.0
Сампурский муниципальный округ,18041.0,19271.0,20373.0,17963.0,17863.0,18545.0,18934.0,19280.0,18208.0,17981.0,18079.0,23480.0,17501.0,19380.0,21284.0,21264.0,20587.0,21894.0,22398.0,22373.0,20251.0,21593.0,20491.0,25949.0
Сапожковский муниципальный район,19716.0,21645.0,21251.0,18654.0,21102.0,20144.0,22005.0,21618.0,20109.0,21199.0,23805.0,25591.0,19909.0,22046.0,24006.0,23426.0,24187.0,23374.0,24047.0,24241.0,22692.0,25570.0,24785.0,29886.0
Сараевский муниципальный район,17479.0,18483.0,19313.0,17893.0,18449.0,18685.0,19260.0,19610.0,19176.0,19225.0,20853.0,23747.0,17760.0,20771.0,22012.0,20728.0,21412.0,21544.0,22940.0,22655.0,22183.0,23521.0,23902.0,27786.0
Саракташский муниципальный район,17508.0,18996.0,20942.0,18429.0,18244.0,18648.0,18969.0,19454.0,17761.0,18347.0,18690.0,22179.0,17880.0,20030.0,21990.0,20989.0,21429.0,21442.0,20828.0,21095.0,19665.0,20771.0,20394.0,24165.0
Саргатский муниципальный район,17645.0,18444.0,20849.0,18624.0,18085.0,18642.0,20218.0,20591.0,18120.0,18525.0,18833.0,23300.0,17016.0,18998.0,20424.0,20380.0,20292.0,21550.0,22453.0,21765.0,19621.0,21232.0,22287.0,26007.0
Сармановский муниципальный район,18008.0,17934.0,18855.0,16572.0,16678.0,15947.0,16626.0,17042.0,15892.0,16426.0,17149.0,19652.0,16818.0,17465.0,19140.0,18512.0,18396.0,18581.0,19642.0,19555.0,17597.0,17891.0,18383.0,22402.0
Сарпинский муниципальный район,16225.0,17224.0,18681.0,17689.0,17792.0,17848.0,18841.0,20408.0,17472.0,18241.0,19283.0,24909.0,19427.0,19682.0,21659.0,22226.0,21125.0,21647.0,23309.0,25902.0,21614.0,22856.0,20266.0,23808.0
Саткинский муниципальный район,21446.0,22440.0,24677.0,23326.0,24374.0,24309.0,25731.0,26171.0,24375.0,25834.0,26289.0,30525.0,24909.0,26984.0,30257.0,29239.0,29608.0,30500.0,31010.0,31906.0,29536.0,31055.0,31283.0,35830.0
Сафакулевский муниципальный округ,14421.0,15264.0,16634.0,15502.0,15299.0,16436.0,16077.0,16183.0,15355.0,16292.0,15903.0,19330.0,14947.0,16194.0,18805.0,18259.0,18099.0,17857.0,19728.0,20910.0,17511.0,20793.0,18553.0,24412.0
Сафоновский муниципальный район,21528.0,22339.0,24193.0,23005.0,23456.0,24238.0,24933.0,24770.0,23618.0,24353.0,24779.0,29032.0,22797.0,25394.0,28197.0,27753.0,28145.0,28080.0,29163.0,29024.0,27209.0,28636.0,28149.0,32496.0
Саянский муниципальный район,17447.0,19724.0,21726.0,19281.0,20582.0,21116.0,22166.0,21741.0,20499.0,20248.0,19583.0,25012.0,18900.0,21905.0,23373.0,23940.0,24984.0,23967.0,25553.0,24766.0,21356.0,24440.0,23378.0,27437.0
Свердловский муниципальный район,18544.0,19279.0,20562.0,17629.0,17900.0,17783.0,18302.0,18362.0,18088.0,18014.0,17984.0,20737.0,16940.0,18669.0,21654.0,19700.0,20543.0,21146.0,20105.0,19776.0,19659.0,20015.0,20283.0,23596.0
Светлинский муниципальный район,18296.0,18756.0,20896.0,19550.0,20609.0,20858.0,21472.0,21902.0,19258.0,20261.0,21383.0,24866.0,18447.0,22148.0,24671.0,22854.0,23707.0,24592.0,25296.0,25090.0,22867.0,25090.0,24170.0,27673.0
Светлоярский муниципальный район,19390.0,20465.0,22068.0,18772.0,19926.0,18540.0,19300.0,20880.0,19192.0,20037.0,21755.0,25098.0,19903.0,21501.0,22526.0,22450.0,21706.0,21929.0,22261.0,23477.0,22997.0,25138.0,25254.0,31330.0
Свободненский муниципальный район,25217.0,26056.0,27234.0,25916.0,26932.0,27007.0,27707.0,28084.0,25494.0,26281.0,25765.0,30599.0,24426.0,26601.0,28675.0,28856.0,28386.0,29904.0,30826.0,30892.0,28598.0,28573.0,28850.0,33187.0
Себежский муниципальный район,21288.0,21807.0,24371.0,22722.0,22906.0,23108.0,24174.0,24183.0,22347.0,23787.0,23516.0,28540.0,22259.0,23926.0,26921.0,26614.0,27278.0,27294.0,28627.0,28639.0,25556.0,27217.0,27002.0,32050.0
Северо-Енисейский муниципальный район,30212.0,32887.0,36562.0,31020.0,33434.0,34885.0,37618.0,36887.0,33849.0,35360.0,34980.0,38971.0,32581.0,36716.0,41400.0,39699.0,42383.0,41430.0,45370.0,46800.0,41758.0,44089.0,42878.0,49125.0
Сегежский муниципальный округ,27386.0,28839.0,31586.0,30109.0,31151.0,30599.0,30737.0,30300.0,28015.0,30079.0,31018.0,34994.0,29029.0,32541.0,35761.0,34631.0,36529.0,36407.0,36111.0,35255.0,32457.0,33690.0,34628.0,39529.0
Седельниковский муниципальный район,16249.0,17326.0,19104.0,17227.0,17594.0,17598.0,19221.0,19423.0,17275.0,17278.0,17519.0,20880.0,15344.0,18103.0,21404.0,20109.0,20353.0,21209.0,22054.0,22365.0,19051.0,21347.0,19577.0,25122.0
Селемджинский муниципальный район,26585.0,28493.0,30335.0,29271.0,30560.0,31057.0,32488.0,34272.0,28851.0,29851.0,30195.0,35976.0,29083.0,29947.0,34220.0,32840.0,32948.0,32531.0,33680.0,35542.0,31056.0,32830.0,32908.0,42645.0
Селивановский муниципальный район,19837.0,21037.0,22932.0,19391.0,19930.0,19580.0,20854.0,20689.0,20036.0,19831.0,20329.0,24655.0,19552.0,22041.0,22713.0,22397.0,21717.0,23126.0,22575.0,23228.0,22337.0,23083.0,22806.0,26807.0
Сенгилеевский муниципальный район,16820.0,18247.0,19845.0,16431.0,17413.0,17055.0,17658.0,17793.0,16764.0,16133.0,17803.0,20382.0,16765.0,17881.0,19709.0,19946.0,19592.0,20291.0,20820.0,20738.0,19781.0,21420.0,20032.0,23342.0
Серафимовичский муниципальный район,18560.0,19699.0,21050.0,19913.0,20189.0,20604.0,20118.0,20807.0,19294.0,19498.0,20715.0,24352.0,18681.0,20801.0,22840.0,23060.0,23486.0,23799.0,23176.0,24811.0,22691.0,22863.0,22442.0,27478.0
Сергачский муниципальный округ,19790.0,21410.0,23119.0,20982.0,22004.0,22323.0,23270.0,23400.0,22477.0,22615.0,23021.0,27219.0,20712.0,23301.0,25358.0,24558.0,25049.0,25711.0,26416.0,26759.0,24917.0,26607.0,26774.0,31839.0
Сергиевский муниципальный район,20489.0,21270.0,23486.0,21381.0,22307.0,21862.0,22656.0,23311.0,21648.0,21467.0,22054.0,25401.0,20157.0,22252.0,24992.0,23496.0,23185.0,23450.0,24068.0,23891.0,23000.0,24375.0,25585.0,30807.0
Сердобский муниципальный район,18348.0,19165.0,21127.0,19103.0,19673.0,19251.0,20381.0,20644.0,19769.0,20471.0,21242.0,25043.0,19946.0,21775.0,23825.0,22575.0,22381.0,22508.0,22776.0,23528.0,21628.0,23462.0,23898.0,27670.0
Сернурский муниципальный район,16895.0,17777.0,19328.0,16634.0,17549.0,17279.0,17693.0,17353.0,16208.0,17256.0,17757.0,21406.0,17391.0,19702.0,21049.0,21230.0,21258.0,21585.0,21557.0,21522.0,20282.0,21288.0,21290.0,24240.0
Серышевский муниципальный округ,23460.0,26212.0,27051.0,25381.0,25521.0,27020.0,27857.0,27543.0,24946.0,24873.0,25272.0,32516.0,22775.0,25748.0,27853.0,26852.0,28053.0,28283.0,29644.0,28864.0,25942.0,27165.0,27788.0,35426.0
Сеченовский муниципальный округ,17854.0,20062.0,21165.0,18883.0,19728.0,20307.0,20496.0,20501.0,20042.0,19942.0,20673.0,24856.0,18466.0,21417.0,22450.0,22119.0,23094.0,24099.0,23870.0,24309.0,22196.0,23576.0,23572.0,28559.0
Сковородинский муниципальный округ,23412.0,24568.0,27533.0,25853.0,26516.0,27313.0,29094.0,29406.0,27033.0,27090.0,27746.0,33427.0,26193.0,27737.0,31341.0,31509.0,30957.0,31332.0,31757.0,31805.0,29282.0,30995.0,29986.0,36531.0
Сладковский муниципальный район,19208.0,20372.0,22136.0,19810.0,19713.0,20490.0,21219.0,22321.0,18501.0,20754.0,20526.0,24948.0,18871.0,19834.0,23895.0,22566.0,21796.0,23165.0,23705.0,23135.0,21147.0,23327.0,22321.0,26085.0
Сланцевский муниципальный район,26697.0,28168.0,30671.0,29313.0,30088.0,30189.0,31742.0,31522.0,29735.0,30988.0,31859.0,36697.0,28592.0,32397.0,35897.0,34521.0,37070.0,36710.0,36977.0,37595.0,35131.0,36260.0,37204.0,43888.0
Слободо-Туринский муниципальный район,21783.0,23305.0,25297.0,22524.0,23271.0,22442.0,23636.0,22488.0,20644.0,21601.0,22907.0,27435.0,20629.0,23338.0,26072.0,25052.0,25437.0,26983.0,27269.0,26361.0,24356.0,26417.0,25482.0,30812.0
Слободской муниципальный район,19830.0,20248.0,22501.0,20248.0,20225.0,19153.0,20153.0,19965.0,19158.0,19621.0,20151.0,22866.0,18699.0,21318.0,23197.0,23451.0,23046.0,23750.0,23255.0,23005.0,20748.0,22341.0,22740.0,25670.0
Слюдянский муниципальный район,21759.0,23409.0,25638.0,22756.0,23713.0,24064.0,25306.0,25547.0,23293.0,24830.0,25459.0,30075.0,23172.0,25103.0,27820.0,27286.0,27894.0,28981.0,29617.0,30418.0,27460.0,28642.0,28150.0,33459.0
Смидовичский муниципальный район,24216.0,24970.0,26827.0,25782.0,26835.0,27627.0,28680.0,29289.0,28285.0,30082.0,29778.0,37777.0,29082.0,32500.0,33946.0,33884.0,33875.0,34750.0,35342.0,35552.0,32867.0,34527.0,33420.0,41159.0
Собинский муниципальный район,22272.0,23677.0,25408.0,21730.0,22046.0,22589.0,23010.0,23470.0,22471.0,23278.0,23507.0,27813.0,21961.0,24770.0,26495.0,25542.0,26135.0,26011.0,27069.0,27458.0,26616.0,29092.0,29247.0,34074.0
Соболевский муниципальный район,30964.0,41213.0,40600.0,40436.0,39135.0,40398.0,41460.0,43361.0,47565.0,56296.0,52385.0,59922.0,43589.0,49448.0,48713.0,46073.0,44162.0,52071.0,44177.0,48606.0,53365.0,59621.0,55984.0,60444.0
Советско-Гаванский муниципальный район,29254.0,31834.0,34785.0,32381.0,33631.0,34685.0,36154.0,36247.0,32641.0,33556.0,33936.0,41074.0,31945.0,35760.0,39471.0,39002.0,38288.0,39679.0,40802.0,41648.0,37469.0,39299.0,38354.0,47005.0
Сокольский муниципальный округ,23505.0,24206.0,26836.0,23550.0,23645.0,24180.0,24345.0,24811.0,22781.0,24323.0,25284.0,29389.0,22811.0,25117.0,27820.0,26896.0,27620.0,28727.0,27714.0,29050.0,27878.0,29572.0,30780.0,35467.0
Солигаличский муниципальный округ,17277.0,18286.0,19731.0,19194.0,19282.0,19128.0,20238.0,20925.0,19103.0,19779.0,20005.0,23475.0,17463.0,19098.0,21081.0,21734.0,21710.0,21416.0,21493.0,22592.0,19679.0,21304.0,21736.0,25921.0
Солнечный муниципальный район,26874.0,30126.0,32108.0,26915.0,27977.0,27255.0,28307.0,27738.0,25123.0,25993.0,26528.0,32148.0,25894.0,28285.0,30886.0,30056.0,30578.0,30364.0,31441.0,31981.0,29423.0,31417.0,29813.0,36064.0
Солонешенский муниципальный район,16139.0,16868.0,19062.0,17021.0,17847.0,18977.0,21090.0,21239.0,20308.0,19814.0,20827.0,24209.0,17202.0,18138.0,19883.0,20184.0,21532.0,21544.0,23346.0,23668.0,20470.0,22926.0,22025.0,26428.0
Солтонский муниципальный район,12658.0,15159.0,16030.0,13843.0,14479.0,14119.0,14733.0,15678.0,14019.0,14208.0,15276.0,18091.0,14146.0,14581.0,16225.0,17408.0,17764.0,17873.0,17905.0,18902.0,16470.0,17559.0,17327.0,21935.0
Сорокинский муниципальный район,20505.0,21723.0,23382.0,21712.0,22561.0,24182.0,24463.0,25214.0,23112.0,25879.0,24819.0,29700.0,22262.0,24808.0,27435.0,27246.0,26882.0,26704.0,27943.0,28526.0,24718.0,27499.0,25094.0,29742.0
Сортавальский муниципальный район,28504.0,29543.0,32460.0,31028.0,32517.0,33225.0,34651.0,35056.0,33432.0,33990.0,34167.0,39836.0,31696.0,34096.0,36834.0,35882.0,38004.0,38851.0,40185.0,42135.0,39835.0,41562.0,41604.0,48791.0
Сосновоборский муниципальный район,17674.0,18109.0,19885.0,19402.0,18853.0,19759.0,20273.0,20913.0,18585.0,19554.0,19548.0,24243.0,19700.0,20995.0,22987.0,21057.0,21838.0,21441.0,21624.0,22064.0,22697.0,23164.0,23359.0,27535.0
Сосновский муниципальный район,24179.0,25082.0,28223.0,27382.0,28074.0,28373.0,29422.0,31043.0,30147.0,32160.0,33710.0,38803.0,31146.0,33260.0,37255.0,36363.0,36304.0,37160.0,36915.0,38189.0,35988.0,37610.0,37353.0,43939.0
Спас-Деменский муниципальный район,19906.0,22733.0,23514.0,20572.0,21743.0,22594.0,21943.0,21594.0,21144.0,19685.0,21275.0,25052.0,19414.0,22966.0,24662.0,24203.0,24860.0,25699.0,25511.0,27587.0,24735.0,26410.0,25881.0,29884.0
Спасский муниципальный округ,15954.0,18449.0,19524.0,17191.0,17300.0,18254.0,18201.0,18308.0,18638.0,17418.0,19076.0,21564.0,17089.0,19350.0,20800.0,20722.0,20159.0,21557.0,21223.0,21082.0,20716.0,21100.0,20268.0,26019.0
Среднеахтубинский муниципальный район,19659.0,21303.0,22686.0,21665.0,21964.0,21957.0,23366.0,24572.0,23486.0,24427.0,25726.0,30552.0,23053.0,25415.0,27836.0,27553.0,27024.0,27483.0,27953.0,29370.0,28259.0,29322.0,30033.0,35345.0
Среднеколымский муниципальный район,27745.0,32991.0,34798.0,34103.0,34179.0,40228.0,44043.0,45338.0,33667.0,34804.0,32050.0,45858.0,29680.0,35767.0,38529.0,38707.0,35384.0,44078.0,49226.0,52543.0,40136.0,40043.0,36963.0,52365.0
Сретенский муниципальный район,20516.0,22739.0,23774.0,23177.0,23905.0,25101.0,26119.0,26684.0,23094.0,23753.0,23451.0,30679.0,22184.0,24488.0,26504.0,26985.0,27193.0,28270.0,29579.0,29285.0,25883.0,27087.0,26459.0,32885.0
Ставропольский муниципальный район,22980.0,23374.0,25960.0,24636.0,25775.0,25358.0,26249.0,28648.0,28029.0,29609.0,30879.0,34727.0,28628.0,30465.0,32962.0,32839.0,33042.0,33311.0,33721.0,34465.0,33008.0,35378.0,35509.0,41150.0
Становлянский муниципальный район,18492.0,19690.0,21369.0,17846.0,18980.0,17954.0,18299.0,19718.0,17569.0,17426.0,19941.0,22334.0,16450.0,17787.0,19820.0,21096.0,19334.0,21201.0,20831.0,23514.0,21060.0,23910.0,22393.0,25371.0
Старожиловский муниципальный район,19772.0,20690.0,21691.0,19037.0,19723.0,19865.0,21072.0,20248.0,19221.0,20429.0,20524.0,22595.0,19106.0,21667.0,24742.0,22234.0,23910.0,23783.0,23291.0,24174.0,22519.0,25457.0,23332.0,26722.0
Старокулаткинский муниципальный район,13489.0,14583.0,14828.0,12996.0,12923.0,13816.0,15036.0,15622.0,14474.0,14735.0,15800.0,18207.0,12934.0,16083.0,17008.0,16630.0,15902.0,17350.0,17265.0,16391.0,15569.0,16060.0,16650.0,19340.0
Старомайнский муниципальный район,15485.0,17469.0,18987.0,14744.0,15692.0,15449.0,16857.0,15793.0,16244.0,15965.0,16653.0,19572.0,15125.0,17038.0,18708.0,18682.0,18173.0,17309.0,17328.0,18808.0,17430.0,18691.0,19229.0,21893.0
Старополтавский муниципальный район,16845.0,17728.0,19150.0,17717.0,18124.0,17739.0,18740.0,19090.0,17790.0,18430.0,18177.0,22893.0,17507.0,19327.0,20244.0,21305.0,21099.0,21693.0,22339.0,22969.0,20866.0,22678.0,21845.0,26403.0
Старорусский муниципальный район,22599.0,23264.0,25352.0,22848.0,23152.0,23324.0,23930.0,23865.0,22417.0,23191.0,24205.0,28596.0,22133.0,24869.0,27005.0,26354.0,26943.0,26713.0,27729.0,28119.0,26329.0,28132.0,28398.0,33610.0
Старошайговский муниципальный район,14797.0,17071.0,17931.0,14328.0,14474.0,15392.0,14327.0,15149.0,14897.0,15414.0,15826.0,20364.0,13800.0,15904.0,18535.0,21531.0,19368.0,18345.0,18220.0,18281.0,15516.0,17076.0,18549.0,18960.0
Староюрьевский муниципальный округ,17372.0,17573.0,19169.0,16899.0,17674.0,17793.0,17619.0,18451.0,17173.0,17463.0,17964.0,22063.0,17640.0,19018.0,20389.0,19536.0,20789.0,21029.0,20775.0,21585.0,19027.0,21491.0,21019.0,25464.0
Степновский муниципальный округ,15304.0,17690.0,17586.0,16677.0,16477.0,15954.0,18135.0,18514.0,17737.0,18644.0,19116.0,24263.0,17520.0,19635.0,22933.0,21568.0,19770.0,20655.0,22360.0,25058.0,21674.0,22395.0,21891.0,25672.0
Стерлибашевский муниципальный район,16516.0,16344.0,18448.0,16323.0,14961.0,16063.0,16003.0,15442.0,13979.0,15808.0,15273.0,18174.0,14801.0,16450.0,17718.0,18781.0,16449.0,17681.0,18250.0,17076.0,15561.0,17481.0,16981.0,19859.0
Стерлитамакский муниципальный район,25172.0,24222.0,26611.0,26259.0,27302.0,26389.0,27937.0,28024.0,26178.0,27368.0,28108.0,32311.0,26371.0,28515.0,32144.0,30913.0,31110.0,31869.0,32430.0,33078.0,31379.0,32776.0,33165.0,37509.0
Суворовский муниципальный район,21314.0,22385.0,24105.0,22252.0,22685.0,22009.0,22844.0,23291.0,22317.0,23062.0,23980.0,27864.0,21653.0,24493.0,27150.0,27220.0,27205.0,25806.0,27520.0,27605.0,25921.0,27386.0,28254.0,32529.0
Судиславский муниципальный район,18309.0,18737.0,20133.0,18630.0,19133.0,19414.0,20066.0,20200.0,18635.0,19770.0,20371.0,23896.0,19358.0,20368.0,21937.0,22201.0,21973.0,22393.0,22967.0,22256.0,22005.0,23305.0,23407.0,25246.0
Судогодский муниципальный район,21016.0,22952.0,24440.0,21529.0,21890.0,22048.0,22749.0,22589.0,21178.0,21930.0,22512.0,26679.0,19504.0,22786.0,24380.0,24288.0,24969.0,25037.0,25338.0,26537.0,24309.0,25126.0,24885.0,30538.0
Суздальский муниципальный район,23153.0,24616.0,27252.0,23188.0,24698.0,24909.0,26554.0,27057.0,26231.0,27762.0,28394.0,32170.0,26095.0,28488.0,31335.0,30108.0,31459.0,31523.0,32550.0,33635.0,32306.0,33331.0,33811.0,39451.0
Сузунский муниципальный район,18567.0,20048.0,21586.0,20470.0,20553.0,22489.0,22415.0,23084.0,21357.0,22254.0,22539.0,27771.0,20346.0,22663.0,24862.0,24560.0,24912.0,25768.0,27069.0,27743.0,25520.0,26713.0,26150.0,31263.0
Сунский муниципальный район,18530.0,17416.0,19709.0,16763.0,16552.0,17256.0,15953.0,16288.0,16416.0,16249.0,17550.0,19247.0,16251.0,17447.0,18369.0,18611.0,18054.0,17239.0,18883.0,17518.0,17885.0,19645.0,17069.0,21848.0
Сунтарский муниципальный район,23896.0,27361.0,29806.0,25531.0,26063.0,31818.0,32465.0,32695.0,29271.0,28969.0,26190.0,39207.0,26699.0,29188.0,33285.0,31365.0,30592.0,36378.0,36387.0,38103.0,31543.0,31310.0,30664.0,44231.0
Суоярвский муниципальный округ,24717.0,26206.0,28065.0,26978.0,27469.0,27385.0,27696.0,27997.0,25095.0,25541.0,26536.0,29992.0,24034.0,27380.0,29888.0,29707.0,30854.0,30333.0,30737.0,30895.0,27294.0,30194.0,30273.0,34316.0
Сургутский муниципальный район,30633.0,29670.0,32601.0,30950.0,31945.0,32972.0,34796.0,34232.0,31010.0,34028.0,33773.0,37584.0,33723.0,34103.0,37936.0,38165.0,37735.0,39039.0,40354.0,38855.0,35188.0,37188.0,36245.0,40333.0
Суровикинский муниципальный район,17912.0,19234.0,20673.0,18844.0,19743.0,19710.0,19774.0,21588.0,20178.0,20737.0,20073.0,24545.0,18747.0,21078.0,22724.0,22816.0,22993.0,23199.0,23690.0,24468.0,23196.0,24278.0,23962.0,28781.0
Сурский муниципальный район,16359.0,16860.0,17764.0,16219.0,16244.0,15869.0,16374.0,17278.0,16568.0,16378.0,17196.0,20466.0,16278.0,18528.0,19295.0,20059.0,19468.0,19672.0,20660.0,20007.0,18730.0,19458.0,20099.0,22851.0
Сусанинский муниципальный район,17163.0,19361.0,19857.0,17424.0,18922.0,18455.0,19767.0,20323.0,18430.0,19005.0,18622.0,23200.0,17921.0,19116.0,22381.0,22085.0,21486.0,21657.0,21792.0,20950.0,19249.0,21740.0,21997.0,25279.0
Сухиничский муниципальный район,21623.0,23055.0,24669.0,21843.0,22358.0,22449.0,23461.0,22326.0,21701.0,21533.0,22406.0,26220.0,21604.0,24072.0,26273.0,25238.0,25678.0,25186.0,26435.0,26241.0,24762.0,25143.0,26301.0,31405.0
Сухобузимский муниципальный район,19200.0,20999.0,22590.0,19164.0,20145.0,20803.0,21355.0,21047.0,19824.0,19887.0,20964.0,25371.0,18951.0,21993.0,24206.0,23346.0,25409.0,25796.0,26419.0,26712.0,23602.0,25031.0,25711.0,30018.0
Сызранский муниципальный район,18016.0,19832.0,21500.0,20726.0,21654.0,21726.0,22663.0,24457.0,24148.0,23874.0,25050.0,28896.0,23039.0,24222.0,27589.0,26350.0,26321.0,27358.0,28226.0,28786.0,27323.0,29413.0,28404.0,33497.0
Сычевский муниципальный район,21531.0,22230.0,23433.0,21754.0,22017.0,22862.0,22575.0,23212.0,22337.0,22032.0,23652.0,28072.0,22085.0,23862.0,26709.0,26107.0,25933.0,26385.0,27099.0,27032.0,24954.0,26275.0,26923.0,32687.0
Сямженский муниципальный округ,21373.0,23142.0,25188.0,21361.0,21720.0,21368.0,21148.0,20403.0,18828.0,19109.0,19211.0,22226.0,18111.0,20728.0,21474.0,21624.0,23741.0,24209.0,23617.0,24139.0,21318.0,22975.0,23153.0,26134.0
Таборинский муниципальный район,18239.0,21233.0,22279.0,20108.0,20035.0,20660.0,22541.0,22281.0,19951.0,21778.0,20216.0,27601.0,19445.0,23098.0,26942.0,26070.0,24356.0,26857.0,27326.0,25434.0,23950.0,24611.0,25945.0,33636.0
Табунский муниципальный район,16237.0,18256.0,19367.0,17848.0,18196.0,19573.0,20745.0,20821.0,19455.0,20142.0,19878.0,25820.0,18635.0,20370.0,22039.0,21626.0,21866.0,22635.0,22832.0,23376.0,21891.0,22182.0,24944.0,28475.0
Таврический муниципальный район,18442.0,19265.0,20862.0,18600.0,18528.0,18835.0,20184.0,20154.0,17857.0,18724.0,19764.0,24005.0,17593.0,19277.0,22008.0,21122.0,22220.0,22153.0,22781.0,23233.0,20858.0,22928.0,22532.0,26166.0
Таймырский Долгано-Ненецкий муниципальный район,40349.0,41813.0,45903.0,43718.0,45886.0,47903.0,52829.0,50917.0,42999.0,41495.0,42068.0,51001.0,38554.0,42324.0,46531.0,45690.0,50099.0,52691.0,57341.0,55422.0,46038.0,46066.0,42757.0,53774.0
Тайшетский муниципальный район,22196.0,24253.0,25993.0,24435.0,25315.0,27424.0,27541.0,27433.0,26181.0,26143.0,26474.0,32237.0,22965.0,26131.0,28907.0,29467.0,29307.0,30812.0,31898.0,33124.0,28509.0,30699.0,30297.0,36231.0
Тальменский муниципальный район,17455.0,19009.0,20513.0,18339.0,18882.0,19246.0,20019.0,20554.0,19242.0,19842.0,20465.0,24000.0,17889.0,19728.0,21766.0,21602.0,21939.0,22532.0,22930.0,23870.0,21790.0,24233.0,24078.0,28625.0
Тамалинский муниципальный район,17203.0,17412.0,19437.0,17157.0,16659.0,17347.0,18233.0,17537.0,17234.0,17979.0,18885.0,22321.0,17867.0,19518.0,21175.0,20026.0,20391.0,20483.0,21802.0,21360.0,19345.0,21754.0,21090.0,25473.0
Тандинский муниципальный район,17993.0,19047.0,20085.0,19809.0,19688.0,21564.0,22114.0,23961.0,21458.0,22753.0,23557.0,30062.0,21158.0,23269.0,27737.0,24983.0,25326.0,27492.0,26830.0,30443.0,27876.0,27617.0,28402.0,34776.0
Тарногский муниципальный округ,19980.0,20772.0,23579.0,21309.0,21982.0,21786.0,22727.0,23243.0,20619.0,21954.0,22317.0,25832.0,20444.0,22109.0,25118.0,24909.0,25817.0,26033.0,26653.0,26236.0,24349.0,25222.0,24625.0,28785.0
Тарский муниципальный район,20011.0,20651.0,22834.0,20700.0,21866.0,22141.0,23477.0,23498.0,22232.0,22392.0,21768.0,27094.0,21310.0,22654.0,25096.0,24683.0,25093.0,25989.0,26728.0,27249.0,24532.0,26499.0,25862.0,30548.0
Тарусский муниципальный район,24120.0,25324.0,27938.0,24800.0,24542.0,24378.0,26359.0,25823.0,23501.0,24934.0,25577.0,28747.0,22773.0,24837.0,27971.0,28056.0,27610.0,27591.0,28004.0,29127.0,27104.0,28462.0,29812.0,34154.0
Тасеевский муниципальный район,17898.0,20327.0,22496.0,20233.0,21102.0,21391.0,23321.0,21925.0,20542.0,21849.0,21336.0,26386.0,20815.0,22930.0,25171.0,24181.0,25201.0,25230.0,25907.0,25465.0,22980.0,24956.0,24457.0,29391.0
Татарский муниципальный район,19101.0,20733.0,22951.0,21343.0,22120.0,22857.0,23486.0,23643.0,21995.0,22367.0,22737.0,26977.0,20891.0,23650.0,25777.0,24800.0,25381.0,27074.0,26725.0,27538.0,24962.0,26216.0,25966.0,30585.0
Татищевский муниципальный район,17953.0,19273.0,20571.0,17899.0,18460.0,18157.0,19548.0,20381.0,18457.0,18789.0,20219.0,24294.0,17787.0,20685.0,22409.0,21565.0,21616.0,21709.0,23494.0,22908.0,21467.0,22602.0,22124.0,27175.0
Таттинский муниципальный район,22431.0,24180.0,26553.0,24997.0,23943.0,27894.0,28549.0,29524.0,25052.0,24154.0,23701.0,33605.0,21424.0,24935.0,28493.0,27803.0,28625.0,31484.0,29693.0,33955.0,27076.0,27947.0,25836.0,34005.0
Татышлинский муниципальный район,16220.0,17081.0,17890.0,16788.0,17191.0,17121.0,17909.0,18276.0,16817.0,17303.0,17731.0,21526.0,17814.0,19165.0,21301.0,20645.0,21192.0,21916.0,21241.0,22322.0,19615.0,21614.0,19526.0,25018.0
Тахтамукайский муниципальный район,26759.0,27675.0,31235.0,30783.0,31848.0,32091.0,33816.0,35314.0,34691.0,35554.0,36577.0,42068.0,32856.0,35596.0,39033.0,38624.0,37976.0,39407.0,40969.0,42059.0,38866.0,40847.0,40732.0,47558.0
Ташлинский муниципальный район,15977.0,16827.0,18194.0,16840.0,17470.0,17234.0,17682.0,17972.0,17525.0,17466.0,17987.0,21790.0,17205.0,18858.0,20004.0,19822.0,20222.0,20299.0,20223.0,20591.0,18599.0,19985.0,20084.0,24047.0
Таштагольский муниципальный район,25570.0,26660.0,30777.0,28625.0,29396.0,29804.0,30770.0,31040.0,28749.0,29925.0,29604.0,34446.0,28032.0,30260.0,34285.0,33538.0,34492.0,36111.0,36946.0,37580.0,35158.0,36206.0,36473.0,42755.0
Таштыпский муниципальный район,18801.0,19320.0,21960.0,20093.0,20946.0,21945.0,22606.0,22866.0,21674.0,20642.0,21820.0,26158.0,19339.0,22208.0,24409.0,23858.0,24379.0,26102.0,26866.0,27740.0,25584.0,26831.0,26260.0,32161.0
Тевризский муниципальный район,17779.0,18548.0,20421.0,17827.0,19312.0,18981.0,20613.0,19913.0,18739.0,20300.0,19524.0,24723.0,18929.0,20434.0,23541.0,22289.0,22831.0,24273.0,24139.0,23733.0,21418.0,23579.0,22447.0,27722.0
Тегульдетский муниципальный район,20739.0,22367.0,24164.0,21623.0,21844.0,21431.0,22146.0,22022.0,20404.0,21541.0,21597.0,26048.0,20406.0,23653.0,25677.0,25136.0,25053.0,25860.0,27437.0,27179.0,23359.0,25182.0,24575.0,32546.0
Тейковский муниципальный район,18792.0,18992.0,19320.0,19119.0,21013.0,17952.0,19596.0,20766.0,18899.0,20054.0,20986.0,27539.0,18831.0,20775.0,24083.0,24766.0,22896.0,22459.0,24738.0,23537.0,22086.0,23273.0,24248.0,25875.0
Темкинский муниципальный район,18605.0,20351.0,22875.0,20720.0,20163.0,22067.0,22741.0,21676.0,22158.0,23552.0,24690.0,30779.0,21483.0,24192.0,25148.0,23674.0,24976.0,26160.0,27333.0,27677.0,26505.0,29384.0,28861.0,33278.0
Темниковский муниципальный район,16089.0,17784.0,19239.0,16888.0,17773.0,17416.0,18648.0,18205.0,17066.0,18094.0,19301.0,22309.0,17256.0,19444.0,20522.0,20117.0,20441.0,20687.0,21329.0,21503.0,19526.0,20684.0,20928.0,24746.0
Теньгушевский муниципальный район,15644.0,16871.0,17730.0,16864.0,17549.0,15963.0,16106.0,16956.0,15721.0,16883.0,18614.0,21745.0,14838.0,18024.0,19961.0,17874.0,18147.0,19028.0,18664.0,20309.0,17696.0,19615.0,19462.0,24402.0
Тепло-Огаревский муниципальный район,20098.0,22252.0,24103.0,21411.0,22155.0,22163.0,22357.0,21866.0,21330.0,21102.0,22944.0,27197.0,20254.0,24919.0,26763.0,25379.0,26390.0,25508.0,26395.0,26800.0,24163.0,25636.0,25655.0,29703.0
Тербунский муниципальный район,20241.0,20885.0,23082.0,20909.0,21283.0,20663.0,21845.0,22535.0,20831.0,21585.0,22302.0,26572.0,21987.0,23931.0,25884.0,25037.0,25114.0,24919.0,25212.0,25984.0,24135.0,25286.0,25946.0,30444.0
Тереньгульский муниципальный район,15249.0,16756.0,18140.0,16255.0,15640.0,16766.0,17392.0,17769.0,16591.0,15230.0,17232.0,20120.0,16418.0,18328.0,18653.0,19082.0,19369.0,19954.0,20540.0,20301.0,17915.0,19091.0,19755.0,21860.0
Тернейский муниципальный округ,24230.0,26077.0,28819.0,27623.0,28404.0,28347.0,30668.0,30594.0,27706.0,30217.0,30066.0,35497.0,28215.0,31488.0,34292.0,33967.0,33704.0,33872.0,36778.0,37176.0,33327.0,34920.0,35784.0,41017.0
Тетюшский муниципальный район,16613.0,16793.0,18573.0,17077.0,17801.0,17531.0,18326.0,18221.0,16639.0,17508.0,17340.0,20617.0,16861.0,18307.0,20452.0,19782.0,20378.0,19997.0,20625.0,20988.0,18938.0,21386.0,20739.0,24566.0
Теучежский муниципальный район,21288.0,21963.0,23785.0,25869.0,24632.0,24979.0,26188.0,28031.0,26315.0,27736.0,29096.0,34552.0,26016.0,28137.0,30117.0,30039.0,30693.0,31509.0,32756.0,35004.0,30601.0,32917.0,33632.0,40031.0
Тигильский муниципальный район,34631.0,41568.0,41988.0,41264.0,42268.0,41028.0,51520.0,51392.0,44830.0,48560.0,47735.0,56684.0,40127.0,47764.0,49440.0,48662.0,46068.0,54701.0,66927.0,64891.0,55959.0,56281.0,51754.0,61105.0
Тисульский муниципальный округ,19545.0,21079.0,23228.0,22259.0,23280.0,23473.0,24211.0,23432.0,21792.0,23154.0,23498.0,27945.0,20976.0,23696.0,26685.0,26487.0,26802.0,26627.0,27796.0,29087.0,25837.0,27911.0,27852.0,33242.0
Тихвинский муниципальный район,25405.0,26819.0,29405.0,29135.0,29989.0,30281.0,31272.0,31799.0,30171.0,31915.0,32494.0,37667.0,30343.0,32151.0,36242.0,34699.0,36597.0,36400.0,37476.0,37500.0,35739.0,37831.0,37719.0,44284.0
Тогульский муниципальный район,16101.0,16451.0,18110.0,16809.0,16563.0,18103.0,18012.0,18717.0,16682.0,16892.0,17508.0,21364.0,16339.0,17880.0,19735.0,19899.0,19727.0,20252.0,21207.0,21201.0,18798.0,20623.0,20155.0,24465.0
Тогучинский муниципальный район,18464.0,20095.0,21956.0,19889.0,20897.0,20939.0,21914.0,21933.0,20523.0,21016.0,21778.0,26013.0,19230.0,21768.0,23966.0,24256.0,24115.0,24968.0,25794.0,26268.0,24185.0,25439.0,25765.0,29609.0
Тоджинский муниципальный район,18222.0,22147.0,24071.0,22898.0,24902.0,25137.0,25490.0,26606.0,25876.0,28266.0,26488.0,34235.0,22485.0,26162.0,30767.0,26734.0,29057.0,31291.0,30118.0,31915.0,28165.0,32647.0,28815.0,39586.0
Токарёвский муниципальный округ,18034.0,18794.0,20381.0,18398.0,18313.0,18463.0,18726.0,18100.0,17561.0,18219.0,19362.0,22787.0,18180.0,19731.0,21851.0,21276.0,21605.0,22056.0,22284.0,23151.0,21155.0,22726.0,23260.0,26850.0
Томпонский муниципальный район,28286.0,33121.0,35757.0,33069.0,31183.0,35535.0,39494.0,41955.0,33976.0,33828.0,31055.0,45592.0,31485.0,36790.0,40848.0,40502.0,37596.0,43299.0,46437.0,48256.0,40568.0,39185.0,39695.0,53868.0
Томский муниципальный район,27284.0,28696.0,31936.0,31111.0,32866.0,33848.0,34821.0,35696.0,34659.0,35940.0,36520.0,42471.0,33536.0,35992.0,39628.0,38554.0,38953.0,40287.0,40838.0,40696.0,38126.0,40331.0,40955.0,46966.0
Тонкинский муниципальный округ,18159.0,19597.0,22331.0,20740.0,21055.0,21855.0,22668.0,22637.0,21882.0,21594.0,21960.0,27382.0,19894.0,22801.0,25794.0,24397.0,24470.0,25490.0,26346.0,26474.0,24816.0,24214.0,23971.0,27313.0
Тоншаевский муниципальный округ,18578.0,19664.0,21848.0,20613.0,21295.0,21234.0,22778.0,22587.0,23044.0,21125.0,20541.0,24954.0,19468.0,22681.0,24997.0,25447.0,25256.0,26347.0,27755.0,26965.0,25352.0,26203.0,25852.0,30890.0
Топкинский муниципальный округ,20179.0,21158.0,24001.0,23018.0,24237.0,25011.0,26394.0,26534.0,24372.0,24721.0,24778.0,28426.0,22927.0,24698.0,28011.0,28039.0,29634.0,30447.0,32385.0,32544.0,30418.0,31625.0,30735.0,35610.0
Топчихинский муниципальный район,15636.0,18077.0,18857.0,16456.0,16883.0,17975.0,19236.0,19564.0,17727.0,18193.0,18862.0,23290.0,17315.0,19067.0,21199.0,20642.0,20583.0,21429.0,22058.0,22774.0,20059.0,21727.0,21084.0,26428.0
Торбеевский муниципальный район,18251.0,19919.0,22301.0,19675.0,20584.0,20948.0,21478.0,21571.0,20410.0,21034.0,21650.0,25612.0,19619.0,21776.0,23713.0,24020.0,23225.0,23982.0,24661.0,25566.0,23468.0,24015.0,24203.0,29540.0
Тосненский муниципальный район,29869.0,30538.0,33885.0,33505.0,34911.0,35391.0,36343.0,36956.0,35164.0,37094.0,37684.0,43281.0,34771.0,36903.0,41203.0,39931.0,41594.0,41544.0,42581.0,42679.0,40279.0,42535.0,42696.0,49900.0
Тотемский муниципальный округ,21773.0,23188.0,25408.0,22197.0,22800.0,23408.0,23615.0,24072.0,21981.0,23414.0,23836.0,26862.0,21158.0,22802.0,26512.0,26052.0,27160.0,28439.0,27358.0,27785.0,25623.0,27359.0,26762.0,31064.0
Тоцкий муниципальный район,21771.0,21948.0,23755.0,23068.0,23947.0,23280.0,24872.0,25972.0,24551.0,24985.0,26647.0,32052.0,24687.0,26296.0,29220.0,29131.0,29841.0,29077.0,30144.0,31706.0,29509.0,31614.0,31725.0,36931.0
Третьяковский муниципальный район,16185.0,17136.0,19253.0,17303.0,18206.0,18847.0,19924.0,19295.0,18328.0,18818.0,20076.0,23375.0,16998.0,18792.0,20810.0,21033.0,22583.0,23584.0,23401.0,22744.0,20831.0,21578.0,20726.0,25222.0
Троснянский муниципальный район,17842.0,19238.0,19758.0,19147.0,18933.0,18739.0,20664.0,18175.0,17692.0,17516.0,17977.0,22731.0,19552.0,20588.0,21335.0,18765.0,21066.0,20477.0,22177.0,21220.0,19661.0,23895.0,20570.0,26642.0
Труновский муниципальный округ,18593.0,19163.0,20680.0,18812.0,19859.0,19559.0,20075.0,21810.0,19410.0,19507.0,20833.0,25386.0,18948.0,20198.0,22338.0,22888.0,21717.0,22233.0,23839.0,25149.0,22097.0,23968.0,23252.0,27589.0
Тужинский муниципальный район,14973.0,16123.0,18600.0,16925.0,17600.0,17533.0,18505.0,18262.0,16760.0,17488.0,18129.0,20520.0,16241.0,17943.0,20713.0,20311.0,20705.0,20808.0,21947.0,20844.0,19982.0,20793.0,20571.0,22763.0
Туймазинский муниципальный район,21667.0,22271.0,24684.0,23608.0,24580.0,24395.0,25603.0,26552.0,24486.0,25567.0,26096.0,30084.0,24952.0,26058.0,29392.0,28362.0,29002.0,29279.0,30125.0,30783.0,28315.0,29611.0,29749.0,34123.0
Туркменский муниципальный округ,15701.0,17850.0,18768.0,17176.0,17186.0,17370.0,17489.0,18586.0,18286.0,17830.0,17601.0,21182.0,16224.0,17835.0,19696.0,19907.0,19531.0,19562.0,21300.0,21813.0,20345.0,19681.0,20249.0,25342.0
Турковский муниципальный район,16204.0,18310.0,19387.0,17329.0,18460.0,19039.0,19381.0,18215.0,18177.0,18821.0,20483.0,25389.0,18291.0,20666.0,21979.0,21070.0,21217.0,22352.0,22742.0,23194.0,20227.0,23256.0,22635.0,28024.0
Турочакский муниципальный район,19043.0,20168.0,23220.0,20271.0,21762.0,22981.0,24798.0,25146.0,22712.0,23387.0,22757.0,28898.0,19441.0,22983.0,25514.0,25469.0,27569.0,28915.0,29798.0,30972.0,27544.0,28007.0,26773.0,33305.0
Туруханский муниципальный район,30715.0,33635.0,37310.0,37454.0,38794.0,41163.0,48487.0,46732.0,39387.0,37723.0,37261.0,43708.0,33831.0,39480.0,43738.0,42283.0,43674.0,48475.0,53829.0,51523.0,43841.0,42822.0,41785.0,51886.0
Тутаевский муниципальный район,22204.0,22708.0,24876.0,23307.0,23850.0,24643.0,25561.0,26040.0,24812.0,26385.0,27370.0,31749.0,25968.0,27382.0,30412.0,29410.0,30537.0,29770.0,31426.0,31566.0,30467.0,32534.0,32487.0,38303.0
Тындинский муниципальный округ,31236.0,32030.0,31315.0,30801.0,33294.0,34929.0,35785.0,36466.0,33144.0,32672.0,35498.0,42941.0,34251.0,35763.0,39424.0,39010.0,39802.0,38757.0,39843.0,40377.0,37280.0,36851.0,38092.0,48675.0
Тюкалинский муниципальный район,17427.0,18662.0,20222.0,17543.0,17640.0,18358.0,18156.0,19023.0,16987.0,17613.0,17206.0,22025.0,16418.0,17916.0,20330.0,19882.0,20388.0,21180.0,21943.0,21637.0,19917.0,20846.0,20771.0,23698.0
Тюльганский муниципальный район,16521.0,17443.0,19331.0,17253.0,17264.0,17043.0,18388.0,18393.0,16740.0,17151.0,18367.0,21395.0,16563.0,18335.0,19787.0,20166.0,20618.0,20668.0,19409.0,19979.0,18464.0,19068.0,19361.0,23052.0
Тюлячинский муниципальный район,15381.0,15593.0,17807.0,15873.0,17499.0,14710.0,14602.0,15565.0,14699.0,13442.0,14524.0,16777.0,13032.0,15545.0,16702.0,16105.0,17464.0,18359.0,16817.0,17875.0,16681.0,17424.0,16774.0,18516.0
Тюменский муниципальный район,25940.0,26545.0,29835.0,29517.0,30518.0,30841.0,32731.0,34452.0,33132.0,35483.0,35679.0,40770.0,33439.0,35333.0,39580.0,38104.0,38101.0,39557.0,40499.0,41720.0,38431.0,40832.0,40727.0,47284.0
Тюменцевский муниципальный район,14622.0,16181.0,17870.0,16583.0,17504.0,18835.0,18558.0,19584.0,18589.0,18006.0,19792.0,22825.0,16317.0,18040.0,20226.0,20379.0,21088.0,21950.0,22663.0,22161.0,19639.0,21438.0,20547.0,25323.0
Тюхтетский муниципальный округ,17228.0,19666.0,22004.0,20208.0,20227.0,20491.0,22381.0,21635.0,20551.0,20259.0,21396.0,26820.0,18489.0,22075.0,24528.0,24015.0,24373.0,26094.0,25741.0,25421.0,22551.0,25150.0,23111.0,29418.0
Тяжинский муниципальный округ,17857.0,19490.0,21546.0,20514.0,21166.0,21772.0,22469.0,22752.0,20710.0,21269.0,21522.0,25099.0,19473.0,21220.0,24982.0,24655.0,23602.0,24688.0,26369.0,25717.0,24122.0,24853.0,24736.0,30911.0
Убинский муниципальный район,16568.0,18976.0,20316.0,17808.0,19137.0,19504.0,20128.0,20031.0,19654.0,19598.0,20561.0,24824.0,18321.0,20167.0,22792.0,22381.0,23091.0,22975.0,22710.0,22684.0,20440.0,22419.0,22204.0,26019.0
Уватский муниципальный район,27663.0,29407.0,32123.0,29979.0,30346.0,30378.0,31101.0,31221.0,27546.0,28085.0,28154.0,33793.0,26990.0,29469.0,31749.0,31772.0,32215.0,33469.0,33165.0,33634.0,29717.0,32039.0,30034.0,36070.0
Увельский муниципальный район,19229.0,19367.0,22356.0,20606.0,19983.0,19064.0,19837.0,19433.0,18275.0,19761.0,21131.0,23729.0,18137.0,21142.0,23165.0,22130.0,21782.0,22482.0,22795.0,23563.0,20803.0,21744.0,21995.0,26340.0
Угличский муниципальный район,22664.0,23832.0,25913.0,24061.0,25713.0,26284.0,26845.0,27420.0,26267.0,27006.0,27629.0,32413.0,25804.0,27377.0,30813.0,29518.0,30232.0,31057.0,31782.0,33259.0,31248.0,32995.0,33395.0,38536.0
Угловский муниципальный район,14209.0,16515.0,17467.0,15851.0,15479.0,16185.0,17238.0,17149.0,15949.0,16024.0,16498.0,19950.0,15503.0,16895.0,18862.0,19544.0,19566.0,19218.0,19496.0,20717.0,18601.0,19277.0,18700.0,21667.0
Угранский муниципальный район,18782.0,20868.0,21486.0,20082.0,20505.0,20483.0,22573.0,21597.0,21301.0,21223.0,22525.0,26354.0,19574.0,22355.0,23595.0,23884.0,25122.0,25364.0,26625.0,26061.0,24668.0,26811.0,25165.0,31982.0
Ужурский муниципальный район,21923.0,23450.0,25097.0,23168.0,23894.0,26194.0,27196.0,27352.0,25468.0,26992.0,26708.0,32351.0,23792.0,27184.0,29452.0,28694.0,29661.0,31113.0,31776.0,32544.0,29809.0,31631.0,30948.0,38141.0
Узловский муниципальный район,22793.0,23597.0,26145.0,25139.0,26147.0,26011.0,27487.0,28338.0,27324.0,28679.0,29890.0,33972.0,27252.0,29452.0,32185.0,31957.0,32026.0,31924.0,33386.0,33376.0,31674.0,33325.0,33796.0,39106.0
Уйский муниципальный район,17037.0,18393.0,19555.0,18071.0,18120.0,17022.0,18718.0,18420.0,17277.0,17372.0,18720.0,24265.0,16587.0,18757.0,21389.0,20445.0,20929.0,21368.0,21325.0,21658.0,19701.0,20712.0,21615.0,26620.0
Улаганский муниципальный район,19916.0,21604.0,24023.0,22754.0,24697.0,26297.0,27375.0,25870.0,26411.0,26649.0,26483.0,30427.0,20285.0,23891.0,25983.0,28002.0,28278.0,30315.0,32288.0,34486.0,33504.0,32107.0,27772.0,32963.0
Улуг-Хемский муниципальный район,16066.0,18264.0,19588.0,17818.0,18910.0,19035.0,20668.0,22935.0,21336.0,20473.0,22321.0,26970.0,17516.0,19524.0,21612.0,22075.0,23080.0,25574.0,25370.0,27831.0,24020.0,23672.0,24567.0,28958.0
Ульчский муниципальный район,21542.0,24580.0,24900.0,23021.0,23395.0,25421.0,27807.0,29668.0,24770.0,27970.0,26187.0,31862.0,22748.0,26428.0,28490.0,28975.0,29748.0,31284.0,33965.0,36626.0,30435.0,35784.0,33522.0,38568.0
Умётский муниципальный округ,15977.0,17672.0,19364.0,16464.0,17468.0,17515.0,18294.0,17315.0,17342.0,17810.0,18753.0,23021.0,17379.0,20383.0,21832.0,20932.0,21244.0,22017.0,21578.0,22810.0,19580.0,22132.0,21969.0,25584.0
Упоровский муниципальный район,20065.0,21438.0,23714.0,22107.0,22004.0,22700.0,24038.0,23443.0,21357.0,23715.0,23369.0,27097.0,20638.0,23337.0,26374.0,24969.0,25731.0,27095.0,26557.0,27145.0,24883.0,27160.0,27114.0,30653.0
Уренский муниципальный округ,19071.0,20696.0,22690.0,21094.0,21677.0,22366.0,23120.0,23242.0,21708.0,22336.0,22524.0,26834.0,20651.0,23666.0,26160.0,25241.0,26287.0,27327.0,27651.0,28003.0,25575.0,26769.0,26605.0,32342.0
Уржумский муниципальный район,17255.0,18302.0,19675.0,18302.0,19352.0,19217.0,19811.0,20366.0,18897.0,18449.0,18092.0,21246.0,16805.0,19056.0,21203.0,21578.0,21543.0,21518.0,22572.0,21899.0,20743.0,21502.0,21525.0,25361.0
Урицкий муниципальный район,18242.0,19742.0,21349.0,18795.0,18525.0,17290.0,18582.0,19964.0,18611.0,17200.0,17892.0,22777.0,16495.0,17999.0,20824.0,19962.0,20629.0,20119.0,20830.0,18867.0,18903.0,20486.0,19390.0,24084.0
Урмарский муниципальный округ,14472.0,15115.0,15754.0,14500.0,14710.0,13858.0,14208.0,14371.0,13466.0,14615.0,15082.0,17253.0,13568.0,15143.0,16235.0,15509.0,16313.0,16704.0,16731.0,15721.0,15747.0,16781.0,16409.0,19533.0
Урупский муниципальный район,17226.0,17890.0,20211.0,19039.0,18859.0,19649.0,20353.0,20642.0,19002.0,19117.0,20860.0,24103.0,19553.0,21142.0,23299.0,20589.0,22765.0,22165.0,24214.0,25120.0,22629.0,23233.0,22103.0,28160.0
Усвятский муниципальный район,16430.0,17022.0,20165.0,19247.0,17947.0,20000.0,19984.0,18710.0,19136.666666666668,19563.333333333332,19990.0,21853.0,18368.0,21634.0,21006.0,21761.0,23894.0,22723.0,22515.0,23363.0,20779.0,23365.0,22200.0,25668.0
Усманский муниципальный район,19530.0,20258.0,22218.0,19784.0,20560.0,20174.0,20767.0,21473.0,20140.0,21244.0,22287.0,25286.0,20157.0,22417.0,24527.0,23485.0,23896.0,24603.0,25112.0,25551.0,23686.0,25468.0,25334.0,29999.0
Усольский муниципальный район,20834.0,23733.0,25521.0,21086.0,21192.0,21594.0,21959.0,22808.0,20477.0,22070.0,23067.0,27987.0,21172.0,24353.0,26859.0,26250.0,27503.0,26522.0,26913.0,26679.0,25055.0,26796.0,26926.0,32951.0
Усть-Абаканский муниципальный район,21616.0,22225.0,24099.0,22752.0,23512.0,23688.0,24310.0,25857.0,24801.0,25447.0,26734.0,31990.0,24176.0,26906.0,29834.0,28363.0,29335.0,28790.0,30097.0,30685.0,27652.0,29540.0,29849.0,35834.0
Усть-Алданский муниципальный район,21409.0,24661.0,26547.0,23591.0,22731.0,27950.0,27728.0,28840.0,23125.0,23533.0,22752.0,32783.0,21527.0,24593.0,28334.0,26667.0,25411.0,30461.0,29434.0,32413.0,26711.0,25176.0,25245.0,34546.0
Усть-Большерецкий муниципальный район,36647.0,38273.0,40951.0,36317.0,37038.0,40062.0,43115.0,42615.0,44136.0,49383.0,46409.0,54089.0,40903.0,41939.0,44792.0,43179.0,43236.0,45710.0,46601.0,50576.0,48508.0,59948.0,57757.0,62120.0
Усть-Джегутинский муниципальный район,13801.0,14881.0,16123.0,15316.0,16012.0,16111.0,16412.0,19601.0,17872.0,17968.0,18616.0,20591.0,17178.0,19334.0,20186.0,20411.0,19831.0,19964.0,21229.0,21740.0,20205.0,21191.0,20940.0,24139.0
Усть-Илимский муниципальный район,20659.0,24060.0,22371.0,17392.0,19705.0,20130.0,21000.0,20404.0,20211.0,21249.0,20612.0,26820.0,21276.0,23557.0,26162.0,25719.0,24995.0,24951.0,24822.0,25631.0,22930.0,26159.0,26340.0,29017.0
Усть-Ишимский муниципальный район,17174.0,18014.0,19281.0,16234.0,18046.0,17486.0,20043.0,19703.0,17417.0,19015.0,18982.0,24698.0,18031.0,19787.0,23045.0,20810.0,21474.0,22894.0,25113.0,26573.0,22688.0,23986.0,22327.0,27982.0
Усть-Калманский муниципальный район,14566.0,16228.0,17530.0,16106.0,17188.0,17667.0,17995.0,18291.0,17372.0,17648.0,18611.0,21334.0,15922.0,17445.0,19353.0,19026.0,19595.0,20857.0,21907.0,20747.0,18826.0,20249.0,19709.0,24005.0
Усть-Камчатский муниципальный район,34310.0,39068.0,42500.0,39559.0,41467.0,45719.0,48864.0,48875.0,43347.0,45820.0,46127.0,56895.0,42063.0,46615.0,50856.0,48340.0,49333.0,52346.0,54952.0,56995.0,50267.0,52726.0,50635.0,61003.0
Усть-Канский муниципальный район,15815.0,16728.0,18609.0,17656.0,18668.0,20026.0,21838.0,22949.0,19738.0,21809.0,21854.0,25522.0,17375.0,19076.0,22213.0,21999.0,22832.0,23342.0,23915.0,26065.0,23205.0,24345.0,23303.0,27711.0
Усть-Коксинский муниципальный район,17758.0,20422.0,21771.0,20433.0,21123.0,22387.0,23605.0,25053.0,23188.0,23643.0,25029.0,29453.0,19575.0,22328.0,25627.0,26289.0,26858.0,27984.0,28895.0,30043.0,27507.0,27881.0,26772.0,33059.0
Усть-Кубинский муниципальный округ,20548.0,21767.0,23542.0,20234.0,20671.0,21136.0,20559.0,22080.0,19189.0,20399.0,22029.0,24823.0,19689.0,20983.0,23890.0,22736.0,23521.0,23319.0,24255.0,24428.0,23343.0,24296.0,23929.0,27404.0
Усть-Кутский муниципальный район,29371.0,30864.0,34289.0,33563.0,35441.0,36297.0,38506.0,39009.0,35978.0,37337.0,37805.0,43204.0,33502.0,36225.0,40333.0,39566.0,41005.0,41918.0,43931.0,43711.0,39772.0,41636.0,41654.0,48199.0
Усть-Майский муниципальный район,28184.0,32309.0,37979.0,32378.0,29649.0,38425.0,39556.0,38165.0,33602.0,33354.0,38774.0,52943.0,35436.0,37944.0,41007.0,37620.0,36051.0,40908.0,46043.0,44072.0,36919.0,36085.0,44643.0,58947.0
Усть-Пристанский муниципальный район,13760.0,15274.0,17231.0,15568.0,17150.0,17146.0,18036.0,17921.0,16776.0,16844.0,16782.0,19283.0,14867.0,16448.0,18707.0,18098.0,18987.0,19994.0,19822.0,20528.0,18559.0,19082.0,18855.0,23440.0
Усть-Таркский муниципальный район,18557.0,19631.0,21075.0,19857.0,19323.0,21867.0,22188.0,21878.0,20612.0,21821.0,23628.0,26669.0,18963.0,23384.0,24188.0,23638.0,23799.0,25012.0,25104.0,25576.0,22773.0,24568.0,24070.0,28766.0
Усть-Удинский муниципальный район,18339.0,21562.0,21948.0,19629.0,20313.0,21818.0,23185.0,23173.0,20752.0,22118.0,23080.0,28718.0,20036.0,23920.0,25073.0,24325.0,25792.0,27089.0,26617.0,26822.0,24717.0,25682.0,23983.0,29754.0
Усть-Янский муниципальный район,31067.0,38384.0,43122.0,38372.0,39770.0,44975.0,55128.0,52398.0,46193.0,46487.0,45523.0,61393.0,37248.0,42089.0,48300.0,44642.0,45862.0,53813.0,64245.0,62394.0,51505.0,55979.0,48274.0,64626.0
Устьянский муниципальный округ,21767.0,23946.0,25980.0,24639.0,25671.0,26248.0,27084.0,27092.0,24352.0,25818.0,25958.0,30793.0,22852.0,26005.0,29216.0,29127.0,30331.0,30448.0,30272.0,29874.0,27143.0,29050.0,28647.0,34211.0
Устюженский муниципальный округ,20166.0,21605.0,23678.0,21086.0,22049.0,21755.0,22311.0,21531.0,20246.0,21938.0,22163.0,26389.0,19893.0,22573.0,25308.0,25297.0,25948.0,26602.0,26113.0,25735.0,23832.0,26214.0,26991.0,31559.0
Уфимский муниципальный район,23752.0,24570.0,27126.0,26006.0,26393.0,26592.0,28573.0,29989.0,29096.0,30159.0,30825.0,35668.0,28916.0,30434.0,33864.0,32748.0,32228.0,33174.0,33814.0,35061.0,33007.0,35453.0,35336.0,40481.0
Ухоловский муниципальный район,16470.0,18666.0,19424.0,17566.0,17540.0,17085.0,19142.0,19693.0,19318.0,19016.0,20521.0,22836.0,16974.0,19973.0,21605.0,20447.0,20959.0,21816.0,21768.0,22033.0,21398.0,24376.0,23572.0,25332.0
Учалинский муниципальный район,22629.0,22783.0,24930.0,24052.0,25021.0,24552.0,25918.0,27075.0,24899.0,26454.0,27039.0,31505.0,26824.0,27283.0,30058.0,29391.0,29388.0,29991.0,30964.0,31568.0,28727.0,30114.0,30556.0,35489.0
Уярский муниципальный район,19108.0,20856.0,22139.0,19792.0,20193.0,21576.0,22957.0,21900.0,20823.0,21982.0,21866.0,25947.0,20368.0,21676.0,24730.0,25053.0,24472.0,25658.0,25980.0,26676.0,24071.0,25514.0,24907.0,28303.0
Ферзиковский муниципальный район,23468.0,23587.0,25556.0,22368.0,22014.0,23335.0,22561.0,25778.0,23083.0,25017.0,24137.0,31774.0,24271.0,27396.0,29626.0,29105.0,29686.0,30150.0,30708.0,31306.0,29327.0,31872.0,31056.0,36754.0
Фурмановский муниципальный район,18621.0,20229.0,22249.0,19562.0,20418.0,19689.0,20609.0,20593.0,19129.0,19975.0,20456.0,24222.0,19065.0,21228.0,23520.0,22862.0,23453.0,22898.0,23253.0,23320.0,22156.0,23140.0,24569.0,28536.0
Хабаровский муниципальный район,29838.0,30896.0,32481.0,33245.0,34588.0,33510.0,35053.0,36022.0,35556.0,35837.0,36065.0,45012.0,34694.0,37026.0,40776.0,39077.0,38635.0,39289.0,40464.0,41262.0,38441.0,40070.0,42123.0,52051.0
Хабарский муниципальный район,15409.0,16624.0,18140.0,16887.0,17398.0,18264.0,18936.0,19179.0,17675.0,18634.0,18931.0,23427.0,17122.0,18550.0,20470.0,20312.0,20773.0,21397.0,21710.0,22005.0,20595.0,21524.0,21098.0,24617.0
Хабезский муниципальный район,13166.0,14858.0,14744.0,15492.0,16236.0,16295.0,16908.0,18755.0,17045.0,18274.0,17997.0,21339.0,16662.0,18256.0,19811.0,18691.0,19469.0,20233.0,20711.0,21366.0,19333.0,20778.0,20605.0,24147.0
Хайбуллинский муниципальный район,18844.0,18951.0,21209.0,19516.0,19879.0,20662.0,22097.0,21693.0,20172.0,21304.0,21762.0,25209.0,20631.0,21801.0,24336.0,24332.0,24756.0,25161.0,25925.0,25906.0,23058.0,24764.0,24536.0,29788.0
Хангаласский муниципальный район,25345.0,28954.0,30720.0,29539.0,29063.0,32453.0,33224.0,33372.0,30429.0,29700.0,28921.0,38417.0,25822.0,30562.0,32378.0,32120.0,31114.0,34675.0,33793.0,34966.0,31688.0,31282.0,29668.0,38102.0
Ханкайский муниципальный округ,22452.0,24412.0,25626.0,23394.0,23248.0,24105.0,25169.0,24735.0,23167.0,23799.0,24905.0,30352.0,22693.0,26586.0,28949.0,28256.0,28792.0,28655.0,30166.0,30160.0,27049.0,28237.0,27942.0,34800.0
Ханты-Мансийский муниципальный район,28310.0,28703.0,31144.0,25750.0,27287.0,28214.0,30320.0,29812.0,26606.0,28442.0,28635.0,35961.0,29143.0,30252.0,33594.0,34092.0,33371.0,35747.0,35264.0,35577.0,31899.0,34020.0,32223.0,39905.0
Харабалинский муниципальный район,15970.0,17295.0,18092.0,16291.0,17056.0,16230.0,17693.0,18119.0,17208.0,17179.0,17678.0,21994.0,16688.0,18291.0,19420.0,19322.0,19784.0,19548.0,19466.0,20535.0,18593.0,20069.0,20190.0,24866.0
Харовский муниципальный округ,21967.0,23106.0,25775.0,22367.0,23097.0,22065.0,22593.0,22041.0,20546.0,20429.0,22077.0,27241.0,21513.0,23105.0,25730.0,25457.0,26096.0,25208.0,26013.0,24850.0,23933.0,24539.0,25296.0,30687.0
Хасанский муниципальный округ,26849.0,28639.0,30458.0,26471.0,27460.0,27082.0,29032.0,27914.0,27727.0,28391.0,28833.0,35118.0,27901.0,30991.0,33377.0,32526.0,33067.0,32654.0,33799.0,33726.0,32569.0,34633.0,33826.0,41245.0
Хвалынский муниципальный район,17844.0,19022.0,20114.0,18376.0,18731.0,18878.0,19631.0,20344.0,18905.0,19659.0,19968.0,23967.0,17673.0,20823.0,22233.0,22176.0,21449.0,22597.0,23450.0,24022.0,21885.0,23282.0,22877.0,26612.0
Хвастовичский муниципальный район,18266.0,19742.0,21096.0,19292.0,19665.0,18765.0,19636.0,19863.0,18305.0,18609.0,19268.0,22831.0,17952.0,19937.0,20937.0,20766.0,21411.0,21448.0,22434.0,22929.0,21193.0,23759.0,20973.0,26432.0
Хворостянский муниципальный район,19676.0,20034.0,21447.0,19576.0,19821.0,20394.0,20438.0,20499.0,20272.0,19969.0,20685.0,24852.0,19677.0,21919.0,24518.0,23587.0,23271.0,24053.0,24136.0,24275.0,23382.0,23803.0,25016.0,29221.0
Хилокский муниципальный район,19456.0,21663.0,22605.0,20715.0,22074.0,23038.0,24713.0,24159.0,21606.0,22637.0,22904.0,28339.0,20685.0,22628.0,25696.0,25299.0,26096.0,26838.0,27306.0,27993.0,24845.0,25981.0,24761.0,31143.0
Хиславичский муниципальный район,16014.0,17904.0,18851.0,17926.0,19752.0,18672.0,18544.0,18578.0,18698.0,19450.0,19018.0,22907.0,16840.0,20143.0,20335.0,20436.0,20825.0,22194.0,20724.0,20832.0,20674.0,21895.0,20042.0,24897.0
Хлевенский муниципальный район,19850.0,20475.0,22271.0,19034.0,19364.0,19692.0,20339.0,20660.0,19796.0,20224.0,20877.0,24390.0,19587.0,22088.0,23242.0,23600.0,22856.0,23087.0,24712.0,24406.0,21628.0,23768.0,23973.0,27993.0
Холм-Жирковский муниципальный район,18073.0,18903.0,21090.0,19447.0,20011.0,19877.0,20936.0,21072.0,20224.0,21323.0,22134.0,25593.0,20661.0,23649.0,25400.0,24056.0,24961.0,24686.0,24802.0,26470.0,24532.0,25113.0,24982.0,31579.0
Холмогорский муниципальный округ,21459.0,23510.0,24977.0,20911.0,21515.0,21794.0,22189.0,21888.0,19151.0,21225.0,20568.0,24029.0,19348.0,21229.0,23970.0,22900.0,23575.0,24335.0,23942.0,24290.0,22375.0,22875.0,23097.0,27420.0
Холмский муниципальный район,19623.0,21122.0,23277.0,21201.0,23634.0,23145.0,22423.0,22201.0,21965.0,23187.0,22715.0,27731.0,19935.0,24197.0,27112.0,24685.0,24856.0,25420.0,24236.0,24529.0,22679.0,25153.0,24150.0,29317.0
Хорольский муниципальный округ,23172.0,24377.0,26166.0,23188.0,22951.0,22928.0,24159.0,23622.0,23367.0,24015.0,25452.0,31421.0,22967.0,25444.0,27699.0,26777.0,26657.0,26822.0,27911.0,27804.0,25464.0,26636.0,26781.0,32709.0
Хотынецкий муниципальный район,17565.0,18480.0,19497.0,17963.0,18153.0,18825.0,18222.0,18125.0,17178.0,17449.0,17690.0,22132.0,17474.0,20004.0,24489.0,20673.0,20989.0,21698.0,23656.0,20833.0,20729.0,21184.0,20831.0,23528.0
Целинный муниципальный округ,14504.0,15335.0,17139.0,16309.0,15392.0,15364.0,16145.0,15411.0,14832.0,15312.0,15341.0,19371.0,14559.0,15548.0,17809.0,17404.0,17705.0,18838.0,18295.0,18544.0,17250.0,18668.0,17920.0,21622.0
Цивильский муниципальный округ,16921.0,17611.0,18982.0,16702.0,17385.0,16998.0,17587.0,17906.0,16691.0,17795.0,17999.0,21237.0,16749.0,18797.0,20719.0,19673.0,20914.0,21439.0,21845.0,22311.0,20766.0,22001.0,22313.0,24606.0
Чагодощенский муниципальный округ,24202.0,25464.0,27795.0,25032.0,25978.0,26139.0,27028.0,26755.0,24361.0,26000.0,25841.0,30798.0,24146.0,26229.0,28790.0,29593.0,30922.0,30274.0,30179.0,30505.0,28476.0,30718.0,30924.0,35435.0
Чаинский муниципальный район,19472.0,21676.0,23199.0,22249.0,22209.0,22336.0,22578.0,23416.0,21131.0,22014.0,21487.0,25743.0,19131.0,22705.0,24837.0,24470.0,24682.0,26171.0,26929.0,27173.0,24255.0,26278.0,24822.0,30292.0
Чамзинский муниципальный район,18662.0,19317.0,21627.0,19714.0,20398.0,20631.0,21445.0,21275.0,20240.0,20628.0,20999.0,23816.0,19188.0,21231.0,24223.0,24236.0,24291.0,24644.0,24735.0,24852.0,23024.0,24124.0,24880.0,28469.0
Чановский муниципальный район,18079.0,19979.0,21656.0,20614.0,20630.0,21775.0,23272.0,23649.0,21675.0,22024.0,22053.0,25910.0,20052.0,22368.0,24217.0,24578.0,25067.0,26764.0,27725.0,28672.0,25278.0,26786.0,26280.0,31020.0
Чаплыгинский муниципальный район,20449.0,21560.0,23557.0,20906.0,21720.0,21986.0,22522.0,22071.0,21144.0,22074.0,22116.0,27047.0,20934.0,22767.0,24991.0,24883.0,24667.0,24430.0,25179.0,26515.0,24618.0,25408.0,25694.0,31597.0
Частоозерский муниципальный округ,15477.0,16919.0,18476.0,16665.0,16220.0,17934.0,17707.0,18848.0,16468.0,16784.0,17863.0,20987.0,16149.0,19085.0,21144.0,20848.0,20036.0,19363.0,20139.0,20051.0,19080.0,19007.0,18508.0,24142.0
Чебаркульский муниципальный район,19102.0,19687.0,20901.0,18797.0,19073.0,19329.0,20140.0,19668.0,18533.0,19564.0,20095.0,23901.0,18981.0,21511.0,23398.0,22894.0,23294.0,25185.0,24957.0,24895.0,25013.0,27984.0,28240.0,32701.0
Чебоксарский муниципальный округ,17655.0,18309.0,19698.0,18453.0,19446.0,19395.0,19953.0,21447.0,20378.0,21679.0,22206.0,25786.0,20389.0,22688.0,24963.0,24273.0,25168.0,25620.0,26292.0,26510.0,25106.0,26527.0,26389.0,29601.0
Чебулинский муниципальный округ,18774.0,19235.0,21553.0,21105.0,21784.0,22750.0,23459.0,23732.0,20391.0,21483.0,21220.0,26114.0,19523.0,20656.0,25029.0,24684.0,25462.0,26901.0,28204.0,28330.0,26191.0,28506.0,26984.0,33005.0
Чеди-Хольский муниципальный район,14622.0,16833.0,18330.0,16466.0,15036.0,20307.0,18648.0,19366.0,17311.0,19699.0,22843.0,26068.0,17525.0,20342.0,26003.0,25019.0,24666.0,24814.0,27694.0,27761.0,24214.0,25368.0,24245.0,29999.0
Чекмагушевский муниципальный район,17958.0,18677.0,20096.0,17866.0,18813.0,17539.0,18677.0,18309.0,16423.0,17458.0,18089.0,21980.0,17408.0,19444.0,21309.0,20043.0,20554.0,20892.0,19998.0,20285.0,19029.0,19822.0,19485.0,22527.0
Челно-Вершинский муниципальный район,17303.0,17073.0,19245.0,17187.0,19010.0,18144.0,18150.0,18947.0,17257.0,18695.0,18416.0,22529.0,17551.0,18455.0,22060.0,22660.0,21378.0,22013.0,22450.0,21976.0,19478.0,20563.0,22839.0,25978.0
Чемальский муниципальный район,21150.0,23255.0,25719.0,23390.0,25220.0,25331.0,29150.0,31144.0,26511.0,26578.0,26418.0,30999.0,22341.0,24271.0,27538.0,28278.0,30207.0,30940.0,33842.0,35282.0,31091.0,31389.0,30165.0,36204.0
Чердаклинский муниципальный район,16575.0,17584.0,19294.0,16719.0,17169.0,17008.0,17995.0,18787.0,17467.0,17575.0,18927.0,21713.0,16524.0,18905.0,20351.0,20669.0,20852.0,20885.0,21072.0,22174.0,19967.0,21970.0,21665.0,26680.0
Черемховский муниципальный район,18568.0,21595.0,22871.0,19893.0,20520.0,22546.0,21652.0,21799.0,20690.0,21369.0,22984.0,27360.0,19815.0,23486.0,24913.0,24669.0,25289.0,26208.0,25294.0,27405.0,25065.0,25839.0,25845.0,31916.0
Черемшанский муниципальный район,17009.0,17095.0,18065.0,15928.0,16357.0,16421.0,16770.0,16662.0,15483.0,16166.0,16403.0,18742.0,15933.0,17846.0,18045.0,18832.0,17922.0,18809.0,19463.0,19250.0,17002.0,18700.0,19222.0,20887.0
Черепановский муниципальный район,18852.0,20449.0,22123.0,20210.0,20323.0,21370.0,22264.0,22243.0,21529.0,21633.0,22705.0,27218.0,20838.0,23145.0,25896.0,25375.0,25655.0,26193.0,26937.0,27572.0,25042.0,26396.0,26141.0,29932.0
Череповецкий муниципальный район,22614.0,24142.0,26150.0,25916.0,26373.0,26533.0,26880.0,27870.0,26048.0,29050.0,29371.0,32560.0,26142.0,28498.0,31655.0,30949.0,31322.0,31450.0,31923.0,32015.0,30186.0,31770.0,32398.0,36598.0
Черлакский муниципальный район,17888.0,19258.0,20441.0,18518.0,19385.0,19783.0,20064.0,20539.0,20025.0,19615.0,19793.0,24162.0,18533.0,20513.0,22562.0,22344.0,22881.0,22945.0,23286.0,23516.0,21212.0,22867.0,21611.0,25562.0
Черноярский муниципальный район,17247.0,18690.0,20329.0,17547.0,18264.0,18196.0,18490.0,19434.0,18410.0,18672.0,19689.0,23436.0,16893.0,19410.0,21185.0,21466.0,20139.0,19788.0,18683.0,19905.0,17761.0,19713.0,20883.0,24719.0
Чернский муниципальный район,20478.0,23268.0,24689.0,22909.0,23337.0,24401.0,25162.0,24817.0,23840.0,24455.0,25342.0,31312.0,23142.0,26098.0,27745.0,28763.0,27134.0,28197.0,30107.0,28546.0,27958.0,29888.0,29088.0,35760.0
Чернышевский муниципальный район,22813.0,24726.0,26110.0,24045.0,25793.0,26253.0,27782.0,27521.0,24707.0,25378.0,25458.0,31219.0,23811.0,26630.0,30084.0,29106.0,30577.0,30395.0,31054.0,31711.0,28156.0,29387.0,28694.0,36000.0
Чернышковский муниципальный район,16846.0,18084.0,19242.0,18410.0,19590.0,19930.0,19264.0,21509.0,19539.0,20293.0,20413.0,24905.0,17664.0,20421.0,22015.0,22947.0,22938.0,22962.0,23343.0,25037.0,21902.0,22377.0,21721.0,26139.0
Чесменский муниципальный район,17440.0,18386.0,20596.0,18310.0,19010.0,19016.0,20012.0,19262.0,18259.0,19565.0,19815.0,23486.0,18438.0,20786.0,22955.0,23528.0,22761.0,23691.0,22365.0,22838.0,21640.0,24007.0,24061.0,28583.0
Чистоозерный муниципальный район,16580.0,18704.0,19638.0,18395.0,19056.0,20112.0,20936.0,20943.0,19081.0,19885.0,21086.0,25540.0,18062.0,20936.0,23316.0,22699.0,23085.0,24493.0,23981.0,24797.0,21360.0,23513.0,24008.0,27584.0
Чистопольский муниципальный район,19919.0,20298.0,22335.0,20864.0,21766.0,21486.0,23097.0,23524.0,22799.0,23836.0,24012.0,27719.0,22450.0,24448.0,26481.0,25967.0,26285.0,27061.0,27450.0,27899.0,26302.0,27743.0,27685.0,31952.0
Читинский муниципальный район,21236.0,23926.0,24385.0,21661.0,22785.0,23818.0,24551.0,24336.0,22053.0,22312.0,24146.0,30197.0,23059.0,24955.0,26988.0,26274.0,26843.0,27297.0,27365.0,28753.0,27513.0,28204.0,27475.0,33248.0
Чишминский муниципальный район,20388.0,21434.0,23508.0,21510.0,22541.0,22138.0,23493.0,23707.0,22228.0,23938.0,24295.0,29418.0,22850.0,25046.0,26978.0,26475.0,26862.0,27001.0,27257.0,28055.0,26141.0,27721.0,28174.0,32888.0
Чойский муниципальный район,17100.0,19038.0,19750.0,18412.0,19124.0,19977.0,20349.0,19798.0,19807.0,19938.0,19982.0,24980.0,15743.0,20708.0,22215.0,21759.0,22302.0,23086.0,24446.0,24059.0,22807.0,23154.0,22190.0,27961.0
Чугуевский муниципальный округ,22266.0,24473.0,27162.0,24350.0,25491.0,26003.0,27645.0,27026.0,25345.0,25373.0,25796.0,32144.0,23375.0,27546.0,29768.0,30082.0,29186.0,29338.0,30318.0,30760.0,29135.0,30130.0,30102.0,38158.0
Чудовский муниципальный район,23537.0,23982.0,27082.0,24843.0,25562.0,25897.0,27096.0,26350.0,24569.0,25516.0,25509.0,29593.0,23621.0,27197.0,30407.0,29943.0,30491.0,30072.0,31209.0,30573.0,28061.0,30472.0,30789.0,36059.0
Чулымский муниципальный район,18302.0,19783.0,21555.0,19104.0,19493.0,20278.0,20870.0,20504.0,19463.0,21197.0,22346.0,25713.0,19382.0,21364.0,23039.0,22559.0,22170.0,23799.0,24394.0,24388.0,22316.0,24344.0,23675.0,27735.0
Чунский муниципальный район,18056.0,20671.0,22325.0,21453.0,21332.0,23509.0,23677.0,23296.0,22316.0,21714.0,22023.0,28325.0,19054.0,22435.0,25061.0,25944.0,25880.0,25970.0,27613.0,27943.0,24717.0,26356.0,26023.0,31847.0
Чурапчинский муниципальный район,23533.0,26053.0,27772.0,24798.0,24593.0,30444.0,30044.0,30983.0,25427.0,26656.0,24958.0,37838.0,22483.0,27337.0,30018.0,29152.0,28692.0,32599.0,31018.0,32884.0,27253.0,28634.0,28250.0,39585.0
Чухломский муниципальный район,16484.0,18553.0,19350.0,19002.0,18068.0,19436.0,19965.0,19614.0,18504.0,20012.0,20355.0,24309.0,17696.0,20973.0,21762.0,22311.0,22672.0,23876.0,24268.0,24469.0,21376.0,23378.0,23132.0,28688.0
Чучковский муниципальный район,17448.0,19027.0,20275.0,17817.0,17469.0,19420.0,19792.0,19512.0,17672.0,19567.0,21054.0,24138.0,16540.0,21002.0,23428.0,22396.0,22613.0,23891.0,23625.0,23194.0,20379.0,22444.0,23502.0,26169.0
Шабалинский муниципальный район,15990.0,17779.0,19080.0,18230.0,18429.0,18543.0,19319.0,19208.0,17831.0,18603.0,18178.0,21585.0,16774.0,18713.0,21383.0,20807.0,21116.0,21055.0,21949.0,21760.0,19529.0,20125.0,20591.0,24695.0
Шаблыкинский муниципальный район,18506.0,19470.0,22206.0,17663.0,18531.0,20133.0,19829.0,18827.0,17970.0,17635.0,19837.0,21785.0,16420.0,18427.0,19643.0,20329.0,20023.0,20087.0,21459.0,21325.0,19515.0,19408.0,20492.0,23750.0
Шарангский муниципальный округ,17511.0,19442.0,20758.0,20382.0,20452.0,21660.0,22650.0,22088.0,20705.0,21039.0,20148.0,26672.0,18655.0,22026.0,23478.0,23522.0,23278.0,25010.0,26491.0,26258.0,24409.0,24762.0,24828.0,30528.0
Шаранский муниципальный район,16651.0,17085.0,18537.0,16815.0,16336.0,16049.0,16424.0,17099.0,15102.0,17655.0,15707.0,18825.0,16621.0,17187.0,18049.0,18006.0,19004.0,17451.0,19938.0,18605.0,16891.0,17914.0,16669.0,19858.0
Шарлыкский муниципальный район,15980.0,18360.0,18967.0,17502.0,17477.0,17124.0,17445.0,17621.0,17676.0,16159.0,17735.0,20305.0,16584.0,17904.0,19576.0,20272.0,19337.0,19813.0,19484.0,20338.0,17494.0,19780.0,19601.0,22028.0
Шарьинский муниципальный район,17173.0,17865.5,18558.0,18906.0,18805.0,18897.0,20054.0,20807.0,17813.0,18007.0,19779.0,23943.0,17813.0,20384.0,22172.0,21871.0,23026.0,23844.0,22747.0,22903.0,23229.0,24435.0,23748.0,29032.0
Шатковский муниципальный округ,17754.0,19651.0,21461.0,19158.0,19181.0,19384.0,19920.0,20089.0,19771.0,19107.0,19893.0,24213.0,17567.0,20021.0,22616.0,22085.0,22331.0,23180.0,22956.0,22345.0,21026.0,22526.0,23202.0,27710.0
Шатровский муниципальный округ,15476.0,16993.0,17405.0,16576.0,16429.0,17274.0,17527.0,17391.0,16210.0,17485.0,17764.0,21084.0,16199.0,17456.0,19487.0,19186.0,20417.0,19519.0,20135.0,21272.0,18624.0,20662.0,19090.0,24256.0
Шацкий муниципальный район,18516.0,19854.0,21340.0,18249.0,18937.0,19776.0,20654.0,20689.0,19341.0,19778.0,20048.0,23485.0,17982.0,20664.0,22396.0,21922.0,22090.0,22966.0,23301.0,23126.0,22040.0,24243.0,24079.0,27448.0
Шебалинский муниципальный район,16966.0,17995.0,20021.0,18447.0,18933.0,19851.0,21089.0,22203.0,19568.0,20784.0,20956.0,26524.0,17793.0,19769.0,22520.0,22004.0,23897.0,24785.0,25794.0,26562.0,24508.0,23098.0,22708.0,28507.0
Шегарский муниципальный район,19488.0,21050.0,22763.0,20222.0,21216.0,21697.0,22336.0,22750.0,20462.0,20870.0,20635.0,25937.0,18783.0,21226.0,22630.0,22261.0,23109.0,23325.0,24364.0,24360.0,22388.0,23024.0,22296.0,27282.0
Шекснинский муниципальный район,24256.0,25067.0,27538.0,25069.0,25214.0,24948.0,25143.0,25675.0,23295.0,23954.0,25260.0,29176.0,23032.0,25371.0,28122.0,27789.0,28709.0,28670.0,29455.0,29652.0,27566.0,29235.0,30393.0,35161.0
Шелаболихинский муниципальный район,15293.0,17391.0,18654.0,16913.0,17440.0,19073.0,19011.0,17930.0,17330.0,17190.0,17177.0,21573.0,15360.0,17980.0,19926.0,20348.0,20490.0,21311.0,21316.0,20924.0,19318.0,19694.0,19001.0,23779.0
Шелеховский муниципальный район,25748.0,26512.0,29612.0,28145.0,30082.0,31262.0,31507.0,32296.0,30386.0,32390.0,31562.0,37791.0,29949.0,31571.0,35029.0,34054.0,35040.0,35339.0,36627.0,36689.0,33864.0,36271.0,35800.0,41920.0
Шелопугинский муниципальный район,16836.0,19072.0,20431.0,18877.0,20610.0,22033.0,20916.0,20049.0,18735.0,19249.0,20101.0,25108.0,17676.0,20316.0,23083.0,23293.0,24283.0,23668.0,26493.0,24995.0,23161.0,23924.0,21766.0,28814.0
Шемуршинский муниципальный округ,13238.0,14804.0,15381.0,14305.0,15492.0,15068.0,15903.0,14396.0,14590.0,13829.0,14659.0,17764.0,15008.0,14785.0,16395.0,16946.0,15797.0,15944.0,16996.0,15708.0,15620.0,15961.0,15027.0,18897.0
Шенкурский муниципальный округ,21186.0,22378.0,24210.0,21242.0,24054.0,24677.0,24806.0,25161.0,22285.0,23240.0,23494.0,27037.0,21336.0,23810.0,26521.0,25162.0,26068.0,27077.0,27434.0,27326.0,24905.0,26013.0,25516.0,29844.0
Шенталинский муниципальный район,17349.0,17644.0,19698.0,18199.0,19146.0,18896.0,19810.0,19567.0,18782.0,19009.0,20071.0,23291.0,18277.0,20362.0,21738.0,21938.0,21292.0,22169.0,22946.0,21618.0,21760.0,21752.0,22405.0,26630.0
Шербакульский муниципальный район,16822.0,18076.0,19326.0,17465.0,17652.0,17596.0,18750.0,20079.0,18623.0,19208.0,18811.0,23057.0,16567.0,18156.0,21529.0,20977.0,20176.0,21604.0,21826.0,21936.0,20239.0,23150.0,21789.0,27322.0
Шигонский муниципальный район,17881.0,18879.0,20942.0,18317.0,18596.0,18371.0,20134.0,19592.0,19850.0,20485.0,20574.0,24011.0,19204.0,21342.0,23443.0,22355.0,22677.0,22094.0,23985.0,24196.0,22351.0,23985.0,24059.0,29010.0
Шилкинский муниципальный район,22243.0,24602.0,26014.0,23884.0,25069.0,25869.0,26865.0,26567.0,24304.0,24548.0,25427.0,30861.0,22843.0,26134.0,29281.0,28332.0,29226.0,29520.0,30344.0,30575.0,27701.0,29040.0,28437.0,34649.0
Шиловский муниципальный район,19941.0,21522.0,23237.0,20438.0,20457.0,20143.0,21143.0,21460.0,20637.0,20983.0,22174.0,25333.0,19063.0,21517.0,24038.0,23231.0,23095.0,23335.0,23318.0,24216.0,22648.0,23631.0,25881.0,29905.0
Шимановский муниципальный округ,29377.0,34867.0,30174.0,27829.0,29271.0,27850.0,30972.0,31922.0,29636.0,28032.0,27502.0,33822.0,25695.0,27709.0,32625.0,31452.0,31986.0,29932.0,34328.0,31857.0,27163.0,28108.0,30417.0,37937.0
Шимский муниципальный район,19770.0,20275.0,22084.0,20402.0,20281.0,20076.0,21893.0,21390.0,20413.0,21454.0,22369.0,26152.0,20587.0,21797.0,23710.0,23899.0,23950.0,23901.0,26595.0,23637.0,23150.0,24236.0,24899.0,29467.0
Шипуновский муниципальный район,16441.0,18443.0,19709.0,18329.0,19184.0,20041.0,20419.0,20461.0,18987.0,19392.0,20093.0,24074.0,16629.0,18985.0,21089.0,20861.0,21819.0,23012.0,22820.0,23554.0,21609.0,22583.0,22311.0,27391.0
Ширинский муниципальный район,18617.0,20331.0,22273.0,19872.0,20655.0,21996.0,22553.0,23858.0,21621.0,22086.0,22467.0,26558.0,20043.0,22710.0,25234.0,24556.0,25166.0,26289.0,27343.0,28344.0,24933.0,25660.0,25084.0,30250.0
Шовгеновский муниципальный район,15958.0,15716.0,17519.0,16794.0,16547.0,16774.0,19726.0,18256.0,17713.0,17163.0,17397.0,22471.0,16197.0,20487.0,19859.0,19975.0,22457.0,20734.0,22909.0,23854.0,20414.0,21015.0,20131.0,24136.0
Шпаковский муниципальный округ,23493.0,24626.0,26919.0,26597.0,27216.0,27522.0,28567.0,30376.0,29262.0,30094.0,31247.0,36970.0,28949.0,31376.0,34298.0,33575.0,32819.0,34175.0,35263.0,37263.0,34358.0,35938.0,36298.0,42854.0
Шуйский муниципальный район,19001.0,20314.0,21090.0,21679.0,22407.0,21966.0,22715.0,23338.0,22698.0,23515.0,24603.0,28539.0,21127.0,23302.0,26544.0,25510.0,25700.0,26496.0,27574.0,28865.0,27025.0,28171.0,28745.0,32565.0
Шумячский муниципальный район,16342.0,17313.0,18337.0,17213.0,16958.0,17867.0,18424.0,17880.0,16101.0,16707.0,18090.0,22158.0,17197.0,18500.0,20922.0,19755.0,20414.0,20129.0,19875.0,21200.0,19760.0,20780.0,20657.0,24822.0
Шушенский муниципальный район,21962.0,23742.0,26164.0,24523.0,25672.0,26027.0,26020.0,26407.0,24871.0,26289.0,26259.0,31439.0,23814.0,26662.0,28899.0,28310.0,29432.0,29539.0,30342.0,30265.0,28134.0,30414.0,30261.0,36129.0
Щекинский муниципальный район,24059.0,25481.0,27920.0,26737.0,27962.0,28208.0,29449.0,30105.0,29330.0,30728.0,31329.0,36362.0,28322.0,30942.0,34392.0,33579.0,33863.0,34085.0,35388.0,35792.0,34041.0,36273.0,36661.0,42628.0
Щучанский муниципальный округ,18128.0,19337.0,21383.0,19089.0,19320.0,20273.0,20277.0,20594.0,18940.0,20245.0,19753.0,25094.0,18459.0,21272.0,23406.0,23410.0,22813.0,24259.0,23461.0,24924.0,22560.0,23140.0,24518.0,30264.0
Эвенкийский муниципальный район,26676.0,31459.0,36177.0,33003.0,35559.0,37769.0,43877.0,43504.0,34586.0,35652.0,33003.0,41908.0,31488.0,36607.0,39528.0,37405.0,39087.0,43235.0,49859.0,48896.0,39660.0,39713.0,35964.0,47772.0
Энгельсский муниципальный район,22875.0,23947.0,26752.0,25440.0,26146.0,26050.0,27373.0,28164.0,27100.0,27919.0,28484.0,33798.0,26465.0,28920.0,31693.0,31146.0,30837.0,31398.0,32257.0,32911.0,30975.0,32260.0,32514.0,38494.0
Эхирит-Булагатский муниципальный район,19853.0,21746.0,22820.0,19964.0,21795.0,21570.0,22646.0,23644.0,20173.0,20930.0,21696.0,26800.0,19311.0,21564.0,24685.0,24056.0,24815.0,25569.0,25282.0,25798.0,23188.0,23597.0,22817.0,28198.0
Южский муниципальный район,18050.0,19131.0,21319.0,19470.0,19687.0,19974.0,20510.0,20882.0,19312.0,19180.0,20573.0,24356.0,18016.0,20844.0,22755.0,22410.0,22717.0,22394.0,23002.0,23937.0,22055.0,23070.0,22804.0,28178.0
Юргамышский муниципальный округ,17727.0,18597.0,21279.0,18832.0,19695.0,19812.0,19687.0,20641.0,18209.0,18637.0,19416.0,23228.0,17736.0,19430.0,20982.0,21206.0,21550.0,22724.0,22400.0,22874.0,20909.0,22673.0,22052.0,27224.0
Юргинский муниципальный район,20863.0,21126.0,23904.0,21774.0,22306.0,23449.0,24366.0,24629.0,22684.0,24359.0,23365.0,27976.0,21553.0,23045.0,25229.0,25561.0,24819.0,25944.0,26381.0,26908.0,23972.0,27355.0,25994.0,31374.0
Юринский муниципальный район,15128.0,17323.0,17697.0,16394.0,16891.0,16652.0,17564.0,17225.0,17228.0,15282.0,16170.0,19154.0,15264.0,16505.0,18966.0,19429.0,19207.0,19070.0,19612.0,19761.0,18290.0,21243.0,19405.0,23048.0
Юрьев-Польский муниципальный район,21539.0,22736.0,24497.0,21710.0,22907.0,22675.0,23481.0,23902.0,22985.0,23634.0,24457.0,28952.0,22698.0,25596.0,27136.0,26399.0,27137.0,26798.0,27378.0,27683.0,26605.0,27945.0,28299.0,34150.0
Юрьевецкий муниципальный район,16272.0,17011.0,19127.0,17799.0,18362.0,18890.0,19301.0,19323.0,17963.0,17574.0,19222.0,22136.0,16748.0,19718.0,22085.0,21384.0,21794.0,22026.0,22463.0,23208.0,22124.0,21975.0,22808.0,26316.0
Юрьянский муниципальный район,19689.0,20853.0,22817.0,18775.0,18893.0,17893.0,18859.0,18755.0,17345.0,18006.0,18988.0,22394.0,17899.0,19606.0,21361.0,21235.0,20884.0,21974.0,22019.0,19738.0,19729.0,20542.0,20386.0,25007.0
Юстинский муниципальный район,17119.0,18010.0,19031.0,17683.0,17837.0,19031.0,19566.0,22709.0,19696.0,20497.0,20135.0,22958.0,18938.0,18811.0,20325.0,22077.0,21659.0,22422.0,23059.0,24725.0,22327.0,20788.0,23392.0,24343.0
Ютазинский муниципальный район,18394.0,19293.0,20948.0,19198.0,19746.0,18108.0,18784.0,18716.0,16926.0,17693.0,18908.0,21027.0,17337.0,19318.0,20441.0,20461.0,20678.0,20421.0,20115.0,20164.0,18647.0,20337.0,19575.0,22646.0
Юхновский муниципальный район,21793.0,23155.0,25193.0,21337.0,22491.0,22434.0,22251.0,22176.0,21391.0,20948.0,21808.0,26564.0,19996.0,21390.0,24577.0,24852.0,24406.0,24118.0,25501.0,25354.0,23230.0,24870.0,25400.0,30201.0
Ядринский муниципальный округ,15946.0,16899.0,18388.0,16670.0,17159.0,16819.0,17990.0,18053.0,16897.0,16920.0,17096.0,20333.0,16102.0,18341.0,19430.0,19052.0,19240.0,19660.0,19848.0,19594.0,18220.0,19104.0,18708.0,22908.0
Яйский муниципальный округ,19025.0,20444.0,23280.0,22024.0,23235.0,23170.0,24254.0,24019.0,21790.0,22307.0,22427.0,27200.0,21250.0,22183.0,26161.0,25330.0,26722.0,27189.0,29230.0,29494.0,26148.0,27677.0,27385.0,32381.0
Яльчикский муниципальный округ,12174.0,14159.0,13957.0,12694.0,12969.0,12924.0,14320.0,13805.0,14190.0,13166.0,13438.0,15459.0,11772.0,12941.0,14041.0,14938.0,15129.0,15545.0,14994.0,14221.0,13597.0,13561.0,13350.0,16864.0
Янаульский муниципальный район,18888.0,19173.0,21378.0,19583.0,19976.0,19631.0,20922.0,21746.0,19832.0,20391.0,20506.0,24322.0,20967.0,21795.0,24392.0,23297.0,22325.0,23008.0,23957.0,24679.0,22999.0,23896.0,24121.0,27654.0
Янтиковский муниципальный округ,14696.0,14613.0,15752.0,13915.0,13929.0,13876.0,14601.0,14377.0,13697.0,13214.0,13186.0,15263.0,12408.0,13728.0,15396.0,15271.0,15950.0,15814.0,16240.0,15806.0,15363.0,16262.0,17272.0,17616.0
Яранский муниципальный район,17647.0,19001.0,20226.0,19167.0,19881.0,19065.0,20225.0,20262.0,18995.0,18490.0,19518.0,22947.0,18733.0,20428.0,22522.0,22041.0,22000.0,21962.0,23087.0,22637.0,20834.0,20753.0,20785.0,24852.0
Ярковский муниципальный район,20187.0,21892.0,23806.0,21352.0,22220.0,21158.0,22542.0,22443.0,19455.0,20985.0,20741.0,25399.0,19965.0,22867.0,24789.0,24353.0,24471.0,25737.0,25394.0,25662.0,23878.0,25566.0,23955.0,29436.0
Ярославский муниципальный район,28754.0,29404.0,32527.0,31115.0,32253.0,32505.0,33597.0,34384.0,33052.0,34321.0,35445.0,40448.0,33226.0,35235.0,39192.0,37913.0,38455.0,38369.0,39420.0,39170.0,36000.0,37818.0,38211.0,43737.0
Ярцевский муниципальный район,20455.0,21383.0,23818.0,22442.0,23082.0,23335.0,24096.0,24771.0,22998.0,23862.0,25031.0,29262.0,22563.0,25373.0,27982.0,27433.0,28424.0,28471.0,29327.0,29874.0,27672.0,29151.0,29342.0,34202.0
Ясногорский муниципальный район,24032.0,25689.0,27917.0,25231.0,25411.0,24948.0,26048.0,25446.0,24779.0,26155.0,26939.0,31807.0,25235.0,27467.0,30137.0,29764.0,30272.0,30568.0,30988.0,31946.0,30493.0,31650.0,31532.0,38504.0
Яшалтинский муниципальный район,15087.0,15636.0,17443.0,16293.0,15281.0,16249.0,16465.0,18685.0,16703.0,16302.0,18232.0,20162.0,18626.5,17091.0,18818.0,18512.0,18030.0,17881.0,19731.0,24879.0,17956.0,20171.0,19555.0,23495.0
Яшкинский муниципальный округ,19906.0,20586.0,23908.0,22492.0,23809.0,23821.0,24876.0,25090.0,23208.0,24121.0,23610.0,28035.0,21385.0,23164.0,26703.0,26759.0,27684.0,28247.0,30313.0,30649.0,28167.0,30641.0,30071.0,34515.0
Яшкульский муниципальный район,15319.0,16304.0,17949.0,16712.0,18537.0,18040.0,19479.0,18894.0,19010.0,18606.0,19868.0,21130.0,21265.5,21401.0,22090.0,20877.0,21401.0,20066.0,22717.0,21011.0,19772.0,19203.0,19450.0,23229.0
городской округ Абдулинский,17468.0,18490.0,19996.0,18438.0,18869.0,18506.0,19696.0,19764.0,17979.0,18084.0,19244.0,23047.0,18497.0,19868.0,22369.0,21651.0,22021.0,21707.0,22017.0,21683.0,20128.0,21384.0,22254.0,25405.0
городской округ Богданович,23013.0,24569.0,27006.0,25207.0,26334.0,26383.0,27411.0,28019.0,26416.0,27657.0,27780.0,32314.0,26224.0,28817.0,31632.0,30669.0,31124.0,32118.0,32169.0,33005.0,30754.0,32696.0,32848.0,37872.0
городской округ Верхний Тагил,23145.0,23079.0,25763.0,24327.0,25070.0,23305.0,23772.0,24571.0,22492.0,24374.0,24643.0,28910.0,23727.0,25525.0,28629.0,29020.0,27711.0,29041.0,28120.0,28894.0,25997.0,28466.0,29255.0,33505.0
городской округ Верхняя Пышма,29586.0,30219.0,34126.0,32991.0,33854.0,33657.0,34960.0,36082.0,34289.0,36043.0,36600.0,42398.0,34920.0,37185.0,41040.0,40004.0,39781.0,40941.0,41650.0,42311.0,39671.0,41723.0,42273.0,49004.0
городской округ Верхняя Тура,21483.0,23142.0,26286.0,24993.0,25474.0,23664.0,25726.0,25709.0,23325.0,24336.0,24870.0,28778.0,23131.0,26213.0,27744.0,27497.0,27344.0,29713.0,28530.0,29816.0,28669.0,28571.0,28062.0,32974.0
городской округ Верхотурский,22177.0,23966.0,26363.0,23607.0,24638.0,23810.0,25240.0,24984.0,22499.0,23149.0,24096.0,28930.0,21983.0,24928.0,27144.0,27065.0,27320.0,28350.0,28743.0,27935.0,26452.0,27937.0,28380.0,34014.0
городской округ Воротынский,17234.0,19522.0,20486.0,18544.0,19221.0,19265.0,19854.0,19583.0,19215.0,18153.0,19254.0,22743.0,16683.0,18983.0,20350.0,20370.0,20846.0,21961.0,21562.0,21726.0,20310.0,20604.0,20994.0,24976.0
городской округ Гайский,19812.0,20516.0,22617.0,20515.0,21762.0,21635.0,23099.0,23386.0,21641.0,22888.0,23662.0,26567.0,22217.0,23590.0,25351.0,24217.0,24546.0,24856.0,24860.0,25427.0,22978.0,24191.0,24271.0,27216.0
городской округ Дегтярск,23721.0,24778.0,27396.0,25152.0,25693.0,24583.0,25387.0,24462.0,22125.0,23187.0,24849.0,27776.0,22271.0,24235.0,26814.0,26636.0,26441.0,26154.0,26797.0,26375.0,25097.0,25966.0,26400.0,29744.0
городской округ Жигулевск,22164.0,23215.0,26769.0,25213.0,26405.0,26191.0,27564.0,28308.0,27071.0,28140.0,28868.0,33450.0,26271.0,29566.0,33308.0,32541.0,31818.0,32379.0,33409.0,33696.0,32401.0,33628.0,33852.0,39849.0
городской округ Заречный,27394.0,27860.0,30887.0,28035.0,29367.0,28862.0,30367.0,29631.0,27693.0,29253.0,30146.0,35197.0,28145.0,31030.0,34849.0,34058.0,33717.0,34411.0,34330.0,34571.0,32084.0,33882.0,34389.0,39613.0
городской округ Карпинск,24882.0,26426.0,28747.0,27237.0,27861.0,27188.0,27772.0,27193.0,24968.0,25139.0,25968.0,30106.0,23515.0,26002.0,29167.0,28717.0,29467.0,29419.0,29361.0,29772.0,28223.0,29171.0,29660.0,34239.0
городской округ Краснотурьинск,27829.0,28518.0,31889.0,29771.0,31418.0,31251.0,32155.0,32536.0,30305.0,31848.0,32655.0,38308.0,31053.0,32875.0,36580.0,35927.0,36467.0,37160.0,37584.0,37391.0,34227.0,36607.0,37377.0,42844.0
городской округ Красноуральск,23519.0,24208.0,25945.0,24027.0,24419.0,23224.0,24145.0,23951.0,23055.0,23651.0,25014.0,28723.0,24062.0,25536.0,27650.0,27396.0,27430.0,28927.0,27580.0,28249.0,26653.0,27005.0,27844.0,32652.0
городской округ Красноуфимск,21582.0,22912.0,25043.0,23326.0,24784.0,24442.0,26060.0,26216.0,24429.0,25687.0,25702.0,30675.0,24654.0,27009.0,29705.0,29430.0,29059.0,30560.0,30786.0,31299.0,29077.0,30326.0,30140.0,36191.0
городской округ Кувандыкский,17358.0,18123.0,20369.0,18120.0,19293.0,19233.0,20252.0,20316.0,19291.0,19556.0,20176.0,23856.0,19446.0,21364.0,22623.0,22367.0,22519.0,23478.0,23838.0,24630.0,22072.0,23374.0,23476.0,27285.0
городской округ Навашинский,22495.0,23353.0,25683.0,22631.0,22333.0,22147.0,23178.0,22469.0,21877.0,21912.0,23009.0,27110.0,21054.0,23151.0,25341.0,24850.0,25251.0,25599.0,25593.0,25806.0,24987.0,25589.0,24783.0,28439.0
городской округ Нижняя Салда,25472.0,25895.0,28067.0,25610.0,26268.0,25122.0,26335.0,26918.0,24390.0,25690.0,26082.0,30722.0,26144.0,27603.0,30967.0,29991.0,30635.0,31132.0,30787.0,32744.0,28048.0,29208.0,29942.0,34992.0
городской округ Новокуйбышевск,24725.0,25106.0,28590.0,27544.0,28961.0,28899.0,30225.0,31325.0,30149.0,30760.0,31360.0,35832.0,28793.0,30961.0,34688.0,34053.0,34223.0,35005.0,35532.0,36115.0,33971.0,35426.0,35748.0,41422.0
городской округ Октябрьск,19336.0,20372.0,22359.0,19642.0,20250.0,20144.0,20571.0,20791.0,20187.0,20417.0,20540.0,24648.0,19114.0,21580.0,23547.0,23814.0,23306.0,23453.0,22967.0,23403.0,22447.0,23628.0,23163.0,27296.0
городской округ Отрадный,23322.0,24357.0,26969.0,25882.0,26735.0,26992.0,28131.0,29471.0,28158.0,28630.0,28993.0,33489.0,26842.0,28837.0,32849.0,32411.0,31695.0,32608.0,32986.0,34292.0,31781.0,32954.0,33325.0,39242.0
городской округ Пелым,22263.0,22503.0,26514.0,22983.0,23320.0,24027.0,25901.0,23594.0,22050.0,22423.0,22510.0,28290.0,23469.0,24497.0,28909.0,28000.0,30542.0,30477.0,29074.0,28799.0,25883.0,28412.0,28806.0,29978.0
городской округ Первоуральск,24552.0,25544.0,28840.0,27823.0,28886.0,28136.0,29204.0,29821.0,28645.0,30518.0,31149.0,35476.0,28911.0,31348.0,34922.0,33928.0,33434.0,34920.0,34825.0,35608.0,33289.0,35352.0,35733.0,41685.0
городской округ Перевозский,19109.0,20250.0,22381.0,20674.0,20966.0,20723.0,21825.0,21950.0,21163.0,21154.0,22409.0,25450.0,19655.0,21712.0,24013.0,24221.0,24499.0,24911.0,25406.0,24547.0,23358.0,24764.0,23817.0,27898.0
городской округ Ревда,25905.0,26835.0,29499.0,27873.0,29052.0,28862.0,29836.0,30605.0,28964.0,31020.0,31919.0,36493.0,30655.0,32383.0,35552.0,34605.0,34140.0,35610.0,35747.0,36529.0,33974.0,35021.0,36137.0,41414.0
городской округ Рефтинский,25845.0,26121.0,28946.0,26578.0,28119.0,26015.0,26674.0,27561.0,25234.0,25430.0,26720.0,29301.0,26365.0,27345.0,30830.0,30686.0,31632.0,31038.0,31567.0,31251.0,29022.0,31640.0,31102.0,35283.0
городской округ Семеновский,20405.0,21660.0,23550.0,21393.0,22478.0,22259.0,23619.0,23782.0,22464.0,23038.0,24019.0,27824.0,21159.0,23618.0,25544.0,25209.0,25233.0,25737.0,26090.0,27544.0,25952.0,27509.0,28166.0,33819.0
городской округ Сокольский,18884.0,20595.0,21998.0,20540.0,20918.0,21368.0,21682.0,21907.0,20375.0,20681.0,21016.0,25311.0,19096.0,21160.0,23779.0,22844.0,23808.0,24496.0,25202.0,25383.0,24128.0,24776.0,24499.0,29218.0
городской округ Соль-Илецкий,17193.0,18720.0,20518.0,18176.0,19139.0,19061.0,20767.0,22893.0,21568.0,22847.0,22589.0,26808.0,20768.0,22351.0,23555.0,22632.0,21885.0,22006.0,23657.0,25025.0,23071.0,25200.0,25004.0,28881.0
городской округ Сорочинский,19110.0,20517.0,22421.0,20476.0,21071.0,20966.0,21896.0,22769.0,20725.0,21579.0,22166.0,26373.0,21173.0,23138.0,26077.0,25672.0,25687.0,25560.0,25733.0,25940.0,24074.0,25300.0,25291.0,30510.0
городской округ Среднеуральск,26220.0,27662.0,30458.0,27079.0,25878.0,26204.0,28887.0,28904.0,28941.0,29334.0,29735.0,33645.0,26783.0,28752.0,30347.0,30185.0,29419.0,30186.0,31110.0,32504.0,31515.0,32447.0,34043.0,38023.0
городской округ Сухой Лог,23626.0,24514.0,27272.0,24922.0,26536.0,26524.0,27948.0,27852.0,26856.0,27814.0,27825.0,33246.0,26115.0,28221.0,31026.0,30517.0,30461.0,32045.0,32077.0,32595.0,30157.0,31473.0,31543.0,37661.0
городской округ Ясненский,19770.0,20920.0,22405.0,21528.0,22391.0,22335.0,23756.0,23933.0,21840.0,21656.0,23183.0,27016.0,20180.0,21894.0,24163.0,24507.0,24358.0,24766.0,25118.0,24911.0,22429.0,23576.0,23736.0,27452.0
городской округ город Агидель,19540.0,20013.0,21652.0,20126.0,19644.0,18970.0,19838.0,19679.0,17197.0,17896.0,18101.0,22512.0,18183.0,19381.0,22226.0,21913.0,21785.0,20760.0,21282.0,22061.0,18416.0,21117.0,20042.0,23441.0
городской округ город Алатырь,17223.0,17511.0,19009.0,17255.0,18169.0,17623.0,18740.0,18922.0,17917.0,18339.0,19323.0,22802.0,18236.0,19815.0,21913.0,21367.0,21426.0,21148.0,21791.0,21888.0,20311.0,21522.0,22205.0,26138.0
городской округ город Арзамас,23181.0,23904.0,26308.0,25411.0,26739.0,26851.0,28006.0,28599.0,27740.0,28512.0,28894.0,33329.0,26710.0,28611.0,31643.0,31161.0,31758.0,32369.0,33496.0,33869.0,31946.0,33556.0,33768.0,39355.0
городской округ город Бор,25039.0,26335.0,29392.0,28514.0,29660.0,29668.0,30717.0,31909.0,30345.0,31458.0,32217.0,37418.0,29017.0,31803.0,34772.0,34089.0,34945.0,35469.0,36609.0,37233.0,35103.0,36929.0,37639.0,44013.0
городской округ город Бугуруслан,21301.0,22179.0,24577.0,23517.0,24331.0,24176.0,25553.0,26106.0,24549.0,25239.0,25966.0,30504.0,24935.0,26871.0,29506.0,29105.0,28563.0,29608.0,30700.0,31186.0,28803.0,30277.0,30360.0,36277.0
городской округ город Бузулук,22774.0,23856.0,26593.0,25825.0,26760.0,26420.0,28099.0,29209.0,27370.0,28109.0,28165.0,33426.0,26991.0,28872.0,33114.0,32374.0,32431.0,32647.0,33395.0,33829.0,31110.0,32877.0,33258.0,38860.0
городской округ город Волжск,21741.0,22153.0,24255.0,22303.0,22424.0,21407.0,21833.0,22102.0,20907.0,21506.0,22787.0,26114.0,22371.0,23814.0,26015.0,25535.0,25501.0,25644.0,26206.0,26041.0,25007.0,26012.0,26781.0,30975.0
городской округ город Воткинск,24158.0,24160.0,26801.0,25992.0,26640.0,25950.0,27181.0,27839.0,26914.0,27694.0,27494.0,32065.0,26081.0,28221.0,31779.0,30961.0,30696.0,31921.0,32554.0,32418.0,31282.0,32832.0,32902.0,38036.0
городской округ город Выкса,24900.0,26448.0,28961.0,28542.0,29620.0,29444.0,30731.0,30898.0,29781.0,30845.0,31177.0,36892.0,27552.0,30836.0,34185.0,34262.0,34682.0,35503.0,37156.0,37132.0,34591.0,36096.0,36782.0,42711.0
городской округ город Вятские Поляны,19644.0,20396.0,22387.0,20526.0,20933.0,20631.0,21983.0,22563.0,20749.0,21774.0,22484.0,25307.0,21009.0,22556.0,24681.0,24452.0,24436.0,24552.0,25392.0,25256.0,23887.0,25350.0,26106.0,30143.0
городской округ город Глазов,20677.0,21736.0,24193.0,23079.0,24068.0,24026.0,24659.0,25515.0,23855.0,24632.0,25016.0,28615.0,23092.0,25284.0,28099.0,27005.0,27948.0,28721.0,29933.0,30453.0,28417.0,30270.0,30425.0,35113.0
городской округ город Дзержинск,26900.0,28210.0,31493.0,30220.0,31559.0,31654.0,32847.0,33868.0,32563.0,34090.0,34663.0,40489.0,31112.0,34105.0,37939.0,36772.0,37815.0,38257.0,39300.0,39548.0,37679.0,39513.0,39885.0,47204.0
городской округ город Ижевск,24989.0,26124.0,29159.0,28003.0,28979.0,28624.0,29816.0,30825.0,29042.0,30226.0,30579.0,35568.0,28770.0,31247.0,34777.0,33896.0,33857.0,34904.0,35779.0,36127.0,33854.0,35948.0,36734.0,42282.0
городской округ город Йошкар-Ола,22792.0,23520.0,25999.0,24194.0,24840.0,24309.0,25465.0,26404.0,25176.0,25826.0,26945.0,30921.0,25338.0,27307.0,30068.0,29328.0,29526.0,29697.0,30619.0,31042.0,29658.0,31460.0,32221.0,37090.0
городской округ город Казань,28007.0,28504.0,31722.0,30660.0,31759.0,31458.0,32841.0,34053.0,32435.0,33947.0,35006.0,39420.0,32346.0,34555.0,37849.0,37151.0,37137.0,37849.0,38872.0,39553.0,37019.0,38791.0,39032.0,44813.0
городской округ город Канаш,17308.0,17841.0,19273.0,18399.0,18801.0,19069.0,20199.0,20447.0,19453.0,20000.0,20637.0,23698.0,19270.0,20864.0,22621.0,22139.0,22370.0,22705.0,23722.0,24233.0,22670.0,23843.0,23947.0,27764.0
городской округ город Киров,26804.0,27648.0,30891.0,30047.0,30987.0,30324.0,31685.0,32737.0,30602.0,32129.0,32541.0,37674.0,30769.0,32941.0,36743.0,35749.0,35944.0,36665.0,37634.0,37946.0,35365.0,37479.0,37883.0,43969.0
городской округ город Кирово-Чепецк,24539.0,25542.0,28111.0,26886.0,27441.0,26312.0,27279.0,27482.0,25958.0,27738.0,27859.0,31372.0,27032.0,29059.0,31592.0,30808.0,31306.0,31401.0,31858.0,32230.0,29584.0,31857.0,32513.0,36892.0
городской округ город Котельнич,19133.0,20646.0,22454.0,20506.0,20517.0,19841.0,20500.0,20750.0,19097.0,19726.0,19809.0,23781.0,19529.0,21511.0,24205.0,23711.0,23130.0,23215.0,23177.0,23635.0,21657.0,23348.0,23271.0,27203.0
городской округ город Кулебаки,22167.0,22556.0,24893.0,22717.0,23712.0,24015.0,24741.0,24972.0,23890.0,24768.0,25177.0,29762.0,23168.0,25065.0,28594.0,28098.0,28355.0,29501.0,29522.0,29652.0,27856.0,29081.0,29757.0,34815.0
городской округ город Кумертау,21160.0,21541.0,24133.0,23342.0,23596.0,23350.0,24730.0,25185.0,23284.0,24554.0,25396.0,29044.0,24074.0,25765.0,28667.0,27722.0,27483.0,27789.0,28681.0,28978.0,27000.0,28444.0,29006.0,33374.0
городской округ город Медногорск,18194.0,19510.0,20875.0,19741.0,19763.0,20144.0,20615.0,21263.0,19927.0,20391.0,20671.0,24090.0,20352.0,21784.0,23960.0,23261.0,23524.0,24720.0,24580.0,24571.0,22779.0,23763.0,24168.0,27452.0
городской округ город Можга,18320.0,19129.0,21290.0,19778.0,20602.0,20167.0,21661.0,22229.0,20664.0,21393.0,21672.0,24924.0,20388.0,22488.0,24845.0,24103.0,24377.0,25503.0,26136.0,27032.0,25051.0,26350.0,26978.0,31393.0
городской округ город Набережные Челны,24599.0,24746.0,27589.0,26587.0,27715.0,27192.0,28969.0,29861.0,28463.0,29778.0,30473.0,34836.0,29217.0,30700.0,33968.0,33085.0,33464.0,33844.0,34902.0,35540.0,33360.0,34881.0,35244.0,40376.0
городской округ город Нефтекамск,23659.0,23988.0,26574.0,25737.0,26698.0,26195.0,27630.0,28424.0,26704.0,27594.0,28170.0,32309.0,27139.0,28604.0,31994.0,31491.0,31189.0,31607.0,32573.0,33116.0,30857.0,32215.0,32229.0,36830.0
городской округ город Нижний Новгород,28665.0,29486.0,32927.0,31797.0,32902.0,32997.0,33982.0,35154.0,33779.0,34960.0,35787.0,40681.0,32597.0,34952.0,38863.0,37677.0,38437.0,38910.0,40050.0,40441.0,38231.0,40204.0,40579.0,47006.0
городской округ город Новотроицк,20214.0,21343.0,23732.0,22930.0,24174.0,24524.0,25288.0,25987.0,25094.0,25804.0,26634.0,30690.0,24987.0,26647.0,29132.0,28985.0,29432.0,29774.0,30514.0,31224.0,29060.0,30660.0,31117.0,35245.0
городской округ город Новочебоксарск,22254.0,22592.0,25356.0,24347.0,25120.0,24560.0,25972.0,26939.0,25813.0,26521.0,27207.0,31286.0,25755.0,27503.0,30387.0,29413.0,29800.0,29769.0,31034.0,30911.0,29090.0,30943.0,31205.0,36436.0
городской округ город Октябрьский,24051.0,24685.0,27445.0,26133.0,27146.0,26572.0,27920.0,28878.0,26953.0,27959.0,28546.0,32649.0,27419.0,29166.0,32159.0,30989.0,31209.0,31348.0,32082.0,32968.0,30517.0,31852.0,32485.0,37249.0
городской округ город Первомайск,18881.0,20944.0,22996.0,20381.0,21018.0,20791.0,21883.0,21884.0,20825.0,21052.0,21726.0,25350.0,19825.0,22010.0,24376.0,23386.0,23904.0,24821.0,23975.0,24490.0,22903.0,23704.0,24139.0,28335.0
городской округ город Салават,23388.0,23944.0,26845.0,25833.0,26497.0,25614.0,27041.0,27635.0,26614.0,27196.0,28167.0,32423.0,27199.0,28748.0,32007.0,31062.0,30889.0,30739.0,31312.0,32339.0,30027.0,31550.0,32129.0,36718.0
городской округ город Сарапул,21617.0,22613.0,25396.0,24458.0,25487.0,25957.0,27049.0,27641.0,26061.0,27171.0,27611.0,31729.0,25600.0,28140.0,31515.0,30549.0,30785.0,31955.0,33028.0,33369.0,30821.0,32546.0,32844.0,37269.0
городской округ город Саратов,24730.0,25670.0,28755.0,27302.0,27937.0,27921.0,29255.0,29904.0,28726.0,29625.0,30363.0,35736.0,28144.0,30586.0,33718.0,33331.0,32999.0,33585.0,34523.0,35178.0,32789.0,34449.0,34781.0,40959.0
городской округ город Сибай,22160.0,22638.0,25233.0,23267.0,24775.0,24273.0,25540.0,26268.0,24139.0,25347.0,26276.0,30701.0,25620.0,26748.0,29416.0,28731.0,28666.0,28907.0,29980.0,31095.0,28314.0,29842.0,29943.0,35246.0
городской округ город Слободской,20006.0,20717.0,23096.0,20647.0,20838.0,20199.0,21384.0,21319.0,20065.0,20457.0,21278.0,24697.0,20330.0,22365.0,24895.0,24524.0,23981.0,24694.0,24819.0,24819.0,23120.0,24483.0,24459.0,28961.0
городской округ город Стерлитамак,23421.0,24148.0,26715.0,25519.0,26489.0,25824.0,27479.0,28376.0,26611.0,27664.0,28283.0,32484.0,27029.0,28764.0,31720.0,31147.0,31440.0,31841.0,33095.0,33723.0,31306.0,32709.0,32799.0,37273.0
городской округ город Уфа,26892.0,27756.0,31040.0,29782.0,30751.0,30143.0,31529.0,32776.0,30837.0,32108.0,32909.0,37859.0,31106.0,33061.0,36705.0,35833.0,35615.0,35988.0,36788.0,37597.0,34999.0,36530.0,37011.0,42485.0
городской округ город Чебоксары,23076.0,23630.0,26492.0,25355.0,26076.0,25748.0,27247.0,28610.0,27188.0,27967.0,28643.0,32947.0,26701.0,28569.0,31601.0,30454.0,30769.0,31086.0,32512.0,33122.0,30864.0,32614.0,32896.0,38358.0
городской округ город Чкаловск,20086.0,21750.0,23950.0,21972.0,22234.0,22387.0,23771.0,23081.0,22226.0,22451.0,22810.0,26116.0,20710.0,23299.0,25497.0,24186.0,25651.0,25803.0,27320.0,27166.0,25788.0,26928.0,27139.0,31205.0
городской округ город Шахунья,18920.0,19993.0,22450.0,20480.0,21226.0,21185.0,22510.0,22105.0,21175.0,21272.0,21490.0,25931.0,19749.0,22837.0,24950.0,24532.0,24597.0,25657.0,26205.0,26179.0,24023.0,24956.0,25351.0,30322.0
городской округ город Шиханы,19102.0,21082.0,23158.0,22540.0,22776.0,22323.0,24041.0,25056.0,23130.0,24185.0,25671.0,33040.0,22584.0,25357.0,28094.0,27772.0,26959.0,29161.0,28346.0,28034.0,26384.0,27384.0,28491.0,36758.0
городской округ город Шумерля,17826.0,18474.0,20212.0,18533.0,18874.0,18655.0,19368.0,19945.0,18764.0,19731.0,19927.0,23846.0,18875.0,20228.0,21936.0,21234.0,21028.0,21568.0,22060.0,21517.0,20557.0,22117.0,22461.0,26196.0
