period,value,category_15,mo,freq,decimals,unit_measure,unit_mult
1/1/23 0:00,10244.264985961165,Все категории,МО_0000,M,3,rub,0
2/1/23 0:00,10141.686813581435,Все категории,МО_0000,M,3,rub,0
3/1/23 0:00,10317.920571948665,Все категории,МО_0000,M,3,rub,0
4/1/23 0:00,10810.021352058384,Все категории,МО_0000,M,3,rub,0
5/1/23 0:00,10230.823523620804,Все категории,МО_0000,M,3,rub,0
6/1/23 0:00,10118.345685037864,Все категории,МО_0000,M,3,rub,0
7/1/23 0:00,10207.382744059247,Все категории,МО_0000,M,3,rub,0
8/1/23 0:00,9780.128456389992,Все категории,МО_0000,M,3,rub,0
9/1/23 0:00,9706.939222373863,Все категории,МО_0000,M,3,rub,0
10/1/23 0:00,9640.52784710705,Все категории,МО_0000,M,3,rub,0
11/1/23 0:00,9832.51687731187,Все категории,МО_0000,M,3,rub,0
12/1/23 0:00,10261.452082571368,Все категории,МО_0000,M,3,rub,0
1/1/24 0:00,10278.521422187368,Все категории,МО_0000,M,3,rub,0
2/1/24 0:00,10688.020094411298,Все категории,МО_0000,M,3,rub,0
3/1/24 0:00,10345.405924959543,Все категории,МО_0000,M,3,rub,0
4/1/24 0:00,10872.86627340011,Все категории,МО_0000,M,3,rub,0
5/1/24 0:00,10661.95060734022,Все категории,МО_0000,M,3,rub,0
6/1/24 0:00,10421.4737369131,Все категории,МО_0000,M,3,rub,0
7/1/24 0:00,10264.40077972458,Все категории,МО_0000,M,3,rub,0
8/1/24 0:00,10150.89878895972,Все категории,МО_0000,M,3,rub,0
9/1/24 0:00,10249.833911281932,Все категории,МО_0000,M,3,rub,0
10/1/24 0:00,9764.143669845324,Все категории,МО_0000,M,3,rub,0
11/1/24 0:00,10130.554758503788,Все категории,МО_0000,M,3,rub,0
12/1/24 0:00,10242.659803833378,Все категории,МО_0000,M,3,rub,0
1/1/23 0:00,4634.249079638154,Все категории,МО_0001,M,3,rub,0
2/1/23 0:00,4791.054275074753,Все категории,МО_0001,M,3,rub,0
3/1/23 0:00,4614.478928927339,Все категории,МО_0001,M,3,rub,0
4/1/23 0:00,4836.864227375171,Все категории,МО_0001,M,3,rub,0
5/1/23 0:00,4604.13489014822,Все категории,МО_0001,M,3,rub,0
6/1/23 0:00,4642.401113717653,Все категории,МО_0001,M,3,rub,0
7/1/23 0:00,4920.640335102127,Все категории,МО_0001,M,3,rub,0
8/1/23 0:00,5155.1782063293585,Все категории,МО_0001,M,3,rub,0
9/1/23 0:00,5160.455900340793,Все категории,МО_0001,M,3,rub,0
10/1/23 0:00,4762.979033912205,Все категории,МО_0001,M,3,rub,0
11/1/23 0:00,4876.0421611834045,Все категории,МО_0001,M,3,rub,0
12/1/23 0:00,4692.061387584904,Все категории,МО_0001,M,3,rub,0
1/1/24 0:00,5031.567328112371,Все категории,МО_0001,M,3,rub,0
2/1/24 0:00,4713.613567635248,Все категории,МО_0001,M,3,rub,0
3/1/24 0:00,4053.7039311007165,Все категории,МО_0001,M,3,rub,0
4/1/24 0:00,4199.760712296611,Все категории,МО_0001,M,3,rub,0
5/1/24 0:00,4061.319711013346,Все категории,МО_0001,M,3,rub,0
6/1/24 0:00,4395.114106860904,Все категории,МО_0001,M,3,rub,0
7/1/24 0:00,4760.781628686943,Все категории,МО_0001,M,3,rub,0
8/1/24 0:00,5094.540763947873,Все категории,МО_0001,M,3,rub,0
9/1/24 0:00,4644.7709899318925,Все категории,МО_0001,M,3,rub,0
10/1/24 0:00,4583.144806867101,Все категории,МО_0001,M,3,rub,0
11/1/24 0:00,4105.981929906495,Все категории,МО_0001,M,3,rub,0
12/1/24 0:00,4333.291009162769,Все категории,МО_0001,M,3,rub,0
1/1/23 0:00,6681.658135139983,Все категории,МО_0002,M,3,rub,0
2/1/23 0:00,6058.7118534136525,Все категории,МО_0002,M,3,rub,0
3/1/23 0:00,5262.0812695877,Все категории,МО_0002,M,3,rub,0
4/1/23 0:00,4909.579590188513,Все категории,МО_0002,M,3,rub,0
5/1/23 0:00,4382.739066423826,Все категории,МО_0002,M,3,rub,0
6/1/23 0:00,4521.514206564537,Все категории,МО_0002,M,3,rub,0
7/1/23 0:00,5662.109746382622,Все категории,МО_0002,M,3,rub,0
8/1/23 0:00,5575.1417868824055,Все категории,МО_0002,M,3,rub,0
9/1/23 0:00,6391.806658913287,Все категории,МО_0002,M,3,rub,0
10/1/23 0:00,7964.603533477451,Все категории,МО_0002,M,3,rub,0
11/1/23 0:00,8729.508835512202,Все категории,МО_0002,M,3,rub,0
12/1/23 0:00,7287.04437201097,Все категории,МО_0002,M,3,rub,0
1/1/24 0:00,6952.718949118748,Все категории,МО_0002,M,3,rub,0
2/1/24 0:00,6349.252003075305,Все категории,МО_0002,M,3,rub,0
3/1/24 0:00,5910.609545116549,Все категории,МО_0002,M,3,rub,0
4/1/24 0:00,4794.572428097481,Все категории,МО_0002,M,3,rub,0
5/1/24 0:00,4712.280193425411,Все категории,МО_0002,M,3,rub,0
6/1/24 0:00,5005.925206135715,Все категории,МО_0002,M,3,rub,0
7/1/24 0:00,5354.928372378317,Все категории,МО_0002,M,3,rub,0
8/1/24 0:00,5851.911792832696,Все категории,МО_0002,M,3,rub,0
9/1/24 0:00,6723.006600128088,Все категории,МО_0002,M,3,rub,0
10/1/24 0:00,7088.932695204944,Все категории,МО_0002,M,3,rub,0
11/1/24 0:00,7791.0798481008915,Все категории,МО_0002,M,3,rub,0
12/1/24 0:00,7646.93713703674,Все категории,МО_0002,M,3,rub,0
1/1/23 0:00,8956.806323183951,Все категории,МО_0003,M,3,rub,0
2/1/23 0:00,8903.279969585426,Все категории,МО_0003,M,3,rub,0
3/1/23 0:00,9100.905672818179,Все категории,МО_0003,M,3,rub,0
4/1/23 0:00,8978.761641794188,Все категории,МО_0003,M,3,rub,0
5/1/23 0:00,8412.231255557885,Все категории,МО_0003,M,3,rub,0
6/1/23 0:00,8167.789820089747,Все категории,МО_0003,M,3,rub,0
7/1/23 0:00,7945.736319989002,Все категории,МО_0003,M,3,rub,0
8/1/23 0:00,7983.7834249682,Все категории,МО_0003,M,3,rub,0
9/1/23 0:00,8073.724691135744,Все категории,МО_0003,M,3,rub,0
10/1/23 0:00,8789.024906636489,Все категории,МО_0003,M,3,rub,0
11/1/23 0:00,9249.291697047705,Все категории,МО_0003,M,3,rub,0
12/1/23 0:00,10481.783389179236,Все категории,МО_0003,M,3,rub,0
1/1/24 0:00,10768.759211536046,Все категории,МО_0003,M,3,rub,0
2/1/24 0:00,10576.715752753847,Все категории,МО_0003,M,3,rub,0
3/1/24 0:00,10128.326083167834,Все категории,МО_0003,M,3,rub,0
4/1/24 0:00,9728.971166329353,Все категории,МО_0003,M,3,rub,0
5/1/24 0:00,10021.754271972408,Все категории,МО_0003,M,3,rub,0
6/1/24 0:00,9407.69651940192,Все категории,МО_0003,M,3,rub,0
7/1/24 0:00,9294.707150296812,Все категории,МО_0003,M,3,rub,0
8/1/24 0:00,8750.162757975708,Все категории,МО_0003,M,3,rub,0
9/1/24 0:00,9797.08428140859,Все категории,МО_0003,M,3,rub,0
10/1/24 0:00,10192.391960127188,Все категории,МО_0003,M,3,rub,0
11/1/24 0:00,10362.076516685971,Все категории,МО_0003,M,3,rub,0
12/1/24 0:00,11208.787194764953,Все категории,МО_0003,M,3,rub,0
1/1/23 0:00,8965.287231440809,Все категории,МО_0004,M,3,rub,0
2/1/23 0:00,9067.109861925195,Все категории,МО_0004,M,3,rub,0
3/1/23 0:00,8894.762690683852,Все категории,МО_0004,M,3,rub,0
4/1/23 0:00,8683.076040359949,Все категории,МО_0004,M,3,rub,0
5/1/23 0:00,8310.041039613438,Все категории,МО_0004,M,3,rub,0
6/1/23 0:00,8119.126151141703,Все категории,МО_0004,M,3,rub,0
7/1/23 0:00,8291.124220646152,Все категории,МО_0004,M,3,rub,0
8/1/23 0:00,7392.087175478401,Все категории,МО_0004,M,3,rub,0
9/1/23 0:00,8191.984340380691,Все категории,МО_0004,M,3,rub,0
10/1/23 0:00,8752.193180929818,Все категории,МО_0004,M,3,rub,0
11/1/23 0:00,9359.065005670416,Все категории,МО_0004,M,3,rub,0
12/1/23 0:00,9734.59804632253,Все категории,МО_0004,M,3,rub,0
1/1/24 0:00,9744.928308059665,Все категории,МО_0004,M,3,rub,0
2/1/24 0:00,10558.37544312093,Все категории,МО_0004,M,3,rub,0
3/1/24 0:00,10914.020900773316,Все категории,МО_0004,M,3,rub,0
4/1/24 0:00,9606.737299124312,Все категории,МО_0004,M,3,rub,0
5/1/24 0:00,9923.827754243135,Все категории,МО_0004,M,3,rub,0
6/1/24 0:00,9242.291931878752,Все категории,МО_0004,M,3,rub,0
7/1/24 0:00,9144.943303036269,Все категории,МО_0004,M,3,rub,0
8/1/24 0:00,8933.631055451493,Все категории,МО_0004,M,3,rub,0
9/1/24 0:00,9433.130174577629,Все категории,МО_0004,M,3,rub,0
10/1/24 0:00,10454.267658447443,Все категории,МО_0004,M,3,rub,0
11/1/24 0:00,10901.988791335307,Все категории,МО_0004,M,3,rub,0
12/1/24 0:00,11974.904089449043,Все категории,МО_0004,M,3,rub,0
1/1/23 0:00,4996.453816936189,Все категории,МО_0005,M,3,rub,0
2/1/23 0:00,4657.910369782646,Все категории,МО_0005,M,3,rub,0
3/1/23 0:00,4901.248202577563,Все категории,МО_0005,M,3,rub,0
4/1/23 0:00,4624.398814298975,Все категории,МО_0005,M,3,rub,0
5/1/23 0:00,4835.959130888038,Все категории,МО_0005,M,3,rub,0
6/1/23 0:00,4736.035042364785,Все категории,МО_0005,M,3,rub,0
7/1/23 0:00,4992.610419223584,Все категории,МО_0005,M,3,rub,0
8/1/23 0:00,4918.51008185415,Все категории,МО_0005,M,3,rub,0
9/1/23 0:00,5374.553265567762,Все категории,МО_0005,M,3,rub,0
10/1/23 0:00,4740.665574444383,Все категории,МО_0005,M,3,rub,0
11/1/23 0:00,5047.67068455503,Все категории,МО_0005,M,3,rub,0
12/1/23 0:00,4594.812936642317,Все категории,МО_0005,M,3,rub,0
1/1/24 0:00,4704.032804974129,Все категории,МО_0005,M,3,rub,0
2/1/24 0:00,4455.5746591479265,Все категории,МО_0005,M,3,rub,0
3/1/24 0:00,4633.560084959451,Все категории,МО_0005,M,3,rub,0
4/1/24 0:00,4419.097337896107,Все категории,МО_0005,M,3,rub,0
5/1/24 0:00,4039.326863231025,Все категории,МО_0005,M,3,rub,0
6/1/24 0:00,4511.732317921775,Все категории,МО_0005,M,3,rub,0
7/1/24 0:00,4419.520706033289,Все категории,МО_0005,M,3,rub,0
8/1/24 0:00,4673.75517612662,Все категории,МО_0005,M,3,rub,0
9/1/24 0:00,5195.317203706791,Все категории,МО_0005,M,3,rub,0
10/1/24 0:00,4888.910192354376,Все категории,МО_0005,M,3,rub,0
11/1/24 0:00,4414.359931841225,Все категории,МО_0005,M,3,rub,0
12/1/24 0:00,4152.766461307805,Все категории,МО_0005,M,3,rub,0
1/1/23 0:00,9903.62015850998,Все категории,МО_0006,M,3,rub,0
2/1/23 0:00,9933.506305830102,Все категории,МО_0006,M,3,rub,0
3/1/23 0:00,10258.669835336099,Все категории,МО_0006,M,3,rub,0
4/1/23 0:00,10564.347730494848,Все категории,МО_0006,M,3,rub,0
5/1/23 0:00,10704.371740782944,Все категории,МО_0006,M,3,rub,0
6/1/23 0:00,10427.222667364087,Все категории,МО_0006,M,3,rub,0
7/1/23 0:00,9625.529877303425,Все категории,МО_0006,M,3,rub,0
8/1/23 0:00,9917.809254211941,Все категории,МО_0006,M,3,rub,0
9/1/23 0:00,9721.92964865455,Все категории,МО_0006,M,3,rub,0
10/1/23 0:00,9752.48892435185,Все категории,МО_0006,M,3,rub,0
11/1/23 0:00,10087.203541463052,Все категории,МО_0006,M,3,rub,0
12/1/23 0:00,9573.318973055493,Все категории,МО_0006,M,3,rub,0
1/1/24 0:00,10139.337416767872,Все категории,МО_0006,M,3,rub,0
2/1/24 0:00,10676.689861971983,Все категории,МО_0006,M,3,rub,0
3/1/24 0:00,10442.814175993466,Все категории,МО_0006,M,3,rub,0
4/1/24 0:00,11209.52319161205,Все категории,МО_0006,M,3,rub,0
5/1/24 0:00,10923.46386159443,Все категории,МО_0006,M,3,rub,0
6/1/24 0:00,10860.97838051494,Все категории,МО_0006,M,3,rub,0
7/1/24 0:00,10327.661187700107,Все категории,МО_0006,M,3,rub,0
8/1/24 0:00,10386.636155698969,Все категории,МО_0006,M,3,rub,0
9/1/24 0:00,10281.15781854868,Все категории,МО_0006,M,3,rub,0
10/1/24 0:00,10073.44024464645,Все категории,МО_0006,M,3,rub,0
11/1/24 0:00,10171.924942337455,Все категории,МО_0006,M,3,rub,0
12/1/24 0:00,10398.396232094163,Все категории,МО_0006,M,3,rub,0
1/1/23 0:00,6735.075005364427,Все категории,МО_0007,M,3,rub,0
2/1/23 0:00,6151.977912664035,Все категории,МО_0007,M,3,rub,0
3/1/23 0:00,5416.772492246548,Все категории,МО_0007,M,3,rub,0
4/1/23 0:00,5004.285131542617,Все категории,МО_0007,M,3,rub,0
5/1/23 0:00,4893.833739329053,Все категории,МО_0007,M,3,rub,0
6/1/23 0:00,4596.004346650708,Все категории,МО_0007,M,3,rub,0
7/1/23 0:00,5173.897762849021,Все категории,МО_0007,M,3,rub,0
8/1/23 0:00,6228.109743514769,Все категории,МО_0007,M,3,rub,0
9/1/23 0:00,6482.750334398709,Все категории,МО_0007,M,3,rub,0
10/1/23 0:00,7160.935466706347,Все категории,МО_0007,M,3,rub,0
11/1/23 0:00,7834.982697847259,Все категории,МО_0007,M,3,rub,0
12/1/23 0:00,7898.9994586120465,Все категории,МО_0007,M,3,rub,0
1/1/24 0:00,7059.11577457032,Все категории,МО_0007,M,3,rub,0
2/1/24 0:00,6605.041445055417,Все категории,МО_0007,M,3,rub,0
3/1/24 0:00,5708.023505210453,Все категории,МО_0007,M,3,rub,0
4/1/24 0:00,5158.42664793309,Все категории,МО_0007,M,3,rub,0
5/1/24 0:00,4865.393918621444,Все категории,МО_0007,M,3,rub,0
6/1/24 0:00,5326.183141034072,Все категории,МО_0007,M,3,rub,0
7/1/24 0:00,5219.597112681332,Все категории,МО_0007,M,3,rub,0
8/1/24 0:00,5483.117144415865,Все категории,МО_0007,M,3,rub,0
9/1/24 0:00,7207.041673222082,Все категории,МО_0007,M,3,rub,0
10/1/24 0:00,7353.840160982464,Все категории,МО_0007,M,3,rub,0
11/1/24 0:00,7899.675143807178,Все категории,МО_0007,M,3,rub,0
12/1/24 0:00,8144.498921692455,Все категории,МО_0007,M,3,rub,0
1/1/23 0:00,9585.001473205764,Все категории,МО_0008,M,3,rub,0
2/1/23 0:00,9926.537999516238,Все категории,МО_0008,M,3,rub,0
3/1/23 0:00,10069.594446310495,Все категории,МО_0008,M,3,rub,0
4/1/23 0:00,10333.199821332479,Все категории,МО_0008,M,3,rub,0
5/1/23 0:00,10552.245947958007,Все категории,МО_0008,M,3,rub,0
6/1/23 0:00,10409.60021420066,Все категории,МО_0008,M,3,rub,0
7/1/23 0:00,10132.724184894756,Все категории,МО_0008,M,3,rub,0
8/1/23 0:00,9582.987618564905,Все категории,МО_0008,M,3,rub,0
9/1/23 0:00,9269.610691518976,Все категории,МО_0008,M,3,rub,0
10/1/23 0:00,9682.612901695966,Все категории,МО_0008,M,3,rub,0
11/1/23 0:00,9674.63904448071,Все категории,МО_0008,M,3,rub,0
12/1/23 0:00,10068.708401136399,Все категории,МО_0008,M,3,rub,0
1/1/24 0:00,10404.972257151045,Все категории,МО_0008,M,3,rub,0
2/1/24 0:00,10580.466834060622,Все категории,МО_0008,M,3,rub,0
3/1/24 0:00,10943.532614005171,Все категории,МО_0008,M,3,rub,0
4/1/24 0:00,10933.472425659467,Все категории,МО_0008,M,3,rub,0
5/1/24 0:00,10958.849302050236,Все категории,МО_0008,M,3,rub,0
6/1/24 0:00,10529.188480114013,Все категории,МО_0008,M,3,rub,0
7/1/24 0:00,10408.809269395513,Все категории,МО_0008,M,3,rub,0
8/1/24 0:00,10259.255183953908,Все категории,МО_0008,M,3,rub,0
9/1/24 0:00,10230.301179453834,Все категории,МО_0008,M,3,rub,0
10/1/24 0:00,9947.98380101043,Все категории,МО_0008,M,3,rub,0
11/1/24 0:00,10230.431878588848,Все категории,МО_0008,M,3,rub,0
12/1/24 0:00,10287.483325790385,Все категории,МО_0008,M,3,rub,0
1/1/23 0:00,9873.889785394244,Все категории,МО_0009,M,3,rub,0
2/1/23 0:00,10348.432943864233,Все категории,МО_0009,M,3,rub,0
3/1/23 0:00,9991.000959486924,Все категории,МО_0009,M,3,rub,0
4/1/23 0:00,10229.904805104603,Все категории,МО_0009,M,3,rub,0
5/1/23 0:00,10154.350996673504,Все категории,МО_0009,M,3,rub,0
6/1/23 0:00,9831.312043213324,Все категории,МО_0009,M,3,rub,0
7/1/23 0:00,9941.117433575027,Все категории,МО_0009,M,3,rub,0
8/1/23 0:00,10006.485162141404,Все категории,МО_0009,M,3,rub,0
9/1/23 0:00,9652.778192386322,Все категории,МО_0009,M,3,rub,0
10/1/23 0:00,9710.429583334522,Все категории,МО_0009,M,3,rub,0
11/1/23 0:00,9981.444314687222,Все категории,МО_0009,M,3,rub,0
12/1/23 0:00,10245.088742291082,Все категории,МО_0009,M,3,rub,0
1/1/24 0:00,10245.7395172688,Все категории,МО_0009,M,3,rub,0
2/1/24 0:00,10840.796149162969,Все категории,МО_0009,M,3,rub,0
3/1/24 0:00,10798.297948785856,Все категории,МО_0009,M,3,rub,0
4/1/24 0:00,10702.707603803796,Все категории,МО_0009,M,3,rub,0
5/1/24 0:00,10715.143102326128,Все категории,МО_0009,M,3,rub,0
6/1/24 0:00,10367.06537892021,Все категории,МО_0009,M,3,rub,0
7/1/24 0:00,10262.35190462072,Все категории,МО_0009,M,3,rub,0
8/1/24 0:00,10146.049189062325,Все категории,МО_0009,M,3,rub,0
9/1/24 0:00,10226.835033605943,Все категории,МО_0009,M,3,rub,0
10/1/24 0:00,10377.708763113846,Все категории,МО_0009,M,3,rub,0
11/1/24 0:00,9848.309543645068,Все категории,МО_0009,M,3,rub,0
12/1/24 0:00,10423.900248640119,Все категории,МО_0009,M,3,rub,0
1/1/23 0:00,6687.5059335232845,Все категории,МО_0010,M,3,rub,0
2/1/23 0:00,6307.016051299804,Все категории,МО_0010,M,3,rub,0
3/1/23 0:00,5421.419015796052,Все категории,МО_0010,M,3,rub,0
4/1/23 0:00,4580.1080250217265,Все категории,МО_0010,M,3,rub,0
5/1/23 0:00,4879.852050484333,Все категории,МО_0010,M,3,rub,0
6/1/23 0:00,4680.1432596590475,Все категории,МО_0010,M,3,rub,0
7/1/23 0:00,5089.9635806432925,Все категории,МО_0010,M,3,rub,0
8/1/23 0:00,5623.895405474384,Все категории,МО_0010,M,3,rub,0
9/1/23 0:00,6505.949413912987,Все категории,МО_0010,M,3,rub,0
10/1/23 0:00,7528.12677446429,Все категории,МО_0010,M,3,rub,0
11/1/23 0:00,7713.226990970825,Все категории,МО_0010,M,3,rub,0
12/1/23 0:00,7737.72079352244,Все категории,МО_0010,M,3,rub,0
1/1/24 0:00,7158.780399517997,Все категории,МО_0010,M,3,rub,0
2/1/24 0:00,6602.8492165778825,Все категории,МО_0010,M,3,rub,0
3/1/24 0:00,5440.601432547662,Все категории,МО_0010,M,3,rub,0
4/1/24 0:00,4701.51362366116,Все категории,МО_0010,M,3,rub,0
5/1/24 0:00,4966.284221231773,Все категории,МО_0010,M,3,rub,0
6/1/24 0:00,4788.749066648962,Все категории,МО_0010,M,3,rub,0
7/1/24 0:00,5502.543185751046,Все категории,МО_0010,M,3,rub,0
8/1/24 0:00,6032.428930984983,Все категории,МО_0010,M,3,rub,0
9/1/24 0:00,6723.728806620496,Все категории,МО_0010,M,3,rub,0
10/1/24 0:00,7594.935629751907,Все категории,МО_0010,M,3,rub,0
11/1/24 0:00,8504.08743162204,Все категории,МО_0010,M,3,rub,0
12/1/24 0:00,8398.389104513506,Все категории,МО_0010,M,3,rub,0
1/1/23 0:00,4727.170811769148,Все категории,МО_0011,M,3,rub,0
2/1/23 0:00,4593.407506473955,Все категории,МО_0011,M,3,rub,0
3/1/23 0:00,4740.322585774821,Все категории,МО_0011,M,3,rub,0
4/1/23 0:00,4336.6998986114995,Все категории,МО_0011,M,3,rub,0
5/1/23 0:00,4717.757550600362,Все категории,МО_0011,M,3,rub,0
6/1/23 0:00,4800.574997961105,Все категории,МО_0011,M,3,rub,0
7/1/23 0:00,5054.743062856497,Все категории,МО_0011,M,3,rub,0
8/1/23 0:00,4885.191110427244,Все категории,МО_0011,M,3,rub,0
9/1/23 0:00,4724.292837773625,Все категории,МО_0011,M,3,rub,0
10/1/23 0:00,4533.270083262843,Все категории,МО_0011,M,3,rub,0
11/1/23 0:00,4590.276048387661,Все категории,МО_0011,M,3,rub,0
12/1/23 0:00,4533.6476372175275,Все категории,МО_0011,M,3,rub,0
1/1/24 0:00,4371.902418479446,Все категории,МО_0011,M,3,rub,0
2/1/24 0:00,4727.867018064472,Все категории,МО_0011,M,3,rub,0
3/1/24 0:00,4470.913946740534,Все категории,МО_0011,M,3,rub,0
4/1/24 0:00,4060.4433317472967,Все категории,МО_0011,M,3,rub,0
5/1/24 0:00,4446.269791206697,Все категории,МО_0011,M,3,rub,0
6/1/24 0:00,4435.653398134979,Все категории,МО_0011,M,3,rub,0
7/1/24 0:00,4620.086465471502,Все категории,МО_0011,M,3,rub,0
8/1/24 0:00,4841.105624167441,Все категории,МО_0011,M,3,rub,0
9/1/24 0:00,4968.683006176271,Все категории,МО_0011,M,3,rub,0
10/1/24 0:00,4655.8747037503335,Все категории,МО_0011,M,3,rub,0
11/1/24 0:00,4821.099170859013,Все категории,МО_0011,M,3,rub,0
12/1/24 0:00,4126.228057338807,Все категории,МО_0011,M,3,rub,0
1/1/23 0:00,6973.493505734012,Все категории,МО_0012,M,3,rub,0
2/1/23 0:00,6866.000296375505,Все категории,МО_0012,M,3,rub,0
3/1/23 0:00,5498.7689941957615,Все категории,МО_0012,M,3,rub,0
4/1/23 0:00,5218.903891612202,Все категории,МО_0012,M,3,rub,0
5/1/23 0:00,4719.221404637191,Все категории,МО_0012,M,3,rub,0
6/1/23 0:00,4907.476373665491,Все категории,МО_0012,M,3,rub,0
7/1/23 0:00,5188.036787003514,Все категории,МО_0012,M,3,rub,0
8/1/23 0:00,5829.891267371275,Все категории,МО_0012,M,3,rub,0
9/1/23 0:00,6473.449295895654,Все категории,МО_0012,M,3,rub,0
10/1/23 0:00,7528.8527974043245,Все категории,МО_0012,M,3,rub,0
11/1/23 0:00,7511.573257980535,Все категории,МО_0012,M,3,rub,0
12/1/23 0:00,7842.7073693733055,Все категории,МО_0012,M,3,rub,0
1/1/24 0:00,7368.942709466675,Все категории,МО_0012,M,3,rub,0
2/1/24 0:00,6355.598292852719,Все категории,МО_0012,M,3,rub,0
3/1/24 0:00,5452.919257802467,Все категории,МО_0012,M,3,rub,0
4/1/24 0:00,5079.015483275708,Все категории,МО_0012,M,3,rub,0
5/1/24 0:00,4700.3458917486,Все категории,МО_0012,M,3,rub,0
6/1/24 0:00,5037.705064464416,Все категории,МО_0012,M,3,rub,0
7/1/24 0:00,4890.8711730796995,Все категории,МО_0012,M,3,rub,0
8/1/24 0:00,5861.410991710998,Все категории,МО_0012,M,3,rub,0
9/1/24 0:00,6241.720740023222,Все категории,МО_0012,M,3,rub,0
10/1/24 0:00,7054.940783335132,Все категории,МО_0012,M,3,rub,0
11/1/24 0:00,8306.687464576731,Все категории,МО_0012,M,3,rub,0
12/1/24 0:00,8010.619447044588,Все категории,МО_0012,M,3,rub,0
1/1/23 0:00,4544.345978163202,Все категории,МО_0013,M,3,rub,0
2/1/23 0:00,4226.978445454016,Все категории,МО_0013,M,3,rub,0
3/1/23 0:00,3873.1446172816973,Все категории,МО_0013,M,3,rub,0
4/1/23 0:00,4402.71740828536,Все категории,МО_0013,M,3,rub,0
5/1/23 0:00,5236.748672850131,Все категории,МО_0013,M,3,rub,0
6/1/23 0:00,4912.451271959645,Все категории,МО_0013,M,3,rub,0
7/1/23 0:00,4838.733427688732,Все категории,МО_0013,M,3,rub,0
8/1/23 0:00,5212.871509499979,Все категории,МО_0013,M,3,rub,0
9/1/23 0:00,4731.055571354455,Все категории,МО_0013,M,3,rub,0
10/1/23 0:00,4954.154687858011,Все категории,МО_0013,M,3,rub,0
11/1/23 0:00,4878.233871713912,Все категории,МО_0013,M,3,rub,0
12/1/23 0:00,4618.895305164235,Все категории,МО_0013,M,3,rub,0
1/1/24 0:00,4615.3981434157795,Все категории,МО_0013,M,3,rub,0
2/1/24 0:00,4365.989514207458,Все категории,МО_0013,M,3,rub,0
3/1/24 0:00,4374.138046665592,Все категории,МО_0013,M,3,rub,0
4/1/24 0:00,4116.39633389337,Все категории,МО_0013,M,3,rub,0
5/1/24 0:00,4570.263414968235,Все категории,МО_0013,M,3,rub,0
6/1/24 0:00,4910.990692205882,Все категории,МО_0013,M,3,rub,0
7/1/24 0:00,4464.352273625072,Все категории,МО_0013,M,3,rub,0
8/1/24 0:00,4588.21960924725,Все категории,МО_0013,M,3,rub,0
9/1/24 0:00,5149.942127650791,Все категории,МО_0013,M,3,rub,0
10/1/24 0:00,4690.435917119763,Все категории,МО_0013,M,3,rub,0
11/1/24 0:00,4903.751079983153,Все категории,МО_0013,M,3,rub,0
12/1/24 0:00,4273.075442191003,Все категории,МО_0013,M,3,rub,0
1/1/23 0:00,7389.533300281801,Все категории,МО_0014,M,3,rub,0
2/1/23 0:00,6221.022123636525,Все категории,МО_0014,M,3,rub,0
3/1/23 0:00,5506.505498546202,Все категории,МО_0014,M,3,rub,0
4/1/23 0:00,5246.428387768406,Все категории,МО_0014,M,3,rub,0
5/1/23 0:00,4634.425314649508,Все категории,МО_0014,M,3,rub,0
6/1/23 0:00,4617.640522283268,Все категории,МО_0014,M,3,rub,0
7/1/23 0:00,5107.367558935988,Все категории,МО_0014,M,3,rub,0
8/1/23 0:00,5976.935694293008,Все категории,МО_0014,M,3,rub,0
9/1/23 0:00,6273.020774886042,Все категории,МО_0014,M,3,rub,0
10/1/23 0:00,7591.501978880634,Все категории,МО_0014,M,3,rub,0
11/1/23 0:00,7606.13810800446,Все категории,МО_0014,M,3,rub,0
12/1/23 0:00,7995.454553995423,Все категории,МО_0014,M,3,rub,0
1/1/24 0:00,6411.494177916963,Все категории,МО_0014,M,3,rub,0
2/1/24 0:00,6069.11113217248,Все категории,МО_0014,M,3,rub,0
3/1/24 0:00,5155.903311050671,Все категории,МО_0014,M,3,rub,0
4/1/24 0:00,4825.4772338828325,Все категории,МО_0014,M,3,rub,0
5/1/24 0:00,4806.1178491263,Все категории,МО_0014,M,3,rub,0
6/1/24 0:00,4818.003757082598,Все категории,МО_0014,M,3,rub,0
7/1/24 0:00,5209.540115199931,Все категории,МО_0014,M,3,rub,0
8/1/24 0:00,5902.92067474768,Все категории,МО_0014,M,3,rub,0
9/1/24 0:00,6814.303871495644,Все категории,МО_0014,M,3,rub,0
10/1/24 0:00,7193.5815944048345,Все категории,МО_0014,M,3,rub,0
11/1/24 0:00,8091.227138812876,Все категории,МО_0014,M,3,rub,0
12/1/24 0:00,7936.45999862757,Все категории,МО_0014,M,3,rub,0
1/1/23 0:00,4802.370867157142,Все категории,МО_0015,M,3,rub,0
2/1/23 0:00,4685.343664695566,Все категории,МО_0015,M,3,rub,0
3/1/23 0:00,4559.04914809814,Все категории,МО_0015,M,3,rub,0
4/1/23 0:00,5008.56969149803,Все категории,МО_0015,M,3,rub,0
5/1/23 0:00,4619.6796566798685,Все категории,МО_0015,M,3,rub,0
6/1/23 0:00,4733.54637373733,Все категории,МО_0015,M,3,rub,0
7/1/23 0:00,4792.035328956277,Все категории,МО_0015,M,3,rub,0
8/1/23 0:00,4836.850149865859,Все категории,МО_0015,M,3,rub,0
9/1/23 0:00,4806.516835004071,Все категории,МО_0015,M,3,rub,0
10/1/23 0:00,4809.787276564068,Все категории,МО_0015,M,3,rub,0
11/1/23 0:00,4836.906435191036,Все категории,МО_0015,M,3,rub,0
12/1/23 0:00,4717.01108392269,Все категории,МО_0015,M,3,rub,0
1/1/24 0:00,4447.823754714435,Все категории,МО_0015,M,3,rub,0
2/1/24 0:00,4130.241299306335,Все категории,МО_0015,M,3,rub,0
3/1/24 0:00,4425.142183418177,Все категории,МО_0015,M,3,rub,0
4/1/24 0:00,4421.006354095533,Все категории,МО_0015,M,3,rub,0
5/1/24 0:00,4334.896166105553,Все категории,МО_0015,M,3,rub,0
6/1/24 0:00,4381.464534670285,Все категории,МО_0015,M,3,rub,0
7/1/24 0:00,4816.526419136034,Все категории,МО_0015,M,3,rub,0
8/1/24 0:00,4841.746613993372,Все категории,МО_0015,M,3,rub,0
9/1/24 0:00,4480.747555065133,Все категории,МО_0015,M,3,rub,0
10/1/24 0:00,4719.456811923858,Все категории,МО_0015,M,3,rub,0
11/1/24 0:00,4631.640661097651,Все категории,МО_0015,M,3,rub,0
12/1/24 0:00,4176.509535455212,Все категории,МО_0015,M,3,rub,0
1/1/23 0:00,7024.868475932446,Все категории,МО_0016,M,3,rub,0
2/1/23 0:00,5838.546563352304,Все категории,МО_0016,M,3,rub,0
3/1/23 0:00,5749.12978861443,Все категории,МО_0016,M,3,rub,0
4/1/23 0:00,5180.371731495365,Все категории,МО_0016,M,3,rub,0
5/1/23 0:00,4654.7226546011925,Все категории,МО_0016,M,3,rub,0
6/1/23 0:00,4865.001006506564,Все категории,МО_0016,M,3,rub,0
7/1/23 0:00,4721.987570279504,Все категории,МО_0016,M,3,rub,0
8/1/23 0:00,5604.448999331152,Все категории,МО_0016,M,3,rub,0
9/1/23 0:00,6600.446029555511,Все категории,МО_0016,M,3,rub,0
10/1/23 0:00,7089.716146921993,Все категории,МО_0016,M,3,rub,0
11/1/23 0:00,7997.126415753205,Все категории,МО_0016,M,3,rub,0
12/1/23 0:00,8271.803430563648,Все категории,МО_0016,M,3,rub,0
1/1/24 0:00,6731.501123013062,Все категории,МО_0016,M,3,rub,0
2/1/24 0:00,6056.767566934139,Все категории,МО_0016,M,3,rub,0
3/1/24 0:00,5567.905734253366,Все категории,МО_0016,M,3,rub,0
4/1/24 0:00,5319.628462671708,Все категории,МО_0016,M,3,rub,0
5/1/24 0:00,4531.658782938047,Все категории,МО_0016,M,3,rub,0
6/1/24 0:00,4901.249604368793,Все категории,МО_0016,M,3,rub,0
7/1/24 0:00,5660.3098754229395,Все категории,МО_0016,M,3,rub,0
8/1/24 0:00,5560.81281302704,Все категории,МО_0016,M,3,rub,0
9/1/24 0:00,6421.460702119292,Все категории,МО_0016,M,3,rub,0
10/1/24 0:00,7363.875529387486,Все категории,МО_0016,M,3,rub,0
11/1/24 0:00,7703.56249306986,Все категории,МО_0016,M,3,rub,0
12/1/24 0:00,7984.201243448239,Все категории,МО_0016,M,3,rub,0
1/1/23 0:00,9945.079591230964,Все категории,МО_0017,M,3,rub,0
2/1/23 0:00,9823.185706869855,Все категории,МО_0017,M,3,rub,0
3/1/23 0:00,10505.03009653338,Все категории,МО_0017,M,3,rub,0
4/1/23 0:00,10378.059801583251,Все категории,МО_0017,M,3,rub,0
5/1/23 0:00,10729.907496031177,Все категории,МО_0017,M,3,rub,0
6/1/23 0:00,10172.550551300486,Все категории,МО_0017,M,3,rub,0
7/1/23 0:00,9949.401666634714,Все категории,МО_0017,M,3,rub,0
8/1/23 0:00,9964.88440237752,Все категории,МО_0017,M,3,rub,0
9/1/23 0:00,9857.198303071196,Все категории,МО_0017,M,3,rub,0
10/1/23 0:00,9759.16368066016,Все категории,МО_0017,M,3,rub,0
11/1/23 0:00,9442.601307959521,Все категории,МО_0017,M,3,rub,0
12/1/23 0:00,10084.55867402401,Все категории,МО_0017,M,3,rub,0
1/1/24 0:00,10049.85855206226,Все категории,МО_0017,M,3,rub,0
2/1/24 0:00,10601.020215688099,Все категории,МО_0017,M,3,rub,0
3/1/24 0:00,10475.836322721372,Все категории,МО_0017,M,3,rub,0
4/1/24 0:00,10981.051142514005,Все категории,МО_0017,M,3,rub,0
5/1/24 0:00,10669.764705698013,Все категории,МО_0017,M,3,rub,0
6/1/24 0:00,10408.179922595027,Все категории,МО_0017,M,3,rub,0
7/1/24 0:00,10596.472087086344,Все категории,МО_0017,M,3,rub,0
8/1/24 0:00,10268.465648365762,Все категории,МО_0017,M,3,rub,0
9/1/24 0:00,9940.963174337283,Все категории,МО_0017,M,3,rub,0
10/1/24 0:00,10321.90460732178,Все категории,МО_0017,M,3,rub,0
11/1/24 0:00,10035.516014461327,Все категории,МО_0017,M,3,rub,0
12/1/24 0:00,10348.96872341584,Все категории,МО_0017,M,3,rub,0
1/1/23 0:00,4774.568016679359,Все категории,МО_0018,M,3,rub,0
2/1/23 0:00,4417.7446178911305,Все категории,МО_0018,M,3,rub,0
3/1/23 0:00,4599.051084599714,Все категории,МО_0018,M,3,rub,0
4/1/23 0:00,4404.9288234161795,Все категории,МО_0018,M,3,rub,0
5/1/23 0:00,4545.320111627509,Все категории,МО_0018,M,3,rub,0
6/1/23 0:00,5145.697745751577,Все категории,МО_0018,M,3,rub,0
7/1/23 0:00,4723.746853904942,Все категории,МО_0018,M,3,rub,0
8/1/23 0:00,4514.244448629492,Все категории,МО_0018,M,3,rub,0
9/1/23 0:00,5544.1488490295,Все категории,МО_0018,M,3,rub,0
10/1/23 0:00,5711.9422870875815,Все категории,МО_0018,M,3,rub,0
11/1/23 0:00,4756.66078306058,Все категории,МО_0018,M,3,rub,0
12/1/23 0:00,4210.657013052582,Все категории,МО_0018,M,3,rub,0
1/1/24 0:00,4368.124020169081,Все категории,МО_0018,M,3,rub,0
2/1/24 0:00,4230.420713750175,Все категории,МО_0018,M,3,rub,0
3/1/24 0:00,4190.403330389484,Все категории,МО_0018,M,3,rub,0
4/1/24 0:00,4029.84259299232,Все категории,МО_0018,M,3,rub,0
5/1/24 0:00,4498.113694899889,Все категории,МО_0018,M,3,rub,0
6/1/24 0:00,4647.150393482782,Все категории,МО_0018,M,3,rub,0
7/1/24 0:00,4348.84951713159,Все категории,МО_0018,M,3,rub,0
8/1/24 0:00,4967.102556572364,Все категории,МО_0018,M,3,rub,0
9/1/24 0:00,5337.890350930635,Все категории,МО_0018,M,3,rub,0
10/1/24 0:00,4776.41726910282,Все категории,МО_0018,M,3,rub,0
11/1/24 0:00,4494.898608091299,Все категории,МО_0018,M,3,rub,0
12/1/24 0:00,4337.770198505191,Все категории,МО_0018,M,3,rub,0
1/1/23 0:00,9060.337152146023,Все категории,МО_0019,M,3,rub,0
2/1/23 0:00,8594.817567203076,Все категории,МО_0019,M,3,rub,0
3/1/23 0:00,9017.431148706079,Все категории,МО_0019,M,3,rub,0
4/1/23 0:00,8608.641961768264,Все категории,МО_0019,M,3,rub,0
5/1/23 0:00,8850.364274840653,Все категории,МО_0019,M,3,rub,0
6/1/23 0:00,8039.930783615611,Все категории,МО_0019,M,3,rub,0
7/1/23 0:00,8340.118632206884,Все категории,МО_0019,M,3,rub,0
8/1/23 0:00,7723.731944911662,Все категории,МО_0019,M,3,rub,0
9/1/23 0:00,8397.04148513377,Все категории,МО_0019,M,3,rub,0
10/1/23 0:00,8789.791167787149,Все категории,МО_0019,M,3,rub,0
11/1/23 0:00,9037.60454940417,Все категории,МО_0019,M,3,rub,0
12/1/23 0:00,9896.346704711532,Все категории,МО_0019,M,3,rub,0
1/1/24 0:00,10652.8151943228,Все категории,МО_0019,M,3,rub,0
2/1/24 0:00,10353.926401028533,Все категории,МО_0019,M,3,rub,0
3/1/24 0:00,9849.974810830518,Все категории,МО_0019,M,3,rub,0
4/1/24 0:00,10053.829549958757,Все категории,МО_0019,M,3,rub,0
5/1/24 0:00,9411.677221692466,Все категории,МО_0019,M,3,rub,0
6/1/24 0:00,9238.462059331703,Все категории,МО_0019,M,3,rub,0
7/1/24 0:00,9139.385756562473,Все категории,МО_0019,M,3,rub,0
8/1/24 0:00,8760.389034005539,Все категории,МО_0019,M,3,rub,0
9/1/24 0:00,9077.437276235056,Все категории,МО_0019,M,3,rub,0
10/1/24 0:00,10200.848984856671,Все категории,МО_0019,M,3,rub,0
11/1/24 0:00,10546.394124665492,Все категории,МО_0019,M,3,rub,0
12/1/24 0:00,10526.558615796355,Все категории,МО_0019,M,3,rub,0
1/1/23 0:00,7194.065992553441,Все категории,МО_0020,M,3,rub,0
2/1/23 0:00,6256.178774669066,Все категории,МО_0020,M,3,rub,0
3/1/23 0:00,5296.499153773734,Все категории,МО_0020,M,3,rub,0
4/1/23 0:00,4675.263892255346,Все категории,МО_0020,M,3,rub,0
5/1/23 0:00,4861.832080007647,Все категории,МО_0020,M,3,rub,0
6/1/23 0:00,4862.257196976462,Все категории,МО_0020,M,3,rub,0
7/1/23 0:00,5719.782477727177,Все категории,МО_0020,M,3,rub,0
8/1/23 0:00,5969.2554050117915,Все категории,МО_0020,M,3,rub,0
9/1/23 0:00,6782.84417916796,Все категории,МО_0020,M,3,rub,0
10/1/23 0:00,7351.126065646305,Все категории,МО_0020,M,3,rub,0
11/1/23 0:00,8029.943200365713,Все категории,МО_0020,M,3,rub,0
12/1/23 0:00,7830.012458098075,Все категории,МО_0020,M,3,rub,0
1/1/24 0:00,7418.165262411676,Все категории,МО_0020,M,3,rub,0
2/1/24 0:00,6133.845466243107,Все категории,МО_0020,M,3,rub,0
3/1/24 0:00,5420.482097245787,Все категории,МО_0020,M,3,rub,0
4/1/24 0:00,4892.946558885482,Все категории,МО_0020,M,3,rub,0
5/1/24 0:00,4911.675328617727,Все категории,МО_0020,M,3,rub,0
6/1/24 0:00,5152.40567322691,Все категории,МО_0020,M,3,rub,0
7/1/24 0:00,5166.900877020528,Все категории,МО_0020,M,3,rub,0
8/1/24 0:00,5840.542601773062,Все категории,МО_0020,M,3,rub,0
9/1/24 0:00,6844.541496221659,Все категории,МО_0020,M,3,rub,0
10/1/24 0:00,7416.447470025422,Все категории,МО_0020,M,3,rub,0
11/1/24 0:00,8170.977656755614,Все категории,МО_0020,M,3,rub,0
12/1/24 0:00,7063.13921997102,Все категории,МО_0020,M,3,rub,0
1/1/23 0:00,8676.753849112205,Все категории,МО_0021,M,3,rub,0
2/1/23 0:00,8842.830973913757,Все категории,МО_0021,M,3,rub,0
3/1/23 0:00,8369.692094345186,Все категории,МО_0021,M,3,rub,0
4/1/23 0:00,8461.879762913455,Все категории,МО_0021,M,3,rub,0
5/1/23 0:00,8146.343573604419,Все категории,МО_0021,M,3,rub,0
6/1/23 0:00,8033.437483772107,Все категории,МО_0021,M,3,rub,0
7/1/23 0:00,8202.42456456137,Все категории,МО_0021,M,3,rub,0
8/1/23 0:00,7925.283255801174,Все категории,МО_0021,M,3,rub,0
9/1/23 0:00,7999.165734447144,Все категории,МО_0021,M,3,rub,0
10/1/23 0:00,8691.106916283394,Все категории,МО_0021,M,3,rub,0
11/1/23 0:00,9572.943959168568,Все категории,МО_0021,M,3,rub,0
12/1/23 0:00,9559.782936202088,Все категории,МО_0021,M,3,rub,0
1/1/24 0:00,9995.463930136668,Все категории,МО_0021,M,3,rub,0
2/1/24 0:00,10631.656684289921,Все категории,МО_0021,M,3,rub,0
3/1/24 0:00,10294.210953781052,Все категории,МО_0021,M,3,rub,0
4/1/24 0:00,10256.432166264212,Все категории,МО_0021,M,3,rub,0
5/1/24 0:00,9665.998952266165,Все категории,МО_0021,M,3,rub,0
6/1/24 0:00,9532.390880743793,Все категории,МО_0021,M,3,rub,0
7/1/24 0:00,8881.659933649,Все категории,МО_0021,M,3,rub,0
8/1/24 0:00,9216.979134413928,Все категории,МО_0021,M,3,rub,0
9/1/24 0:00,9468.220347288605,Все категории,МО_0021,M,3,rub,0
10/1/24 0:00,9694.243132678093,Все категории,МО_0021,M,3,rub,0
11/1/24 0:00,10222.193958878255,Все категории,МО_0021,M,3,rub,0
12/1/24 0:00,11604.770422907392,Все категории,МО_0021,M,3,rub,0
1/1/23 0:00,9827.903869996935,Все категории,МО_0022,M,3,rub,0
2/1/23 0:00,9972.178996250244,Все категории,МО_0022,M,3,rub,0
3/1/23 0:00,10377.317477190905,Все категории,МО_0022,M,3,rub,0
4/1/23 0:00,10738.174452731186,Все категории,МО_0022,M,3,rub,0
5/1/23 0:00,9993.463550246131,Все категории,МО_0022,M,3,rub,0
6/1/23 0:00,9997.26891526662,Все категории,МО_0022,M,3,rub,0
7/1/23 0:00,9892.599894004992,Все категории,МО_0022,M,3,rub,0
8/1/23 0:00,10149.945117722773,Все категории,МО_0022,M,3,rub,0
9/1/23 0:00,9762.955678457813,Все категории,МО_0022,M,3,rub,0
10/1/23 0:00,9821.668986596836,Все категории,МО_0022,M,3,rub,0
11/1/23 0:00,9546.171961879418,Все категории,МО_0022,M,3,rub,0
12/1/23 0:00,9755.722183892703,Все категории,МО_0022,M,3,rub,0
1/1/24 0:00,10352.220060949687,Все категории,МО_0022,M,3,rub,0
2/1/24 0:00,10563.558573485563,Все категории,МО_0022,M,3,rub,0
3/1/24 0:00,10897.362283212195,Все категории,МО_0022,M,3,rub,0
4/1/24 0:00,10842.691962435973,Все категории,МО_0022,M,3,rub,0
5/1/24 0:00,10903.772886677805,Все категории,МО_0022,M,3,rub,0
6/1/24 0:00,10712.455208903655,Все категории,МО_0022,M,3,rub,0
7/1/24 0:00,10610.033062654136,Все категории,МО_0022,M,3,rub,0
8/1/24 0:00,10385.232931190536,Все категории,МО_0022,M,3,rub,0
9/1/24 0:00,9742.970113369964,Все категории,МО_0022,M,3,rub,0
10/1/24 0:00,9585.958293068918,Все категории,МО_0022,M,3,rub,0
11/1/24 0:00,10329.236389690835,Все категории,МО_0022,M,3,rub,0
12/1/24 0:00,10590.94322202964,Все категории,МО_0022,M,3,rub,0
1/1/23 0:00,4476.433693129152,Все категории,МО_0023,M,3,rub,0
2/1/23 0:00,4152.1273808671,Все категории,МО_0023,M,3,rub,0
3/1/23 0:00,4514.276464981519,Все категории,МО_0023,M,3,rub,0
4/1/23 0:00,4739.53310499038,Все категории,МО_0023,M,3,rub,0
5/1/23 0:00,5076.184003923166,Все категории,МО_0023,M,3,rub,0
6/1/23 0:00,4932.4889712850145,Все категории,МО_0023,M,3,rub,0
7/1/23 0:00,4884.396700513345,Все категории,МО_0023,M,3,rub,0
8/1/23 0:00,4870.615503366616,Все категории,МО_0023,M,3,rub,0
9/1/23 0:00,5118.026036832147,Все категории,МО_0023,M,3,rub,0
10/1/23 0:00,4953.673825969046,Все категории,МО_0023,M,3,rub,0
11/1/23 0:00,4613.819199967996,Все категории,МО_0023,M,3,rub,0
12/1/23 0:00,5139.2049072682075,Все категории,МО_0023,M,3,rub,0
1/1/24 0:00,4850.667138641785,Все категории,МО_0023,M,3,rub,0
2/1/24 0:00,4542.216139002501,Все категории,МО_0023,M,3,rub,0
3/1/24 0:00,4040.024117761309,Все категории,МО_0023,M,3,rub,0
4/1/24 0:00,4446.635241635335,Все категории,МО_0023,M,3,rub,0
5/1/24 0:00,4511.6430208039765,Все категории,МО_0023,M,3,rub,0
6/1/24 0:00,4628.144933910521,Все категории,МО_0023,M,3,rub,0
7/1/24 0:00,4988.398296852161,Все категории,МО_0023,M,3,rub,0
8/1/24 0:00,4951.276410557529,Все категории,МО_0023,M,3,rub,0
9/1/24 0:00,4998.795444260006,Все категории,МО_0023,M,3,rub,0
10/1/24 0:00,4888.756798475095,Все категории,МО_0023,M,3,rub,0
11/1/24 0:00,4649.914998662018,Все категории,МО_0023,M,3,rub,0
12/1/24 0:00,3995.9447771987366,Все категории,МО_0023,M,3,rub,0
1/1/23 0:00,4730.537742224135,Все категории,МО_0024,M,3,rub,0
2/1/23 0:00,4431.787480645506,Все категории,МО_0024,M,3,rub,0
3/1/23 0:00,4213.531506464277,Все категории,МО_0024,M,3,rub,0
4/1/23 0:00,4920.880852036166,Все категории,МО_0024,M,3,rub,0
5/1/23 0:00,5058.802726096375,Все категории,МО_0024,M,3,rub,0
6/1/23 0:00,5144.817382020673,Все категории,МО_0024,M,3,rub,0
7/1/23 0:00,5039.930453772129,Все категории,МО_0024,M,3,rub,0
8/1/23 0:00,5448.869211198134,Все категории,МО_0024,M,3,rub,0
9/1/23 0:00,5118.180063310863,Все категории,МО_0024,M,3,rub,0
10/1/23 0:00,5079.600350831953,Все категории,МО_0024,M,3,rub,0
11/1/23 0:00,4595.767635169764,Все категории,МО_0024,M,3,rub,0
12/1/23 0:00,4731.821213111895,Все категории,МО_0024,M,3,rub,0
1/1/24 0:00,4449.879985066142,Все категории,МО_0024,M,3,rub,0
2/1/24 0:00,4020.7963871959964,Все категории,МО_0024,M,3,rub,0
3/1/24 0:00,4219.570417214915,Все категории,МО_0024,M,3,rub,0
4/1/24 0:00,4243.592678460475,Все категории,МО_0024,M,3,rub,0
5/1/24 0:00,4780.562087864698,Все категории,МО_0024,M,3,rub,0
6/1/24 0:00,4733.853246915642,Все категории,МО_0024,M,3,rub,0
7/1/24 0:00,4688.927528021574,Все категории,МО_0024,M,3,rub,0
8/1/24 0:00,4856.491251244944,Все категории,МО_0024,M,3,rub,0
9/1/24 0:00,4827.877255053482,Все категории,МО_0024,M,3,rub,0
10/1/24 0:00,4687.723285091528,Все категории,МО_0024,M,3,rub,0
11/1/24 0:00,4330.521654789001,Все категории,МО_0024,M,3,rub,0
12/1/24 0:00,4335.808091321706,Все категории,МО_0024,M,3,rub,0
1/1/23 0:00,6766.735885947978,Все категории,МО_0025,M,3,rub,0
2/1/23 0:00,5886.503379112727,Все категории,МО_0025,M,3,rub,0
3/1/23 0:00,5562.512701062994,Все категории,МО_0025,M,3,rub,0
4/1/23 0:00,5005.860887790431,Все категории,МО_0025,M,3,rub,0
5/1/23 0:00,4377.661692893293,Все категории,МО_0025,M,3,rub,0
6/1/23 0:00,4771.312210036385,Все категории,МО_0025,M,3,rub,0
7/1/23 0:00,5411.112667755675,Все категории,МО_0025,M,3,rub,0
8/1/23 0:00,6123.804798521571,Все категории,МО_0025,M,3,rub,0
9/1/23 0:00,6958.207217727488,Все категории,МО_0025,M,3,rub,0
10/1/23 0:00,7411.902493984254,Все категории,МО_0025,M,3,rub,0
11/1/23 0:00,7513.524074902605,Все категории,МО_0025,M,3,rub,0
12/1/23 0:00,7312.701296676666,Все категории,МО_0025,M,3,rub,0
1/1/24 0:00,7153.823387068514,Все категории,МО_0025,M,3,rub,0
2/1/24 0:00,6358.840125473191,Все категории,МО_0025,M,3,rub,0
3/1/24 0:00,5807.175468817206,Все категории,МО_0025,M,3,rub,0
4/1/24 0:00,5211.970520397473,Все категории,МО_0025,M,3,rub,0
5/1/24 0:00,4733.637223176503,Все категории,МО_0025,M,3,rub,0
6/1/24 0:00,4617.070965369911,Все категории,МО_0025,M,3,rub,0
7/1/24 0:00,5195.861384535802,Все категории,МО_0025,M,3,rub,0
8/1/24 0:00,5992.471316154851,Все категории,МО_0025,M,3,rub,0
9/1/24 0:00,6704.675065077868,Все категории,МО_0025,M,3,rub,0
10/1/24 0:00,7318.5693185228765,Все категории,МО_0025,M,3,rub,0
11/1/24 0:00,7945.627778531844,Все категории,МО_0025,M,3,rub,0
12/1/24 0:00,7574.613927028287,Все категории,МО_0025,M,3,rub,0
1/1/23 0:00,8728.614460365205,Все категории,МО_0026,M,3,rub,0
2/1/23 0:00,9137.831891647204,Все категории,МО_0026,M,3,rub,0
3/1/23 0:00,8865.505855318486,Все категории,МО_0026,M,3,rub,0
4/1/23 0:00,8774.094982493492,Все категории,МО_0026,M,3,rub,0
5/1/23 0:00,8442.006264880321,Все категории,МО_0026,M,3,rub,0
6/1/23 0:00,7810.451605067705,Все категории,МО_0026,M,3,rub,0
7/1/23 0:00,7819.366794474549,Все категории,МО_0026,M,3,rub,0
8/1/23 0:00,8335.664098509431,Все категории,МО_0026,M,3,rub,0
9/1/23 0:00,7967.72717231658,Все категории,МО_0026,M,3,rub,0
10/1/23 0:00,8170.330101050847,Все категории,МО_0026,M,3,rub,0
11/1/23 0:00,8772.398153447071,Все категории,МО_0026,M,3,rub,0
12/1/23 0:00,9852.419743645885,Все категории,МО_0026,M,3,rub,0
1/1/24 0:00,10281.808286928732,Все категории,МО_0026,M,3,rub,0
2/1/24 0:00,10418.168318033868,Все категории,МО_0026,M,3,rub,0
3/1/24 0:00,10747.288307065071,Все категории,МО_0026,M,3,rub,0
4/1/24 0:00,9284.027620500474,Все категории,МО_0026,M,3,rub,0
5/1/24 0:00,9785.501828450684,Все категории,МО_0026,M,3,rub,0
6/1/24 0:00,9781.460440757684,Все категории,МО_0026,M,3,rub,0
7/1/24 0:00,8856.993646406254,Все категории,МО_0026,M,3,rub,0
8/1/24 0:00,9115.859377487483,Все категории,МО_0026,M,3,rub,0
9/1/24 0:00,9315.455543380856,Все категории,МО_0026,M,3,rub,0
10/1/24 0:00,9788.209647574842,Все категории,МО_0026,M,3,rub,0
11/1/24 0:00,10608.734944075592,Все категории,МО_0026,M,3,rub,0
12/1/24 0:00,11865.895301343413,Все категории,МО_0026,M,3,rub,0
1/1/23 0:00,5164.081026559259,Все категории,МО_0027,M,3,rub,0
2/1/23 0:00,4480.862874822237,Все категории,МО_0027,M,3,rub,0
3/1/23 0:00,4940.893534594797,Все категории,МО_0027,M,3,rub,0
4/1/23 0:00,4532.055286950742,Все категории,МО_0027,M,3,rub,0
5/1/23 0:00,5065.053114379123,Все категории,МО_0027,M,3,rub,0
6/1/23 0:00,4784.415724928582,Все категории,МО_0027,M,3,rub,0
7/1/23 0:00,5008.740586687477,Все категории,МО_0027,M,3,rub,0
8/1/23 0:00,5186.974455015066,Все категории,МО_0027,M,3,rub,0
9/1/23 0:00,5996.278006038958,Все категории,МО_0027,M,3,rub,0
10/1/23 0:00,5247.002715807814,Все категории,МО_0027,M,3,rub,0
11/1/23 0:00,4685.3758785093105,Все категории,МО_0027,M,3,rub,0
12/1/23 0:00,4869.10670028864,Все категории,МО_0027,M,3,rub,0
1/1/24 0:00,4356.923560397957,Все категории,МО_0027,M,3,rub,0
2/1/24 0:00,4187.588729138909,Все категории,МО_0027,M,3,rub,0
3/1/24 0:00,4427.0048512562125,Все категории,МО_0027,M,3,rub,0
4/1/24 0:00,4267.17065637568,Все категории,МО_0027,M,3,rub,0
5/1/24 0:00,4430.927227490908,Все категории,МО_0027,M,3,rub,0
6/1/24 0:00,4530.027931963548,Все категории,МО_0027,M,3,rub,0
7/1/24 0:00,4765.777861651338,Все категории,МО_0027,M,3,rub,0
8/1/24 0:00,4899.460719366411,Все категории,МО_0027,M,3,rub,0
9/1/24 0:00,4372.556781221851,Все категории,МО_0027,M,3,rub,0
10/1/24 0:00,4896.013766470474,Все категории,МО_0027,M,3,rub,0
11/1/24 0:00,4352.317222875517,Все категории,МО_0027,M,3,rub,0
12/1/24 0:00,4064.7231743042353,Все категории,МО_0027,M,3,rub,0
1/1/23 0:00,6955.455441623986,Все категории,МО_0028,M,3,rub,0
2/1/23 0:00,6209.21220791866,Все категории,МО_0028,M,3,rub,0
3/1/23 0:00,5300.816215694833,Все категории,МО_0028,M,3,rub,0
4/1/23 0:00,5094.696473209733,Все категории,МО_0028,M,3,rub,0
5/1/23 0:00,4456.198354071744,Все категории,МО_0028,M,3,rub,0
6/1/23 0:00,4717.367915624002,Все категории,МО_0028,M,3,rub,0
7/1/23 0:00,5079.5959427311145,Все категории,МО_0028,M,3,rub,0
8/1/23 0:00,5858.837248158853,Все категории,МО_0028,M,3,rub,0
9/1/23 0:00,6753.3788848835065,Все категории,МО_0028,M,3,rub,0
10/1/23 0:00,7107.957328154573,Все категории,МО_0028,M,3,rub,0
11/1/23 0:00,8000.289487118418,Все категории,МО_0028,M,3,rub,0
12/1/23 0:00,7655.932119194633,Все категории,МО_0028,M,3,rub,0
1/1/24 0:00,6541.620429747945,Все категории,МО_0028,M,3,rub,0
2/1/24 0:00,5791.151397700766,Все категории,МО_0028,M,3,rub,0
3/1/24 0:00,5512.996399572769,Все категории,МО_0028,M,3,rub,0
4/1/24 0:00,4943.730086050773,Все категории,МО_0028,M,3,rub,0
5/1/24 0:00,4739.095134913613,Все категории,МО_0028,M,3,rub,0
6/1/24 0:00,4847.239902808094,Все категории,МО_0028,M,3,rub,0
7/1/24 0:00,5310.303970720944,Все категории,МО_0028,M,3,rub,0
8/1/24 0:00,6170.134503609927,Все категории,МО_0028,M,3,rub,0
9/1/24 0:00,6465.266205283177,Все категории,МО_0028,M,3,rub,0
10/1/24 0:00,7146.707500364433,Все категории,МО_0028,M,3,rub,0
11/1/24 0:00,7529.084586028629,Все категории,МО_0028,M,3,rub,0
12/1/24 0:00,7818.692645595662,Все категории,МО_0028,M,3,rub,0
1/1/23 0:00,9233.12029000172,Все категории,МО_0029,M,3,rub,0
2/1/23 0:00,8936.458575155633,Все категории,МО_0029,M,3,rub,0
3/1/23 0:00,8324.281967985668,Все категории,МО_0029,M,3,rub,0
4/1/23 0:00,8276.007868029388,Все категории,МО_0029,M,3,rub,0
5/1/23 0:00,8166.437498650669,Все категории,МО_0029,M,3,rub,0
6/1/23 0:00,7947.948058801537,Все категории,МО_0029,M,3,rub,0
7/1/23 0:00,7836.4752954061805,Все категории,МО_0029,M,3,rub,0
8/1/23 0:00,7993.009238017466,Все категории,МО_0029,M,3,rub,0
9/1/23 0:00,8173.598581359399,Все категории,МО_0029,M,3,rub,0
10/1/23 0:00,8984.394554053644,Все категории,МО_0029,M,3,rub,0
11/1/23 0:00,9090.092226634193,Все категории,МО_0029,M,3,rub,0
12/1/23 0:00,9592.430012872244,Все категории,МО_0029,M,3,rub,0
1/1/24 0:00,10420.915535635311,Все категории,МО_0029,M,3,rub,0
2/1/24 0:00,9984.264455636963,Все категории,МО_0029,M,3,rub,0
3/1/24 0:00,10484.71548484472,Все категории,МО_0029,M,3,rub,0
4/1/24 0:00,10090.12368006108,Все категории,МО_0029,M,3,rub,0
5/1/24 0:00,9627.278641081693,Все категории,МО_0029,M,3,rub,0
6/1/24 0:00,9789.339029287838,Все категории,МО_0029,M,3,rub,0
7/1/24 0:00,8992.353355774048,Все категории,МО_0029,M,3,rub,0
8/1/24 0:00,9808.20054268679,Все категории,МО_0029,M,3,rub,0
9/1/24 0:00,9464.034018438142,Все категории,МО_0029,M,3,rub,0
10/1/24 0:00,9676.482452291037,Все категории,МО_0029,M,3,rub,0
11/1/24 0:00,10735.576800087143,Все категории,МО_0029,M,3,rub,0
12/1/24 0:00,11007.275132429035,Все категории,МО_0029,M,3,rub,0
1/1/23 0:00,8696.285271404671,Все категории,МО_0030,M,3,rub,0
2/1/23 0:00,9161.322631236788,Все категории,МО_0030,M,3,rub,0
3/1/23 0:00,9123.880801348992,Все категории,МО_0030,M,3,rub,0
4/1/23 0:00,8549.009817795259,Все категории,МО_0030,M,3,rub,0
5/1/23 0:00,8624.836645918393,Все категории,МО_0030,M,3,rub,0
6/1/23 0:00,8367.631661993428,Все категории,МО_0030,M,3,rub,0
7/1/23 0:00,8282.375845643677,Все категории,МО_0030,M,3,rub,0
8/1/23 0:00,8111.576857335352,Все категории,МО_0030,M,3,rub,0
9/1/23 0:00,8594.861511460074,Все категории,МО_0030,M,3,rub,0
10/1/23 0:00,8228.345755560935,Все категории,МО_0030,M,3,rub,0
11/1/23 0:00,9188.276489152906,Все категории,МО_0030,M,3,rub,0
12/1/23 0:00,9591.081230697728,Все категории,МО_0030,M,3,rub,0
1/1/24 0:00,10309.083558228474,Все категории,МО_0030,M,3,rub,0
2/1/24 0:00,10277.284636757493,Все категории,МО_0030,M,3,rub,0
3/1/24 0:00,10311.327437040345,Все категории,МО_0030,M,3,rub,0
4/1/24 0:00,10643.46131819662,Все категории,МО_0030,M,3,rub,0
5/1/24 0:00,9620.846695505357,Все категории,МО_0030,M,3,rub,0
6/1/24 0:00,9450.422274888071,Все категории,МО_0030,M,3,rub,0
7/1/24 0:00,9098.16488796538,Все категории,МО_0030,M,3,rub,0
8/1/24 0:00,9241.288087583513,Все категории,МО_0030,M,3,rub,0
9/1/24 0:00,9529.975673781302,Все категории,МО_0030,M,3,rub,0
10/1/24 0:00,10190.528062689435,Все категории,МО_0030,M,3,rub,0
11/1/24 0:00,11094.22607235287,Все категории,МО_0030,M,3,rub,0
12/1/24 0:00,11944.43650816874,Все категории,МО_0030,M,3,rub,0
1/1/23 0:00,9958.606206085266,Все категории,МО_0031,M,3,rub,0
2/1/23 0:00,10298.885224411524,Все категории,МО_0031,M,3,rub,0
3/1/23 0:00,10160.713855227095,Все категории,МО_0031,M,3,rub,0
4/1/23 0:00,10480.193958054151,Все категории,МО_0031,M,3,rub,0
5/1/23 0:00,10658.436951040998,Все категории,МО_0031,M,3,rub,0
6/1/23 0:00,10480.999995788376,Все категории,МО_0031,M,3,rub,0
7/1/23 0:00,10119.628115195259,Все категории,МО_0031,M,3,rub,0
8/1/23 0:00,10033.93251301956,Все категории,МО_0031,M,3,rub,0
9/1/23 0:00,9803.689407755248,Все категории,МО_0031,M,3,rub,0
10/1/23 0:00,9907.091820405176,Все категории,МО_0031,M,3,rub,0
11/1/23 0:00,9823.039874339747,Все категории,МО_0031,M,3,rub,0
12/1/23 0:00,9905.902134556582,Все категории,МО_0031,M,3,rub,0
1/1/24 0:00,10329.062729571178,Все категории,МО_0031,M,3,rub,0
2/1/24 0:00,9950.599827265842,Все категории,МО_0031,M,3,rub,0
3/1/24 0:00,10861.274945751278,Все категории,МО_0031,M,3,rub,0
4/1/24 0:00,10117.599827291931,Все категории,МО_0031,M,3,rub,0
5/1/24 0:00,10475.893107773281,Все категории,МО_0031,M,3,rub,0
6/1/24 0:00,10775.554463945455,Все категории,МО_0031,M,3,rub,0
7/1/24 0:00,10546.513251031793,Все категории,МО_0031,M,3,rub,0
8/1/24 0:00,9984.123141298714,Все категории,МО_0031,M,3,rub,0
9/1/24 0:00,9921.473117215191,Все категории,МО_0031,M,3,rub,0
10/1/24 0:00,10305.271297614907,Все категории,МО_0031,M,3,rub,0
11/1/24 0:00,10026.813435918333,Все категории,МО_0031,M,3,rub,0
12/1/24 0:00,10816.828623492022,Все категории,МО_0031,M,3,rub,0
1/1/23 0:00,9896.749045346452,Все категории,МО_0032,M,3,rub,0
2/1/23 0:00,10261.565844854675,Все категории,МО_0032,M,3,rub,0
3/1/23 0:00,10739.01615470034,Все категории,МО_0032,M,3,rub,0
4/1/23 0:00,10526.177642592156,Все категории,МО_0032,M,3,rub,0
5/1/23 0:00,10252.269662839955,Все категории,МО_0032,M,3,rub,0
6/1/23 0:00,10278.457210697537,Все категории,МО_0032,M,3,rub,0
7/1/23 0:00,10069.716025609476,Все категории,МО_0032,M,3,rub,0
8/1/23 0:00,9592.196352634432,Все категории,МО_0032,M,3,rub,0
9/1/23 0:00,9658.388471410153,Все категории,МО_0032,M,3,rub,0
10/1/23 0:00,9529.582227983596,Все категории,МО_0032,M,3,rub,0
11/1/23 0:00,9948.587745512523,Все категории,МО_0032,M,3,rub,0
12/1/23 0:00,9983.532229353294,Все категории,МО_0032,M,3,rub,0
1/1/24 0:00,10202.051280830548,Все категории,МО_0032,M,3,rub,0
2/1/24 0:00,10528.87078396458,Все категории,МО_0032,M,3,rub,0
3/1/24 0:00,10826.625579001553,Все категории,МО_0032,M,3,rub,0
4/1/24 0:00,11018.558692444163,Все категории,МО_0032,M,3,rub,0
5/1/24 0:00,10628.634709679422,Все категории,МО_0032,M,3,rub,0
6/1/24 0:00,10458.478282462025,Все категории,МО_0032,M,3,rub,0
7/1/24 0:00,10679.631245124732,Все категории,МО_0032,M,3,rub,0
8/1/24 0:00,10135.032469245474,Все категории,МО_0032,M,3,rub,0
9/1/24 0:00,9782.612830775768,Все категории,МО_0032,M,3,rub,0
10/1/24 0:00,10116.026770995622,Все категории,МО_0032,M,3,rub,0
11/1/24 0:00,10218.61285356184,Все категории,МО_0032,M,3,rub,0
12/1/24 0:00,10030.499645850363,Все категории,МО_0032,M,3,rub,0
1/1/23 0:00,7036.015470682931,Все категории,МО_0033,M,3,rub,0
2/1/23 0:00,6373.177149571311,Все категории,МО_0033,M,3,rub,0
3/1/23 0:00,5532.149933121272,Все категории,МО_0033,M,3,rub,0
4/1/23 0:00,5054.293481744545,Все категории,МО_0033,M,3,rub,0
5/1/23 0:00,4445.143972901344,Все категории,МО_0033,M,3,rub,0
6/1/23 0:00,4858.697292698072,Все категории,МО_0033,M,3,rub,0
7/1/23 0:00,5137.270434866356,Все категории,МО_0033,M,3,rub,0
8/1/23 0:00,5757.498237265056,Все категории,МО_0033,M,3,rub,0
9/1/23 0:00,6915.122002772354,Все категории,МО_0033,M,3,rub,0
10/1/23 0:00,7851.476516109855,Все категории,МО_0033,M,3,rub,0
11/1/23 0:00,8350.164355819363,Все категории,МО_0033,M,3,rub,0
12/1/23 0:00,8049.041434529194,Все категории,МО_0033,M,3,rub,0
1/1/24 0:00,7024.987176287517,Все категории,МО_0033,M,3,rub,0
2/1/24 0:00,6352.088113735653,Все категории,МО_0033,M,3,rub,0
3/1/24 0:00,5687.518136552528,Все категории,МО_0033,M,3,rub,0
4/1/24 0:00,5011.854143245629,Все категории,МО_0033,M,3,rub,0
5/1/24 0:00,4783.696575271721,Все категории,МО_0033,M,3,rub,0
6/1/24 0:00,5015.227951337575,Все категории,МО_0033,M,3,rub,0
7/1/24 0:00,5250.14334033011,Все категории,МО_0033,M,3,rub,0
8/1/24 0:00,5769.833220118606,Все категории,МО_0033,M,3,rub,0
9/1/24 0:00,6647.956147304869,Все категории,МО_0033,M,3,rub,0
10/1/24 0:00,7682.054619907349,Все категории,МО_0033,M,3,rub,0
11/1/24 0:00,7866.601594665555,Все категории,МО_0033,M,3,rub,0
12/1/24 0:00,7834.750978596015,Все категории,МО_0033,M,3,rub,0
1/1/23 0:00,4871.304627402605,Все категории,МО_0034,M,3,rub,0
2/1/23 0:00,4472.155566244136,Все категории,МО_0034,M,3,rub,0
3/1/23 0:00,4665.082830006521,Все категории,МО_0034,M,3,rub,0
4/1/23 0:00,4610.511699881942,Все категории,МО_0034,M,3,rub,0
5/1/23 0:00,4362.038170878598,Все категории,МО_0034,M,3,rub,0
6/1/23 0:00,5166.2344862629825,Все категории,МО_0034,M,3,rub,0
7/1/23 0:00,4852.986919627815,Все категории,МО_0034,M,3,rub,0
8/1/23 0:00,4688.543968392176,Все категории,МО_0034,M,3,rub,0
9/1/23 0:00,4854.684305269507,Все категории,МО_0034,M,3,rub,0
10/1/23 0:00,4778.087995407084,Все категории,МО_0034,M,3,rub,0
11/1/23 0:00,4866.709469485804,Все категории,МО_0034,M,3,rub,0
12/1/23 0:00,4575.738344030443,Все категории,МО_0034,M,3,rub,0
1/1/24 0:00,4362.373244320003,Все категории,МО_0034,M,3,rub,0
2/1/24 0:00,4426.449048290429,Все категории,МО_0034,M,3,rub,0
3/1/24 0:00,4302.890256791433,Все категории,МО_0034,M,3,rub,0
4/1/24 0:00,4328.404991937458,Все категории,МО_0034,M,3,rub,0
5/1/24 0:00,4460.1013755951035,Все категории,МО_0034,M,3,rub,0
6/1/24 0:00,4668.489527806702,Все категории,МО_0034,M,3,rub,0
7/1/24 0:00,4217.463770833942,Все категории,МО_0034,M,3,rub,0
8/1/24 0:00,4709.844696312522,Все категории,МО_0034,M,3,rub,0
9/1/24 0:00,4319.699143932571,Все категории,МО_0034,M,3,rub,0
10/1/24 0:00,4744.071436634672,Все категории,МО_0034,M,3,rub,0
11/1/24 0:00,4570.294846064032,Все категории,МО_0034,M,3,rub,0
12/1/24 0:00,4603.133242949056,Все категории,МО_0034,M,3,rub,0
1/1/23 0:00,10135.026644628959,Все категории,МО_0035,M,3,rub,0
2/1/23 0:00,10219.526183242944,Все категории,МО_0035,M,3,rub,0
3/1/23 0:00,10293.76909199367,Все категории,МО_0035,M,3,rub,0
4/1/23 0:00,10600.995833572659,Все категории,МО_0035,M,3,rub,0
5/1/23 0:00,10350.011579060909,Все категории,МО_0035,M,3,rub,0
6/1/23 0:00,10300.751646784624,Все категории,МО_0035,M,3,rub,0
7/1/23 0:00,10277.606964328337,Все категории,МО_0035,M,3,rub,0
8/1/23 0:00,9748.264743045665,Все категории,МО_0035,M,3,rub,0
9/1/23 0:00,9865.630237161218,Все категории,МО_0035,M,3,rub,0
10/1/23 0:00,9804.02237986968,Все категории,МО_0035,M,3,rub,0
11/1/23 0:00,9581.628954056674,Все категории,МО_0035,M,3,rub,0
12/1/23 0:00,10172.852001938862,Все категории,МО_0035,M,3,rub,0
1/1/24 0:00,10404.267389761773,Все категории,МО_0035,M,3,rub,0
2/1/24 0:00,10572.784915806542,Все категории,МО_0035,M,3,rub,0
3/1/24 0:00,10615.33360169327,Все категории,МО_0035,M,3,rub,0
4/1/24 0:00,10698.04057264089,Все категории,МО_0035,M,3,rub,0
5/1/24 0:00,10727.30907135284,Все категории,МО_0035,M,3,rub,0
6/1/24 0:00,10795.146233481726,Все категории,МО_0035,M,3,rub,0
7/1/24 0:00,10248.508857349776,Все категории,МО_0035,M,3,rub,0
8/1/24 0:00,10308.769760086918,Все категории,МО_0035,M,3,rub,0
9/1/24 0:00,9816.928959935982,Все категории,МО_0035,M,3,rub,0
10/1/24 0:00,9985.792665337594,Все категории,МО_0035,M,3,rub,0
11/1/24 0:00,10146.576986711008,Все категории,МО_0035,M,3,rub,0
12/1/24 0:00,10860.662582439585,Все категории,МО_0035,M,3,rub,0
1/1/23 0:00,4397.30585175676,Все категории,МО_0036,M,3,rub,0
2/1/23 0:00,4904.795124523424,Все категории,МО_0036,M,3,rub,0
3/1/23 0:00,4525.759019892292,Все категории,МО_0036,M,3,rub,0
4/1/23 0:00,4617.970460824378,Все категории,МО_0036,M,3,rub,0
5/1/23 0:00,4667.378049605653,Все категории,МО_0036,M,3,rub,0
6/1/23 0:00,4914.869418489394,Все категории,МО_0036,M,3,rub,0
7/1/23 0:00,4937.935639265443,Все категории,МО_0036,M,3,rub,0
8/1/23 0:00,5477.119674782514,Все категории,МО_0036,M,3,rub,0
9/1/23 0:00,4999.673964639348,Все категории,МО_0036,M,3,rub,0
10/1/23 0:00,5321.229853803901,Все категории,МО_0036,M,3,rub,0
11/1/23 0:00,4700.133972813997,Все категории,МО_0036,M,3,rub,0
12/1/23 0:00,4624.868810832231,Все категории,МО_0036,M,3,rub,0
1/1/24 0:00,4204.938644055361,Все категории,МО_0036,M,3,rub,0
2/1/24 0:00,4390.151694900997,Все категории,МО_0036,M,3,rub,0
3/1/24 0:00,4547.371980694695,Все категории,МО_0036,M,3,rub,0
4/1/24 0:00,4244.096292097509,Все категории,МО_0036,M,3,rub,0
5/1/24 0:00,4326.832663794525,Все категории,МО_0036,M,3,rub,0
6/1/24 0:00,4281.476797507728,Все категории,МО_0036,M,3,rub,0
7/1/24 0:00,4632.8256782152075,Все категории,МО_0036,M,3,rub,0
8/1/24 0:00,4429.280404387051,Все категории,МО_0036,M,3,rub,0
9/1/24 0:00,4602.282431096112,Все категории,МО_0036,M,3,rub,0
10/1/24 0:00,4789.5287563369675,Все категории,МО_0036,M,3,rub,0
11/1/24 0:00,4883.001191364243,Все категории,МО_0036,M,3,rub,0
12/1/24 0:00,5027.491443471235,Все категории,МО_0036,M,3,rub,0
1/1/23 0:00,4574.6426001568025,Все категории,МО_0037,M,3,rub,0
2/1/23 0:00,4895.799550808788,Все категории,МО_0037,M,3,rub,0
3/1/23 0:00,4547.059705984101,Все категории,МО_0037,M,3,rub,0
4/1/23 0:00,4489.917539166293,Все категории,МО_0037,M,3,rub,0
5/1/23 0:00,4741.292583380154,Все категории,МО_0037,M,3,rub,0
6/1/23 0:00,4821.690865722741,Все категории,МО_0037,M,3,rub,0
7/1/23 0:00,5003.568703644169,Все категории,МО_0037,M,3,rub,0
8/1/23 0:00,4990.121153736168,Все категории,МО_0037,M,3,rub,0
9/1/23 0:00,4769.735141450135,Все категории,МО_0037,M,3,rub,0
10/1/23 0:00,4654.85826997412,Все категории,МО_0037,M,3,rub,0
11/1/23 0:00,5015.1915361594765,Все категории,МО_0037,M,3,rub,0
12/1/23 0:00,4575.086442810648,Все категории,МО_0037,M,3,rub,0
1/1/24 0:00,4306.189407107379,Все категории,МО_0037,M,3,rub,0
2/1/24 0:00,4293.223616231678,Все категории,МО_0037,M,3,rub,0
3/1/24 0:00,4401.915531405159,Все категории,МО_0037,M,3,rub,0
4/1/24 0:00,4299.139625697549,Все категории,МО_0037,M,3,rub,0
5/1/24 0:00,4228.626881382731,Все категории,МО_0037,M,3,rub,0
6/1/24 0:00,4813.110227820585,Все категории,МО_0037,M,3,rub,0
7/1/24 0:00,5071.268012610462,Все категории,МО_0037,M,3,rub,0
8/1/24 0:00,4916.538272367575,Все категории,МО_0037,M,3,rub,0
9/1/24 0:00,5057.53614079438,Все категории,МО_0037,M,3,rub,0
10/1/24 0:00,5038.914709080632,Все категории,МО_0037,M,3,rub,0
11/1/24 0:00,4837.095005194083,Все категории,МО_0037,M,3,rub,0
12/1/24 0:00,4504.8993839849645,Все категории,МО_0037,M,3,rub,0
1/1/23 0:00,9055.74208486253,Все категории,МО_0038,M,3,rub,0
2/1/23 0:00,9195.087541070072,Все категории,МО_0038,M,3,rub,0
3/1/23 0:00,8682.483863651509,Все категории,МО_0038,M,3,rub,0
4/1/23 0:00,8895.114479862721,Все категории,МО_0038,M,3,rub,0
5/1/23 0:00,8039.359771817196,Все категории,МО_0038,M,3,rub,0
6/1/23 0:00,7891.669208629333,Все категории,МО_0038,M,3,rub,0
7/1/23 0:00,8249.460171559806,Все категории,МО_0038,M,3,rub,0
8/1/23 0:00,8187.564555717632,Все категории,МО_0038,M,3,rub,0
9/1/23 0:00,8626.886066138457,Все категории,МО_0038,M,3,rub,0
10/1/23 0:00,8635.302251539924,Все категории,МО_0038,M,3,rub,0
11/1/23 0:00,8961.145887274104,Все категории,МО_0038,M,3,rub,0
12/1/23 0:00,9773.070254459708,Все категории,МО_0038,M,3,rub,0
1/1/24 0:00,10303.767123677279,Все категории,МО_0038,M,3,rub,0
2/1/24 0:00,10479.796102220776,Все категории,МО_0038,M,3,rub,0
3/1/24 0:00,10721.361913493864,Все категории,МО_0038,M,3,rub,0
4/1/24 0:00,9950.694858083581,Все категории,МО_0038,M,3,rub,0
5/1/24 0:00,9772.622980377708,Все категории,МО_0038,M,3,rub,0
6/1/24 0:00,9061.066620721607,Все категории,МО_0038,M,3,rub,0
7/1/24 0:00,9286.39411701896,Все категории,МО_0038,M,3,rub,0
8/1/24 0:00,9221.181154464044,Все категории,МО_0038,M,3,rub,0
9/1/24 0:00,9316.315934070679,Все категории,МО_0038,M,3,rub,0
10/1/24 0:00,9983.503339083318,Все категории,МО_0038,M,3,rub,0
11/1/24 0:00,10654.052123357063,Все категории,МО_0038,M,3,rub,0
12/1/24 0:00,11276.705434404192,Все категории,МО_0038,M,3,rub,0
1/1/23 0:00,7483.618313180627,Все категории,МО_0039,M,3,rub,0
2/1/23 0:00,6164.067999078285,Все категории,МО_0039,M,3,rub,0
3/1/23 0:00,5397.010633187527,Все категории,МО_0039,M,3,rub,0
4/1/23 0:00,4531.535202251727,Все категории,МО_0039,M,3,rub,0
5/1/23 0:00,4536.767382440543,Все категории,МО_0039,M,3,rub,0
6/1/23 0:00,4744.593750356605,Все категории,МО_0039,M,3,rub,0
7/1/23 0:00,5059.120115416428,Все категории,МО_0039,M,3,rub,0
8/1/23 0:00,6203.309603441723,Все категории,МО_0039,M,3,rub,0
9/1/23 0:00,6634.550195360634,Все категории,МО_0039,M,3,rub,0
10/1/23 0:00,7791.77269927639,Все категории,МО_0039,M,3,rub,0
11/1/23 0:00,7791.041945532353,Все категории,МО_0039,M,3,rub,0
12/1/23 0:00,7648.043063958304,Все категории,МО_0039,M,3,rub,0
1/1/24 0:00,7030.873133206367,Все категории,МО_0039,M,3,rub,0
2/1/24 0:00,6264.048110922539,Все категории,МО_0039,M,3,rub,0
3/1/24 0:00,5908.268782880974,Все категории,МО_0039,M,3,rub,0
4/1/24 0:00,4545.66662054403,Все категории,МО_0039,M,3,rub,0
5/1/24 0:00,4392.599497236067,Все категории,МО_0039,M,3,rub,0
6/1/24 0:00,4748.372443083236,Все категории,МО_0039,M,3,rub,0
7/1/24 0:00,5265.666879139093,Все категории,МО_0039,M,3,rub,0
8/1/24 0:00,6106.897254546345,Все категории,МО_0039,M,3,rub,0
9/1/24 0:00,6888.214251723045,Все категории,МО_0039,M,3,rub,0
10/1/24 0:00,7375.478550981239,Все категории,МО_0039,M,3,rub,0
11/1/24 0:00,8192.901982702459,Все категории,МО_0039,M,3,rub,0
12/1/24 0:00,8053.997154690775,Все категории,МО_0039,M,3,rub,0
1/1/23 0:00,9933.629080883034,Все категории,МО_0040,M,3,rub,0
2/1/23 0:00,10376.025166535592,Все категории,МО_0040,M,3,rub,0
3/1/23 0:00,10454.148617054334,Все категории,МО_0040,M,3,rub,0
4/1/23 0:00,10381.392910337696,Все категории,МО_0040,M,3,rub,0
5/1/23 0:00,10606.87449303054,Все категории,МО_0040,M,3,rub,0
6/1/23 0:00,10323.85238450866,Все категории,МО_0040,M,3,rub,0
7/1/23 0:00,10077.160413560072,Все категории,МО_0040,M,3,rub,0
8/1/23 0:00,10152.33565147585,Все категории,МО_0040,M,3,rub,0
9/1/23 0:00,9243.54997463232,Все категории,МО_0040,M,3,rub,0
10/1/23 0:00,9401.704828963166,Все категории,МО_0040,M,3,rub,0
11/1/23 0:00,9537.22003738296,Все категории,МО_0040,M,3,rub,0
12/1/23 0:00,9904.40401343875,Все категории,МО_0040,M,3,rub,0
1/1/24 0:00,10207.804324928713,Все категории,МО_0040,M,3,rub,0
2/1/24 0:00,10237.91727757072,Все категории,МО_0040,M,3,rub,0
3/1/24 0:00,10568.129599780696,Все категории,МО_0040,M,3,rub,0
4/1/24 0:00,10697.690611235379,Все категории,МО_0040,M,3,rub,0
5/1/24 0:00,11389.529552480382,Все категории,МО_0040,M,3,rub,0
6/1/24 0:00,11070.451811922421,Все категории,МО_0040,M,3,rub,0
7/1/24 0:00,10360.595673952357,Все категории,МО_0040,M,3,rub,0
8/1/24 0:00,10144.91967153792,Все категории,МО_0040,M,3,rub,0
9/1/24 0:00,9835.117224494887,Все категории,МО_0040,M,3,rub,0
10/1/24 0:00,9651.198579362443,Все категории,МО_0040,M,3,rub,0
11/1/24 0:00,10100.711299903629,Все категории,МО_0040,M,3,rub,0
12/1/24 0:00,10137.968990975454,Все категории,МО_0040,M,3,rub,0
1/1/23 0:00,4690.857038398214,Все категории,МО_0041,M,3,rub,0
2/1/23 0:00,4206.379505098691,Все категории,МО_0041,M,3,rub,0
3/1/23 0:00,4324.058629064297,Все категории,МО_0041,M,3,rub,0
4/1/23 0:00,4557.745408273077,Все категории,МО_0041,M,3,rub,0
5/1/23 0:00,4725.581172016485,Все категории,МО_0041,M,3,rub,0
6/1/23 0:00,4908.176276279856,Все категории,МО_0041,M,3,rub,0
7/1/23 0:00,4658.09777999476,Все категории,МО_0041,M,3,rub,0
8/1/23 0:00,5315.41523267585,Все категории,МО_0041,M,3,rub,0
9/1/23 0:00,4914.478654370164,Все категории,МО_0041,M,3,rub,0
10/1/23 0:00,5190.0099757462895,Все категории,МО_0041,M,3,rub,0
11/1/23 0:00,4851.449058839801,Все категории,МО_0041,M,3,rub,0
12/1/23 0:00,4330.319049134482,Все категории,МО_0041,M,3,rub,0
1/1/24 0:00,4366.876284697897,Все категории,МО_0041,M,3,rub,0
2/1/24 0:00,4370.514698823195,Все категории,МО_0041,M,3,rub,0
3/1/24 0:00,4362.047034970639,Все категории,МО_0041,M,3,rub,0
4/1/24 0:00,4230.614792902153,Все категории,МО_0041,M,3,rub,0
5/1/24 0:00,4717.452915484335,Все категории,МО_0041,M,3,rub,0
6/1/24 0:00,4760.7460203554165,Все категории,МО_0041,M,3,rub,0
7/1/24 0:00,4626.491967309304,Все категории,МО_0041,M,3,rub,0
8/1/24 0:00,4979.766176990488,Все категории,МО_0041,M,3,rub,0
9/1/24 0:00,5306.252990757333,Все категории,МО_0041,M,3,rub,0
10/1/24 0:00,5223.235061910912,Все категории,МО_0041,M,3,rub,0
11/1/24 0:00,4299.115806384631,Все категории,МО_0041,M,3,rub,0
12/1/24 0:00,4170.908768231034,Все категории,МО_0041,M,3,rub,0
1/1/23 0:00,7398.368541310961,Все категории,МО_0042,M,3,rub,0
2/1/23 0:00,5931.893953564475,Все категории,МО_0042,M,3,rub,0
3/1/23 0:00,5169.104242720557,Все категории,МО_0042,M,3,rub,0
4/1/23 0:00,4833.211008747567,Все категории,МО_0042,M,3,rub,0
5/1/23 0:00,4781.680676170994,Все категории,МО_0042,M,3,rub,0
6/1/23 0:00,4775.185783653421,Все категории,МО_0042,M,3,rub,0
7/1/23 0:00,5066.2664208334645,Все категории,МО_0042,M,3,rub,0
8/1/23 0:00,5713.582039734346,Все категории,МО_0042,M,3,rub,0
9/1/23 0:00,6490.859141394554,Все категории,МО_0042,M,3,rub,0
10/1/23 0:00,7144.552939736221,Все категории,МО_0042,M,3,rub,0
11/1/23 0:00,8514.50972716803,Все категории,МО_0042,M,3,rub,0
12/1/23 0:00,7728.085309563602,Все категории,МО_0042,M,3,rub,0
1/1/24 0:00,7310.656799805371,Все категории,МО_0042,M,3,rub,0
2/1/24 0:00,6141.762115082511,Все категории,МО_0042,M,3,rub,0
3/1/24 0:00,5474.838574495965,Все категории,МО_0042,M,3,rub,0
4/1/24 0:00,4847.2748376020945,Все категории,МО_0042,M,3,rub,0
5/1/24 0:00,4279.835990240726,Все категории,МО_0042,M,3,rub,0
6/1/24 0:00,4592.425785021665,Все категории,МО_0042,M,3,rub,0
7/1/24 0:00,4894.939604933432,Все категории,МО_0042,M,3,rub,0
8/1/24 0:00,5429.3710677672125,Все категории,МО_0042,M,3,rub,0
9/1/24 0:00,6443.513879780933,Все категории,МО_0042,M,3,rub,0
10/1/24 0:00,7897.362571947271,Все категории,МО_0042,M,3,rub,0
11/1/24 0:00,7851.6913965083,Все категории,МО_0042,M,3,rub,0
12/1/24 0:00,8138.315711186532,Все категории,МО_0042,M,3,rub,0
1/1/23 0:00,9004.983145300477,Все категории,МО_0043,M,3,rub,0
2/1/23 0:00,9267.895453099067,Все категории,МО_0043,M,3,rub,0
3/1/23 0:00,8733.802722629423,Все категории,МО_0043,M,3,rub,0
4/1/23 0:00,8848.06707084885,Все категории,МО_0043,M,3,rub,0
5/1/23 0:00,8558.16070201206,Все категории,МО_0043,M,3,rub,0
6/1/23 0:00,7943.438463691279,Все категории,МО_0043,M,3,rub,0
7/1/23 0:00,8067.365907934763,Все категории,МО_0043,M,3,rub,0
8/1/23 0:00,8120.530734867534,Все категории,МО_0043,M,3,rub,0
9/1/23 0:00,8115.494097267098,Все категории,МО_0043,M,3,rub,0
10/1/23 0:00,8417.60960118453,Все категории,МО_0043,M,3,rub,0
11/1/23 0:00,8952.579681233183,Все категории,МО_0043,M,3,rub,0
12/1/23 0:00,9869.398922305067,Все категории,МО_0043,M,3,rub,0
1/1/24 0:00,10373.546144824928,Все категории,МО_0043,M,3,rub,0
2/1/24 0:00,10209.348155478401,Все категории,МО_0043,M,3,rub,0
3/1/24 0:00,10371.123291304448,Все категории,МО_0043,M,3,rub,0
4/1/24 0:00,10232.78322074557,Все категории,МО_0043,M,3,rub,0
5/1/24 0:00,9850.966677565575,Все категории,МО_0043,M,3,rub,0
6/1/24 0:00,9778.656082905527,Все категории,МО_0043,M,3,rub,0
7/1/24 0:00,9519.575308790956,Все категории,МО_0043,M,3,rub,0
8/1/24 0:00,8947.472925590651,Все категории,МО_0043,M,3,rub,0
9/1/24 0:00,10021.86544958613,Все категории,МО_0043,M,3,rub,0
10/1/24 0:00,9895.495468699442,Все категории,МО_0043,M,3,rub,0
11/1/24 0:00,11054.214496276718,Все категории,МО_0043,M,3,rub,0
12/1/24 0:00,11391.681370019052,Все категории,МО_0043,M,3,rub,0
1/1/23 0:00,9815.882464313438,Все категории,МО_0044,M,3,rub,0
2/1/23 0:00,9816.756611235473,Все категории,МО_0044,M,3,rub,0
3/1/23 0:00,10361.683265547379,Все категории,МО_0044,M,3,rub,0
4/1/23 0:00,10176.254909082201,Все категории,МО_0044,M,3,rub,0
5/1/23 0:00,10664.19614526273,Все категории,МО_0044,M,3,rub,0
6/1/23 0:00,10618.317482937524,Все категории,МО_0044,M,3,rub,0
7/1/23 0:00,9917.555814117257,Все категории,МО_0044,M,3,rub,0
8/1/23 0:00,9917.334006855046,Все категории,МО_0044,M,3,rub,0
9/1/23 0:00,9568.109297612458,Все категории,МО_0044,M,3,rub,0
10/1/23 0:00,9551.278562439642,Все категории,МО_0044,M,3,rub,0
11/1/23 0:00,9918.81387312072,Все категории,МО_0044,M,3,rub,0
12/1/23 0:00,9968.93697359354,Все категории,МО_0044,M,3,rub,0
1/1/24 0:00,10623.172307079984,Все категории,МО_0044,M,3,rub,0
2/1/24 0:00,10449.980072213684,Все категории,МО_0044,M,3,rub,0
3/1/24 0:00,10996.012618506347,Все категории,МО_0044,M,3,rub,0
4/1/24 0:00,10904.690189244406,Все категории,МО_0044,M,3,rub,0
5/1/24 0:00,11017.242564444456,Все категории,МО_0044,M,3,rub,0
6/1/24 0:00,10583.556974236672,Все категории,МО_0044,M,3,rub,0
7/1/24 0:00,10435.918359411482,Все категории,МО_0044,M,3,rub,0
8/1/24 0:00,10195.380682345898,Все категории,МО_0044,M,3,rub,0
9/1/24 0:00,9896.907241961824,Все категории,МО_0044,M,3,rub,0
10/1/24 0:00,,Все категории,МО_0044,M,3,rub,0
11/1/24 0:00,10256.877241009,Все категории,МО_0044,M,3,rub,0
12/1/24 0:00,10465.831571660985,Все категории,МО_0044,M,3,rub,0
1/1/23 0:00,5087.090786466543,Все категории,МО_0045,M,3,rub,0
2/1/23 0:00,4899.23874645843,Все категории,МО_0045,M,3,rub,0
3/1/23 0:00,4408.550484452496,Все категории,МО_0045,M,3,rub,0
4/1/23 0:00,4609.177084243897,Все категории,МО_0045,M,3,rub,0
5/1/23 0:00,4497.402637176157,Все категории,МО_0045,M,3,rub,0
6/1/23 0:00,4812.403320593387,Все категории,МО_0045,M,3,rub,0
7/1/23 0:00,4829.022855436775,Все категории,МО_0045,M,3,rub,0
8/1/23 0:00,5522.774508541631,Все категории,МО_0045,M,3,rub,0
9/1/23 0:00,5208.964939387176,Все категории,МО_0045,M,3,rub,0
10/1/23 0:00,4973.8354715965,Все категории,МО_0045,M,3,rub,0
11/1/23 0:00,5152.542580357581,Все категории,МО_0045,M,3,rub,0
12/1/23 0:00,4161.7257298889845,Все категории,МО_0045,M,3,rub,0
1/1/24 0:00,4011.4497113101843,Все категории,МО_0045,M,3,rub,0
2/1/24 0:00,4465.60421588978,Все категории,МО_0045,M,3,rub,0
3/1/24 0:00,4243.195342772789,Все категории,МО_0045,M,3,rub,0
4/1/24 0:00,4314.230742734574,Все категории,МО_0045,M,3,rub,0
5/1/24 0:00,4089.244637111011,Все категории,МО_0045,M,3,rub,0
6/1/24 0:00,4521.605630880608,Все категории,МО_0045,M,3,rub,0
7/1/24 0:00,5180.010497483787,Все категории,МО_0045,M,3,rub,0
8/1/24 0:00,4998.2448854726035,Все категории,МО_0045,M,3,rub,0
9/1/24 0:00,4858.266017392918,Все категории,МО_0045,M,3,rub,0
10/1/24 0:00,4632.700818002452,Все категории,МО_0045,M,3,rub,0
11/1/24 0:00,4482.050876377225,Все категории,МО_0045,M,3,rub,0
12/1/24 0:00,3927.4906213338463,Все категории,МО_0045,M,3,rub,0
1/1/23 0:00,8963.652977142232,Все категории,МО_0046,M,3,rub,0
2/1/23 0:00,9285.407246879004,Все категории,МО_0046,M,3,rub,0
3/1/23 0:00,8558.793188515569,Все категории,МО_0046,M,3,rub,0
4/1/23 0:00,8538.94949000772,Все категории,МО_0046,M,3,rub,0
5/1/23 0:00,8087.340435110054,Все категории,МО_0046,M,3,rub,0
6/1/23 0:00,7851.347085500773,Все категории,МО_0046,M,3,rub,0
7/1/23 0:00,7945.814096234847,Все категории,МО_0046,M,3,rub,0
8/1/23 0:00,7499.810968822315,Все категории,МО_0046,M,3,rub,0
9/1/23 0:00,8403.848685862711,Все категории,МО_0046,M,3,rub,0
10/1/23 0:00,8905.104019258742,Все категории,МО_0046,M,3,rub,0
11/1/23 0:00,9206.70935162112,Все категории,МО_0046,M,3,rub,0
12/1/23 0:00,9137.826264788533,Все категории,МО_0046,M,3,rub,0
1/1/24 0:00,9969.75560699728,Все категории,МО_0046,M,3,rub,0
2/1/24 0:00,10848.931754593495,Все категории,МО_0046,M,3,rub,0
3/1/24 0:00,9534.224930452026,Все категории,МО_0046,M,3,rub,0
4/1/24 0:00,9954.799474309035,Все категории,МО_0046,M,3,rub,0
5/1/24 0:00,9333.628494604767,Все категории,МО_0046,M,3,rub,0
6/1/24 0:00,9561.8647465485,Все категории,МО_0046,M,3,rub,0
7/1/24 0:00,8978.092056368878,Все категории,МО_0046,M,3,rub,0
8/1/24 0:00,9332.738630715032,Все категории,МО_0046,M,3,rub,0
9/1/24 0:00,9691.269970585961,Все категории,МО_0046,M,3,rub,0
10/1/24 0:00,10623.788882267336,Все категории,МО_0046,M,3,rub,0
11/1/24 0:00,10648.055730176851,Все категории,МО_0046,M,3,rub,0
12/1/24 0:00,11497.44822144187,Все категории,МО_0046,M,3,rub,0
1/1/23 0:00,4373.681293690387,Все категории,МО_0047,M,3,rub,0
2/1/23 0:00,4836.2192717836515,Все категории,МО_0047,M,3,rub,0
3/1/23 0:00,4324.375509904759,Все категории,МО_0047,M,3,rub,0
4/1/23 0:00,4398.919797767483,Все категории,МО_0047,M,3,rub,0
5/1/23 0:00,4634.682439687205,Все категории,МО_0047,M,3,rub,0
6/1/23 0:00,4445.46567435092,Все категории,МО_0047,M,3,rub,0
7/1/23 0:00,5033.271215257226,Все категории,МО_0047,M,3,rub,0
8/1/23 0:00,5345.473673962173,Все категории,МО_0047,M,3,rub,0
9/1/23 0:00,5190.567061541827,Все категории,МО_0047,M,3,rub,0
10/1/23 0:00,4644.333365297564,Все категории,МО_0047,M,3,rub,0
11/1/23 0:00,4824.074507414977,Все категории,МО_0047,M,3,rub,0
12/1/23 0:00,4814.162251117388,Все категории,МО_0047,M,3,rub,0
1/1/24 0:00,4038.84351143381,Все категории,МО_0047,M,3,rub,0
2/1/24 0:00,4066.872572734617,Все категории,МО_0047,M,3,rub,0
3/1/24 0:00,4419.914543233665,Все категории,МО_0047,M,3,rub,0
4/1/24 0:00,4318.471370394855,Все категории,МО_0047,M,3,rub,0
5/1/24 0:00,4460.579328895478,Все категории,МО_0047,M,3,rub,0
6/1/24 0:00,4967.931641431296,Все категории,МО_0047,M,3,rub,0
7/1/24 0:00,4797.3287434184085,Все категории,МО_0047,M,3,rub,0
8/1/24 0:00,4956.853911427029,Все категории,МО_0047,M,3,rub,0
9/1/24 0:00,5516.444479960653,Все категории,МО_0047,M,3,rub,0
10/1/24 0:00,4685.171380246118,Все категории,МО_0047,M,3,rub,0
11/1/24 0:00,4392.573311060827,Все категории,МО_0047,M,3,rub,0
12/1/24 0:00,4463.130463974348,Все категории,МО_0047,M,3,rub,0
1/1/23 0:00,7095.22766522711,Все категории,МО_0048,M,3,rub,0
2/1/23 0:00,6059.372055208756,Все категории,МО_0048,M,3,rub,0
3/1/23 0:00,5229.445123225642,Все категории,МО_0048,M,3,rub,0
4/1/23 0:00,5405.152114642305,Все категории,МО_0048,M,3,rub,0
5/1/23 0:00,4763.852840128616,Все категории,МО_0048,M,3,rub,0
6/1/23 0:00,4656.375397340566,Все категории,МО_0048,M,3,rub,0
7/1/23 0:00,5393.874172207248,Все категории,МО_0048,M,3,rub,0
8/1/23 0:00,5844.194917875591,Все категории,МО_0048,M,3,rub,0
9/1/23 0:00,6611.252529067675,Все категории,МО_0048,M,3,rub,0
10/1/23 0:00,7568.701646906785,Все категории,МО_0048,M,3,rub,0
11/1/23 0:00,7380.424291902098,Все категории,МО_0048,M,3,rub,0
12/1/23 0:00,7745.141791428766,Все категории,МО_0048,M,3,rub,0
1/1/24 0:00,7616.987492610418,Все категории,МО_0048,M,3,rub,0
2/1/24 0:00,6380.981308413064,Все категории,МО_0048,M,3,rub,0
3/1/24 0:00,5433.332001890117,Все категории,МО_0048,M,3,rub,0
4/1/24 0:00,4887.4691140423865,Все категории,МО_0048,M,3,rub,0
5/1/24 0:00,4681.269918769705,Все категории,МО_0048,M,3,rub,0
6/1/24 0:00,4803.622121038921,Все категории,МО_0048,M,3,rub,0
7/1/24 0:00,5183.675826786309,Все категории,МО_0048,M,3,rub,0
8/1/24 0:00,6162.404920584392,Все категории,МО_0048,M,3,rub,0
9/1/24 0:00,6306.368650325225,Все категории,МО_0048,M,3,rub,0
10/1/24 0:00,7752.463213921361,Все категории,МО_0048,M,3,rub,0
11/1/24 0:00,7747.1029363218995,Все категории,МО_0048,M,3,rub,0
12/1/24 0:00,7846.272705529005,Все категории,МО_0048,M,3,rub,0
1/1/23 0:00,4452.69011714182,Все категории,МО_0049,M,3,rub,0
2/1/23 0:00,4869.757535397369,Все категории,МО_0049,M,3,rub,0
3/1/23 0:00,4780.642394350983,Все категории,МО_0049,M,3,rub,0
4/1/23 0:00,4746.351628764405,Все категории,МО_0049,M,3,rub,0
5/1/23 0:00,4301.407669260465,Все категории,МО_0049,M,3,rub,0
6/1/23 0:00,5010.245410016573,Все категории,МО_0049,M,3,rub,0
7/1/23 0:00,5077.781058573654,Все категории,МО_0049,M,3,rub,0
8/1/23 0:00,4700.238652522008,Все категории,МО_0049,M,3,rub,0
9/1/23 0:00,5108.886075219051,Все категории,МО_0049,M,3,rub,0
10/1/23 0:00,5120.844915556706,Все категории,МО_0049,M,3,rub,0
11/1/23 0:00,4990.884421647535,Все категории,МО_0049,M,3,rub,0
12/1/23 0:00,4680.119603957318,Все категории,МО_0049,M,3,rub,0
1/1/24 0:00,4501.539280355624,Все категории,МО_0049,M,3,rub,0
2/1/24 0:00,4619.530907347885,Все категории,МО_0049,M,3,rub,0
3/1/24 0:00,4497.829185157913,Все категории,МО_0049,M,3,rub,0
4/1/24 0:00,3691.540943668021,Все категории,МО_0049,M,3,rub,0
5/1/24 0:00,4300.830506597601,Все категории,МО_0049,M,3,rub,0
6/1/24 0:00,4489.7467318454,Все категории,МО_0049,M,3,rub,0
7/1/24 0:00,4293.175563299483,Все категории,МО_0049,M,3,rub,0
8/1/24 0:00,4819.094271015865,Все категории,МО_0049,M,3,rub,0
9/1/24 0:00,5127.581723275716,Все категории,МО_0049,M,3,rub,0
10/1/24 0:00,4485.115871760631,Все категории,МО_0049,M,3,rub,0
11/1/24 0:00,4648.894345239499,Все категории,МО_0049,M,3,rub,0
12/1/24 0:00,4173.142811611024,Все категории,МО_0049,M,3,rub,0
1/1/23 0:00,4555.16716177068,Все категории,МО_0050,M,3,rub,0
2/1/23 0:00,4906.114463182308,Все категории,МО_0050,M,3,rub,0
3/1/23 0:00,4371.758323694768,Все категории,МО_0050,M,3,rub,0
4/1/23 0:00,4629.770704156731,Все категории,МО_0050,M,3,rub,0
5/1/23 0:00,4225.422124988516,Все категории,МО_0050,M,3,rub,0
6/1/23 0:00,5275.875950002789,Все категории,МО_0050,M,3,rub,0
7/1/23 0:00,5128.248790890887,Все категории,МО_0050,M,3,rub,0
8/1/23 0:00,5046.787260438932,Все категории,МО_0050,M,3,rub,0
9/1/23 0:00,5264.433728956157,Все категории,МО_0050,M,3,rub,0
10/1/23 0:00,4686.1050239105825,Все категории,МО_0050,M,3,rub,0
11/1/23 0:00,5149.686846191442,Все категории,МО_0050,M,3,rub,0
12/1/23 0:00,4564.28264304114,Все категории,МО_0050,M,3,rub,0
1/1/24 0:00,4391.427539169065,Все категории,МО_0050,M,3,rub,0
2/1/24 0:00,4187.1897898511825,Все категории,МО_0050,M,3,rub,0
3/1/24 0:00,4109.332520102965,Все категории,МО_0050,M,3,rub,0
4/1/24 0:00,4411.127161874687,Все категории,МО_0050,M,3,rub,0
5/1/24 0:00,4425.9078239225855,Все категории,МО_0050,M,3,rub,0
6/1/24 0:00,4676.809990003156,Все категории,МО_0050,M,3,rub,0
7/1/24 0:00,4684.184703508031,Все категории,МО_0050,M,3,rub,0
8/1/24 0:00,4921.123398505276,Все категории,МО_0050,M,3,rub,0
9/1/24 0:00,4717.3812383867125,Все категории,МО_0050,M,3,rub,0
10/1/24 0:00,5294.027591448373,Все категории,МО_0050,M,3,rub,0
11/1/24 0:00,4226.663234665264,Все категории,МО_0050,M,3,rub,0
12/1/24 0:00,4652.978088945836,Все категории,МО_0050,M,3,rub,0
1/1/23 0:00,10171.634043172495,Все категории,МО_0051,M,3,rub,0
2/1/23 0:00,10006.166419500294,Все категории,МО_0051,M,3,rub,0
3/1/23 0:00,10871.356250641587,Все категории,МО_0051,M,3,rub,0
4/1/23 0:00,10709.749841066869,Все категории,МО_0051,M,3,rub,0
5/1/23 0:00,10665.015138127492,Все категории,МО_0051,M,3,rub,0
6/1/23 0:00,10306.813328559736,Все категории,МО_0051,M,3,rub,0
7/1/23 0:00,10033.20605896717,Все категории,МО_0051,M,3,rub,0
8/1/23 0:00,9816.420497670388,Все категории,МО_0051,M,3,rub,0
9/1/23 0:00,9784.055420354587,Все категории,МО_0051,M,3,rub,0
10/1/23 0:00,9946.974618752538,Все категории,МО_0051,M,3,rub,0
11/1/23 0:00,9801.8361971915,Все категории,МО_0051,M,3,rub,0
12/1/23 0:00,9796.408594442108,Все категории,МО_0051,M,3,rub,0
1/1/24 0:00,10430.490151144353,Все категории,МО_0051,M,3,rub,0
2/1/24 0:00,10747.44160423493,Все категории,МО_0051,M,3,rub,0
3/1/24 0:00,10920.471879330567,Все категории,МО_0051,M,3,rub,0
4/1/24 0:00,11046.953616596991,Все категории,МО_0051,M,3,rub,0
5/1/24 0:00,10784.68884389553,Все категории,МО_0051,M,3,rub,0
6/1/24 0:00,10482.056993884042,Все категории,МО_0051,M,3,rub,0
7/1/24 0:00,10266.445433611592,Все категории,МО_0051,M,3,rub,0
8/1/24 0:00,9890.111860627894,Все категории,МО_0051,M,3,rub,0
9/1/24 0:00,10111.591338401906,Все категории,МО_0051,M,3,rub,0
10/1/24 0:00,10009.911432174087,Все категории,МО_0051,M,3,rub,0
11/1/24 0:00,10035.649430918165,Все категории,МО_0051,M,3,rub,0
12/1/24 0:00,9748.684419096313,Все категории,МО_0051,M,3,rub,0
1/1/23 0:00,8567.955209854448,Все категории,МО_0052,M,3,rub,0
2/1/23 0:00,9362.429145029337,Все категории,МО_0052,M,3,rub,0
3/1/23 0:00,8795.928969818897,Все категории,МО_0052,M,3,rub,0
4/1/23 0:00,8804.81073721253,Все категории,МО_0052,M,3,rub,0
5/1/23 0:00,8030.953843385059,Все категории,МО_0052,M,3,rub,0
6/1/23 0:00,8438.519011466635,Все категории,МО_0052,M,3,rub,0
7/1/23 0:00,7898.872143375362,Все категории,МО_0052,M,3,rub,0
8/1/23 0:00,8053.534735329168,Все категории,МО_0052,M,3,rub,0
9/1/23 0:00,8846.616401610838,Все категории,МО_0052,M,3,rub,0
10/1/23 0:00,9111.179250266712,Все категории,МО_0052,M,3,rub,0
11/1/23 0:00,9191.403128289241,Все категории,МО_0052,M,3,rub,0
12/1/23 0:00,9670.182482932958,Все категории,МО_0052,M,3,rub,0
1/1/24 0:00,10172.441796939156,Все категории,МО_0052,M,3,rub,0
2/1/24 0:00,10616.150872934195,Все категории,МО_0052,M,3,rub,0
3/1/24 0:00,10330.193898199148,Все категории,МО_0052,M,3,rub,0
4/1/24 0:00,9940.558161053244,Все категории,МО_0052,M,3,rub,0
5/1/24 0:00,10105.090495214294,Все категории,МО_0052,M,3,rub,0
6/1/24 0:00,9301.906316399116,Все категории,МО_0052,M,3,rub,0
7/1/24 0:00,9816.145059992445,Все категории,МО_0052,M,3,rub,0
8/1/24 0:00,9245.45572308223,Все категории,МО_0052,M,3,rub,0
9/1/24 0:00,10052.49855941095,Все категории,МО_0052,M,3,rub,0
10/1/24 0:00,10162.74444538956,Все категории,МО_0052,M,3,rub,0
11/1/24 0:00,11027.083581378172,Все категории,МО_0052,M,3,rub,0
12/1/24 0:00,11124.00576171671,Все категории,МО_0052,M,3,rub,0
1/1/23 0:00,8669.714433495921,Все категории,МО_0053,M,3,rub,0
2/1/23 0:00,9178.563766752,Все категории,МО_0053,M,3,rub,0
3/1/23 0:00,9243.165140342844,Все категории,МО_0053,M,3,rub,0
4/1/23 0:00,8720.60129616312,Все категории,МО_0053,M,3,rub,0
5/1/23 0:00,8056.120142555357,Все категории,МО_0053,M,3,rub,0
6/1/23 0:00,7758.8793117454325,Все категории,МО_0053,M,3,rub,0
7/1/23 0:00,7600.596418681927,Все категории,МО_0053,M,3,rub,0
8/1/23 0:00,7571.424428588351,Все категории,МО_0053,M,3,rub,0
9/1/23 0:00,8277.543332827103,Все категории,МО_0053,M,3,rub,0
10/1/23 0:00,9004.822464514731,Все категории,МО_0053,M,3,rub,0
11/1/23 0:00,9272.593367714593,Все категории,МО_0053,M,3,rub,0
12/1/23 0:00,9198.416439981733,Все категории,МО_0053,M,3,rub,0
1/1/24 0:00,10213.657709868408,Все категории,МО_0053,M,3,rub,0
2/1/24 0:00,10404.054556982397,Все категории,МО_0053,M,3,rub,0
3/1/24 0:00,11035.393958494118,Все категории,МО_0053,M,3,rub,0
4/1/24 0:00,9628.874639129876,Все категории,МО_0053,M,3,rub,0
5/1/24 0:00,9557.283564420137,Все категории,МО_0053,M,3,rub,0
6/1/24 0:00,9823.92990774381,Все категории,МО_0053,M,3,rub,0
7/1/24 0:00,9286.299692506476,Все категории,МО_0053,M,3,rub,0
8/1/24 0:00,9377.463146017777,Все категории,МО_0053,M,3,rub,0
9/1/24 0:00,9561.065719321643,Все категории,МО_0053,M,3,rub,0
10/1/24 0:00,10154.401448404251,Все категории,МО_0053,M,3,rub,0
11/1/24 0:00,10965.93729855652,Все категории,МО_0053,M,3,rub,0
12/1/24 0:00,11095.717203086062,Все категории,МО_0053,M,3,rub,0
1/1/23 0:00,9132.051671872217,Все категории,МО_0054,M,3,rub,0
2/1/23 0:00,8687.53700814239,Все категории,МО_0054,M,3,rub,0
3/1/23 0:00,9061.900049588618,Все категории,МО_0054,M,3,rub,0
4/1/23 0:00,8756.906693121153,Все категории,МО_0054,M,3,rub,0
5/1/23 0:00,8219.711212381486,Все категории,МО_0054,M,3,rub,0
6/1/23 0:00,8076.552396734171,Все категории,МО_0054,M,3,rub,0
7/1/23 0:00,7786.29087990496,Все категории,МО_0054,M,3,rub,0
8/1/23 0:00,7731.159419294089,Все категории,МО_0054,M,3,rub,0
9/1/23 0:00,8163.338558779506,Все категории,МО_0054,M,3,rub,0
10/1/23 0:00,8422.353367324162,Все категории,МО_0054,M,3,rub,0
11/1/23 0:00,9366.593695970969,Все категории,МО_0054,M,3,rub,0
12/1/23 0:00,9509.974746123193,Все категории,МО_0054,M,3,rub,0
1/1/24 0:00,10494.044862363527,Все категории,МО_0054,M,3,rub,0
2/1/24 0:00,10090.911722281826,Все категории,МО_0054,M,3,rub,0
3/1/24 0:00,10188.289066137168,Все категории,МО_0054,M,3,rub,0
4/1/24 0:00,9872.394167766186,Все категории,МО_0054,M,3,rub,0
5/1/24 0:00,10062.123950316703,Все категории,МО_0054,M,3,rub,0
6/1/24 0:00,9426.777922475601,Все категории,МО_0054,M,3,rub,0
7/1/24 0:00,9103.77168329041,Все категории,МО_0054,M,3,rub,0
8/1/24 0:00,9359.309009091286,Все категории,МО_0054,M,3,rub,0
9/1/24 0:00,8944.563291389371,Все категории,МО_0054,M,3,rub,0
10/1/24 0:00,10041.383844479586,Все категории,МО_0054,M,3,rub,0
11/1/24 0:00,11374.693263040263,Все категории,МО_0054,M,3,rub,0
12/1/24 0:00,11413.697635141554,Все категории,МО_0054,M,3,rub,0
1/1/23 0:00,9910.581100384727,Все категории,МО_0055,M,3,rub,0
2/1/23 0:00,10290.357468098216,Все категории,МО_0055,M,3,rub,0
3/1/23 0:00,10585.213729042802,Все категории,МО_0055,M,3,rub,0
4/1/23 0:00,10087.483391590518,Все категории,МО_0055,M,3,rub,0
5/1/23 0:00,10113.786181311048,Все категории,МО_0055,M,3,rub,0
6/1/23 0:00,10344.454167117701,Все категории,МО_0055,M,3,rub,0
7/1/23 0:00,9933.840789999107,Все категории,МО_0055,M,3,rub,0
8/1/23 0:00,10119.712215609741,Все категории,МО_0055,M,3,rub,0
9/1/23 0:00,9646.932247837687,Все категории,МО_0055,M,3,rub,0
10/1/23 0:00,9305.02062185117,Все категории,МО_0055,M,3,rub,0
11/1/23 0:00,9521.79301034225,Все категории,МО_0055,M,3,rub,0
12/1/23 0:00,9442.787292629082,Все категории,МО_0055,M,3,rub,0
1/1/24 0:00,10211.986835647458,Все категории,МО_0055,M,3,rub,0
2/1/24 0:00,10511.575079177524,Все категории,МО_0055,M,3,rub,0
3/1/24 0:00,10687.306587375437,Все категории,МО_0055,M,3,rub,0
4/1/24 0:00,11120.856417270546,Все категории,МО_0055,M,3,rub,0
5/1/24 0:00,11106.343015417546,Все категории,МО_0055,M,3,rub,0
6/1/24 0:00,10642.303475606377,Все категории,МО_0055,M,3,rub,0
7/1/24 0:00,10009.662211654857,Все категории,МО_0055,M,3,rub,0
8/1/24 0:00,10345.900482784516,Все категории,МО_0055,M,3,rub,0
9/1/24 0:00,10176.18977196895,Все категории,МО_0055,M,3,rub,0
10/1/24 0:00,10088.867138780948,Все категории,МО_0055,M,3,rub,0
11/1/24 0:00,10325.050664565875,Все категории,МО_0055,M,3,rub,0
12/1/24 0:00,10104.1694863262,Все категории,МО_0055,M,3,rub,0
1/1/23 0:00,7555.025511514387,Все категории,МО_0056,M,3,rub,0
2/1/23 0:00,5955.39587895532,Все категории,МО_0056,M,3,rub,0
3/1/23 0:00,5615.7209400846805,Все категории,МО_0056,M,3,rub,0
4/1/23 0:00,4606.484152689508,Все категории,МО_0056,M,3,rub,0
5/1/23 0:00,4530.228749182096,Все категории,МО_0056,M,3,rub,0
6/1/23 0:00,5094.6119194900475,Все категории,МО_0056,M,3,rub,0
7/1/23 0:00,5145.8506560475535,Все категории,МО_0056,M,3,rub,0
8/1/23 0:00,6070.321427346051,Все категории,МО_0056,M,3,rub,0
9/1/23 0:00,6742.067302537054,Все категории,МО_0056,M,3,rub,0
10/1/23 0:00,7369.370573334123,Все категории,МО_0056,M,3,rub,0
11/1/23 0:00,8207.599002912477,Все категории,МО_0056,M,3,rub,0
12/1/23 0:00,7564.71248097835,Все категории,МО_0056,M,3,rub,0
1/1/24 0:00,6570.784506442502,Все категории,МО_0056,M,3,rub,0
2/1/24 0:00,6065.064550522154,Все категории,МО_0056,M,3,rub,0
3/1/24 0:00,5638.672849191485,Все категории,МО_0056,M,3,rub,0
4/1/24 0:00,5067.153303856122,Все категории,МО_0056,M,3,rub,0
5/1/24 0:00,4469.6079248170445,Все категории,МО_0056,M,3,rub,0
6/1/24 0:00,4714.0860016871,Все категории,МО_0056,M,3,rub,0
7/1/24 0:00,5141.566661710665,Все категории,МО_0056,M,3,rub,0
8/1/24 0:00,5854.413780401587,Все категории,МО_0056,M,3,rub,0
9/1/24 0:00,6397.145276103575,Все категории,МО_0056,M,3,rub,0
10/1/24 0:00,7303.807449283439,Все категории,МО_0056,M,3,rub,0
11/1/24 0:00,7639.7279996630605,Все категории,МО_0056,M,3,rub,0
12/1/24 0:00,7971.096194359441,Все категории,МО_0056,M,3,rub,0
1/1/23 0:00,10058.591523222658,Все категории,МО_0057,M,3,rub,0
2/1/23 0:00,10148.526391620006,Все категории,МО_0057,M,3,rub,0
3/1/23 0:00,10316.093951031024,Все категории,МО_0057,M,3,rub,0
4/1/23 0:00,10528.050878532551,Все категории,МО_0057,M,3,rub,0
5/1/23 0:00,10290.431563541291,Все категории,МО_0057,M,3,rub,0
6/1/23 0:00,10067.456363835077,Все категории,МО_0057,M,3,rub,0
7/1/23 0:00,9889.17077018021,Все категории,МО_0057,M,3,rub,0
8/1/23 0:00,9733.255828396377,Все категории,МО_0057,M,3,rub,0
9/1/23 0:00,9484.643099878424,Все категории,МО_0057,M,3,rub,0
10/1/23 0:00,9703.492887619524,Все категории,МО_0057,M,3,rub,0
11/1/23 0:00,9909.934752402358,Все категории,МО_0057,M,3,rub,0
12/1/23 0:00,9664.919223569143,Все категории,МО_0057,M,3,rub,0
1/1/24 0:00,10265.074367846633,Все категории,МО_0057,M,3,rub,0
2/1/24 0:00,10504.944017066759,Все категории,МО_0057,M,3,rub,0
3/1/24 0:00,10852.290513243066,Все категории,МО_0057,M,3,rub,0
4/1/24 0:00,10880.64960139236,Все категории,МО_0057,M,3,rub,0
5/1/24 0:00,10532.58732255383,Все категории,МО_0057,M,3,rub,0
6/1/24 0:00,10412.39512111923,Все категории,МО_0057,M,3,rub,0
7/1/24 0:00,10452.41646689072,Все категории,МО_0057,M,3,rub,0
8/1/24 0:00,10431.398448016094,Все категории,МО_0057,M,3,rub,0
9/1/24 0:00,9627.847719816686,Все категории,МО_0057,M,3,rub,0
10/1/24 0:00,10096.201385053093,Все категории,МО_0057,M,3,rub,0
11/1/24 0:00,10368.121838448042,Все категории,МО_0057,M,3,rub,0
12/1/24 0:00,10310.720750534712,Все категории,МО_0057,M,3,rub,0
1/1/23 0:00,7126.86079939802,Все категории,МО_0058,M,3,rub,0
2/1/23 0:00,6016.778756951158,Все категории,МО_0058,M,3,rub,0
3/1/23 0:00,5423.961270803108,Все категории,МО_0058,M,3,rub,0
4/1/23 0:00,4618.741550856429,Все категории,МО_0058,M,3,rub,0
5/1/23 0:00,4281.097020201392,Все категории,МО_0058,M,3,rub,0
6/1/23 0:00,4979.051350686482,Все категории,МО_0058,M,3,rub,0
7/1/23 0:00,4998.944988564548,Все категории,МО_0058,M,3,rub,0
8/1/23 0:00,5763.7801707711105,Все категории,МО_0058,M,3,rub,0
9/1/23 0:00,6318.17685138221,Все категории,МО_0058,M,3,rub,0
10/1/23 0:00,6994.553933726531,Все категории,МО_0058,M,3,rub,0
11/1/23 0:00,7717.981852668518,Все категории,МО_0058,M,3,rub,0
12/1/23 0:00,7417.021824585933,Все категории,МО_0058,M,3,rub,0
1/1/24 0:00,7163.377566890851,Все категории,МО_0058,M,3,rub,0
2/1/24 0:00,6377.500987636901,Все категории,МО_0058,M,3,rub,0
3/1/24 0:00,5586.958508974525,Все категории,МО_0058,M,3,rub,0
4/1/24 0:00,5035.4497593661645,Все категории,МО_0058,M,3,rub,0
5/1/24 0:00,5068.747524092206,Все категории,МО_0058,M,3,rub,0
6/1/24 0:00,4649.803674869838,Все категории,МО_0058,M,3,rub,0
7/1/24 0:00,5251.056478421596,Все категории,МО_0058,M,3,rub,0
8/1/24 0:00,6215.97285263545,Все категории,МО_0058,M,3,rub,0
9/1/24 0:00,7109.770580703388,Все категории,МО_0058,M,3,rub,0
10/1/24 0:00,7075.6554258230435,Все категории,МО_0058,M,3,rub,0
11/1/24 0:00,7767.995891983125,Все категории,МО_0058,M,3,rub,0
12/1/24 0:00,8160.3375689054155,Все категории,МО_0058,M,3,rub,0
1/1/23 0:00,7114.862608613176,Все категории,МО_0059,M,3,rub,0
2/1/23 0:00,6236.912762771415,Все категории,МО_0059,M,3,rub,0
3/1/23 0:00,5402.6721323820475,Все категории,МО_0059,M,3,rub,0
4/1/23 0:00,4853.047121304546,Все категории,МО_0059,M,3,rub,0
5/1/23 0:00,4756.498483049016,Все категории,МО_0059,M,3,rub,0
6/1/23 0:00,4746.6247381048315,Все категории,МО_0059,M,3,rub,0
7/1/23 0:00,5190.985378556859,Все категории,МО_0059,M,3,rub,0
8/1/23 0:00,5888.248594937999,Все категории,МО_0059,M,3,rub,0
9/1/23 0:00,6499.7617517373765,Все категории,МО_0059,M,3,rub,0
10/1/23 0:00,7559.58126069036,Все категории,МО_0059,M,3,rub,0
11/1/23 0:00,8732.71401920818,Все категории,МО_0059,M,3,rub,0
12/1/23 0:00,7112.695084315268,Все категории,МО_0059,M,3,rub,0
1/1/24 0:00,7147.9332430973345,Все категории,МО_0059,M,3,rub,0
2/1/24 0:00,6075.517589971348,Все категории,МО_0059,M,3,rub,0
3/1/24 0:00,5644.587725391464,Все категории,МО_0059,M,3,rub,0
4/1/24 0:00,4996.916969049605,Все категории,МО_0059,M,3,rub,0
5/1/24 0:00,4905.991499599134,Все категории,МО_0059,M,3,rub,0
6/1/24 0:00,5086.291665399287,Все категории,МО_0059,M,3,rub,0
7/1/24 0:00,5303.269566548148,Все категории,МО_0059,M,3,rub,0
8/1/24 0:00,6215.814339366207,Все категории,МО_0059,M,3,rub,0
9/1/24 0:00,6154.087332890986,Все категории,МО_0059,M,3,rub,0
10/1/24 0:00,7981.678413252439,Все категории,МО_0059,M,3,rub,0
11/1/24 0:00,7984.553844404694,Все категории,МО_0059,M,3,rub,0
12/1/24 0:00,8069.362051141078,Все категории,МО_0059,M,3,rub,0
1/1/23 0:00,4432.058028813497,Все категории,МО_0060,M,3,rub,0
2/1/23 0:00,4371.359683225506,Все категории,МО_0060,M,3,rub,0
3/1/23 0:00,4524.875650834962,Все категории,МО_0060,M,3,rub,0
4/1/23 0:00,4520.148394804377,Все категории,МО_0060,M,3,rub,0
5/1/23 0:00,4705.977467521724,Все категории,МО_0060,M,3,rub,0
6/1/23 0:00,5074.635006426532,Все категории,МО_0060,M,3,rub,0
7/1/23 0:00,4555.660822710626,Все категории,МО_0060,M,3,rub,0
8/1/23 0:00,5347.171879591872,Все категории,МО_0060,M,3,rub,0
9/1/23 0:00,5117.215052185528,Все категории,МО_0060,M,3,rub,0
10/1/23 0:00,4977.379912005221,Все категории,МО_0060,M,3,rub,0
11/1/23 0:00,4509.80361154819,Все категории,МО_0060,M,3,rub,0
12/1/23 0:00,4756.980085457652,Все категории,МО_0060,M,3,rub,0
1/1/24 0:00,3932.0166516963136,Все категории,МО_0060,M,3,rub,0
2/1/24 0:00,4432.803799402349,Все категории,МО_0060,M,3,rub,0
3/1/24 0:00,3926.2622418476017,Все категории,МО_0060,M,3,rub,0
4/1/24 0:00,4271.946653536616,Все категории,МО_0060,M,3,rub,0
5/1/24 0:00,4343.678765967975,Все категории,МО_0060,M,3,rub,0
6/1/24 0:00,4799.471231510182,Все категории,МО_0060,M,3,rub,0
7/1/24 0:00,4644.5702717906415,Все категории,МО_0060,M,3,rub,0
8/1/24 0:00,4632.839295247976,Все категории,МО_0060,M,3,rub,0
9/1/24 0:00,4696.728138949568,Все категории,МО_0060,M,3,rub,0
10/1/24 0:00,5046.71159557989,Все категории,МО_0060,M,3,rub,0
11/1/24 0:00,4695.592100182107,Все категории,МО_0060,M,3,rub,0
12/1/24 0:00,4285.250879228417,Все категории,МО_0060,M,3,rub,0
1/1/23 0:00,6906.09876532845,Все категории,МО_0061,M,3,rub,0
2/1/23 0:00,5812.365933911236,Все категории,МО_0061,M,3,rub,0
3/1/23 0:00,5535.268233255033,Все категории,МО_0061,M,3,rub,0
4/1/23 0:00,4593.150576990257,Все категории,МО_0061,M,3,rub,0
5/1/23 0:00,4845.521522111225,Все категории,МО_0061,M,3,rub,0
6/1/23 0:00,4819.516504258619,Все категории,МО_0061,M,3,rub,0
7/1/23 0:00,5720.77769591876,Все категории,МО_0061,M,3,rub,0
8/1/23 0:00,5617.064692479985,Все категории,МО_0061,M,3,rub,0
9/1/23 0:00,6651.097643028794,Все категории,МО_0061,M,3,rub,0
10/1/23 0:00,7952.307458789465,Все категории,МО_0061,M,3,rub,0
11/1/23 0:00,8151.17432172601,Все категории,МО_0061,M,3,rub,0
12/1/23 0:00,7426.927232643368,Все категории,МО_0061,M,3,rub,0
1/1/24 0:00,7119.385775230278,Все категории,МО_0061,M,3,rub,0
2/1/24 0:00,6263.597893581683,Все категории,МО_0061,M,3,rub,0
3/1/24 0:00,5578.273349534053,Все категории,МО_0061,M,3,rub,0
4/1/24 0:00,4850.159542124401,Все категории,МО_0061,M,3,rub,0
5/1/24 0:00,4741.76868361627,Все категории,МО_0061,M,3,rub,0
6/1/24 0:00,4552.181888701527,Все категории,МО_0061,M,3,rub,0
7/1/24 0:00,5291.128885803861,Все категории,МО_0061,M,3,rub,0
8/1/24 0:00,6048.5312854481235,Все категории,МО_0061,M,3,rub,0
9/1/24 0:00,6697.883676260973,Все категории,МО_0061,M,3,rub,0
10/1/24 0:00,7021.161002124805,Все категории,МО_0061,M,3,rub,0
11/1/24 0:00,8182.90886468133,Все категории,МО_0061,M,3,rub,0
12/1/24 0:00,7842.374783418217,Все категории,МО_0061,M,3,rub,0
1/1/23 0:00,8703.003332172026,Все категории,МО_0062,M,3,rub,0
2/1/23 0:00,8976.962270994009,Все категории,МО_0062,M,3,rub,0
3/1/23 0:00,8578.05926733596,Все категории,МО_0062,M,3,rub,0
4/1/23 0:00,8446.213146962733,Все категории,МО_0062,M,3,rub,0
5/1/23 0:00,8239.086930632415,Все категории,МО_0062,M,3,rub,0
6/1/23 0:00,8385.451840063359,Все категории,МО_0062,M,3,rub,0
7/1/23 0:00,7782.32946675455,Все категории,МО_0062,M,3,rub,0
8/1/23 0:00,8138.584662388743,Все категории,МО_0062,M,3,rub,0
9/1/23 0:00,8118.230230990303,Все категории,МО_0062,M,3,rub,0
10/1/23 0:00,8770.969717530188,Все категории,МО_0062,M,3,rub,0
11/1/23 0:00,9237.060507886501,Все категории,МО_0062,M,3,rub,0
12/1/23 0:00,10105.051869279918,Все категории,МО_0062,M,3,rub,0
1/1/24 0:00,10108.779356258325,Все категории,МО_0062,M,3,rub,0
2/1/24 0:00,9973.222125105443,Все категории,МО_0062,M,3,rub,0
3/1/24 0:00,9942.010923940965,Все категории,МО_0062,M,3,rub,0
4/1/24 0:00,9899.895204171022,Все категории,МО_0062,M,3,rub,0
5/1/24 0:00,9314.311326607563,Все категории,МО_0062,M,3,rub,0
6/1/24 0:00,9449.407268565059,Все категории,МО_0062,M,3,rub,0
7/1/24 0:00,9034.65526197799,Все категории,МО_0062,M,3,rub,0
8/1/24 0:00,9901.121932334909,Все категории,МО_0062,M,3,rub,0
9/1/24 0:00,9044.259316778003,Все категории,МО_0062,M,3,rub,0
10/1/24 0:00,10115.996076244815,Все категории,МО_0062,M,3,rub,0
11/1/24 0:00,10356.630913554522,Все категории,МО_0062,M,3,rub,0
12/1/24 0:00,11201.433326120086,Все категории,МО_0062,M,3,rub,0
1/1/23 0:00,4744.228389801928,Все категории,МО_0063,M,3,rub,0
2/1/23 0:00,4056.5953025961826,Все категории,МО_0063,M,3,rub,0
3/1/23 0:00,4545.485249186522,Все категории,МО_0063,M,3,rub,0
4/1/23 0:00,4975.580720786793,Все категории,МО_0063,M,3,rub,0
5/1/23 0:00,4535.830318296691,Все категории,МО_0063,M,3,rub,0
6/1/23 0:00,4869.63622519498,Все категории,МО_0063,M,3,rub,0
7/1/23 0:00,5237.6749966946445,Все категории,МО_0063,M,3,rub,0
8/1/23 0:00,5051.4694033029955,Все категории,МО_0063,M,3,rub,0
9/1/23 0:00,4968.6503855113215,Все категории,МО_0063,M,3,rub,0
10/1/23 0:00,4487.54554635566,Все категории,МО_0063,M,3,rub,0
11/1/23 0:00,5012.1196283968575,Все категории,МО_0063,M,3,rub,0
12/1/23 0:00,4612.648376380561,Все категории,МО_0063,M,3,rub,0
1/1/24 0:00,4217.420297332248,Все категории,МО_0063,M,3,rub,0
2/1/24 0:00,4318.64817414437,Все категории,МО_0063,M,3,rub,0
3/1/24 0:00,4108.7102182560875,Все категории,МО_0063,M,3,rub,0
4/1/24 0:00,4149.448409043178,Все категории,МО_0063,M,3,rub,0
5/1/24 0:00,4504.129446051387,Все категории,МО_0063,M,3,rub,0
6/1/24 0:00,4233.841444327008,Все категории,МО_0063,M,3,rub,0
7/1/24 0:00,4938.182638622085,Все категории,МО_0063,M,3,rub,0
8/1/24 0:00,4472.701277580513,Все категории,МО_0063,M,3,rub,0
9/1/24 0:00,4660.213162091033,Все категории,МО_0063,M,3,rub,0
10/1/24 0:00,5213.440660335509,Все категории,МО_0063,M,3,rub,0
11/1/24 0:00,4836.431267130202,Все категории,МО_0063,M,3,rub,0
12/1/24 0:00,4390.050793447183,Все категории,МО_0063,M,3,rub,0
1/1/23 0:00,8647.175390360582,Все категории,МО_0064,M,3,rub,0
2/1/23 0:00,8910.241915439663,Все категории,МО_0064,M,3,rub,0
3/1/23 0:00,8992.81600406741,Все категории,МО_0064,M,3,rub,0
4/1/23 0:00,8719.886252831198,Все категории,МО_0064,M,3,rub,0
5/1/23 0:00,8350.302292434513,Все категории,МО_0064,M,3,rub,0
6/1/23 0:00,8074.578589938464,Все категории,МО_0064,M,3,rub,0
7/1/23 0:00,7882.21975603868,Все категории,МО_0064,M,3,rub,0
8/1/23 0:00,7645.7544402196945,Все категории,МО_0064,M,3,rub,0
9/1/23 0:00,8123.54262089535,Все категории,МО_0064,M,3,rub,0
10/1/23 0:00,8948.157697021637,Все категории,МО_0064,M,3,rub,0
11/1/23 0:00,8903.24257208007,Все категории,МО_0064,M,3,rub,0
12/1/23 0:00,9787.999754753726,Все категории,МО_0064,M,3,rub,0
1/1/24 0:00,10022.734992464055,Все категории,МО_0064,M,3,rub,0
2/1/24 0:00,10489.975367329094,Все категории,МО_0064,M,3,rub,0
3/1/24 0:00,10242.736107800589,Все категории,МО_0064,M,3,rub,0
4/1/24 0:00,10514.994713691365,Все категории,МО_0064,M,3,rub,0
5/1/24 0:00,9818.03856294965,Все категории,МО_0064,M,3,rub,0
6/1/24 0:00,8973.64152850571,Все категории,МО_0064,M,3,rub,0
7/1/24 0:00,9348.142428081814,Все категории,МО_0064,M,3,rub,0
8/1/24 0:00,9008.515755481956,Все категории,МО_0064,M,3,rub,0
9/1/24 0:00,9364.741881855536,Все категории,МО_0064,M,3,rub,0
10/1/24 0:00,10149.490591242517,Все категории,МО_0064,M,3,rub,0
11/1/24 0:00,10556.197737052304,Все категории,МО_0064,M,3,rub,0
12/1/24 0:00,11677.097681630214,Все категории,МО_0064,M,3,rub,0
1/1/23 0:00,8690.350983082253,Все категории,МО_0065,M,3,rub,0
2/1/23 0:00,8886.303552961848,Все категории,МО_0065,M,3,rub,0
3/1/23 0:00,8798.107579493924,Все категории,МО_0065,M,3,rub,0
4/1/23 0:00,8563.520115039359,Все категории,МО_0065,M,3,rub,0
5/1/23 0:00,8653.809386038258,Все категории,МО_0065,M,3,rub,0
6/1/23 0:00,8235.956808945453,Все категории,МО_0065,M,3,rub,0
7/1/23 0:00,8350.647919828885,Все категории,МО_0065,M,3,rub,0
8/1/23 0:00,8545.793784195686,Все категории,МО_0065,M,3,rub,0
9/1/23 0:00,7999.1889372622,Все категории,МО_0065,M,3,rub,0
10/1/23 0:00,8724.380994564877,Все категории,МО_0065,M,3,rub,0
11/1/23 0:00,8954.709220116883,Все категории,МО_0065,M,3,rub,0
12/1/23 0:00,9616.838842626352,Все категории,МО_0065,M,3,rub,0
1/1/24 0:00,10079.928348224692,Все категории,МО_0065,M,3,rub,0
2/1/24 0:00,10128.618330159812,Все категории,МО_0065,M,3,rub,0
3/1/24 0:00,10040.944255489654,Все категории,МО_0065,M,3,rub,0
4/1/24 0:00,10015.681003013775,Все категории,МО_0065,M,3,rub,0
5/1/24 0:00,9323.352890776485,Все категории,МО_0065,M,3,rub,0
6/1/24 0:00,9572.644168389555,Все категории,МО_0065,M,3,rub,0
7/1/24 0:00,8912.976123442237,Все категории,МО_0065,M,3,rub,0
8/1/24 0:00,10031.167036788298,Все категории,МО_0065,M,3,rub,0
9/1/24 0:00,9400.098153912832,Все категории,МО_0065,M,3,rub,0
10/1/24 0:00,10076.13216108181,Все категории,МО_0065,M,3,rub,0
11/1/24 0:00,10304.75395433027,Все категории,МО_0065,M,3,rub,0
12/1/24 0:00,11965.488388414797,Все категории,МО_0065,M,3,rub,0
1/1/23 0:00,4982.0072086868995,Все категории,МО_0066,M,3,rub,0
2/1/23 0:00,4624.916832574534,Все категории,МО_0066,M,3,rub,0
3/1/23 0:00,4199.44785750943,Все категории,МО_0066,M,3,rub,0
4/1/23 0:00,4571.905435717395,Все категории,МО_0066,M,3,rub,0
5/1/23 0:00,4386.837238196371,Все категории,МО_0066,M,3,rub,0
6/1/23 0:00,5171.416355371827,Все категории,МО_0066,M,3,rub,0
7/1/23 0:00,5181.483208034798,Все категории,МО_0066,M,3,rub,0
8/1/23 0:00,5117.411776528932,Все категории,МО_0066,M,3,rub,0
9/1/23 0:00,4528.43985490884,Все категории,МО_0066,M,3,rub,0
10/1/23 0:00,4787.08623480656,Все категории,МО_0066,M,3,rub,0
11/1/23 0:00,5023.854288973925,Все категории,МО_0066,M,3,rub,0
12/1/23 0:00,4928.845500548583,Все категории,МО_0066,M,3,rub,0
1/1/24 0:00,4689.454762266779,Все категории,МО_0066,M,3,rub,0
2/1/24 0:00,3963.0421300823054,Все категории,МО_0066,M,3,rub,0
3/1/24 0:00,4294.653156218007,Все категории,МО_0066,M,3,rub,0
4/1/24 0:00,4482.462135621904,Все категории,МО_0066,M,3,rub,0
5/1/24 0:00,4021.93566151251,Все категории,МО_0066,M,3,rub,0
6/1/24 0:00,4525.072588181853,Все категории,МО_0066,M,3,rub,0
7/1/24 0:00,4750.850868456239,Все категории,МО_0066,M,3,rub,0
8/1/24 0:00,4724.863245018051,Все категории,МО_0066,M,3,rub,0
9/1/24 0:00,4391.1368963780205,Все категории,МО_0066,M,3,rub,0
10/1/24 0:00,4659.032544236632,Все категории,МО_0066,M,3,rub,0
11/1/24 0:00,4497.151056196432,Все категории,МО_0066,M,3,rub,0
12/1/24 0:00,4336.454060606605,Все категории,МО_0066,M,3,rub,0
1/1/23 0:00,8745.545515958218,Все категории,МО_0067,M,3,rub,0
2/1/23 0:00,8933.329740995205,Все категории,МО_0067,M,3,rub,0
3/1/23 0:00,8962.38692070373,Все категории,МО_0067,M,3,rub,0
4/1/23 0:00,8826.460939005756,Все категории,МО_0067,M,3,rub,0
5/1/23 0:00,8296.975625235002,Все категории,МО_0067,M,3,rub,0
6/1/23 0:00,7983.334555781964,Все категории,МО_0067,M,3,rub,0
7/1/23 0:00,7955.085689963654,Все категории,МО_0067,M,3,rub,0
8/1/23 0:00,7536.684794773287,Все категории,МО_0067,M,3,rub,0
9/1/23 0:00,8369.320667910364,Все категории,МО_0067,M,3,rub,0
10/1/23 0:00,8705.822482346704,Все категории,МО_0067,M,3,rub,0
11/1/23 0:00,9287.378975438864,Все категории,МО_0067,M,3,rub,0
12/1/23 0:00,10131.666490031712,Все категории,МО_0067,M,3,rub,0
1/1/24 0:00,9687.76901624885,Все категории,МО_0067,M,3,rub,0
2/1/24 0:00,9853.872697990797,Все категории,МО_0067,M,3,rub,0
3/1/24 0:00,10448.327238630196,Все категории,МО_0067,M,3,rub,0
4/1/24 0:00,10056.980704148747,Все категории,МО_0067,M,3,rub,0
5/1/24 0:00,9719.451405136277,Все категории,МО_0067,M,3,rub,0
6/1/24 0:00,9205.322449661075,Все категории,МО_0067,M,3,rub,0
7/1/24 0:00,9346.214758314369,Все категории,МО_0067,M,3,rub,0
8/1/24 0:00,9481.94103662302,Все категории,МО_0067,M,3,rub,0
9/1/24 0:00,9667.610103544972,Все категории,МО_0067,M,3,rub,0
10/1/24 0:00,9976.018789218359,Все категории,МО_0067,M,3,rub,0
11/1/24 0:00,10056.657888421601,Все категории,МО_0067,M,3,rub,0
12/1/24 0:00,11633.872336436367,Все категории,МО_0067,M,3,rub,0
1/1/23 0:00,10141.939928801432,Все категории,МО_0068,M,3,rub,0
2/1/23 0:00,10310.222607970809,Все категории,МО_0068,M,3,rub,0
3/1/23 0:00,10215.979812483674,Все категории,МО_0068,M,3,rub,0
4/1/23 0:00,10641.065383097779,Все категории,МО_0068,M,3,rub,0
5/1/23 0:00,10641.448218008003,Все категории,МО_0068,M,3,rub,0
6/1/23 0:00,10627.24563088829,Все категории,МО_0068,M,3,rub,0
7/1/23 0:00,9901.859051915657,Все категории,МО_0068,M,3,rub,0
8/1/23 0:00,9813.07450158586,Все категории,МО_0068,M,3,rub,0
9/1/23 0:00,9854.112609492264,Все категории,МО_0068,M,3,rub,0
10/1/23 0:00,9683.204815212344,Все категории,МО_0068,M,3,rub,0
11/1/23 0:00,9550.532372855258,Все категории,МО_0068,M,3,rub,0
12/1/23 0:00,10059.697017953453,Все категории,МО_0068,M,3,rub,0
1/1/24 0:00,10379.346868976705,Все категории,МО_0068,M,3,rub,0
2/1/24 0:00,10569.832774011735,Все категории,МО_0068,M,3,rub,0
3/1/24 0:00,10825.859710844426,Все категории,МО_0068,M,3,rub,0
4/1/24 0:00,10827.298706492313,Все категории,МО_0068,M,3,rub,0
5/1/24 0:00,11168.659198384741,Все категории,МО_0068,M,3,rub,0
6/1/24 0:00,10487.99088469658,Все категории,МО_0068,M,3,rub,0
7/1/24 0:00,10324.278998577605,Все категории,МО_0068,M,3,rub,0
8/1/24 0:00,10221.204462330828,Все категории,МО_0068,M,3,rub,0
9/1/24 0:00,10242.26238642278,Все категории,МО_0068,M,3,rub,0
10/1/24 0:00,9730.811140406136,Все категории,МО_0068,M,3,rub,0
11/1/24 0:00,9862.478595058192,Все категории,МО_0068,M,3,rub,0
12/1/24 0:00,9929.30167552033,Все категории,МО_0068,M,3,rub,0
1/1/23 0:00,8903.366702362899,Все категории,МО_0069,M,3,rub,0
2/1/23 0:00,8754.17200057554,Все категории,МО_0069,M,3,rub,0
3/1/23 0:00,8870.14615891504,Все категории,МО_0069,M,3,rub,0
4/1/23 0:00,8884.621334306403,Все категории,МО_0069,M,3,rub,0
5/1/23 0:00,8213.487229334927,Все категории,МО_0069,M,3,rub,0
6/1/23 0:00,8138.322818627457,Все категории,МО_0069,M,3,rub,0
7/1/23 0:00,7862.154475578864,Все категории,МО_0069,M,3,rub,0
8/1/23 0:00,8146.377176221041,Все категории,МО_0069,M,3,rub,0
9/1/23 0:00,8368.841857737625,Все категории,МО_0069,M,3,rub,0
10/1/23 0:00,8527.113707664008,Все категории,МО_0069,M,3,rub,0
11/1/23 0:00,9229.510565791674,Все категории,МО_0069,M,3,rub,0
12/1/23 0:00,10156.92854418247,Все категории,МО_0069,M,3,rub,0
1/1/24 0:00,10394.220554039124,Все категории,МО_0069,M,3,rub,0
2/1/24 0:00,10025.889521554229,Все категории,МО_0069,M,3,rub,0
3/1/24 0:00,10568.694889926513,Все категории,МО_0069,M,3,rub,0
4/1/24 0:00,9737.088760908511,Все категории,МО_0069,M,3,rub,0
5/1/24 0:00,10088.531270456326,Все категории,МО_0069,M,3,rub,0
6/1/24 0:00,9625.045634026474,Все категории,МО_0069,M,3,rub,0
7/1/24 0:00,9241.806513829597,Все категории,МО_0069,M,3,rub,0
8/1/24 0:00,9263.916116617247,Все категории,МО_0069,M,3,rub,0
9/1/24 0:00,9468.691239634041,Все категории,МО_0069,M,3,rub,0
10/1/24 0:00,10261.14738218327,Все категории,МО_0069,M,3,rub,0
11/1/24 0:00,10594.57659463327,Все категории,МО_0069,M,3,rub,0
12/1/24 0:00,11449.097225873984,Все категории,МО_0069,M,3,rub,0
1/1/23 0:00,4920.718458881872,Все категории,МО_0070,M,3,rub,0
2/1/23 0:00,4430.543522957409,Все категории,МО_0070,M,3,rub,0
3/1/23 0:00,4355.692213816199,Все категории,МО_0070,M,3,rub,0
4/1/23 0:00,4261.743907389122,Все категории,МО_0070,M,3,rub,0
5/1/23 0:00,4399.348384630368,Все категории,МО_0070,M,3,rub,0
6/1/23 0:00,4386.839687133798,Все категории,МО_0070,M,3,rub,0
7/1/23 0:00,5160.96228651597,Все категории,МО_0070,M,3,rub,0
8/1/23 0:00,5575.16868350846,Все категории,МО_0070,M,3,rub,0
9/1/23 0:00,5492.934926243542,Все категории,МО_0070,M,3,rub,0
10/1/23 0:00,4635.705964747117,Все категории,МО_0070,M,3,rub,0
11/1/23 0:00,5033.1805619026045,Все категории,МО_0070,M,3,rub,0
12/1/23 0:00,4980.677446172667,Все категории,МО_0070,M,3,rub,0
1/1/24 0:00,4336.282137830215,Все категории,МО_0070,M,3,rub,0
2/1/24 0:00,4313.2210425435,Все категории,МО_0070,M,3,rub,0
3/1/24 0:00,3826.3009574601324,Все категории,МО_0070,M,3,rub,0
4/1/24 0:00,4317.746086557121,Все категории,МО_0070,M,3,rub,0
5/1/24 0:00,4143.339422111278,Все категории,МО_0070,M,3,rub,0
6/1/24 0:00,4572.273639380323,Все категории,МО_0070,M,3,rub,0
7/1/24 0:00,4334.349174397173,Все категории,МО_0070,M,3,rub,0
8/1/24 0:00,4928.426447695628,Все категории,МО_0070,M,3,rub,0
9/1/24 0:00,5070.411075104014,Все категории,МО_0070,M,3,rub,0
10/1/24 0:00,4553.671043797506,Все категории,МО_0070,M,3,rub,0
11/1/24 0:00,4318.738043859861,Все категории,МО_0070,M,3,rub,0
12/1/24 0:00,3922.2263755681397,Все категории,МО_0070,M,3,rub,0
1/1/23 0:00,9844.534719019759,Все категории,МО_0071,M,3,rub,0
2/1/23 0:00,10060.459527761008,Все категории,МО_0071,M,3,rub,0
3/1/23 0:00,10079.72119425021,Все категории,МО_0071,M,3,rub,0
4/1/23 0:00,10594.183203856714,Все категории,МО_0071,M,3,rub,0
5/1/23 0:00,10366.159262397843,Все категории,МО_0071,M,3,rub,0
6/1/23 0:00,10081.781688595976,Все категории,МО_0071,M,3,rub,0
7/1/23 0:00,9965.740618750315,Все категории,МО_0071,M,3,rub,0
8/1/23 0:00,10071.108819056632,Все категории,МО_0071,M,3,rub,0
9/1/23 0:00,9825.707739382839,Все категории,МО_0071,M,3,rub,0
10/1/23 0:00,9646.973119631573,Все категории,МО_0071,M,3,rub,0
11/1/23 0:00,9888.036096037857,Все категории,МО_0071,M,3,rub,0
12/1/23 0:00,9747.652452243374,Все категории,МО_0071,M,3,rub,0
1/1/24 0:00,10266.561143544404,Все категории,МО_0071,M,3,rub,0
2/1/24 0:00,10582.38861146277,Все категории,МО_0071,M,3,rub,0
3/1/24 0:00,10677.612512652238,Все категории,МО_0071,M,3,rub,0
4/1/24 0:00,10978.665480284755,Все категории,МО_0071,M,3,rub,0
5/1/24 0:00,10675.349750749136,Все категории,МО_0071,M,3,rub,0
6/1/24 0:00,10788.072602361295,Все категории,МО_0071,M,3,rub,0
7/1/24 0:00,10562.203237688862,Все категории,МО_0071,M,3,rub,0
8/1/24 0:00,9639.811200342181,Все категории,МО_0071,M,3,rub,0
9/1/24 0:00,10306.240287117047,Все категории,МО_0071,M,3,rub,0
10/1/24 0:00,9433.734765391562,Все категории,МО_0071,M,3,rub,0
11/1/24 0:00,10000.373780220145,Все категории,МО_0071,M,3,rub,0
12/1/24 0:00,10556.604486189046,Все категории,МО_0071,M,3,rub,0
1/1/23 0:00,8810.37520746721,Все категории,МО_0072,M,3,rub,0
2/1/23 0:00,8663.285008174009,Все категории,МО_0072,M,3,rub,0
3/1/23 0:00,8683.421782190782,Все категории,МО_0072,M,3,rub,0
4/1/23 0:00,8982.584695040916,Все категории,МО_0072,M,3,rub,0
5/1/23 0:00,7904.077241592878,Все категории,МО_0072,M,3,rub,0
6/1/23 0:00,8360.476216695468,Все категории,МО_0072,M,3,rub,0
7/1/23 0:00,7919.972625545722,Все категории,МО_0072,M,3,rub,0
8/1/23 0:00,7703.216899761298,Все категории,МО_0072,M,3,rub,0
9/1/23 0:00,8107.326933376236,Все категории,МО_0072,M,3,rub,0
10/1/23 0:00,8444.304710202216,Все категории,МО_0072,M,3,rub,0
11/1/23 0:00,9520.547229851234,Все категории,МО_0072,M,3,rub,0
12/1/23 0:00,10062.509835283463,Все категории,МО_0072,M,3,rub,0
1/1/24 0:00,9755.915271894524,Все категории,МО_0072,M,3,rub,0
2/1/24 0:00,10329.168619599122,Все категории,МО_0072,M,3,rub,0
3/1/24 0:00,10097.947723523226,Все категории,МО_0072,M,3,rub,0
4/1/24 0:00,10457.148332581248,Все категории,МО_0072,M,3,rub,0
5/1/24 0:00,9286.120771172202,Все категории,МО_0072,M,3,rub,0
6/1/24 0:00,9794.025229624845,Все категории,МО_0072,M,3,rub,0
7/1/24 0:00,9152.63641192102,Все категории,МО_0072,M,3,rub,0
8/1/24 0:00,8904.456204143109,Все категории,МО_0072,M,3,rub,0
9/1/24 0:00,9336.611940252375,Все категории,МО_0072,M,3,rub,0
10/1/24 0:00,9815.476555521633,Все категории,МО_0072,M,3,rub,0
11/1/24 0:00,10311.162241318994,Все категории,МО_0072,M,3,rub,0
12/1/24 0:00,11400.857725655334,Все категории,МО_0072,M,3,rub,0
1/1/23 0:00,9657.032534673643,Все категории,МО_0073,M,3,rub,0
2/1/23 0:00,9743.860524169679,Все категории,МО_0073,M,3,rub,0
3/1/23 0:00,10318.645090873339,Все категории,МО_0073,M,3,rub,0
4/1/23 0:00,10126.822502987006,Все категории,МО_0073,M,3,rub,0
5/1/23 0:00,10303.697113052196,Все категории,МО_0073,M,3,rub,0
6/1/23 0:00,10115.43690284829,Все категории,МО_0073,M,3,rub,0
7/1/23 0:00,9902.828264041224,Все категории,МО_0073,M,3,rub,0
8/1/23 0:00,10260.114330967268,Все категории,МО_0073,M,3,rub,0
9/1/23 0:00,9718.892602248528,Все категории,МО_0073,M,3,rub,0
10/1/23 0:00,9719.674606337752,Все категории,МО_0073,M,3,rub,0
11/1/23 0:00,9425.468920190415,Все категории,МО_0073,M,3,rub,0
12/1/23 0:00,9846.986392237828,Все категории,МО_0073,M,3,rub,0
1/1/24 0:00,10304.191700023579,Все категории,МО_0073,M,3,rub,0
2/1/24 0:00,10337.252754868001,Все категории,МО_0073,M,3,rub,0
3/1/24 0:00,10975.958039862997,Все категории,МО_0073,M,3,rub,0
4/1/24 0:00,10624.798918352264,Все категории,МО_0073,M,3,rub,0
5/1/24 0:00,10781.35947615147,Все категории,МО_0073,M,3,rub,0
6/1/24 0:00,10554.197923496731,Все категории,МО_0073,M,3,rub,0
7/1/24 0:00,10480.65455211601,Все категории,МО_0073,M,3,rub,0
8/1/24 0:00,10088.891020769464,Все категории,МО_0073,M,3,rub,0
9/1/24 0:00,10009.409276881483,Все категории,МО_0073,M,3,rub,0
10/1/24 0:00,9979.391526561963,Все категории,МО_0073,M,3,rub,0
11/1/24 0:00,9976.733136273304,Все категории,МО_0073,M,3,rub,0
12/1/24 0:00,10443.153522526829,Все категории,МО_0073,M,3,rub,0
1/1/23 0:00,7038.522612987512,Все категории,МО_0074,M,3,rub,0
2/1/23 0:00,6166.492694572158,Все категории,МО_0074,M,3,rub,0
3/1/23 0:00,5356.885404323052,Все категории,МО_0074,M,3,rub,0
4/1/23 0:00,5087.673118274987,Все категории,МО_0074,M,3,rub,0
5/1/23 0:00,4657.829897624086,Все категории,МО_0074,M,3,rub,0
6/1/23 0:00,4736.321869103469,Все категории,МО_0074,M,3,rub,0
7/1/23 0:00,5221.654398121227,Все категории,МО_0074,M,3,rub,0
8/1/23 0:00,6281.935415722996,Все категории,МО_0074,M,3,rub,0
9/1/23 0:00,6329.834784812315,Все категории,МО_0074,M,3,rub,0
10/1/23 0:00,7631.808946573042,Все категории,МО_0074,M,3,rub,0
11/1/23 0:00,7205.031297980499,Все категории,МО_0074,M,3,rub,0
12/1/23 0:00,7703.3216530477475,Все категории,МО_0074,M,3,rub,0
1/1/24 0:00,7514.737332369175,Все категории,МО_0074,M,3,rub,0
2/1/24 0:00,6386.72444225656,Все категории,МО_0074,M,3,rub,0
3/1/24 0:00,5553.487236747543,Все категории,МО_0074,M,3,rub,0
4/1/24 0:00,4877.051509444378,Все категории,МО_0074,M,3,rub,0
5/1/24 0:00,4764.653945542493,Все категории,МО_0074,M,3,rub,0
6/1/24 0:00,4803.987183799151,Все категории,МО_0074,M,3,rub,0
7/1/24 0:00,5099.730119957089,Все категории,МО_0074,M,3,rub,0
8/1/24 0:00,5872.142908410237,Все категории,МО_0074,M,3,rub,0
9/1/24 0:00,6812.939217575446,Все категории,МО_0074,M,3,rub,0
10/1/24 0:00,7263.355718052901,Все категории,МО_0074,M,3,rub,0
11/1/24 0:00,7616.029317850286,Все категории,МО_0074,M,3,rub,0
12/1/24 0:00,7319.565406546814,Все категории,МО_0074,M,3,rub,0
1/1/23 0:00,8999.51224076695,Все категории,МО_0075,M,3,rub,0
2/1/23 0:00,9202.169386860482,Все категории,МО_0075,M,3,rub,0
3/1/23 0:00,9035.64753149984,Все категории,МО_0075,M,3,rub,0
4/1/23 0:00,8965.963826872763,Все категории,МО_0075,M,3,rub,0
5/1/23 0:00,8395.198186176282,Все категории,МО_0075,M,3,rub,0
6/1/23 0:00,8177.659494333754,Все категории,МО_0075,M,3,rub,0
7/1/23 0:00,8005.71719000202,Все категории,МО_0075,M,3,rub,0
8/1/23 0:00,7961.868274231252,Все категории,МО_0075,M,3,rub,0
9/1/23 0:00,8120.055667975582,Все категории,МО_0075,M,3,rub,0
10/1/23 0:00,9303.898669083714,Все категории,МО_0075,M,3,rub,0
11/1/23 0:00,9151.401563144744,Все категории,МО_0075,M,3,rub,0
12/1/23 0:00,9649.12709263021,Все категории,МО_0075,M,3,rub,0
1/1/24 0:00,10406.898716055111,Все категории,МО_0075,M,3,rub,0
2/1/24 0:00,10534.28518785194,Все категории,МО_0075,M,3,rub,0
3/1/24 0:00,9935.200241422735,Все категории,МО_0075,M,3,rub,0
4/1/24 0:00,10403.69305028092,Все категории,МО_0075,M,3,rub,0
5/1/24 0:00,9642.669906418349,Все категории,МО_0075,M,3,rub,0
6/1/24 0:00,9027.881412159308,Все категории,МО_0075,M,3,rub,0
7/1/24 0:00,9494.420742793336,Все категории,МО_0075,M,3,rub,0
8/1/24 0:00,9395.023628452076,Все категории,МО_0075,M,3,rub,0
9/1/24 0:00,9173.559738585353,Все категории,МО_0075,M,3,rub,0
10/1/24 0:00,10604.987727490485,Все категории,МО_0075,M,3,rub,0
11/1/24 0:00,10926.92027378567,Все категории,МО_0075,M,3,rub,0
12/1/24 0:00,11364.99369353524,Все категории,МО_0075,M,3,rub,0
1/1/23 0:00,9329.255299082595,Все категории,МО_0076,M,3,rub,0
2/1/23 0:00,9096.215926913883,Все категории,МО_0076,M,3,rub,0
3/1/23 0:00,8965.51261604826,Все категории,МО_0076,M,3,rub,0
4/1/23 0:00,8539.235577688769,Все категории,МО_0076,M,3,rub,0
5/1/23 0:00,8520.537127281284,Все категории,МО_0076,M,3,rub,0
6/1/23 0:00,8198.438794137057,Все категории,МО_0076,M,3,rub,0
7/1/23 0:00,7936.5701953804855,Все категории,МО_0076,M,3,rub,0
8/1/23 0:00,7796.775806521378,Все категории,МО_0076,M,3,rub,0
9/1/23 0:00,8282.621795795663,Все категории,МО_0076,M,3,rub,0
10/1/23 0:00,8687.758640337026,Все категории,МО_0076,M,3,rub,0
11/1/23 0:00,8912.558447923471,Все категории,МО_0076,M,3,rub,0
12/1/23 0:00,9418.62785786177,Все категории,МО_0076,M,3,rub,0
1/1/24 0:00,10447.923295712873,Все категории,МО_0076,M,3,rub,0
2/1/24 0:00,9669.94780536539,Все категории,МО_0076,M,3,rub,0
3/1/24 0:00,10426.911343569784,Все категории,МО_0076,M,3,rub,0
4/1/24 0:00,9915.884881460917,Все категории,МО_0076,M,3,rub,0
5/1/24 0:00,10057.023709677633,Все категории,МО_0076,M,3,rub,0
6/1/24 0:00,9196.6713599957,Все категории,МО_0076,M,3,rub,0
7/1/24 0:00,9344.849527471704,Все категории,МО_0076,M,3,rub,0
8/1/24 0:00,9111.182137529271,Все категории,МО_0076,M,3,rub,0
9/1/24 0:00,9560.825849474722,Все категории,МО_0076,M,3,rub,0
10/1/24 0:00,10279.113711727381,Все категории,МО_0076,M,3,rub,0
11/1/24 0:00,10565.446388022254,Все категории,МО_0076,M,3,rub,0
12/1/24 0:00,11713.481371064054,Все категории,МО_0076,M,3,rub,0
1/1/23 0:00,9702.375607129086,Все категории,МО_0077,M,3,rub,0
2/1/23 0:00,10238.310112013394,Все категории,МО_0077,M,3,rub,0
3/1/23 0:00,10590.938591455684,Все категории,МО_0077,M,3,rub,0
4/1/23 0:00,10638.138023983243,Все категории,МО_0077,M,3,rub,0
5/1/23 0:00,10868.567293732582,Все категории,МО_0077,M,3,rub,0
6/1/23 0:00,10144.948883469602,Все категории,МО_0077,M,3,rub,0
7/1/23 0:00,9802.738015495725,Все категории,МО_0077,M,3,rub,0
8/1/23 0:00,9663.520461560773,Все категории,МО_0077,M,3,rub,0
9/1/23 0:00,9837.01490925365,Все категории,МО_0077,M,3,rub,0
10/1/23 0:00,9768.893255037136,Все категории,МО_0077,M,3,rub,0
11/1/23 0:00,9786.350258507515,Все категории,МО_0077,M,3,rub,0
12/1/23 0:00,9755.054686299367,Все категории,МО_0077,M,3,rub,0
1/1/24 0:00,10418.489527915879,Все категории,МО_0077,M,3,rub,0
2/1/24 0:00,10295.950117761711,Все категории,МО_0077,M,3,rub,0
3/1/24 0:00,11031.170892112743,Все категории,МО_0077,M,3,rub,0
4/1/24 0:00,11523.55831956991,Все категории,МО_0077,M,3,rub,0
5/1/24 0:00,10923.047583718508,Все категории,МО_0077,M,3,rub,0
6/1/24 0:00,10803.896798531101,Все категории,МО_0077,M,3,rub,0
7/1/24 0:00,10343.802267748477,Все категории,МО_0077,M,3,rub,0
8/1/24 0:00,9855.60623903157,Все категории,МО_0077,M,3,rub,0
9/1/24 0:00,9943.201621923694,Все категории,МО_0077,M,3,rub,0
10/1/24 0:00,9809.848364260572,Все категории,МО_0077,M,3,rub,0
11/1/24 0:00,9835.549865233043,Все категории,МО_0077,M,3,rub,0
12/1/24 0:00,10704.796583554358,Все категории,МО_0077,M,3,rub,0
1/1/23 0:00,7048.235189559329,Все категории,МО_0078,M,3,rub,0
2/1/23 0:00,6283.092479787453,Все категории,МО_0078,M,3,rub,0
3/1/23 0:00,5382.969446492792,Все категории,МО_0078,M,3,rub,0
4/1/23 0:00,4894.1664419606195,Все категории,МО_0078,M,3,rub,0
5/1/23 0:00,4886.933689824868,Все категории,МО_0078,M,3,rub,0
6/1/23 0:00,4788.586453720837,Все категории,МО_0078,M,3,rub,0
7/1/23 0:00,5311.394627657029,Все категории,МО_0078,M,3,rub,0
8/1/23 0:00,5823.925279084661,Все категории,МО_0078,M,3,rub,0
9/1/23 0:00,6587.686786559445,Все категории,МО_0078,M,3,rub,0
10/1/23 0:00,6995.408870839893,Все категории,МО_0078,M,3,rub,0
11/1/23 0:00,7180.697027031421,Все категории,МО_0078,M,3,rub,0
12/1/23 0:00,7557.180848298905,Все категории,МО_0078,M,3,rub,0
1/1/24 0:00,7071.853606788848,Все категории,МО_0078,M,3,rub,0
2/1/24 0:00,5949.0383679804045,Все категории,МО_0078,M,3,rub,0
3/1/24 0:00,5508.112820292374,Все категории,МО_0078,M,3,rub,0
4/1/24 0:00,4998.355306644201,Все категории,МО_0078,M,3,rub,0
5/1/24 0:00,4365.5435317080055,Все категории,МО_0078,M,3,rub,0
6/1/24 0:00,4678.248382526741,Все категории,МО_0078,M,3,rub,0
7/1/24 0:00,5349.040723119986,Все категории,МО_0078,M,3,rub,0
8/1/24 0:00,6033.317359926773,Все категории,МО_0078,M,3,rub,0
9/1/24 0:00,6454.266513783536,Все категории,МО_0078,M,3,rub,0
10/1/24 0:00,7537.3340627938605,Все категории,МО_0078,M,3,rub,0
11/1/24 0:00,8194.004340415686,Все категории,МО_0078,M,3,rub,0
12/1/24 0:00,7972.862689086871,Все категории,МО_0078,M,3,rub,0
1/1/23 0:00,6945.203834275469,Все категории,МО_0079,M,3,rub,0
2/1/23 0:00,6073.625670798504,Все категории,МО_0079,M,3,rub,0
3/1/23 0:00,5314.438059226454,Все категории,МО_0079,M,3,rub,0
4/1/23 0:00,5021.213353826843,Все категории,МО_0079,M,3,rub,0
5/1/23 0:00,4738.815363433801,Все категории,МО_0079,M,3,rub,0
6/1/23 0:00,4917.031079599369,Все категории,МО_0079,M,3,rub,0
7/1/23 0:00,5227.335258958349,Все категории,МО_0079,M,3,rub,0
8/1/23 0:00,6065.186007403453,Все категории,МО_0079,M,3,rub,0
9/1/23 0:00,6703.783611305906,Все категории,МО_0079,M,3,rub,0
10/1/23 0:00,7636.338035535026,Все категории,МО_0079,M,3,rub,0
11/1/23 0:00,8047.321721204969,Все категории,МО_0079,M,3,rub,0
12/1/23 0:00,7394.81905878254,Все категории,МО_0079,M,3,rub,0
1/1/24 0:00,6563.585312321616,Все категории,МО_0079,M,3,rub,0
2/1/24 0:00,6661.965115237389,Все категории,МО_0079,M,3,rub,0
3/1/24 0:00,5572.631630667225,Все категории,МО_0079,M,3,rub,0
4/1/24 0:00,4657.036871063488,Все категории,МО_0079,M,3,rub,0
5/1/24 0:00,4624.786659987829,Все категории,МО_0079,M,3,rub,0
6/1/24 0:00,5004.831374076696,Все категории,МО_0079,M,3,rub,0
7/1/24 0:00,5204.062714283029,Все категории,МО_0079,M,3,rub,0
8/1/24 0:00,5820.185861072505,Все категории,МО_0079,M,3,rub,0
9/1/24 0:00,7148.650932993232,Все категории,МО_0079,M,3,rub,0
10/1/24 0:00,7182.439862457292,Все категории,МО_0079,M,3,rub,0
11/1/24 0:00,7618.505984937714,Все категории,МО_0079,M,3,rub,0
12/1/24 0:00,7794.48281513719,Все категории,МО_0079,M,3,rub,0
1/1/23 0:00,4803.671764127155,Все категории,МО_0080,M,3,rub,0
2/1/23 0:00,4671.264224068224,Все категории,МО_0080,M,3,rub,0
3/1/23 0:00,4701.3753041549035,Все категории,МО_0080,M,3,rub,0
4/1/23 0:00,4569.142952237567,Все категории,МО_0080,M,3,rub,0
5/1/23 0:00,4754.774493818049,Все категории,МО_0080,M,3,rub,0
6/1/23 0:00,4744.890625932927,Все категории,МО_0080,M,3,rub,0
7/1/23 0:00,4991.650055021524,Все категории,МО_0080,M,3,rub,0
8/1/23 0:00,5120.507503510396,Все категории,МО_0080,M,3,rub,0
9/1/23 0:00,5170.405750891948,Все категории,МО_0080,M,3,rub,0
10/1/23 0:00,5226.384369896287,Все категории,МО_0080,M,3,rub,0
11/1/23 0:00,4990.652452757287,Все категории,МО_0080,M,3,rub,0
12/1/23 0:00,4649.089750244835,Все категории,МО_0080,M,3,rub,0
1/1/24 0:00,4260.563934447026,Все категории,МО_0080,M,3,rub,0
2/1/24 0:00,4305.942984979489,Все категории,МО_0080,M,3,rub,0
3/1/24 0:00,4224.463592288134,Все категории,МО_0080,M,3,rub,0
4/1/24 0:00,4301.8957492888885,Все категории,МО_0080,M,3,rub,0
5/1/24 0:00,4879.322304624625,Все категории,МО_0080,M,3,rub,0
6/1/24 0:00,4409.847928152137,Все категории,МО_0080,M,3,rub,0
7/1/24 0:00,,Все категории,МО_0080,M,3,rub,0
8/1/24 0:00,,Все категории,МО_0080,M,3,rub,0
9/1/24 0:00,,Все категории,МО_0080,M,3,rub,0
10/1/24 0:00,5322.722813709902,Все категории,МО_0080,M,3,rub,0
11/1/24 0:00,4485.757621193621,Все категории,МО_0080,M,3,rub,0
12/1/24 0:00,4440.047429792135,Все категории,МО_0080,M,3,rub,0
1/1/23 0:00,8684.019150427323,Все категории,МО_0081,M,3,rub,0
2/1/23 0:00,8957.882037166071,Все категории,МО_0081,M,3,rub,0
3/1/23 0:00,9040.331053461025,Все категории,МО_0081,M,3,rub,0
4/1/23 0:00,8934.048202676822,Все категории,МО_0081,M,3,rub,0
5/1/23 0:00,8453.636584377575,Все категории,МО_0081,M,3,rub,0
6/1/23 0:00,8393.176897300362,Все категории,МО_0081,M,3,rub,0
7/1/23 0:00,7910.506820407383,Все категории,МО_0081,M,3,rub,0
8/1/23 0:00,7904.599654777995,Все категории,МО_0081,M,3,rub,0
9/1/23 0:00,8947.563117823254,Все категории,МО_0081,M,3,rub,0
10/1/23 0:00,8809.547486900057,Все категории,МО_0081,M,3,rub,0
11/1/23 0:00,9078.247132297009,Все категории,МО_0081,M,3,rub,0
12/1/23 0:00,9640.913571918196,Все категории,МО_0081,M,3,rub,0
1/1/24 0:00,9985.841424579952,Все категории,МО_0081,M,3,rub,0
2/1/24 0:00,10752.912434223397,Все категории,МО_0081,M,3,rub,0
3/1/24 0:00,10250.19222013965,Все категории,МО_0081,M,3,rub,0
4/1/24 0:00,10097.636340190671,Все категории,МО_0081,M,3,rub,0
5/1/24 0:00,9651.550813969334,Все категории,МО_0081,M,3,rub,0
6/1/24 0:00,9540.924880505492,Все категории,МО_0081,M,3,rub,0
7/1/24 0:00,8931.983526340906,Все категории,МО_0081,M,3,rub,0
8/1/24 0:00,8927.556347402011,Все категории,МО_0081,M,3,rub,0
9/1/24 0:00,9592.58672361825,Все категории,МО_0081,M,3,rub,0
10/1/24 0:00,10237.29806660797,Все категории,МО_0081,M,3,rub,0
11/1/24 0:00,10820.489824126378,Все категории,МО_0081,M,3,rub,0
12/1/24 0:00,11095.728051305987,Все категории,МО_0081,M,3,rub,0
1/1/23 0:00,10032.144802623301,Все категории,МО_0082,M,3,rub,0
2/1/23 0:00,10027.862839758105,Все категории,МО_0082,M,3,rub,0
3/1/23 0:00,10289.410075419753,Все категории,МО_0082,M,3,rub,0
4/1/23 0:00,10302.284332736746,Все категории,МО_0082,M,3,rub,0
5/1/23 0:00,10735.641186875942,Все категории,МО_0082,M,3,rub,0
6/1/23 0:00,10432.36665633904,Все категории,МО_0082,M,3,rub,0
7/1/23 0:00,10199.560065548027,Все категории,МО_0082,M,3,rub,0
8/1/23 0:00,10106.60276579754,Все категории,МО_0082,M,3,rub,0
9/1/23 0:00,10269.685864534213,Все категории,МО_0082,M,3,rub,0
10/1/23 0:00,9347.044517429424,Все категории,МО_0082,M,3,rub,0
11/1/23 0:00,9623.191045745249,Все категории,МО_0082,M,3,rub,0
12/1/23 0:00,9854.431173297935,Все категории,МО_0082,M,3,rub,0
1/1/24 0:00,10086.806961859511,Все категории,МО_0082,M,3,rub,0
2/1/24 0:00,10326.289850843601,Все категории,МО_0082,M,3,rub,0
3/1/24 0:00,10714.01749026795,Все категории,МО_0082,M,3,rub,0
4/1/24 0:00,10621.844120233254,Все категории,МО_0082,M,3,rub,0
5/1/24 0:00,10916.188146650771,Все категории,МО_0082,M,3,rub,0
6/1/24 0:00,10689.67890297987,Все категории,МО_0082,M,3,rub,0
7/1/24 0:00,,Все категории,МО_0082,M,3,rub,0
8/1/24 0:00,10323.256783350622,Все категории,МО_0082,M,3,rub,0
9/1/24 0:00,10185.891615779126,Все категории,МО_0082,M,3,rub,0
10/1/24 0:00,9952.029918588923,Все категории,МО_0082,M,3,rub,0
11/1/24 0:00,10563.094962222436,Все категории,МО_0082,M,3,rub,0
12/1/24 0:00,10390.930343925926,Все категории,МО_0082,M,3,rub,0
1/1/23 0:00,4291.917454240638,Все категории,МО_0083,M,3,rub,0
2/1/23 0:00,4334.0125890634,Все категории,МО_0083,M,3,rub,0
3/1/23 0:00,4117.589964518436,Все категории,МО_0083,M,3,rub,0
4/1/23 0:00,4527.92351836869,Все категории,МО_0083,M,3,rub,0
5/1/23 0:00,4611.668912953919,Все категории,МО_0083,M,3,rub,0
6/1/23 0:00,4695.513880958725,Все категории,МО_0083,M,3,rub,0
7/1/23 0:00,5502.364549332382,Все категории,МО_0083,M,3,rub,0
8/1/23 0:00,5234.786135234534,Все категории,МО_0083,M,3,rub,0
9/1/23 0:00,5304.21176980024,Все категории,МО_0083,M,3,rub,0
10/1/23 0:00,4799.63104415075,Все категории,МО_0083,M,3,rub,0
11/1/23 0:00,4617.493958082042,Все категории,МО_0083,M,3,rub,0
12/1/23 0:00,4647.36723210752,Все категории,МО_0083,M,3,rub,0
1/1/24 0:00,4475.008211636903,Все категории,МО_0083,M,3,rub,0
2/1/24 0:00,3911.0153350249243,Все категории,МО_0083,M,3,rub,0
3/1/24 0:00,4192.418732239419,Все категории,МО_0083,M,3,rub,0
4/1/24 0:00,4263.542223460453,Все категории,МО_0083,M,3,rub,0
5/1/24 0:00,4322.883318994148,Все категории,МО_0083,M,3,rub,0
6/1/24 0:00,4346.449581869168,Все категории,МО_0083,M,3,rub,0
7/1/24 0:00,4561.515218973363,Все категории,МО_0083,M,3,rub,0
8/1/24 0:00,4754.225907361839,Все категории,МО_0083,M,3,rub,0
9/1/24 0:00,4839.136335018349,Все категории,МО_0083,M,3,rub,0
10/1/24 0:00,4880.913049553055,Все категории,МО_0083,M,3,rub,0
11/1/24 0:00,4825.199974488696,Все категории,МО_0083,M,3,rub,0
12/1/24 0:00,4304.853949328228,Все категории,МО_0083,M,3,rub,0
1/1/23 0:00,6845.671188295286,Все категории,МО_0084,M,3,rub,0
2/1/23 0:00,6297.678138857104,Все категории,МО_0084,M,3,rub,0
3/1/23 0:00,5584.723115857587,Все категории,МО_0084,M,3,rub,0
4/1/23 0:00,4843.2733290995775,Все категории,МО_0084,M,3,rub,0
5/1/23 0:00,4853.008205821357,Все категории,МО_0084,M,3,rub,0
6/1/23 0:00,4986.38980853378,Все категории,МО_0084,M,3,rub,0
7/1/23 0:00,5475.557755246417,Все категории,МО_0084,M,3,rub,0
8/1/23 0:00,6302.506990026216,Все категории,МО_0084,M,3,rub,0
9/1/23 0:00,6450.977942096157,Все категории,МО_0084,M,3,rub,0
10/1/23 0:00,7404.48985423129,Все категории,МО_0084,M,3,rub,0
11/1/23 0:00,7775.342648815665,Все категории,МО_0084,M,3,rub,0
12/1/23 0:00,7606.763230238524,Все категории,МО_0084,M,3,rub,0
1/1/24 0:00,6875.004102360561,Все категории,МО_0084,M,3,rub,0
2/1/24 0:00,5901.770018221264,Все категории,МО_0084,M,3,rub,0
3/1/24 0:00,5536.199397970109,Все категории,МО_0084,M,3,rub,0
4/1/24 0:00,4836.660923231073,Все категории,МО_0084,M,3,rub,0
5/1/24 0:00,4775.137462368634,Все категории,МО_0084,M,3,rub,0
6/1/24 0:00,4700.961241833084,Все категории,МО_0084,M,3,rub,0
7/1/24 0:00,5036.142193346535,Все категории,МО_0084,M,3,rub,0
8/1/24 0:00,5996.563692905524,Все категории,МО_0084,M,3,rub,0
9/1/24 0:00,6800.017902253732,Все категории,МО_0084,M,3,rub,0
10/1/24 0:00,7665.286610697335,Все категории,МО_0084,M,3,rub,0
11/1/24 0:00,8584.351652007392,Все категории,МО_0084,M,3,rub,0
12/1/24 0:00,7815.057130977526,Все категории,МО_0084,M,3,rub,0
1/1/23 0:00,7108.320701955526,Все категории,МО_0085,M,3,rub,0
2/1/23 0:00,5927.320974570559,Все категории,МО_0085,M,3,rub,0
3/1/23 0:00,5176.47726693009,Все категории,МО_0085,M,3,rub,0
4/1/23 0:00,5250.230576655522,Все категории,МО_0085,M,3,rub,0
5/1/23 0:00,4531.458403327439,Все категории,МО_0085,M,3,rub,0
6/1/23 0:00,4598.687727442111,Все категории,МО_0085,M,3,rub,0
7/1/23 0:00,5191.707951679585,Все категории,МО_0085,M,3,rub,0
8/1/23 0:00,5848.6271375642855,Все категории,МО_0085,M,3,rub,0
9/1/23 0:00,6441.671934197442,Все категории,МО_0085,M,3,rub,0
10/1/23 0:00,7310.646396280493,Все категории,МО_0085,M,3,rub,0
11/1/23 0:00,8163.568981365352,Все категории,МО_0085,M,3,rub,0
12/1/23 0:00,7394.385149858908,Все категории,МО_0085,M,3,rub,0
1/1/24 0:00,6673.309125528513,Все категории,МО_0085,M,3,rub,0
2/1/24 0:00,6503.747400783039,Все категории,МО_0085,M,3,rub,0
3/1/24 0:00,5625.404939380239,Все категории,МО_0085,M,3,rub,0
4/1/24 0:00,4865.347162572031,Все категории,МО_0085,M,3,rub,0
5/1/24 0:00,4466.907530501239,Все категории,МО_0085,M,3,rub,0
6/1/24 0:00,4710.263328039278,Все категории,МО_0085,M,3,rub,0
7/1/24 0:00,5251.104878546672,Все категории,МО_0085,M,3,rub,0
8/1/24 0:00,6224.178940192467,Все категории,МО_0085,M,3,rub,0
9/1/24 0:00,6484.567380804242,Все категории,МО_0085,M,3,rub,0
10/1/24 0:00,7464.435657277333,Все категории,МО_0085,M,3,rub,0
11/1/24 0:00,8080.9723546325895,Все категории,МО_0085,M,3,rub,0
12/1/24 0:00,7026.649552637551,Все категории,МО_0085,M,3,rub,0
1/1/23 0:00,10103.889456059374,Все категории,МО_0086,M,3,rub,0
2/1/23 0:00,9940.285171808819,Все категории,МО_0086,M,3,rub,0
3/1/23 0:00,10466.565107314693,Все категории,МО_0086,M,3,rub,0
4/1/23 0:00,10550.55414368125,Все категории,МО_0086,M,3,rub,0
5/1/23 0:00,10689.240972801723,Все категории,МО_0086,M,3,rub,0
6/1/23 0:00,10415.16803616149,Все категории,МО_0086,M,3,rub,0
7/1/23 0:00,9608.988006900558,Все категории,МО_0086,M,3,rub,0
8/1/23 0:00,9704.106399441069,Все категории,МО_0086,M,3,rub,0
9/1/23 0:00,9734.80447051231,Все категории,МО_0086,M,3,rub,0
10/1/23 0:00,9634.449100219692,Все категории,МО_0086,M,3,rub,0
11/1/23 0:00,9860.093638983657,Все категории,МО_0086,M,3,rub,0
12/1/23 0:00,10135.377761063559,Все категории,МО_0086,M,3,rub,0
1/1/24 0:00,10385.532747739313,Все категории,МО_0086,M,3,rub,0
2/1/24 0:00,10506.133423212552,Все категории,МО_0086,M,3,rub,0
3/1/24 0:00,10387.667144562029,Все категории,МО_0086,M,3,rub,0
4/1/24 0:00,10784.771535133077,Все категории,МО_0086,M,3,rub,0
5/1/24 0:00,10933.957944604486,Все категории,МО_0086,M,3,rub,0
6/1/24 0:00,10448.26332878404,Все категории,МО_0086,M,3,rub,0
7/1/24 0:00,10578.99271758454,Все категории,МО_0086,M,3,rub,0
8/1/24 0:00,10406.312435423843,Все категории,МО_0086,M,3,rub,0
9/1/24 0:00,10089.353816621726,Все категории,МО_0086,M,3,rub,0
10/1/24 0:00,9430.688670191594,Все категории,МО_0086,M,3,rub,0
11/1/24 0:00,9868.833732283581,Все категории,МО_0086,M,3,rub,0
12/1/24 0:00,10739.929278495629,Все категории,МО_0086,M,3,rub,0
1/1/23 0:00,8749.989460230698,Все категории,МО_0087,M,3,rub,0
2/1/23 0:00,8529.709158580597,Все категории,МО_0087,M,3,rub,0
3/1/23 0:00,9311.825942094834,Все категории,МО_0087,M,3,rub,0
4/1/23 0:00,8713.566371795074,Все категории,МО_0087,M,3,rub,0
5/1/23 0:00,8655.302019967427,Все категории,МО_0087,M,3,rub,0
6/1/23 0:00,8149.4824031619255,Все категории,МО_0087,M,3,rub,0
7/1/23 0:00,8042.963312627441,Все категории,МО_0087,M,3,rub,0
8/1/23 0:00,36919.91101936592,Все категории,МО_0087,M,3,rub,0
9/1/23 0:00,8424.855409496793,Все категории,МО_0087,M,3,rub,0
10/1/23 0:00,9321.577360134645,Все категории,МО_0087,M,3,rub,0
11/1/23 0:00,9550.521528650945,Все категории,МО_0087,M,3,rub,0
12/1/23 0:00,9388.01247052664,Все категории,МО_0087,M,3,rub,0
1/1/24 0:00,10410.84941201598,Все категории,МО_0087,M,3,rub,0
2/1/24 0:00,10819.217860676079,Все категории,МО_0087,M,3,rub,0
3/1/24 0:00,10743.584670288714,Все категории,МО_0087,M,3,rub,0
4/1/24 0:00,9931.210232085932,Все категории,МО_0087,M,3,rub,0
5/1/24 0:00,10013.880716254684,Все категории,МО_0087,M,3,rub,0
6/1/24 0:00,9597.262755214755,Все категории,МО_0087,M,3,rub,0
7/1/24 0:00,9896.848127896641,Все категории,МО_0087,M,3,rub,0
8/1/24 0:00,9015.180049148332,Все категории,МО_0087,M,3,rub,0
9/1/24 0:00,9384.31470722116,Все категории,МО_0087,M,3,rub,0
10/1/24 0:00,9962.473400161145,Все категории,МО_0087,M,3,rub,0
11/1/24 0:00,10556.680779557697,Все категории,МО_0087,M,3,rub,0
12/1/24 0:00,11068.941942963864,Все категории,МО_0087,M,3,rub,0
1/1/23 0:00,4103.023145094217,Все категории,МО_0088,M,3,rub,0
2/1/23 0:00,4458.790859025132,Все категории,МО_0088,M,3,rub,0
3/1/23 0:00,4575.706369771272,Все категории,МО_0088,M,3,rub,0
4/1/23 0:00,4413.798365895955,Все категории,МО_0088,M,3,rub,0
5/1/23 0:00,5111.276268524272,Все категории,МО_0088,M,3,rub,0
6/1/23 0:00,4810.002649816065,Все категории,МО_0088,M,3,rub,0
7/1/23 0:00,5307.829873787921,Все категории,МО_0088,M,3,rub,0
8/1/23 0:00,5160.058246712652,Все категории,МО_0088,M,3,rub,0
9/1/23 0:00,5330.881589682408,Все категории,МО_0088,M,3,rub,0
10/1/23 0:00,5099.05282172403,Все категории,МО_0088,M,3,rub,0
11/1/23 0:00,5197.868308000859,Все категории,МО_0088,M,3,rub,0
12/1/23 0:00,4651.815461178367,Все категории,МО_0088,M,3,rub,0
1/1/24 0:00,4547.892164838977,Все категории,МО_0088,M,3,rub,0
2/1/24 0:00,4370.726497258671,Все категории,МО_0088,M,3,rub,0
3/1/24 0:00,4169.845182748206,Все категории,МО_0088,M,3,rub,0
4/1/24 0:00,4347.695064445203,Все категории,МО_0088,M,3,rub,0
5/1/24 0:00,4886.124166249461,Все категории,МО_0088,M,3,rub,0
6/1/24 0:00,4466.070759222771,Все категории,МО_0088,M,3,rub,0
7/1/24 0:00,4785.56864504131,Все категории,МО_0088,M,3,rub,0
8/1/24 0:00,5107.784734460525,Все категории,МО_0088,M,3,rub,0
9/1/24 0:00,5099.838764845493,Все категории,МО_0088,M,3,rub,0
10/1/24 0:00,4738.3005821140505,Все категории,МО_0088,M,3,rub,0
11/1/24 0:00,4057.7958577989475,Все категории,МО_0088,M,3,rub,0
12/1/24 0:00,4483.0146747471035,Все категории,МО_0088,M,3,rub,0
1/1/23 0:00,4215.9886403193805,Все категории,МО_0089,M,3,rub,0
2/1/23 0:00,4904.285705716113,Все категории,МО_0089,M,3,rub,0
3/1/23 0:00,4530.203563083104,Все категории,МО_0089,M,3,rub,0
4/1/23 0:00,4755.87368539025,Все категории,МО_0089,M,3,rub,0
5/1/23 0:00,4435.208007223422,Все категории,МО_0089,M,3,rub,0
6/1/23 0:00,4447.772774234172,Все категории,МО_0089,M,3,rub,0
7/1/23 0:00,5041.326951700162,Все категории,МО_0089,M,3,rub,0
8/1/23 0:00,5084.49989154257,Все категории,МО_0089,M,3,rub,0
9/1/23 0:00,4990.91479762841,Все категории,МО_0089,M,3,rub,0
10/1/23 0:00,5049.684608584629,Все категории,МО_0089,M,3,rub,0
11/1/23 0:00,5574.38035328519,Все категории,МО_0089,M,3,rub,0
12/1/23 0:00,4836.47850850224,Все категории,МО_0089,M,3,rub,0
1/1/24 0:00,4675.484342454591,Все категории,МО_0089,M,3,rub,0
2/1/24 0:00,4476.356524231618,Все категории,МО_0089,M,3,rub,0
3/1/24 0:00,4555.185656789057,Все категории,МО_0089,M,3,rub,0
4/1/24 0:00,4220.244795745511,Все категории,МО_0089,M,3,rub,0
5/1/24 0:00,3943.0006016309526,Все категории,МО_0089,M,3,rub,0
6/1/24 0:00,4484.376817646644,Все категории,МО_0089,M,3,rub,0
7/1/24 0:00,4880.357121342058,Все категории,МО_0089,M,3,rub,0
8/1/24 0:00,4569.422490193743,Все категории,МО_0089,M,3,rub,0
9/1/24 0:00,4774.923548039152,Все категории,МО_0089,M,3,rub,0
10/1/24 0:00,4574.531258887273,Все категории,МО_0089,M,3,rub,0
11/1/24 0:00,4927.889641314115,Все категории,МО_0089,M,3,rub,0
12/1/24 0:00,4535.491461267817,Все категории,МО_0089,M,3,rub,0
1/1/23 0:00,9070.204840162261,Все категории,МО_0090,M,3,rub,0
2/1/23 0:00,9223.251205277786,Все категории,МО_0090,M,3,rub,0
3/1/23 0:00,8963.047570602892,Все категории,МО_0090,M,3,rub,0
4/1/23 0:00,8761.85100827277,Все категории,МО_0090,M,3,rub,0
5/1/23 0:00,8080.617810997267,Все категории,МО_0090,M,3,rub,0
6/1/23 0:00,7568.9351980975935,Все категории,МО_0090,M,3,rub,0
7/1/23 0:00,7968.874345128308,Все категории,МО_0090,M,3,rub,0
8/1/23 0:00,8061.741405101086,Все категории,МО_0090,M,3,rub,0
9/1/23 0:00,8555.202707690638,Все категории,МО_0090,M,3,rub,0
10/1/23 0:00,9126.196553774726,Все категории,МО_0090,M,3,rub,0
11/1/23 0:00,9723.693420228848,Все категории,МО_0090,M,3,rub,0
12/1/23 0:00,9553.456995729073,Все категории,МО_0090,M,3,rub,0
1/1/24 0:00,10164.290827792209,Все категории,МО_0090,M,3,rub,0
2/1/24 0:00,10606.739385728044,Все категории,МО_0090,M,3,rub,0
3/1/24 0:00,11180.653489930848,Все категории,МО_0090,M,3,rub,0
4/1/24 0:00,10515.848210094633,Все категории,МО_0090,M,3,rub,0
5/1/24 0:00,10000.206908629689,Все категории,МО_0090,M,3,rub,0
6/1/24 0:00,9225.874825828581,Все категории,МО_0090,M,3,rub,0
7/1/24 0:00,8922.220258173567,Все категории,МО_0090,M,3,rub,0
8/1/24 0:00,9441.143603124121,Все категории,МО_0090,M,3,rub,0
9/1/24 0:00,9218.771877860856,Все категории,МО_0090,M,3,rub,0
10/1/24 0:00,9982.7225631725,Все категории,МО_0090,M,3,rub,0
11/1/24 0:00,10676.256261669832,Все категории,МО_0090,M,3,rub,0
12/1/24 0:00,11924.929783064847,Все категории,МО_0090,M,3,rub,0
1/1/23 0:00,4627.991462577855,Все категории,МО_0091,M,3,rub,0
2/1/23 0:00,4033.56303520906,Все категории,МО_0091,M,3,rub,0
3/1/23 0:00,4606.716807282939,Все категории,МО_0091,M,3,rub,0
4/1/23 0:00,4368.613255135579,Все категории,МО_0091,M,3,rub,0
5/1/23 0:00,4649.741488036249,Все категории,МО_0091,M,3,rub,0
6/1/23 0:00,4785.993394610242,Все категории,МО_0091,M,3,rub,0
7/1/23 0:00,4908.392094436207,Все категории,МО_0091,M,3,rub,0
8/1/23 0:00,5298.341653368061,Все категории,МО_0091,M,3,rub,0
9/1/23 0:00,4737.705830469248,Все категории,МО_0091,M,3,rub,0
10/1/23 0:00,4900.033355346469,Все категории,МО_0091,M,3,rub,0
11/1/23 0:00,5022.919130664489,Все категории,МО_0091,M,3,rub,0
12/1/23 0:00,4498.555561381557,Все категории,МО_0091,M,3,rub,0
1/1/24 0:00,4093.5701813967103,Все категории,МО_0091,M,3,rub,0
2/1/24 0:00,4437.2746139216615,Все категории,МО_0091,M,3,rub,0
3/1/24 0:00,4474.738494833809,Все категории,МО_0091,M,3,rub,0
4/1/24 0:00,4250.969004891184,Все категории,МО_0091,M,3,rub,0
5/1/24 0:00,3961.5596270239826,Все категории,МО_0091,M,3,rub,0
6/1/24 0:00,4689.506399985992,Все категории,МО_0091,M,3,rub,0
7/1/24 0:00,4313.015097915186,Все категории,МО_0091,M,3,rub,0
8/1/24 0:00,4871.085515704527,Все категории,МО_0091,M,3,rub,0
9/1/24 0:00,4608.1343058793445,Все категории,МО_0091,M,3,rub,0
10/1/24 0:00,4468.71439227567,Все категории,МО_0091,M,3,rub,0
11/1/24 0:00,4471.455041602458,Все категории,МО_0091,M,3,rub,0
12/1/24 0:00,4328.823169916131,Все категории,МО_0091,M,3,rub,0
1/1/23 0:00,4561.481299815424,Все категории,МО_0092,M,3,rub,0
2/1/23 0:00,4692.886065753679,Все категории,МО_0092,M,3,rub,0
3/1/23 0:00,4392.900489450216,Все категории,МО_0092,M,3,rub,0
4/1/23 0:00,4751.242971686796,Все категории,МО_0092,M,3,rub,0
5/1/23 0:00,4705.531497907165,Все категории,МО_0092,M,3,rub,0
6/1/23 0:00,4642.026348981139,Все категории,МО_0092,M,3,rub,0
7/1/23 0:00,4765.176694206495,Все категории,МО_0092,M,3,rub,0
8/1/23 0:00,4690.325729490646,Все категории,МО_0092,M,3,rub,0
9/1/23 0:00,5189.995963025862,Все категории,МО_0092,M,3,rub,0
10/1/23 0:00,4939.990194071682,Все категории,МО_0092,M,3,rub,0
11/1/23 0:00,4311.1280256950395,Все категории,МО_0092,M,3,rub,0
12/1/23 0:00,4516.217711359952,Все категории,МО_0092,M,3,rub,0
1/1/24 0:00,4241.029847372341,Все категории,МО_0092,M,3,rub,0
2/1/24 0:00,4643.166063071152,Все категории,МО_0092,M,3,rub,0
3/1/24 0:00,3885.121474871304,Все категории,МО_0092,M,3,rub,0
4/1/24 0:00,3964.2995391901404,Все категории,МО_0092,M,3,rub,0
5/1/24 0:00,4619.001494561257,Все категории,МО_0092,M,3,rub,0
6/1/24 0:00,4844.611237824502,Все категории,МО_0092,M,3,rub,0
7/1/24 0:00,4514.897413526643,Все категории,МО_0092,M,3,rub,0
8/1/24 0:00,4647.235635234455,Все категории,МО_0092,M,3,rub,0
9/1/24 0:00,4967.953726493012,Все категории,МО_0092,M,3,rub,0
10/1/24 0:00,4215.371535972741,Все категории,МО_0092,M,3,rub,0
11/1/24 0:00,4165.139152185458,Все категории,МО_0092,M,3,rub,0
12/1/24 0:00,4307.78533047133,Все категории,МО_0092,M,3,rub,0
1/1/23 0:00,9317.97515082665,Все категории,МО_0093,M,3,rub,0
2/1/23 0:00,8935.281546840339,Все категории,МО_0093,M,3,rub,0
3/1/23 0:00,9000.281738569822,Все категории,МО_0093,M,3,rub,0
4/1/23 0:00,9011.43363227464,Все категории,МО_0093,M,3,rub,0
5/1/23 0:00,8919.415439724797,Все категории,МО_0093,M,3,rub,0
6/1/23 0:00,7943.390521789485,Все категории,МО_0093,M,3,rub,0
7/1/23 0:00,7929.069667821327,Все категории,МО_0093,M,3,rub,0
8/1/23 0:00,8432.316590092863,Все категории,МО_0093,M,3,rub,0
9/1/23 0:00,7882.110408892755,Все категории,МО_0093,M,3,rub,0
10/1/23 0:00,8978.531848474933,Все категории,МО_0093,M,3,rub,0
11/1/23 0:00,8997.224197658881,Все категории,МО_0093,M,3,rub,0
12/1/23 0:00,9874.127543747965,Все категории,МО_0093,M,3,rub,0
1/1/24 0:00,10197.780088208085,Все категории,МО_0093,M,3,rub,0
2/1/24 0:00,10158.7887070664,Все категории,МО_0093,M,3,rub,0
3/1/24 0:00,10061.685743299917,Все категории,МО_0093,M,3,rub,0
4/1/24 0:00,10142.889594038634,Все категории,МО_0093,M,3,rub,0
5/1/24 0:00,9963.117739097499,Все категории,МО_0093,M,3,rub,0
6/1/24 0:00,9297.574596486484,Все категории,МО_0093,M,3,rub,0
7/1/24 0:00,9181.074146253477,Все категории,МО_0093,M,3,rub,0
8/1/24 0:00,9379.674891906347,Все категории,МО_0093,M,3,rub,0
9/1/24 0:00,9254.529445561193,Все категории,МО_0093,M,3,rub,0
10/1/24 0:00,10279.994456979883,Все категории,МО_0093,M,3,rub,0
11/1/24 0:00,10979.675327112993,Все категории,МО_0093,M,3,rub,0
12/1/24 0:00,12292.048314600754,Все категории,МО_0093,M,3,rub,0
1/1/23 0:00,4623.040567978985,Все категории,МО_0094,M,3,rub,0
2/1/23 0:00,4453.581059544347,Все категории,МО_0094,M,3,rub,0
3/1/23 0:00,4668.050231418458,Все категории,МО_0094,M,3,rub,0
4/1/23 0:00,4713.1285676101,Все категории,МО_0094,M,3,rub,0
5/1/23 0:00,4517.3507971557365,Все категории,МО_0094,M,3,rub,0
6/1/23 0:00,4710.861078496074,Все категории,МО_0094,M,3,rub,0
7/1/23 0:00,5112.498122856627,Все категории,МО_0094,M,3,rub,0
8/1/23 0:00,4886.6042501056045,Все категории,МО_0094,M,3,rub,0
9/1/23 0:00,5011.170702967214,Все категории,МО_0094,M,3,rub,0
10/1/23 0:00,5050.929884712959,Все категории,МО_0094,M,3,rub,0
11/1/23 0:00,5101.86573598338,Все категории,МО_0094,M,3,rub,0
12/1/23 0:00,4500.689768180532,Все категории,МО_0094,M,3,rub,0
1/1/24 0:00,4046.0399257126855,Все категории,МО_0094,M,3,rub,0
2/1/24 0:00,3899.2441308305088,Все категории,МО_0094,M,3,rub,0
3/1/24 0:00,3972.2096559164656,Все категории,МО_0094,M,3,rub,0
4/1/24 0:00,3989.788941242735,Все категории,МО_0094,M,3,rub,0
5/1/24 0:00,4335.98816617431,Все категории,МО_0094,M,3,rub,0
6/1/24 0:00,4265.608470197118,Все категории,МО_0094,M,3,rub,0
7/1/24 0:00,4524.4402339686985,Все категории,МО_0094,M,3,rub,0
8/1/24 0:00,4614.357104729254,Все категории,МО_0094,M,3,rub,0
9/1/24 0:00,4712.275288054496,Все категории,МО_0094,M,3,rub,0
10/1/24 0:00,5059.248427389142,Все категории,МО_0094,M,3,rub,0
11/1/24 0:00,4725.185165511863,Все категории,МО_0094,M,3,rub,0
12/1/24 0:00,4372.203294446668,Все категории,МО_0094,M,3,rub,0
1/1/23 0:00,8772.46502167283,Все категории,МО_0095,M,3,rub,0
2/1/23 0:00,8935.951029539443,Все категории,МО_0095,M,3,rub,0
3/1/23 0:00,9061.731091254474,Все категории,МО_0095,M,3,rub,0
4/1/23 0:00,8864.065936537843,Все категории,МО_0095,M,3,rub,0
5/1/23 0:00,8148.186145104563,Все категории,МО_0095,M,3,rub,0
6/1/23 0:00,8090.900853555422,Все категории,МО_0095,M,3,rub,0
7/1/23 0:00,7464.005686198335,Все категории,МО_0095,M,3,rub,0
8/1/23 0:00,8034.632769142299,Все категории,МО_0095,M,3,rub,0
9/1/23 0:00,8441.21404041777,Все категории,МО_0095,M,3,rub,0
10/1/23 0:00,8633.12792051488,Все категории,МО_0095,M,3,rub,0
11/1/23 0:00,9795.875043481354,Все категории,МО_0095,M,3,rub,0
12/1/23 0:00,9586.986754157942,Все категории,МО_0095,M,3,rub,0
1/1/24 0:00,10339.503412676646,Все категории,МО_0095,M,3,rub,0
2/1/24 0:00,10443.761546166434,Все категории,МО_0095,M,3,rub,0
3/1/24 0:00,10331.720751746896,Все категории,МО_0095,M,3,rub,0
4/1/24 0:00,10024.687808644494,Все категории,МО_0095,M,3,rub,0
5/1/24 0:00,9701.078061391016,Все категории,МО_0095,M,3,rub,0
6/1/24 0:00,9574.319082787988,Все категории,МО_0095,M,3,rub,0
7/1/24 0:00,9548.39330008133,Все категории,МО_0095,M,3,rub,0
8/1/24 0:00,9219.698841120311,Все категории,МО_0095,M,3,rub,0
9/1/24 0:00,9764.185462013102,Все категории,МО_0095,M,3,rub,0
10/1/24 0:00,9844.92345631947,Все категории,МО_0095,M,3,rub,0
11/1/24 0:00,10962.104032181991,Все категории,МО_0095,M,3,rub,0
12/1/24 0:00,11111.53813602902,Все категории,МО_0095,M,3,rub,0
1/1/23 0:00,10115.388920324724,Все категории,МО_0096,M,3,rub,0
2/1/23 0:00,10638.26640274435,Все категории,МО_0096,M,3,rub,0
3/1/23 0:00,10371.942391699265,Все категории,МО_0096,M,3,rub,0
4/1/23 0:00,10048.203388407992,Все категории,МО_0096,M,3,rub,0
5/1/23 0:00,10345.840268934156,Все категории,МО_0096,M,3,rub,0
6/1/23 0:00,10557.982656411139,Все категории,МО_0096,M,3,rub,0
7/1/23 0:00,10188.975034598589,Все категории,МО_0096,M,3,rub,0
8/1/23 0:00,9906.815880120601,Все категории,МО_0096,M,3,rub,0
9/1/23 0:00,9905.764079350814,Все категории,МО_0096,M,3,rub,0
10/1/23 0:00,9766.261968292907,Все категории,МО_0096,M,3,rub,0
11/1/23 0:00,10007.131157298232,Все категории,МО_0096,M,3,rub,0
12/1/23 0:00,10161.775639532836,Все категории,МО_0096,M,3,rub,0
1/1/24 0:00,10576.967187306042,Все категории,МО_0096,M,3,rub,0
2/1/24 0:00,10627.241345156308,Все категории,МО_0096,M,3,rub,0
3/1/24 0:00,10975.342647874875,Все категории,МО_0096,M,3,rub,0
4/1/24 0:00,10816.818372282652,Все категории,МО_0096,M,3,rub,0
5/1/24 0:00,10713.63013250299,Все категории,МО_0096,M,3,rub,0
6/1/24 0:00,11049.443600789022,Все категории,МО_0096,M,3,rub,0
7/1/24 0:00,10491.535765917091,Все категории,МО_0096,M,3,rub,0
8/1/24 0:00,10384.79100405108,Все категории,МО_0096,M,3,rub,0
9/1/24 0:00,10088.722855855369,Все категории,МО_0096,M,3,rub,0
10/1/24 0:00,9909.703295648224,Все категории,МО_0096,M,3,rub,0
11/1/24 0:00,10126.574516249899,Все категории,МО_0096,M,3,rub,0
12/1/24 0:00,10643.662039821183,Все категории,МО_0096,M,3,rub,0
1/1/23 0:00,7128.29702885453,Все категории,МО_0097,M,3,rub,0
2/1/23 0:00,5778.914502711157,Все категории,МО_0097,M,3,rub,0
3/1/23 0:00,5403.199510107031,Все категории,МО_0097,M,3,rub,0
4/1/23 0:00,5292.287482936664,Все категории,МО_0097,M,3,rub,0
5/1/23 0:00,4661.937562864998,Все категории,МО_0097,M,3,rub,0
6/1/23 0:00,4461.609615869655,Все категории,МО_0097,M,3,rub,0
7/1/23 0:00,5608.866450641276,Все категории,МО_0097,M,3,rub,0
8/1/23 0:00,6032.19135366929,Все категории,МО_0097,M,3,rub,0
9/1/23 0:00,6659.78944666843,Все категории,МО_0097,M,3,rub,0
10/1/23 0:00,7291.242099027896,Все категории,МО_0097,M,3,rub,0
11/1/23 0:00,8115.70032259639,Все категории,МО_0097,M,3,rub,0
12/1/23 0:00,7472.886650895363,Все категории,МО_0097,M,3,rub,0
1/1/24 0:00,7387.526826220391,Все категории,МО_0097,M,3,rub,0
2/1/24 0:00,6400.413518642983,Все категории,МО_0097,M,3,rub,0
3/1/24 0:00,5569.962577107738,Все категории,МО_0097,M,3,rub,0
4/1/24 0:00,5016.735429673777,Все категории,МО_0097,M,3,rub,0
5/1/24 0:00,4725.5516277753,Все категории,МО_0097,M,3,rub,0
6/1/24 0:00,5059.9386252067015,Все категории,МО_0097,M,3,rub,0
7/1/24 0:00,5083.565938377636,Все категории,МО_0097,M,3,rub,0
8/1/24 0:00,5567.452830534791,Все категории,МО_0097,M,3,rub,0
9/1/24 0:00,6927.271333589942,Все категории,МО_0097,M,3,rub,0
10/1/24 0:00,7681.23359052532,Все категории,МО_0097,M,3,rub,0
11/1/24 0:00,8018.216903439145,Все категории,МО_0097,M,3,rub,0
12/1/24 0:00,7855.939169315586,Все категории,МО_0097,M,3,rub,0
1/1/23 0:00,6882.907345078685,Все категории,МО_0098,M,3,rub,0
2/1/23 0:00,6386.421509197084,Все категории,МО_0098,M,3,rub,0
3/1/23 0:00,5439.99821735029,Все категории,МО_0098,M,3,rub,0
4/1/23 0:00,4833.033260025775,Все категории,МО_0098,M,3,rub,0
5/1/23 0:00,4643.6809955248555,Все категории,МО_0098,M,3,rub,0
6/1/23 0:00,5198.417939865242,Все категории,МО_0098,M,3,rub,0
7/1/23 0:00,4851.207493577751,Все категории,МО_0098,M,3,rub,0
8/1/23 0:00,5988.291685654885,Все категории,МО_0098,M,3,rub,0
9/1/23 0:00,6244.642940518695,Все категории,МО_0098,M,3,rub,0
10/1/23 0:00,7368.405195282004,Все категории,МО_0098,M,3,rub,0
11/1/23 0:00,7638.195012905306,Все категории,МО_0098,M,3,rub,0
12/1/23 0:00,7025.592555197353,Все категории,МО_0098,M,3,rub,0
1/1/24 0:00,7166.549236031249,Все категории,МО_0098,M,3,rub,0
2/1/24 0:00,6168.608382239014,Все категории,МО_0098,M,3,rub,0
3/1/24 0:00,5071.480589929078,Все категории,МО_0098,M,3,rub,0
4/1/24 0:00,5157.962002716551,Все категории,МО_0098,M,3,rub,0
5/1/24 0:00,5039.8850250782125,Все категории,МО_0098,M,3,rub,0
6/1/24 0:00,5150.7056396815815,Все категории,МО_0098,M,3,rub,0
7/1/24 0:00,5338.7147614000505,Все категории,МО_0098,M,3,rub,0
8/1/24 0:00,5951.581475495669,Все категории,МО_0098,M,3,rub,0
9/1/24 0:00,7127.88565680597,Все категории,МО_0098,M,3,rub,0
10/1/24 0:00,8011.08308319454,Все категории,МО_0098,M,3,rub,0
11/1/24 0:00,8230.519767600108,Все категории,МО_0098,M,3,rub,0
12/1/24 0:00,7443.187532894028,Все категории,МО_0098,M,3,rub,0
1/1/23 0:00,9937.064131944813,Все категории,МО_0099,M,3,rub,0
2/1/23 0:00,10268.028554267474,Все категории,МО_0099,M,3,rub,0
3/1/23 0:00,10027.723948329505,Все категории,МО_0099,M,3,rub,0
4/1/23 0:00,10597.646352121248,Все категории,МО_0099,M,3,rub,0
5/1/23 0:00,10946.347376876103,Все категории,МО_0099,M,3,rub,0
6/1/23 0:00,10433.726003978809,Все категории,МО_0099,M,3,rub,0
7/1/23 0:00,10378.257395246448,Все категории,МО_0099,M,3,rub,0
8/1/23 0:00,9893.747734066876,Все категории,МО_0099,M,3,rub,0
9/1/23 0:00,9693.728057312926,Все категории,МО_0099,M,3,rub,0
10/1/23 0:00,9746.12869091416,Все категории,МО_0099,M,3,rub,0
11/1/23 0:00,9608.296248908022,Все категории,МО_0099,M,3,rub,0
12/1/23 0:00,9786.160730559435,Все категории,МО_0099,M,3,rub,0
1/1/24 0:00,10523.078653432234,Все категории,МО_0099,M,3,rub,0
2/1/24 0:00,10844.863609760121,Все категории,МО_0099,M,3,rub,0
3/1/24 0:00,10566.87242999095,Все категории,МО_0099,M,3,rub,0
4/1/24 0:00,11096.222078636112,Все категории,МО_0099,M,3,rub,0
5/1/24 0:00,10824.442719599512,Все категории,МО_0099,M,3,rub,0
6/1/24 0:00,10751.452830954571,Все категории,МО_0099,M,3,rub,0
7/1/24 0:00,10542.8625329517,Все категории,МО_0099,M,3,rub,0
8/1/24 0:00,10424.21776544917,Все категории,МО_0099,M,3,rub,0
9/1/24 0:00,10080.449096408693,Все категории,МО_0099,M,3,rub,0
10/1/24 0:00,10313.440638422559,Все категории,МО_0099,M,3,rub,0
11/1/24 0:00,10187.196713031337,Все категории,МО_0099,M,3,rub,0
12/1/24 0:00,10472.24481580793,Все категории,МО_0099,M,3,rub,0
1/1/23 0:00,4518.566060087362,Все категории,МО_0100,M,3,rub,0
2/1/23 0:00,5076.111651923737,Все категории,МО_0100,M,3,rub,0
3/1/23 0:00,4598.7495415598105,Все категории,МО_0100,M,3,rub,0
4/1/23 0:00,4688.190043528028,Все категории,МО_0100,M,3,rub,0
5/1/23 0:00,4281.360283304935,Все категории,МО_0100,M,3,rub,0
6/1/23 0:00,4613.070757732335,Все категории,МО_0100,M,3,rub,0
7/1/23 0:00,5293.744268291915,Все категории,МО_0100,M,3,rub,0
8/1/23 0:00,5166.6339492328625,Все категории,МО_0100,M,3,rub,0
9/1/23 0:00,4648.32655278815,Все категории,МО_0100,M,3,rub,0
10/1/23 0:00,5296.293413778863,Все категории,МО_0100,M,3,rub,0
11/1/23 0:00,4723.831500862047,Все категории,МО_0100,M,3,rub,0
12/1/23 0:00,4977.991253687193,Все категории,МО_0100,M,3,rub,0
1/1/24 0:00,4417.023468469436,Все категории,МО_0100,M,3,rub,0
2/1/24 0:00,4335.547628268875,Все категории,МО_0100,M,3,rub,0
3/1/24 0:00,4487.2538974568115,Все категории,МО_0100,M,3,rub,0
4/1/24 0:00,4073.5793899065516,Все категории,МО_0100,M,3,rub,0
5/1/24 0:00,4158.0147319604575,Все категории,МО_0100,M,3,rub,0
6/1/24 0:00,4482.603084619129,Все категории,МО_0100,M,3,rub,0
7/1/24 0:00,4884.125500989471,Все категории,МО_0100,M,3,rub,0
8/1/24 0:00,4487.6670748478155,Все категории,МО_0100,M,3,rub,0
9/1/24 0:00,4431.749958079727,Все категории,МО_0100,M,3,rub,0
10/1/24 0:00,4934.6353022770945,Все категории,МО_0100,M,3,rub,0
11/1/24 0:00,4435.589174705979,Все категории,МО_0100,M,3,rub,0
12/1/24 0:00,4283.837829786989,Все категории,МО_0100,M,3,rub,0
1/1/23 0:00,9536.32806937144,Все категории,МО_0101,M,3,rub,0
2/1/23 0:00,10040.88376438519,Все категории,МО_0101,M,3,rub,0
3/1/23 0:00,10395.72480587869,Все категории,МО_0101,M,3,rub,0
4/1/23 0:00,10695.812162462164,Все категории,МО_0101,M,3,rub,0
5/1/23 0:00,10299.768176870928,Все категории,МО_0101,M,3,rub,0
6/1/23 0:00,10648.214690651006,Все категории,МО_0101,M,3,rub,0
7/1/23 0:00,9939.866604760988,Все категории,МО_0101,M,3,rub,0
8/1/23 0:00,9723.862197624347,Все категории,МО_0101,M,3,rub,0
9/1/23 0:00,10011.061201727282,Все категории,МО_0101,M,3,rub,0
10/1/23 0:00,9713.084791411462,Все категории,МО_0101,M,3,rub,0
11/1/23 0:00,9659.123955237372,Все категории,МО_0101,M,3,rub,0
12/1/23 0:00,9945.717518731062,Все категории,МО_0101,M,3,rub,0
1/1/24 0:00,10541.356052486663,Все категории,МО_0101,M,3,rub,0
2/1/24 0:00,10865.240811290661,Все категории,МО_0101,M,3,rub,0
3/1/24 0:00,10603.77561319682,Все категории,МО_0101,M,3,rub,0
4/1/24 0:00,10874.23298982644,Все категории,МО_0101,M,3,rub,0
5/1/24 0:00,10862.854527032787,Все категории,МО_0101,M,3,rub,0
6/1/24 0:00,10470.061709577498,Все категории,МО_0101,M,3,rub,0
7/1/24 0:00,10434.639784128969,Все категории,МО_0101,M,3,rub,0
8/1/24 0:00,10220.046945180493,Все категории,МО_0101,M,3,rub,0
9/1/24 0:00,10295.919383804712,Все категории,МО_0101,M,3,rub,0
10/1/24 0:00,10271.70699164503,Все категории,МО_0101,M,3,rub,0
11/1/24 0:00,10057.908725187517,Все категории,МО_0101,M,3,rub,0
12/1/24 0:00,10298.164321519936,Все категории,МО_0101,M,3,rub,0
1/1/23 0:00,4869.895333884146,Все категории,МО_0102,M,3,rub,0
2/1/23 0:00,4425.366822098736,Все категории,МО_0102,M,3,rub,0
3/1/23 0:00,4626.150927406136,Все категории,МО_0102,M,3,rub,0
4/1/23 0:00,4504.1599095900465,Все категории,МО_0102,M,3,rub,0
5/1/23 0:00,4420.311390618819,Все категории,МО_0102,M,3,rub,0
6/1/23 0:00,4582.235634051237,Все категории,МО_0102,M,3,rub,0
7/1/23 0:00,5349.400759647607,Все категории,МО_0102,M,3,rub,0
8/1/23 0:00,5053.3721502206945,Все категории,МО_0102,M,3,rub,0
9/1/23 0:00,5552.309487862898,Все категории,МО_0102,M,3,rub,0
10/1/23 0:00,4900.861032113389,Все категории,МО_0102,M,3,rub,0
11/1/23 0:00,4925.223376504879,Все категории,МО_0102,M,3,rub,0
12/1/23 0:00,5228.343166964815,Все категории,МО_0102,M,3,rub,0
1/1/24 0:00,4208.0042798605555,Все категории,МО_0102,M,3,rub,0
2/1/24 0:00,3902.9078197472754,Все категории,МО_0102,M,3,rub,0
3/1/24 0:00,4511.468400213638,Все категории,МО_0102,M,3,rub,0
4/1/24 0:00,4088.0016773475204,Все категории,МО_0102,M,3,rub,0
5/1/24 0:00,4365.115959355845,Все категории,МО_0102,M,3,rub,0
6/1/24 0:00,4396.16659975392,Все категории,МО_0102,M,3,rub,0
7/1/24 0:00,4749.501909252875,Все категории,МО_0102,M,3,rub,0
8/1/24 0:00,4573.825921245359,Все категории,МО_0102,M,3,rub,0
9/1/24 0:00,4774.070312640615,Все категории,МО_0102,M,3,rub,0
10/1/24 0:00,4843.237925296874,Все категории,МО_0102,M,3,rub,0
11/1/24 0:00,4346.599976403493,Все категории,МО_0102,M,3,rub,0
12/1/24 0:00,4218.402054109348,Все категории,МО_0102,M,3,rub,0
1/1/23 0:00,9828.60551865615,Все категории,МО_0103,M,3,rub,0
2/1/23 0:00,9891.426900574943,Все категории,МО_0103,M,3,rub,0
3/1/23 0:00,10309.79868397981,Все категории,МО_0103,M,3,rub,0
4/1/23 0:00,10523.60313310824,Все категории,МО_0103,M,3,rub,0
5/1/23 0:00,10376.618068595086,Все категории,МО_0103,M,3,rub,0
6/1/23 0:00,10245.280813851869,Все категории,МО_0103,M,3,rub,0
7/1/23 0:00,10072.88023918048,Все категории,МО_0103,M,3,rub,0
8/1/23 0:00,9729.182282071575,Все категории,МО_0103,M,3,rub,0
9/1/23 0:00,9843.040942032843,Все категории,МО_0103,M,3,rub,0
10/1/23 0:00,9953.898500351272,Все категории,МО_0103,M,3,rub,0
11/1/23 0:00,9676.070153547043,Все категории,МО_0103,M,3,rub,0
12/1/23 0:00,10073.907705698333,Все категории,МО_0103,M,3,rub,0
1/1/24 0:00,10210.86529059411,Все категории,МО_0103,M,3,rub,0
2/1/24 0:00,10628.663633262302,Все категории,МО_0103,M,3,rub,0
3/1/24 0:00,11121.293253453587,Все категории,МО_0103,M,3,rub,0
4/1/24 0:00,10994.750282982961,Все категории,МО_0103,M,3,rub,0
5/1/24 0:00,10465.432679481484,Все категории,МО_0103,M,3,rub,0
6/1/24 0:00,10776.034424404439,Все категории,МО_0103,M,3,rub,0
7/1/24 0:00,10707.045640910874,Все категории,МО_0103,M,3,rub,0
8/1/24 0:00,10173.769573894539,Все категории,МО_0103,M,3,rub,0
9/1/24 0:00,10266.191799548755,Все категории,МО_0103,M,3,rub,0
10/1/24 0:00,9889.19166953548,Все категории,МО_0103,M,3,rub,0
11/1/24 0:00,9827.972609198367,Все категории,МО_0103,M,3,rub,0
12/1/24 0:00,10371.56680917055,Все категории,МО_0103,M,3,rub,0
1/1/23 0:00,4314.72673613234,Все категории,МО_0104,M,3,rub,0
2/1/23 0:00,4502.460587120932,Все категории,МО_0104,M,3,rub,0
3/1/23 0:00,4790.502417344772,Все категории,МО_0104,M,3,rub,0
4/1/23 0:00,4111.996073209856,Все категории,МО_0104,M,3,rub,0
5/1/23 0:00,4352.3034473025455,Все категории,МО_0104,M,3,rub,0
6/1/23 0:00,4565.03979818141,Все категории,МО_0104,M,3,rub,0
7/1/23 0:00,4960.297006590147,Все категории,МО_0104,M,3,rub,0
8/1/23 0:00,5000.7655345956355,Все категории,МО_0104,M,3,rub,0
9/1/23 0:00,5485.74593285601,Все категории,МО_0104,M,3,rub,0
10/1/23 0:00,5274.111029829052,Все категории,МО_0104,M,3,rub,0
11/1/23 0:00,4975.734592418371,Все категории,МО_0104,M,3,rub,0
12/1/23 0:00,4672.723598615292,Все категории,МО_0104,M,3,rub,0
1/1/24 0:00,4524.555401870614,Все категории,МО_0104,M,3,rub,0
2/1/24 0:00,4110.3717615697005,Все категории,МО_0104,M,3,rub,0
3/1/24 0:00,4415.6440418748725,Все категории,МО_0104,M,3,rub,0
4/1/24 0:00,4030.113364706511,Все категории,МО_0104,M,3,rub,0
5/1/24 0:00,4556.017663516172,Все категории,МО_0104,M,3,rub,0
6/1/24 0:00,4803.45749217839,Все категории,МО_0104,M,3,rub,0
7/1/24 0:00,4735.914491407457,Все категории,МО_0104,M,3,rub,0
8/1/24 0:00,4754.379503338235,Все категории,МО_0104,M,3,rub,0
9/1/24 0:00,4914.606826851723,Все категории,МО_0104,M,3,rub,0
10/1/24 0:00,4104.2244833708655,Все категории,МО_0104,M,3,rub,0
11/1/24 0:00,4640.964820609313,Все категории,МО_0104,M,3,rub,0
12/1/24 0:00,4343.988336953696,Все категории,МО_0104,M,3,rub,0
1/1/23 0:00,4698.890533237885,Все категории,МО_0105,M,3,rub,0
2/1/23 0:00,4720.61562805417,Все категории,МО_0105,M,3,rub,0
3/1/23 0:00,4475.216522669391,Все категории,МО_0105,M,3,rub,0
4/1/23 0:00,4273.300056264377,Все категории,МО_0105,M,3,rub,0
5/1/23 0:00,4607.1522793748645,Все категории,МО_0105,M,3,rub,0
6/1/23 0:00,4823.050533229112,Все категории,МО_0105,M,3,rub,0
7/1/23 0:00,5004.704188729594,Все категории,МО_0105,M,3,rub,0
8/1/23 0:00,5134.450440114153,Все категории,МО_0105,M,3,rub,0
9/1/23 0:00,5387.94856717844,Все категории,МО_0105,M,3,rub,0
10/1/23 0:00,4762.586942375017,Все категории,МО_0105,M,3,rub,0
11/1/23 0:00,4896.861021500685,Все категории,МО_0105,M,3,rub,0
12/1/23 0:00,4947.869513348415,Все категории,МО_0105,M,3,rub,0
1/1/24 0:00,4067.9014608579346,Все категории,МО_0105,M,3,rub,0
2/1/24 0:00,4330.118587959408,Все категории,МО_0105,M,3,rub,0
3/1/24 0:00,4108.361373746056,Все категории,МО_0105,M,3,rub,0
4/1/24 0:00,4182.299434604772,Все категории,МО_0105,M,3,rub,0
5/1/24 0:00,4176.3585129624535,Все категории,МО_0105,M,3,rub,0
6/1/24 0:00,4488.646948621386,Все категории,МО_0105,M,3,rub,0
7/1/24 0:00,5138.156682226667,Все категории,МО_0105,M,3,rub,0
8/1/24 0:00,4502.601446020445,Все категории,МО_0105,M,3,rub,0
9/1/24 0:00,4543.582329737969,Все категории,МО_0105,M,3,rub,0
10/1/24 0:00,4437.07774867811,Все категории,МО_0105,M,3,rub,0
11/1/24 0:00,4983.7383569391195,Все категории,МО_0105,M,3,rub,0
12/1/24 0:00,4268.846338423465,Все категории,МО_0105,M,3,rub,0
1/1/23 0:00,4704.765243720389,Все категории,МО_0106,M,3,rub,0
2/1/23 0:00,4465.911996758684,Все категории,МО_0106,M,3,rub,0
3/1/23 0:00,4284.79212091872,Все категории,МО_0106,M,3,rub,0
4/1/23 0:00,4471.121116105481,Все категории,МО_0106,M,3,rub,0
5/1/23 0:00,5246.662987846723,Все категории,МО_0106,M,3,rub,0
6/1/23 0:00,5153.274770859279,Все категории,МО_0106,M,3,rub,0
7/1/23 0:00,4768.275558491824,Все категории,МО_0106,M,3,rub,0
8/1/23 0:00,5260.655043963634,Все категории,МО_0106,M,3,rub,0
9/1/23 0:00,4906.790793072404,Все категории,МО_0106,M,3,rub,0
10/1/23 0:00,4601.0030846911195,Все категории,МО_0106,M,3,rub,0
11/1/23 0:00,5107.882399294552,Все категории,МО_0106,M,3,rub,0
12/1/23 0:00,4915.852759574507,Все категории,МО_0106,M,3,rub,0
1/1/24 0:00,4674.6787429672295,Все категории,МО_0106,M,3,rub,0
2/1/24 0:00,4191.754295804427,Все категории,МО_0106,M,3,rub,0
3/1/24 0:00,4195.25613341535,Все категории,МО_0106,M,3,rub,0
4/1/24 0:00,4423.2954542271345,Все категории,МО_0106,M,3,rub,0
5/1/24 0:00,4456.015026119409,Все категории,МО_0106,M,3,rub,0
6/1/24 0:00,4438.635328767577,Все категории,МО_0106,M,3,rub,0
7/1/24 0:00,4321.826100048752,Все категории,МО_0106,M,3,rub,0
8/1/24 0:00,4823.841520686809,Все категории,МО_0106,M,3,rub,0
9/1/24 0:00,5084.246016043714,Все категории,МО_0106,M,3,rub,0
10/1/24 0:00,4460.28787138668,Все категории,МО_0106,M,3,rub,0
11/1/24 0:00,4719.709911393619,Все категории,МО_0106,M,3,rub,0
12/1/24 0:00,4441.702204715209,Все категории,МО_0106,M,3,rub,0
1/1/23 0:00,7184.088770170652,Все категории,МО_0107,M,3,rub,0
2/1/23 0:00,6408.042288838678,Все категории,МО_0107,M,3,rub,0
3/1/23 0:00,5300.6128638840455,Все категории,МО_0107,M,3,rub,0
4/1/23 0:00,4619.472130621484,Все категории,МО_0107,M,3,rub,0
5/1/23 0:00,4602.6961032017725,Все категории,МО_0107,M,3,rub,0
6/1/23 0:00,4968.380052037423,Все категории,МО_0107,M,3,rub,0
7/1/23 0:00,5088.313953598417,Все категории,МО_0107,M,3,rub,0
8/1/23 0:00,5709.05162650325,Все категории,МО_0107,M,3,rub,0
9/1/23 0:00,6209.214324290534,Все категории,МО_0107,M,3,rub,0
10/1/23 0:00,7937.802923543527,Все категории,МО_0107,M,3,rub,0
11/1/23 0:00,8032.814506371259,Все категории,МО_0107,M,3,rub,0
12/1/23 0:00,7875.498877862674,Все категории,МО_0107,M,3,rub,0
1/1/24 0:00,7334.3718642457,Все категории,МО_0107,M,3,rub,0
2/1/24 0:00,6409.255538826667,Все категории,МО_0107,M,3,rub,0
3/1/24 0:00,5462.070356400417,Все категории,МО_0107,M,3,rub,0
4/1/24 0:00,4955.054927392596,Все категории,МО_0107,M,3,rub,0
5/1/24 0:00,4678.0457486000605,Все категории,МО_0107,M,3,rub,0
6/1/24 0:00,5392.010814088746,Все категории,МО_0107,M,3,rub,0
7/1/24 0:00,5380.9404635278415,Все категории,МО_0107,M,3,rub,0
8/1/24 0:00,5831.432227256925,Все категории,МО_0107,M,3,rub,0
9/1/24 0:00,6886.123190547233,Все категории,МО_0107,M,3,rub,0
10/1/24 0:00,7192.910356394359,Все категории,МО_0107,M,3,rub,0
11/1/24 0:00,8353.550754721791,Все категории,МО_0107,M,3,rub,0
12/1/24 0:00,7527.160877339415,Все категории,МО_0107,M,3,rub,0
1/1/23 0:00,9029.357314106011,Все категории,МО_0108,M,3,rub,0
2/1/23 0:00,9347.032284690127,Все категории,МО_0108,M,3,rub,0
3/1/23 0:00,9077.245918880177,Все категории,МО_0108,M,3,rub,0
4/1/23 0:00,8734.796063139547,Все категории,МО_0108,M,3,rub,0
5/1/23 0:00,8375.811188329692,Все категории,МО_0108,M,3,rub,0
6/1/23 0:00,8068.377616782913,Все категории,МО_0108,M,3,rub,0
7/1/23 0:00,7797.006342283952,Все категории,МО_0108,M,3,rub,0
8/1/23 0:00,7876.828733062143,Все категории,МО_0108,M,3,rub,0
9/1/23 0:00,8624.865562725083,Все категории,МО_0108,M,3,rub,0
10/1/23 0:00,8677.668152799704,Все категории,МО_0108,M,3,rub,0
11/1/23 0:00,9060.2044422607,Все категории,МО_0108,M,3,rub,0
12/1/23 0:00,9692.523915323392,Все категории,МО_0108,M,3,rub,0
1/1/24 0:00,10617.034611519579,Все категории,МО_0108,M,3,rub,0
2/1/24 0:00,10669.057827247063,Все категории,МО_0108,M,3,rub,0
3/1/24 0:00,10538.52565845163,Все категории,МО_0108,M,3,rub,0
4/1/24 0:00,9981.714413583495,Все категории,МО_0108,M,3,rub,0
5/1/24 0:00,9837.72753559211,Все категории,МО_0108,M,3,rub,0
6/1/24 0:00,9155.353795310437,Все категории,МО_0108,M,3,rub,0
7/1/24 0:00,9090.704350405975,Все категории,МО_0108,M,3,rub,0
8/1/24 0:00,9492.519006046776,Все категории,МО_0108,M,3,rub,0
9/1/24 0:00,9781.472108134922,Все категории,МО_0108,M,3,rub,0
10/1/24 0:00,9762.530605738,Все категории,МО_0108,M,3,rub,0
11/1/24 0:00,10441.620384618818,Все категории,МО_0108,M,3,rub,0
12/1/24 0:00,11405.60442078383,Все категории,МО_0108,M,3,rub,0
1/1/23 0:00,7470.097505694087,Все категории,МО_0109,M,3,rub,0
2/1/23 0:00,5731.929339736616,Все категории,МО_0109,M,3,rub,0
3/1/23 0:00,5510.935416565687,Все категории,МО_0109,M,3,rub,0
4/1/23 0:00,4664.203517240725,Все категории,МО_0109,M,3,rub,0
5/1/23 0:00,4584.1732925280385,Все категории,МО_0109,M,3,rub,0
6/1/23 0:00,4725.39715928811,Все категории,МО_0109,M,3,rub,0
7/1/23 0:00,5113.102440781568,Все категории,МО_0109,M,3,rub,0
8/1/23 0:00,5745.763584285499,Все категории,МО_0109,M,3,rub,0
9/1/23 0:00,6680.391984930604,Все категории,МО_0109,M,3,rub,0
10/1/23 0:00,7243.6150801356725,Все категории,МО_0109,M,3,rub,0
11/1/23 0:00,7330.239024377788,Все категории,МО_0109,M,3,rub,0
12/1/23 0:00,7878.641397535728,Все категории,МО_0109,M,3,rub,0
1/1/24 0:00,7271.609408496916,Все категории,МО_0109,M,3,rub,0
2/1/24 0:00,6477.9348367595785,Все категории,МО_0109,M,3,rub,0
3/1/24 0:00,5186.046628977231,Все категории,МО_0109,M,3,rub,0
4/1/24 0:00,5047.613428844088,Все категории,МО_0109,M,3,rub,0
5/1/24 0:00,4889.16814955866,Все категории,МО_0109,M,3,rub,0
6/1/24 0:00,4656.577174185322,Все категории,МО_0109,M,3,rub,0
7/1/24 0:00,5264.539171208021,Все категории,МО_0109,M,3,rub,0
8/1/24 0:00,5913.063093508771,Все категории,МО_0109,M,3,rub,0
9/1/24 0:00,7275.950155769475,Все категории,МО_0109,M,3,rub,0
10/1/24 0:00,8089.043295269222,Все категории,МО_0109,M,3,rub,0
11/1/24 0:00,7359.059682755108,Все категории,МО_0109,M,3,rub,0
12/1/24 0:00,8539.630784947645,Все категории,МО_0109,M,3,rub,0
1/1/23 0:00,8653.742254636622,Все категории,МО_0110,M,3,rub,0
2/1/23 0:00,9323.142594825324,Все категории,МО_0110,M,3,rub,0
3/1/23 0:00,9238.159863099998,Все категории,МО_0110,M,3,rub,0
4/1/23 0:00,8453.747123639623,Все категории,МО_0110,M,3,rub,0
5/1/23 0:00,8497.92403591501,Все категории,МО_0110,M,3,rub,0
6/1/23 0:00,8056.020046742018,Все категории,МО_0110,M,3,rub,0
7/1/23 0:00,8066.104988617939,Все категории,МО_0110,M,3,rub,0
8/1/23 0:00,8039.203810871684,Все категории,МО_0110,M,3,rub,0
9/1/23 0:00,8551.886049586912,Все категории,МО_0110,M,3,rub,0
10/1/23 0:00,8725.684623305082,Все категории,МО_0110,M,3,rub,0
11/1/23 0:00,9229.725897577242,Все категории,МО_0110,M,3,rub,0
12/1/23 0:00,10172.88363223634,Все категории,МО_0110,M,3,rub,0
1/1/24 0:00,10452.70198932032,Все категории,МО_0110,M,3,rub,0
2/1/24 0:00,10687.063198887021,Все категории,МО_0110,M,3,rub,0
3/1/24 0:00,10158.29057204867,Все категории,МО_0110,M,3,rub,0
4/1/24 0:00,9748.589550163504,Все категории,МО_0110,M,3,rub,0
5/1/24 0:00,9506.656186593871,Все категории,МО_0110,M,3,rub,0
6/1/24 0:00,9161.601636929392,Все категории,МО_0110,M,3,rub,0
7/1/24 0:00,9380.441127971619,Все категории,МО_0110,M,3,rub,0
8/1/24 0:00,9494.278957726683,Все категории,МО_0110,M,3,rub,0
9/1/24 0:00,9484.015058392879,Все категории,МО_0110,M,3,rub,0
10/1/24 0:00,10495.394229644297,Все категории,МО_0110,M,3,rub,0
11/1/24 0:00,11162.050259244153,Все категории,МО_0110,M,3,rub,0
12/1/24 0:00,11451.786606873895,Все категории,МО_0110,M,3,rub,0
1/1/23 0:00,4521.135780578929,Все категории,МО_0111,M,3,rub,0
2/1/23 0:00,4930.209231357387,Все категории,МО_0111,M,3,rub,0
3/1/23 0:00,4478.29464355687,Все категории,МО_0111,M,3,rub,0
4/1/23 0:00,4552.629500813498,Все категории,МО_0111,M,3,rub,0
5/1/23 0:00,4561.720347564697,Все категории,МО_0111,M,3,rub,0
6/1/23 0:00,4597.622527618341,Все категории,МО_0111,M,3,rub,0
7/1/23 0:00,4623.720299947036,Все категории,МО_0111,M,3,rub,0
8/1/23 0:00,5256.788364045142,Все категории,МО_0111,M,3,rub,0
9/1/23 0:00,4918.611168119225,Все категории,МО_0111,M,3,rub,0
10/1/23 0:00,5859.529351996655,Все категории,МО_0111,M,3,rub,0
11/1/23 0:00,4597.467875299303,Все категории,МО_0111,M,3,rub,0
12/1/23 0:00,4356.1623460787705,Все категории,МО_0111,M,3,rub,0
1/1/24 0:00,4551.080901531208,Все категории,МО_0111,M,3,rub,0
2/1/24 0:00,4632.414715954388,Все категории,МО_0111,M,3,rub,0
3/1/24 0:00,4244.069787568753,Все категории,МО_0111,M,3,rub,0
4/1/24 0:00,4384.207323581188,Все категории,МО_0111,M,3,rub,0
5/1/24 0:00,3984.862080525181,Все категории,МО_0111,M,3,rub,0
6/1/24 0:00,4376.079652566498,Все категории,МО_0111,M,3,rub,0
7/1/24 0:00,4441.316430407371,Все категории,МО_0111,M,3,rub,0
8/1/24 0:00,4362.845815512984,Все категории,МО_0111,M,3,rub,0
9/1/24 0:00,4845.4749631522955,Все категории,МО_0111,M,3,rub,0
10/1/24 0:00,4233.170935950749,Все категории,МО_0111,M,3,rub,0
11/1/24 0:00,4278.915419706004,Все категории,МО_0111,M,3,rub,0
12/1/24 0:00,4252.899169729537,Все категории,МО_0111,M,3,rub,0
1/1/23 0:00,6743.717451918795,Все категории,МО_0112,M,3,rub,0
2/1/23 0:00,6287.296249317416,Все категории,МО_0112,M,3,rub,0
3/1/23 0:00,5516.945004781356,Все категории,МО_0112,M,3,rub,0
4/1/23 0:00,5107.503673616192,Все категории,МО_0112,M,3,rub,0
5/1/23 0:00,4845.635348019854,Все категории,МО_0112,M,3,rub,0
6/1/23 0:00,5018.651442118741,Все категории,МО_0112,M,3,rub,0
7/1/23 0:00,5199.434912407922,Все категории,МО_0112,M,3,rub,0
8/1/23 0:00,5941.450698725486,Все категории,МО_0112,M,3,rub,0
9/1/23 0:00,6816.51900595149,Все категории,МО_0112,M,3,rub,0
10/1/23 0:00,7442.426162523283,Все категории,МО_0112,M,3,rub,0
11/1/23 0:00,7649.33447574986,Все категории,МО_0112,M,3,rub,0
12/1/23 0:00,7535.784883251029,Все категории,МО_0112,M,3,rub,0
1/1/24 0:00,6828.878247743748,Все категории,МО_0112,M,3,rub,0
2/1/24 0:00,6369.617765283869,Все категории,МО_0112,M,3,rub,0
3/1/24 0:00,5495.0102395355525,Все категории,МО_0112,M,3,rub,0
4/1/24 0:00,4857.0529597638715,Все категории,МО_0112,M,3,rub,0
5/1/24 0:00,4634.337383402968,Все категории,МО_0112,M,3,rub,0
6/1/24 0:00,4623.318789467053,Все категории,МО_0112,M,3,rub,0
7/1/24 0:00,5472.745109058369,Все категории,МО_0112,M,3,rub,0
8/1/24 0:00,5959.337753265869,Все категории,МО_0112,M,3,rub,0
9/1/24 0:00,6529.8004444171775,Все категории,МО_0112,M,3,rub,0
10/1/24 0:00,7735.905441420639,Все категории,МО_0112,M,3,rub,0
11/1/24 0:00,7691.289597367001,Все категории,МО_0112,M,3,rub,0
12/1/24 0:00,7306.034627384072,Все категории,МО_0112,M,3,rub,0
1/1/23 0:00,9171.35737070005,Все категории,МО_0113,M,3,rub,0
2/1/23 0:00,8908.150566393928,Все категории,МО_0113,M,3,rub,0
3/1/23 0:00,8863.669154436431,Все категории,МО_0113,M,3,rub,0
4/1/23 0:00,8720.842908569375,Все категории,МО_0113,M,3,rub,0
5/1/23 0:00,8665.083377623232,Все категории,МО_0113,M,3,rub,0
6/1/23 0:00,8086.910564560055,Все категории,МО_0113,M,3,rub,0
7/1/23 0:00,7652.7671289443215,Все категории,МО_0113,M,3,rub,0
8/1/23 0:00,8115.097298411408,Все категории,МО_0113,M,3,rub,0
9/1/23 0:00,8131.22812411662,Все категории,МО_0113,M,3,rub,0
10/1/23 0:00,9213.286847436511,Все категории,МО_0113,M,3,rub,0
11/1/23 0:00,9276.01449097381,Все категории,МО_0113,M,3,rub,0
12/1/23 0:00,9205.422576719513,Все категории,МО_0113,M,3,rub,0
1/1/24 0:00,10382.99714943016,Все категории,МО_0113,M,3,rub,0
2/1/24 0:00,11083.056438024276,Все категории,МО_0113,M,3,rub,0
3/1/24 0:00,10864.552070574076,Все категории,МО_0113,M,3,rub,0
4/1/24 0:00,10627.118945888886,Все категории,МО_0113,M,3,rub,0
5/1/24 0:00,9378.605299606608,Все категории,МО_0113,M,3,rub,0
6/1/24 0:00,9592.775163900269,Все категории,МО_0113,M,3,rub,0
7/1/24 0:00,8965.473984655937,Все категории,МО_0113,M,3,rub,0
8/1/24 0:00,9282.57106366375,Все категории,МО_0113,M,3,rub,0
9/1/24 0:00,9171.24542123381,Все категории,МО_0113,M,3,rub,0
10/1/24 0:00,9861.864741839929,Все категории,МО_0113,M,3,rub,0
11/1/24 0:00,10497.930813176818,Все категории,МО_0113,M,3,rub,0
12/1/24 0:00,11679.094448205482,Все категории,МО_0113,M,3,rub,0
1/1/23 0:00,7198.635699672462,Все категории,МО_0114,M,3,rub,0
2/1/23 0:00,6257.292467113798,Все категории,МО_0114,M,3,rub,0
3/1/23 0:00,5163.342811993853,Все категории,МО_0114,M,3,rub,0
4/1/23 0:00,4867.075482507832,Все категории,МО_0114,M,3,rub,0
5/1/23 0:00,4563.7212891448,Все категории,МО_0114,M,3,rub,0
6/1/23 0:00,4964.515845656421,Все категории,МО_0114,M,3,rub,0
7/1/23 0:00,5450.754716091995,Все категории,МО_0114,M,3,rub,0
8/1/23 0:00,6123.109626216971,Все категории,МО_0114,M,3,rub,0
9/1/23 0:00,6479.734951711703,Все категории,МО_0114,M,3,rub,0
10/1/23 0:00,6632.284400715733,Все категории,МО_0114,M,3,rub,0
11/1/23 0:00,7241.4969341864835,Все категории,МО_0114,M,3,rub,0
12/1/23 0:00,8083.506669600261,Все категории,МО_0114,M,3,rub,0
1/1/24 0:00,6943.545753050838,Все категории,МО_0114,M,3,rub,0
2/1/24 0:00,6077.818330761009,Все категории,МО_0114,M,3,rub,0
3/1/24 0:00,5890.303179761353,Все категории,МО_0114,M,3,rub,0
4/1/24 0:00,5246.521129454757,Все категории,МО_0114,M,3,rub,0
5/1/24 0:00,4763.396532812118,Все категории,МО_0114,M,3,rub,0
6/1/24 0:00,4796.04982208433,Все категории,МО_0114,M,3,rub,0
7/1/24 0:00,5234.873273474994,Все категории,МО_0114,M,3,rub,0
8/1/24 0:00,5994.8523830621125,Все категории,МО_0114,M,3,rub,0
9/1/24 0:00,7205.828951173083,Все категории,МО_0114,M,3,rub,0
10/1/24 0:00,7617.35595440922,Все категории,МО_0114,M,3,rub,0
11/1/24 0:00,8097.436913229867,Все категории,МО_0114,M,3,rub,0
12/1/24 0:00,8098.926300407408,Все категории,МО_0114,M,3,rub,0
1/1/23 0:00,6653.052134729777,Все категории,МО_0115,M,3,rub,0
2/1/23 0:00,6378.0937333612665,Все категории,МО_0115,M,3,rub,0
3/1/23 0:00,5386.082480053555,Все категории,МО_0115,M,3,rub,0
4/1/23 0:00,4456.282994730777,Все категории,МО_0115,M,3,rub,0
5/1/23 0:00,4318.275965492228,Все категории,МО_0115,M,3,rub,0
6/1/23 0:00,4603.440895145908,Все категории,МО_0115,M,3,rub,0
7/1/23 0:00,5311.507079690565,Все категории,МО_0115,M,3,rub,0
8/1/23 0:00,5896.54529097881,Все категории,МО_0115,M,3,rub,0
9/1/23 0:00,6727.899951394768,Все категории,МО_0115,M,3,rub,0
10/1/23 0:00,8001.0146445963555,Все категории,МО_0115,M,3,rub,0
11/1/23 0:00,7387.156138273529,Все категории,МО_0115,M,3,rub,0
12/1/23 0:00,7628.287360704856,Все категории,МО_0115,M,3,rub,0
1/1/24 0:00,7142.338030175599,Все категории,МО_0115,M,3,rub,0
2/1/24 0:00,6081.332690502743,Все категории,МО_0115,M,3,rub,0
3/1/24 0:00,5521.966948390846,Все категории,МО_0115,M,3,rub,0
4/1/24 0:00,4678.421860504258,Все категории,МО_0115,M,3,rub,0
5/1/24 0:00,5034.827527717465,Все категории,МО_0115,M,3,rub,0
6/1/24 0:00,4722.149823159671,Все категории,МО_0115,M,3,rub,0
7/1/24 0:00,5708.0798667145045,Все категории,МО_0115,M,3,rub,0
8/1/24 0:00,5932.915115189762,Все категории,МО_0115,M,3,rub,0
9/1/24 0:00,7042.833157837671,Все категории,МО_0115,M,3,rub,0
10/1/24 0:00,7473.762174240247,Все категории,МО_0115,M,3,rub,0
11/1/24 0:00,7855.992894047825,Все категории,МО_0115,M,3,rub,0
12/1/24 0:00,7550.39228126933,Все категории,МО_0115,M,3,rub,0
1/1/23 0:00,9920.73686818571,Все категории,МО_0116,M,3,rub,0
2/1/23 0:00,10243.103961361818,Все категории,МО_0116,M,3,rub,0
3/1/23 0:00,10235.487217201577,Все категории,МО_0116,M,3,rub,0
4/1/23 0:00,10472.40636434685,Все категории,МО_0116,M,3,rub,0
5/1/23 0:00,10333.01401831244,Все категории,МО_0116,M,3,rub,0
6/1/23 0:00,10785.881413922318,Все категории,МО_0116,M,3,rub,0
7/1/23 0:00,10058.822454859761,Все категории,МО_0116,M,3,rub,0
8/1/23 0:00,10167.022192132636,Все категории,МО_0116,M,3,rub,0
9/1/23 0:00,9670.02605824134,Все категории,МО_0116,M,3,rub,0
10/1/23 0:00,9722.380285657751,Все категории,МО_0116,M,3,rub,0
11/1/23 0:00,9511.63864605296,Все категории,МО_0116,M,3,rub,0
12/1/23 0:00,9887.815773099815,Все категории,МО_0116,M,3,rub,0
1/1/24 0:00,10303.209147569578,Все категории,МО_0116,M,3,rub,0
2/1/24 0:00,10891.305361167146,Все категории,МО_0116,M,3,rub,0
3/1/24 0:00,10826.378899155314,Все категории,МО_0116,M,3,rub,0
4/1/24 0:00,11188.865457740078,Все категории,МО_0116,M,3,rub,0
5/1/24 0:00,10983.131254278263,Все категории,МО_0116,M,3,rub,0
6/1/24 0:00,11031.9184442133,Все категории,МО_0116,M,3,rub,0
7/1/24 0:00,10433.939191571862,Все категории,МО_0116,M,3,rub,0
8/1/24 0:00,10719.335590576358,Все категории,МО_0116,M,3,rub,0
9/1/24 0:00,9966.560373150352,Все категории,МО_0116,M,3,rub,0
10/1/24 0:00,9874.103129504289,Все категории,МО_0116,M,3,rub,0
11/1/24 0:00,9882.27149597994,Все категории,МО_0116,M,3,rub,0
12/1/24 0:00,10835.905621301848,Все категории,МО_0116,M,3,rub,0
1/1/23 0:00,10060.669090703816,Все категории,МО_0117,M,3,rub,0
2/1/23 0:00,10110.376840266727,Все категории,МО_0117,M,3,rub,0
3/1/23 0:00,10660.298765683727,Все категории,МО_0117,M,3,rub,0
4/1/23 0:00,10644.023540347267,Все категории,МО_0117,M,3,rub,0
5/1/23 0:00,10879.372233481467,Все категории,МО_0117,M,3,rub,0
6/1/23 0:00,9987.038121471107,Все категории,МО_0117,M,3,rub,0
7/1/23 0:00,10023.551949822002,Все категории,МО_0117,M,3,rub,0
8/1/23 0:00,9766.852879553157,Все категории,МО_0117,M,3,rub,0
9/1/23 0:00,9332.19077734451,Все категории,МО_0117,M,3,rub,0
10/1/23 0:00,9879.394901664658,Все категории,МО_0117,M,3,rub,0
11/1/23 0:00,9713.68309358397,Все категории,МО_0117,M,3,rub,0
12/1/23 0:00,10125.301042240817,Все категории,МО_0117,M,3,rub,0
1/1/24 0:00,10755.746390469416,Все категории,МО_0117,M,3,rub,0
2/1/24 0:00,10476.973480760995,Все категории,МО_0117,M,3,rub,0
3/1/24 0:00,10688.014052160383,Все категории,МО_0117,M,3,rub,0
4/1/24 0:00,10909.32583266038,Все категории,МО_0117,M,3,rub,0
5/1/24 0:00,11059.512731162624,Все категории,МО_0117,M,3,rub,0
6/1/24 0:00,10558.280784349452,Все категории,МО_0117,M,3,rub,0
7/1/24 0:00,10315.271727002912,Все категории,МО_0117,M,3,rub,0
8/1/24 0:00,10437.32690849992,Все категории,МО_0117,M,3,rub,0
9/1/24 0:00,10140.286348946684,Все категории,МО_0117,M,3,rub,0
10/1/24 0:00,9624.867903401686,Все категории,МО_0117,M,3,rub,0
11/1/24 0:00,9879.240287635432,Все категории,МО_0117,M,3,rub,0
12/1/24 0:00,10657.559347915982,Все категории,МО_0117,M,3,rub,0
1/1/23 0:00,9977.00840810103,Все категории,МО_0118,M,3,rub,0
2/1/23 0:00,10024.18629579991,Все категории,МО_0118,M,3,rub,0
3/1/23 0:00,10361.922592727482,Все категории,МО_0118,M,3,rub,0
4/1/23 0:00,10501.409166310448,Все категории,МО_0118,M,3,rub,0
5/1/23 0:00,10614.921059271548,Все категории,МО_0118,M,3,rub,0
6/1/23 0:00,10024.974736310573,Все категории,МО_0118,M,3,rub,0
7/1/23 0:00,9908.824643640277,Все категории,МО_0118,M,3,rub,0
8/1/23 0:00,9911.580649876552,Все категории,МО_0118,M,3,rub,0
9/1/23 0:00,9688.569215474783,Все категории,МО_0118,M,3,rub,0
10/1/23 0:00,9783.349447128605,Все категории,МО_0118,M,3,rub,0
11/1/23 0:00,9529.128856920446,Все категории,МО_0118,M,3,rub,0
12/1/23 0:00,10048.137505986555,Все категории,МО_0118,M,3,rub,0
1/1/24 0:00,10486.37078370394,Все категории,МО_0118,M,3,rub,0
2/1/24 0:00,10654.486722764696,Все категории,МО_0118,M,3,rub,0
3/1/24 0:00,10808.449896085944,Все категории,МО_0118,M,3,rub,0
4/1/24 0:00,10862.614690954262,Все категории,МО_0118,M,3,rub,0
5/1/24 0:00,10663.737511805777,Все категории,МО_0118,M,3,rub,0
6/1/24 0:00,10663.26598260777,Все категории,МО_0118,M,3,rub,0
7/1/24 0:00,10712.795177915397,Все категории,МО_0118,M,3,rub,0
8/1/24 0:00,10194.660989868611,Все категории,МО_0118,M,3,rub,0
9/1/24 0:00,9886.274401175304,Все категории,МО_0118,M,3,rub,0
10/1/24 0:00,9928.404388981582,Все категории,МО_0118,M,3,rub,0
11/1/24 0:00,10165.101749047224,Все категории,МО_0118,M,3,rub,0
12/1/24 0:00,10265.35302561373,Все категории,МО_0118,M,3,rub,0
1/1/23 0:00,9993.658948148015,Все категории,МО_0119,M,3,rub,0
2/1/23 0:00,10285.155028289068,Все категории,МО_0119,M,3,rub,0
3/1/23 0:00,10583.811902850144,Все категории,МО_0119,M,3,rub,0
4/1/23 0:00,10801.833740054712,Все категории,МО_0119,M,3,rub,0
5/1/23 0:00,10670.28916498211,Все категории,МО_0119,M,3,rub,0
6/1/23 0:00,10110.352912921999,Все категории,МО_0119,M,3,rub,0
7/1/23 0:00,9896.42946599261,Все категории,МО_0119,M,3,rub,0
8/1/23 0:00,9842.692399654255,Все категории,МО_0119,M,3,rub,0
9/1/23 0:00,9620.728059589066,Все категории,МО_0119,M,3,rub,0
10/1/23 0:00,9454.380569992925,Все категории,МО_0119,M,3,rub,0
11/1/23 0:00,9680.46187921569,Все категории,МО_0119,M,3,rub,0
12/1/23 0:00,9882.390760998105,Все категории,МО_0119,M,3,rub,0
1/1/24 0:00,10122.976753630457,Все категории,МО_0119,M,3,rub,0
2/1/24 0:00,10484.824555342982,Все категории,МО_0119,M,3,rub,0
3/1/24 0:00,11035.474167636983,Все категории,МО_0119,M,3,rub,0
4/1/24 0:00,10926.920137626916,Все категории,МО_0119,M,3,rub,0
5/1/24 0:00,11392.806787890506,Все категории,МО_0119,M,3,rub,0
6/1/24 0:00,10715.109891596752,Все категории,МО_0119,M,3,rub,0
7/1/24 0:00,10385.840681197027,Все категории,МО_0119,M,3,rub,0
8/1/24 0:00,10219.803715495937,Все категории,МО_0119,M,3,rub,0
9/1/24 0:00,10115.544401702142,Все категории,МО_0119,M,3,rub,0
10/1/24 0:00,10114.295307861428,Все категории,МО_0119,M,3,rub,0
11/1/24 0:00,10553.71232681286,Все категории,МО_0119,M,3,rub,0
12/1/24 0:00,10168.943408750252,Все категории,МО_0119,M,3,rub,0
1/1/23 0:00,9126.844457395793,Все категории,МО_0120,M,3,rub,0
2/1/23 0:00,9109.447658997376,Все категории,МО_0120,M,3,rub,0
3/1/23 0:00,8559.954246485391,Все категории,МО_0120,M,3,rub,0
4/1/23 0:00,8913.807329573576,Все категории,МО_0120,M,3,rub,0
5/1/23 0:00,8697.647402679695,Все категории,МО_0120,M,3,rub,0
6/1/23 0:00,7876.868008819602,Все категории,МО_0120,M,3,rub,0
7/1/23 0:00,7930.949759520171,Все категории,МО_0120,M,3,rub,0
8/1/23 0:00,7581.03135343474,Все категории,МО_0120,M,3,rub,0
9/1/23 0:00,7944.639868278344,Все категории,МО_0120,M,3,rub,0
10/1/23 0:00,8984.041465411447,Все категории,МО_0120,M,3,rub,0
11/1/23 0:00,9147.431029585212,Все категории,МО_0120,M,3,rub,0
12/1/23 0:00,9521.759913893598,Все категории,МО_0120,M,3,rub,0
1/1/24 0:00,10343.232494146087,Все категории,МО_0120,M,3,rub,0
2/1/24 0:00,10292.41471375068,Все категории,МО_0120,M,3,rub,0
3/1/24 0:00,10217.512170992823,Все категории,МО_0120,M,3,rub,0
4/1/24 0:00,10284.730064778238,Все категории,МО_0120,M,3,rub,0
5/1/24 0:00,9338.744935663613,Все категории,МО_0120,M,3,rub,0
6/1/24 0:00,9083.728170283157,Все категории,МО_0120,M,3,rub,0
7/1/24 0:00,9204.230471160417,Все категории,МО_0120,M,3,rub,0
8/1/24 0:00,9492.406606750515,Все категории,МО_0120,M,3,rub,0
9/1/24 0:00,9888.836293042586,Все категории,МО_0120,M,3,rub,0
10/1/24 0:00,9855.7702314079,Все категории,МО_0120,M,3,rub,0
11/1/24 0:00,11018.623451443631,Все категории,МО_0120,M,3,rub,0
12/1/24 0:00,11104.15671521388,Все категории,МО_0120,M,3,rub,0
1/1/23 0:00,7500.060828080613,Все категории,МО_0121,M,3,rub,0
2/1/23 0:00,5914.009028853105,Все категории,МО_0121,M,3,rub,0
3/1/23 0:00,5747.357653553748,Все категории,МО_0121,M,3,rub,0
4/1/23 0:00,4800.400600449574,Все категории,МО_0121,M,3,rub,0
5/1/23 0:00,5096.290287337902,Все категории,МО_0121,M,3,rub,0
6/1/23 0:00,4909.546515467339,Все категории,МО_0121,M,3,rub,0
7/1/23 0:00,4992.745824309081,Все категории,МО_0121,M,3,rub,0
8/1/23 0:00,5748.4204557104995,Все категории,МО_0121,M,3,rub,0
9/1/23 0:00,6890.444743004724,Все категории,МО_0121,M,3,rub,0
10/1/23 0:00,7718.626252301318,Все категории,МО_0121,M,3,rub,0
11/1/23 0:00,7749.88338494144,Все категории,МО_0121,M,3,rub,0
12/1/23 0:00,7650.316536193381,Все категории,МО_0121,M,3,rub,0
1/1/24 0:00,7273.203771784392,Все категории,МО_0121,M,3,rub,0
2/1/24 0:00,6296.202829553476,Все категории,МО_0121,M,3,rub,0
3/1/24 0:00,5237.586831258912,Все категории,МО_0121,M,3,rub,0
4/1/24 0:00,4828.036465588335,Все категории,МО_0121,M,3,rub,0
5/1/24 0:00,4803.706560116601,Все категории,МО_0121,M,3,rub,0
6/1/24 0:00,5094.431322727816,Все категории,МО_0121,M,3,rub,0
7/1/24 0:00,5614.01405757838,Все категории,МО_0121,M,3,rub,0
8/1/24 0:00,6128.780740330011,Все категории,МО_0121,M,3,rub,0
9/1/24 0:00,6837.2117814095345,Все категории,МО_0121,M,3,rub,0
10/1/24 0:00,7717.4436852199215,Все категории,МО_0121,M,3,rub,0
11/1/24 0:00,7658.655037838108,Все категории,МО_0121,M,3,rub,0
12/1/24 0:00,7681.6276216944525,Все категории,МО_0121,M,3,rub,0
1/1/23 0:00,6745.647810995496,Все категории,МО_0122,M,3,rub,0
2/1/23 0:00,5886.873752654229,Все категории,МО_0122,M,3,rub,0
3/1/23 0:00,5523.120556207718,Все категории,МО_0122,M,3,rub,0
4/1/23 0:00,28407.47776182058,Все категории,МО_0122,M,3,rub,0
5/1/23 0:00,4833.105016124155,Все категории,МО_0122,M,3,rub,0
6/1/23 0:00,4900.676330612306,Все категории,МО_0122,M,3,rub,0
7/1/23 0:00,5250.54801961724,Все категории,МО_0122,M,3,rub,0
8/1/23 0:00,6001.91940872996,Все категории,МО_0122,M,3,rub,0
9/1/23 0:00,6667.0738461389765,Все категории,МО_0122,M,3,rub,0
10/1/23 0:00,7523.611540451208,Все категории,МО_0122,M,3,rub,0
11/1/23 0:00,7549.343785904057,Все категории,МО_0122,M,3,rub,0
12/1/23 0:00,7750.4346839938235,Все категории,МО_0122,M,3,rub,0
1/1/24 0:00,7247.08605376701,Все категории,МО_0122,M,3,rub,0
2/1/24 0:00,6097.552932057199,Все категории,МО_0122,M,3,rub,0
3/1/24 0:00,5527.1612213687185,Все категории,МО_0122,M,3,rub,0
4/1/24 0:00,4864.747031967444,Все категории,МО_0122,M,3,rub,0
5/1/24 0:00,4659.568067008129,Все категории,МО_0122,M,3,rub,0
6/1/24 0:00,4639.151925274784,Все категории,МО_0122,M,3,rub,0
7/1/24 0:00,5535.9195275349,Все категории,МО_0122,M,3,rub,0
8/1/24 0:00,6199.33519622889,Все категории,МО_0122,M,3,rub,0
9/1/24 0:00,6905.96642996035,Все категории,МО_0122,M,3,rub,0
10/1/24 0:00,8104.491895603383,Все категории,МО_0122,M,3,rub,0
11/1/24 0:00,7806.342871994329,Все категории,МО_0122,M,3,rub,0
12/1/24 0:00,8725.337851977589,Все категории,МО_0122,M,3,rub,0
1/1/23 0:00,8834.131044345566,Все категории,МО_0123,M,3,rub,0
2/1/23 0:00,9122.42220860225,Все категории,МО_0123,M,3,rub,0
3/1/23 0:00,8866.626880621501,Все категории,МО_0123,M,3,rub,0
4/1/23 0:00,8807.910721216485,Все категории,МО_0123,M,3,rub,0
5/1/23 0:00,8585.650958867584,Все категории,МО_0123,M,3,rub,0
6/1/23 0:00,8054.4776320197125,Все категории,МО_0123,M,3,rub,0
7/1/23 0:00,8367.39334627658,Все категории,МО_0123,M,3,rub,0
8/1/23 0:00,8041.248516495605,Все категории,МО_0123,M,3,rub,0
9/1/23 0:00,8317.620582406385,Все категории,МО_0123,M,3,rub,0
10/1/23 0:00,8471.766230548368,Все категории,МО_0123,M,3,rub,0
11/1/23 0:00,9393.524280012105,Все категории,МО_0123,M,3,rub,0
12/1/23 0:00,9804.318670283583,Все категории,МО_0123,M,3,rub,0
1/1/24 0:00,10086.535722837283,Все категории,МО_0123,M,3,rub,0
2/1/24 0:00,10214.265576119771,Все категории,МО_0123,M,3,rub,0
3/1/24 0:00,11227.663392668683,Все категории,МО_0123,M,3,rub,0
4/1/24 0:00,9979.931024833491,Все категории,МО_0123,M,3,rub,0
5/1/24 0:00,9256.391687665759,Все категории,МО_0123,M,3,rub,0
6/1/24 0:00,9140.353056747746,Все категории,МО_0123,M,3,rub,0
7/1/24 0:00,9147.620375723222,Все категории,МО_0123,M,3,rub,0
8/1/24 0:00,9372.781386054603,Все категории,МО_0123,M,3,rub,0
9/1/24 0:00,9688.170065196507,Все категории,МО_0123,M,3,rub,0
10/1/24 0:00,10260.559620089063,Все категории,МО_0123,M,3,rub,0
11/1/24 0:00,10507.820233093722,Все категории,МО_0123,M,3,rub,0
12/1/24 0:00,11485.17414877474,Все категории,МО_0123,M,3,rub,0
1/1/23 0:00,4508.907373018511,Все категории,МО_0124,M,3,rub,0
2/1/23 0:00,4417.749687502192,Все категории,МО_0124,M,3,rub,0
3/1/23 0:00,4290.519121078656,Все категории,МО_0124,M,3,rub,0
4/1/23 0:00,4263.017640194265,Все категории,МО_0124,M,3,rub,0
5/1/23 0:00,4893.415604590689,Все категории,МО_0124,M,3,rub,0
6/1/23 0:00,4975.169445502231,Все категории,МО_0124,M,3,rub,0
7/1/23 0:00,5225.052683619657,Все категории,МО_0124,M,3,rub,0
8/1/23 0:00,5103.070922677021,Все категории,МО_0124,M,3,rub,0
9/1/23 0:00,5317.677486744833,Все категории,МО_0124,M,3,rub,0
10/1/23 0:00,4604.473142689574,Все категории,МО_0124,M,3,rub,0
11/1/23 0:00,5068.088602681634,Все категории,МО_0124,M,3,rub,0
12/1/23 0:00,4680.086483583235,Все категории,МО_0124,M,3,rub,0
1/1/24 0:00,4577.776087357567,Все категории,МО_0124,M,3,rub,0
2/1/24 0:00,4373.719363617899,Все категории,МО_0124,M,3,rub,0
3/1/24 0:00,4026.672787298034,Все категории,МО_0124,M,3,rub,0
4/1/24 0:00,3953.0788449403603,Все категории,МО_0124,M,3,rub,0
5/1/24 0:00,4216.8034493154155,Все категории,МО_0124,M,3,rub,0
6/1/24 0:00,4656.549431166321,Все категории,МО_0124,M,3,rub,0
7/1/24 0:00,4850.7638289262,Все категории,МО_0124,M,3,rub,0
8/1/24 0:00,4479.35800206161,Все категории,МО_0124,M,3,rub,0
9/1/24 0:00,4586.610472256262,Все категории,МО_0124,M,3,rub,0
10/1/24 0:00,4567.33982052726,Все категории,МО_0124,M,3,rub,0
11/1/24 0:00,4490.41046944832,Все категории,МО_0124,M,3,rub,0
12/1/24 0:00,4081.06529525883,Все категории,МО_0124,M,3,rub,0
1/1/23 0:00,6586.227237016768,Все категории,МО_0125,M,3,rub,0
2/1/23 0:00,5988.262943186207,Все категории,МО_0125,M,3,rub,0
3/1/23 0:00,5468.756237497002,Все категории,МО_0125,M,3,rub,0
4/1/23 0:00,4700.810983636834,Все категории,МО_0125,M,3,rub,0
5/1/23 0:00,4680.2469789647375,Все категории,МО_0125,M,3,rub,0
6/1/23 0:00,5002.165214796337,Все категории,МО_0125,M,3,rub,0
7/1/23 0:00,4936.001031092231,Все категории,МО_0125,M,3,rub,0
8/1/23 0:00,5821.493375526985,Все категории,МО_0125,M,3,rub,0
9/1/23 0:00,6957.90659929454,Все категории,МО_0125,M,3,rub,0
10/1/23 0:00,7277.590915845742,Все категории,МО_0125,M,3,rub,0
11/1/23 0:00,7595.527841483711,Все категории,МО_0125,M,3,rub,0
12/1/23 0:00,8000.471885248637,Все категории,МО_0125,M,3,rub,0
1/1/24 0:00,6969.996160315582,Все категории,МО_0125,M,3,rub,0
2/1/24 0:00,6546.002710480344,Все категории,МО_0125,M,3,rub,0
3/1/24 0:00,5611.172356414569,Все категории,МО_0125,M,3,rub,0
4/1/24 0:00,4919.687592430715,Все категории,МО_0125,M,3,rub,0
5/1/24 0:00,4850.930991037311,Все категории,МО_0125,M,3,rub,0
6/1/24 0:00,4915.270214302253,Все категории,МО_0125,M,3,rub,0
7/1/24 0:00,5481.9561439088775,Все категории,МО_0125,M,3,rub,0
8/1/24 0:00,5811.744775551499,Все категории,МО_0125,M,3,rub,0
9/1/24 0:00,6770.240606946339,Все категории,МО_0125,M,3,rub,0
10/1/24 0:00,7471.307353749559,Все категории,МО_0125,M,3,rub,0
11/1/24 0:00,8090.352848286747,Все категории,МО_0125,M,3,rub,0
12/1/24 0:00,7418.326741750928,Все категории,МО_0125,M,3,rub,0
1/1/23 0:00,10100.49327721287,Все категории,МО_0126,M,3,rub,0
2/1/23 0:00,10273.536287477033,Все категории,МО_0126,M,3,rub,0
3/1/23 0:00,10127.023954274915,Все категории,МО_0126,M,3,rub,0
4/1/23 0:00,10755.421763527307,Все категории,МО_0126,M,3,rub,0
5/1/23 0:00,10937.83470508231,Все категории,МО_0126,M,3,rub,0
6/1/23 0:00,10509.51881613058,Все категории,МО_0126,M,3,rub,0
7/1/23 0:00,10368.624968204978,Все категории,МО_0126,M,3,rub,0
8/1/23 0:00,9874.465163378529,Все категории,МО_0126,M,3,rub,0
9/1/23 0:00,9390.639097764632,Все категории,МО_0126,M,3,rub,0
10/1/23 0:00,9321.861234150638,Все категории,МО_0126,M,3,rub,0
11/1/23 0:00,9816.308073097427,Все категории,МО_0126,M,3,rub,0
12/1/23 0:00,9859.201138176182,Все категории,МО_0126,M,3,rub,0
1/1/24 0:00,10073.953137149028,Все категории,МО_0126,M,3,rub,0
2/1/24 0:00,10538.021239902006,Все категории,МО_0126,M,3,rub,0
3/1/24 0:00,10911.941030218612,Все категории,МО_0126,M,3,rub,0
4/1/24 0:00,10571.794623351483,Все категории,МО_0126,M,3,rub,0
5/1/24 0:00,10746.374466958017,Все категории,МО_0126,M,3,rub,0
6/1/24 0:00,11006.017125819308,Все категории,МО_0126,M,3,rub,0
7/1/24 0:00,10224.010794282589,Все категории,МО_0126,M,3,rub,0
8/1/24 0:00,10398.275184627975,Все категории,МО_0126,M,3,rub,0
9/1/24 0:00,9966.693017263824,Все категории,МО_0126,M,3,rub,0
10/1/24 0:00,10136.680687649803,Все категории,МО_0126,M,3,rub,0
11/1/24 0:00,10349.001079262736,Все категории,МО_0126,M,3,rub,0
12/1/24 0:00,10496.799029551936,Все категории,МО_0126,M,3,rub,0
1/1/23 0:00,4929.885732804563,Все категории,МО_0127,M,3,rub,0
2/1/23 0:00,4301.797327246296,Все категории,МО_0127,M,3,rub,0
3/1/23 0:00,4749.199924564462,Все категории,МО_0127,M,3,rub,0
4/1/23 0:00,4335.175365207217,Все категории,МО_0127,M,3,rub,0
5/1/23 0:00,4700.444887446551,Все категории,МО_0127,M,3,rub,0
6/1/23 0:00,4869.256001846243,Все категории,МО_0127,M,3,rub,0
7/1/23 0:00,5098.201039923848,Все категории,МО_0127,M,3,rub,0
8/1/23 0:00,5179.583671369527,Все категории,МО_0127,M,3,rub,0
9/1/23 0:00,4903.77718145993,Все категории,МО_0127,M,3,rub,0
10/1/23 0:00,4700.173171042473,Все категории,МО_0127,M,3,rub,0
11/1/23 0:00,5070.435965580199,Все категории,МО_0127,M,3,rub,0
12/1/23 0:00,4682.126216547285,Все категории,МО_0127,M,3,rub,0
1/1/24 0:00,4698.891697156691,Все категории,МО_0127,M,3,rub,0
2/1/24 0:00,4281.810560987004,Все категории,МО_0127,M,3,rub,0
3/1/24 0:00,3943.367144535349,Все категории,МО_0127,M,3,rub,0
4/1/24 0:00,4471.407350259759,Все категории,МО_0127,M,3,rub,0
5/1/24 0:00,4289.462966106772,Все категории,МО_0127,M,3,rub,0
6/1/24 0:00,4604.937130863835,Все категории,МО_0127,M,3,rub,0
7/1/24 0:00,4536.966608641038,Все категории,МО_0127,M,3,rub,0
8/1/24 0:00,5207.458539479828,Все категории,МО_0127,M,3,rub,0
9/1/24 0:00,4610.646193162479,Все категории,МО_0127,M,3,rub,0
10/1/24 0:00,4656.300440049587,Все категории,МО_0127,M,3,rub,0
11/1/24 0:00,4595.979062155319,Все категории,МО_0127,M,3,rub,0
12/1/24 0:00,4136.506046137193,Все категории,МО_0127,M,3,rub,0
1/1/23 0:00,7064.509155341,Все категории,МО_0128,M,3,rub,0
2/1/23 0:00,6600.538312696018,Все категории,МО_0128,M,3,rub,0
3/1/23 0:00,5344.043476731998,Все категории,МО_0128,M,3,rub,0
4/1/23 0:00,5006.637489022444,Все категории,МО_0128,M,3,rub,0
5/1/23 0:00,4212.2864784162,Все категории,МО_0128,M,3,rub,0
6/1/23 0:00,4787.323950036316,Все категории,МО_0128,M,3,rub,0
7/1/23 0:00,5135.1291477690875,Все категории,МО_0128,M,3,rub,0
8/1/23 0:00,5680.701614600862,Все категории,МО_0128,M,3,rub,0
9/1/23 0:00,6973.703292756195,Все категории,МО_0128,M,3,rub,0
10/1/23 0:00,7304.42900826895,Все категории,МО_0128,M,3,rub,0
11/1/23 0:00,7716.858262062878,Все категории,МО_0128,M,3,rub,0
12/1/23 0:00,7522.307791375444,Все категории,МО_0128,M,3,rub,0
1/1/24 0:00,6535.116161291702,Все категории,МО_0128,M,3,rub,0
2/1/24 0:00,5985.831928072629,Все категории,МО_0128,M,3,rub,0
3/1/24 0:00,5731.887010347035,Все категории,МО_0128,M,3,rub,0
4/1/24 0:00,4583.948713777466,Все категории,МО_0128,M,3,rub,0
5/1/24 0:00,4615.085564183475,Все категории,МО_0128,M,3,rub,0
6/1/24 0:00,4775.697071126171,Все категории,МО_0128,M,3,rub,0
7/1/24 0:00,5642.750137422449,Все категории,МО_0128,M,3,rub,0
8/1/24 0:00,6126.102887693513,Все категории,МО_0128,M,3,rub,0
9/1/24 0:00,6610.11837852538,Все категории,МО_0128,M,3,rub,0
10/1/24 0:00,7890.907701488084,Все категории,МО_0128,M,3,rub,0
11/1/24 0:00,7636.0907248716885,Все категории,МО_0128,M,3,rub,0
12/1/24 0:00,8047.203865356289,Все категории,МО_0128,M,3,rub,0
1/1/23 0:00,6602.891553182227,Все категории,МО_0129,M,3,rub,0
2/1/23 0:00,6459.843570502994,Все категории,МО_0129,M,3,rub,0
3/1/23 0:00,5362.100123482523,Все категории,МО_0129,M,3,rub,0
4/1/23 0:00,4729.4960216521695,Все категории,МО_0129,M,3,rub,0
5/1/23 0:00,,Все категории,МО_0129,M,3,rub,0
6/1/23 0:00,4848.2727921919495,Все категории,МО_0129,M,3,rub,0
7/1/23 0:00,5097.941076723183,Все категории,МО_0129,M,3,rub,0
8/1/23 0:00,6001.280079991848,Все категории,МО_0129,M,3,rub,0
9/1/23 0:00,6524.5280979762065,Все категории,МО_0129,M,3,rub,0
10/1/23 0:00,7586.311619519771,Все категории,МО_0129,M,3,rub,0
11/1/23 0:00,7910.53410533343,Все категории,МО_0129,M,3,rub,0
12/1/23 0:00,7618.075439746547,Все категории,МО_0129,M,3,rub,0
1/1/24 0:00,6932.409642670991,Все категории,МО_0129,M,3,rub,0
2/1/24 0:00,6301.1768716029765,Все категории,МО_0129,M,3,rub,0
3/1/24 0:00,5638.461293387477,Все категории,МО_0129,M,3,rub,0
4/1/24 0:00,5416.396723695708,Все категории,МО_0129,M,3,rub,0
5/1/24 0:00,4940.96096243652,Все категории,МО_0129,M,3,rub,0
6/1/24 0:00,5045.861220687678,Все категории,МО_0129,M,3,rub,0
7/1/24 0:00,5954.618713432095,Все категории,МО_0129,M,3,rub,0
8/1/24 0:00,6064.505416827785,Все категории,МО_0129,M,3,rub,0
9/1/24 0:00,6891.399082238801,Все категории,МО_0129,M,3,rub,0
10/1/24 0:00,7703.6267762929265,Все категории,МО_0129,M,3,rub,0
11/1/24 0:00,7554.533002021725,Все категории,МО_0129,M,3,rub,0
12/1/24 0:00,7592.8318726153575,Все категории,МО_0129,M,3,rub,0
1/1/23 0:00,6831.989956215109,Все категории,МО_0130,M,3,rub,0
2/1/23 0:00,6350.79084853492,Все категории,МО_0130,M,3,rub,0
3/1/23 0:00,5412.083158441444,Все категории,МО_0130,M,3,rub,0
4/1/23 0:00,4955.44887578489,Все категории,МО_0130,M,3,rub,0
5/1/23 0:00,4911.017777694337,Все категории,МО_0130,M,3,rub,0
6/1/23 0:00,4963.22027252829,Все категории,МО_0130,M,3,rub,0
7/1/23 0:00,5166.305578952939,Все категории,МО_0130,M,3,rub,0
8/1/23 0:00,5714.5459714387225,Все категории,МО_0130,M,3,rub,0
9/1/23 0:00,6988.733644234348,Все категории,МО_0130,M,3,rub,0
10/1/23 0:00,7633.0406025131,Все категории,МО_0130,M,3,rub,0
11/1/23 0:00,7288.196684837168,Все категории,МО_0130,M,3,rub,0
12/1/23 0:00,7541.601315013338,Все категории,МО_0130,M,3,rub,0
1/1/24 0:00,7102.759535619786,Все категории,МО_0130,M,3,rub,0
2/1/24 0:00,6461.2834712617405,Все категории,МО_0130,M,3,rub,0
3/1/24 0:00,5720.207712134412,Все категории,МО_0130,M,3,rub,0
4/1/24 0:00,5044.583317223182,Все категории,МО_0130,M,3,rub,0
5/1/24 0:00,4871.4562813584635,Все категории,МО_0130,M,3,rub,0
6/1/24 0:00,4865.133815946088,Все категории,МО_0130,M,3,rub,0
7/1/24 0:00,5122.653760977205,Все категории,МО_0130,M,3,rub,0
8/1/24 0:00,5878.867123383134,Все категории,МО_0130,M,3,rub,0
9/1/24 0:00,6764.22727570617,Все категории,МО_0130,M,3,rub,0
10/1/24 0:00,7479.331788471133,Все категории,МО_0130,M,3,rub,0
11/1/24 0:00,7294.2291172739115,Все категории,МО_0130,M,3,rub,0
12/1/24 0:00,7606.94282304931,Все категории,МО_0130,M,3,rub,0
1/1/23 0:00,6987.417161485862,Все категории,МО_0131,M,3,rub,0
2/1/23 0:00,6119.1303665656615,Все категории,МО_0131,M,3,rub,0
3/1/23 0:00,5396.378640238596,Все категории,МО_0131,M,3,rub,0
4/1/23 0:00,5025.266422603858,Все категории,МО_0131,M,3,rub,0
5/1/23 0:00,4503.364277793308,Все категории,МО_0131,M,3,rub,0
6/1/23 0:00,4492.489760606957,Все категории,МО_0131,M,3,rub,0
7/1/23 0:00,5127.918843581108,Все категории,МО_0131,M,3,rub,0
8/1/23 0:00,6051.942101957036,Все категории,МО_0131,M,3,rub,0
9/1/23 0:00,7144.8406253242165,Все категории,МО_0131,M,3,rub,0
10/1/23 0:00,7635.555968857538,Все категории,МО_0131,M,3,rub,0
11/1/23 0:00,7328.536737398853,Все категории,МО_0131,M,3,rub,0
12/1/23 0:00,7566.011176792189,Все категории,МО_0131,M,3,rub,0
1/1/24 0:00,7128.694601262576,Все категории,МО_0131,M,3,rub,0
2/1/24 0:00,6307.746200918567,Все категории,МО_0131,M,3,rub,0
3/1/24 0:00,5635.992370700178,Все категории,МО_0131,M,3,rub,0
4/1/24 0:00,4807.979143132559,Все категории,МО_0131,M,3,rub,0
5/1/24 0:00,4771.118413811061,Все категории,МО_0131,M,3,rub,0
6/1/24 0:00,4934.945662579784,Все категории,МО_0131,M,3,rub,0
7/1/24 0:00,5439.317117538215,Все категории,МО_0131,M,3,rub,0
8/1/24 0:00,5752.220339268734,Все категории,МО_0131,M,3,rub,0
9/1/24 0:00,6666.414166215929,Все категории,МО_0131,M,3,rub,0
10/1/24 0:00,6721.9474906214855,Все категории,МО_0131,M,3,rub,0
11/1/24 0:00,7672.541689423308,Все категории,МО_0131,M,3,rub,0
12/1/24 0:00,7568.418261282788,Все категории,МО_0131,M,3,rub,0
1/1/23 0:00,9697.353670896237,Все категории,МО_0132,M,3,rub,0
2/1/23 0:00,10211.93326115523,Все категории,МО_0132,M,3,rub,0
3/1/23 0:00,10385.671154784244,Все категории,МО_0132,M,3,rub,0
4/1/23 0:00,10034.813965047162,Все категории,МО_0132,M,3,rub,0
5/1/23 0:00,10505.05059531296,Все категории,МО_0132,M,3,rub,0
6/1/23 0:00,10111.549024944137,Все категории,МО_0132,M,3,rub,0
7/1/23 0:00,10175.252026404116,Все категории,МО_0132,M,3,rub,0
8/1/23 0:00,9608.1115618798,Все категории,МО_0132,M,3,rub,0
9/1/23 0:00,9713.761404512052,Все категории,МО_0132,M,3,rub,0
10/1/23 0:00,9617.472097709244,Все категории,МО_0132,M,3,rub,0
11/1/23 0:00,9825.740152715847,Все категории,МО_0132,M,3,rub,0
12/1/23 0:00,10001.535853698684,Все категории,МО_0132,M,3,rub,0
1/1/24 0:00,10207.69081370282,Все категории,МО_0132,M,3,rub,0
2/1/24 0:00,10231.991921434372,Все категории,МО_0132,M,3,rub,0
3/1/24 0:00,10464.63871299411,Все категории,МО_0132,M,3,rub,0
4/1/24 0:00,10757.110547956647,Все категории,МО_0132,M,3,rub,0
5/1/24 0:00,10841.48949140806,Все категории,МО_0132,M,3,rub,0
6/1/24 0:00,10549.513678910806,Все категории,МО_0132,M,3,rub,0
7/1/24 0:00,10577.710029108854,Все категории,МО_0132,M,3,rub,0
8/1/24 0:00,10162.051109522277,Все категории,МО_0132,M,3,rub,0
9/1/24 0:00,9871.414895706404,Все категории,МО_0132,M,3,rub,0
10/1/24 0:00,9971.019097588733,Все категории,МО_0132,M,3,rub,0
11/1/24 0:00,10170.187511047716,Все категории,МО_0132,M,3,rub,0
12/1/24 0:00,10409.74529922536,Все категории,МО_0132,M,3,rub,0
1/1/23 0:00,7515.728232158533,Все категории,МО_0133,M,3,rub,0
2/1/23 0:00,6025.005640369547,Все категории,МО_0133,M,3,rub,0
3/1/23 0:00,5433.926102326029,Все категории,МО_0133,M,3,rub,0
4/1/23 0:00,5012.845786062166,Все категории,МО_0133,M,3,rub,0
5/1/23 0:00,4697.57352371042,Все категории,МО_0133,M,3,rub,0
6/1/23 0:00,4699.725125981801,Все категории,МО_0133,M,3,rub,0
7/1/23 0:00,4887.3801239327295,Все категории,МО_0133,M,3,rub,0
8/1/23 0:00,5751.0432350570445,Все категории,МО_0133,M,3,rub,0
9/1/23 0:00,6397.711109660737,Все категории,МО_0133,M,3,rub,0
10/1/23 0:00,6906.523209344458,Все категории,МО_0133,M,3,rub,0
11/1/23 0:00,7528.375384548208,Все категории,МО_0133,M,3,rub,0
12/1/23 0:00,7323.417013623456,Все категории,МО_0133,M,3,rub,0
1/1/24 0:00,7222.594366170839,Все категории,МО_0133,M,3,rub,0
2/1/24 0:00,6415.509785447547,Все категории,МО_0133,M,3,rub,0
3/1/24 0:00,5319.854145199208,Все категории,МО_0133,M,3,rub,0
4/1/24 0:00,4935.972285945839,Все категории,МО_0133,M,3,rub,0
5/1/24 0:00,4417.850721556326,Все категории,МО_0133,M,3,rub,0
6/1/24 0:00,4757.656195171952,Все категории,МО_0133,M,3,rub,0
7/1/24 0:00,5347.268987886049,Все категории,МО_0133,M,3,rub,0
8/1/24 0:00,6139.922798114096,Все категории,МО_0133,M,3,rub,0
9/1/24 0:00,6569.032100237382,Все категории,МО_0133,M,3,rub,0
10/1/24 0:00,7811.561027237467,Все категории,МО_0133,M,3,rub,0
11/1/24 0:00,7402.951284683215,Все категории,МО_0133,M,3,rub,0
12/1/24 0:00,7352.611682472692,Все категории,МО_0133,M,3,rub,0
1/1/23 0:00,4880.955124888096,Все категории,МО_0134,M,3,rub,0
2/1/23 0:00,4953.8678561945735,Все категории,МО_0134,M,3,rub,0
3/1/23 0:00,4604.18089534969,Все категории,МО_0134,M,3,rub,0
4/1/23 0:00,4514.884472946538,Все категории,МО_0134,M,3,rub,0
5/1/23 0:00,4157.528909069796,Все категории,МО_0134,M,3,rub,0
6/1/23 0:00,4344.481815176386,Все категории,МО_0134,M,3,rub,0
7/1/23 0:00,5008.327811058768,Все категории,МО_0134,M,3,rub,0
8/1/23 0:00,5002.6797228510395,Все категории,МО_0134,M,3,rub,0
9/1/23 0:00,4839.950538409908,Все категории,МО_0134,M,3,rub,0
10/1/23 0:00,5044.857222419108,Все категории,МО_0134,M,3,rub,0
11/1/23 0:00,4882.053534250549,Все категории,МО_0134,M,3,rub,0
12/1/23 0:00,4863.125757162584,Все категории,МО_0134,M,3,rub,0
1/1/24 0:00,4466.870019007044,Все категории,МО_0134,M,3,rub,0
2/1/24 0:00,4563.237335063191,Все категории,МО_0134,M,3,rub,0
3/1/24 0:00,4232.0769744745,Все категории,МО_0134,M,3,rub,0
4/1/24 0:00,4236.0446519177085,Все категории,МО_0134,M,3,rub,0
5/1/24 0:00,4608.468928316824,Все категории,МО_0134,M,3,rub,0
6/1/24 0:00,4310.728004363111,Все категории,МО_0134,M,3,rub,0
7/1/24 0:00,5394.360116735275,Все категории,МО_0134,M,3,rub,0
8/1/24 0:00,4887.298617217381,Все категории,МО_0134,M,3,rub,0
9/1/24 0:00,4909.8221693179175,Все категории,МО_0134,M,3,rub,0
10/1/24 0:00,4861.502382066312,Все категории,МО_0134,M,3,rub,0
11/1/24 0:00,5021.186161487015,Все категории,МО_0134,M,3,rub,0
12/1/24 0:00,4545.2647112848435,Все категории,МО_0134,M,3,rub,0
1/1/23 0:00,8476.494248600038,Все категории,МО_0135,M,3,rub,0
2/1/23 0:00,9442.149663848602,Все категории,МО_0135,M,3,rub,0
3/1/23 0:00,8881.770164583031,Все категории,МО_0135,M,3,rub,0
4/1/23 0:00,8738.120743579586,Все категории,МО_0135,M,3,rub,0
5/1/23 0:00,8057.845794309524,Все категории,МО_0135,M,3,rub,0
6/1/23 0:00,8210.646918021852,Все категории,МО_0135,M,3,rub,0
7/1/23 0:00,7779.558462743892,Все категории,МО_0135,M,3,rub,0
8/1/23 0:00,8007.791216897669,Все категории,МО_0135,M,3,rub,0
9/1/23 0:00,8180.380737803043,Все категории,МО_0135,M,3,rub,0
10/1/23 0:00,9223.543853629544,Все категории,МО_0135,M,3,rub,0
11/1/23 0:00,9844.70140731236,Все категории,МО_0135,M,3,rub,0
12/1/23 0:00,9857.565002615642,Все категории,МО_0135,M,3,rub,0
1/1/24 0:00,10292.010976795944,Все категории,МО_0135,M,3,rub,0
2/1/24 0:00,10338.5153161816,Все категории,МО_0135,M,3,rub,0
3/1/24 0:00,10712.464458136283,Все категории,МО_0135,M,3,rub,0
4/1/24 0:00,9960.356860832762,Все категории,МО_0135,M,3,rub,0
5/1/24 0:00,9548.49691058626,Все категории,МО_0135,M,3,rub,0
6/1/24 0:00,9611.91468619536,Все категории,МО_0135,M,3,rub,0
7/1/24 0:00,9015.017875918562,Все категории,МО_0135,M,3,rub,0
8/1/24 0:00,9209.883765160286,Все категории,МО_0135,M,3,rub,0
9/1/24 0:00,9086.795731056303,Все категории,МО_0135,M,3,rub,0
10/1/24 0:00,10269.051424279467,Все категории,МО_0135,M,3,rub,0
11/1/24 0:00,11355.379329997113,Все категории,МО_0135,M,3,rub,0
12/1/24 0:00,11617.127840252315,Все категории,МО_0135,M,3,rub,0
1/1/23 0:00,7391.529805446659,Все категории,МО_0136,M,3,rub,0
2/1/23 0:00,5982.453114672269,Все категории,МО_0136,M,3,rub,0
3/1/23 0:00,5501.682912502178,Все категории,МО_0136,M,3,rub,0
4/1/23 0:00,4745.669035670145,Все категории,МО_0136,M,3,rub,0
5/1/23 0:00,4659.333445199021,Все категории,МО_0136,M,3,rub,0
6/1/23 0:00,4945.199005792955,Все категории,МО_0136,M,3,rub,0
7/1/23 0:00,5221.0551084031395,Все категории,МО_0136,M,3,rub,0
8/1/23 0:00,5547.287180733855,Все категории,МО_0136,M,3,rub,0
9/1/23 0:00,6336.25068916084,Все категории,МО_0136,M,3,rub,0
10/1/23 0:00,7002.617919541453,Все категории,МО_0136,M,3,rub,0
11/1/23 0:00,7926.127044066648,Все категории,МО_0136,M,3,rub,0
12/1/23 0:00,8293.868231168008,Все категории,МО_0136,M,3,rub,0
1/1/24 0:00,7451.095635929398,Все категории,МО_0136,M,3,rub,0
2/1/24 0:00,5805.672060655767,Все категории,МО_0136,M,3,rub,0
3/1/24 0:00,5838.325905731378,Все категории,МО_0136,M,3,rub,0
4/1/24 0:00,5177.979041996125,Все категории,МО_0136,M,3,rub,0
5/1/24 0:00,4473.499661769256,Все категории,МО_0136,M,3,rub,0
6/1/24 0:00,4794.170421728088,Все категории,МО_0136,M,3,rub,0
7/1/24 0:00,5498.3474389916855,Все категории,МО_0136,M,3,rub,0
8/1/24 0:00,6072.874147004793,Все категории,МО_0136,M,3,rub,0
9/1/24 0:00,6414.266060959106,Все категории,МО_0136,M,3,rub,0
10/1/24 0:00,7674.938735809449,Все категории,МО_0136,M,3,rub,0
11/1/24 0:00,7221.093501755821,Все категории,МО_0136,M,3,rub,0
12/1/24 0:00,7660.274403283072,Все категории,МО_0136,M,3,rub,0
1/1/23 0:00,10124.961964630695,Все категории,МО_0137,M,3,rub,0
2/1/23 0:00,10181.909888162747,Все категории,МО_0137,M,3,rub,0
3/1/23 0:00,10294.06216541986,Все категории,МО_0137,M,3,rub,0
4/1/23 0:00,10687.03843640485,Все категории,МО_0137,M,3,rub,0
5/1/23 0:00,10665.785779065398,Все категории,МО_0137,M,3,rub,0
6/1/23 0:00,10574.50076543028,Все категории,МО_0137,M,3,rub,0
7/1/23 0:00,10254.653161895785,Все категории,МО_0137,M,3,rub,0
8/1/23 0:00,10073.137396012982,Все категории,МО_0137,M,3,rub,0
9/1/23 0:00,9851.28222636476,Все категории,МО_0137,M,3,rub,0
10/1/23 0:00,9723.593910380061,Все категории,МО_0137,M,3,rub,0
11/1/23 0:00,9783.85551525047,Все категории,МО_0137,M,3,rub,0
12/1/23 0:00,9929.394770832774,Все категории,МО_0137,M,3,rub,0
1/1/24 0:00,10014.13259874451,Все категории,МО_0137,M,3,rub,0
2/1/24 0:00,10351.573020720254,Все категории,МО_0137,M,3,rub,0
3/1/24 0:00,10717.797758561246,Все категории,МО_0137,M,3,rub,0
4/1/24 0:00,10936.149439145463,Все категории,МО_0137,M,3,rub,0
5/1/24 0:00,11160.293358003912,Все категории,МО_0137,M,3,rub,0
6/1/24 0:00,10669.70883190803,Все категории,МО_0137,M,3,rub,0
7/1/24 0:00,10658.036908300373,Все категории,МО_0137,M,3,rub,0
8/1/24 0:00,10441.946737145181,Все категории,МО_0137,M,3,rub,0
9/1/24 0:00,10017.309181933018,Все категории,МО_0137,M,3,rub,0
10/1/24 0:00,10146.598490629527,Все категории,МО_0137,M,3,rub,0
11/1/24 0:00,10075.159006530806,Все категории,МО_0137,M,3,rub,0
12/1/24 0:00,10619.452267294786,Все категории,МО_0137,M,3,rub,0
1/1/23 0:00,9065.934518729731,Все категории,МО_0138,M,3,rub,0
2/1/23 0:00,8735.236766185573,Все категории,МО_0138,M,3,rub,0
3/1/23 0:00,9016.655849558183,Все категории,МО_0138,M,3,rub,0
4/1/23 0:00,9151.555467797314,Все категории,МО_0138,M,3,rub,0
5/1/23 0:00,8327.696919896978,Все категории,МО_0138,M,3,rub,0
6/1/23 0:00,8191.336792456433,Все категории,МО_0138,M,3,rub,0
7/1/23 0:00,8064.06020785753,Все категории,МО_0138,M,3,rub,0
8/1/23 0:00,7739.299609219954,Все категории,МО_0138,M,3,rub,0
9/1/23 0:00,8377.779499031838,Все категории,МО_0138,M,3,rub,0
10/1/23 0:00,8349.435159527735,Все категории,МО_0138,M,3,rub,0
11/1/23 0:00,9103.844984568417,Все категории,МО_0138,M,3,rub,0
12/1/23 0:00,10166.677646167955,Все категории,МО_0138,M,3,rub,0
1/1/24 0:00,10382.807552904675,Все категории,МО_0138,M,3,rub,0
2/1/24 0:00,10359.927379293526,Все категории,МО_0138,M,3,rub,0
3/1/24 0:00,10502.587002604963,Все категории,МО_0138,M,3,rub,0
4/1/24 0:00,10041.01022310454,Все категории,МО_0138,M,3,rub,0
5/1/24 0:00,9673.606754599006,Все категории,МО_0138,M,3,rub,0
6/1/24 0:00,9519.575066798177,Все категории,МО_0138,M,3,rub,0
7/1/24 0:00,8964.028902337302,Все категории,МО_0138,M,3,rub,0
8/1/24 0:00,9231.48545144666,Все категории,МО_0138,M,3,rub,0
9/1/24 0:00,9439.411327309434,Все категории,МО_0138,M,3,rub,0
10/1/24 0:00,9587.314748651866,Все категории,МО_0138,M,3,rub,0
11/1/24 0:00,10421.301166613852,Все категории,МО_0138,M,3,rub,0
12/1/24 0:00,11916.094666223853,Все категории,МО_0138,M,3,rub,0
1/1/23 0:00,8997.892012349197,Все категории,МО_0139,M,3,rub,0
2/1/23 0:00,8700.425323954421,Все категории,МО_0139,M,3,rub,0
3/1/23 0:00,8567.852742696736,Все категории,МО_0139,M,3,rub,0
4/1/23 0:00,8680.816399247688,Все категории,МО_0139,M,3,rub,0
5/1/23 0:00,8774.58491218429,Все категории,МО_0139,M,3,rub,0
6/1/23 0:00,8036.895784014394,Все категории,МО_0139,M,3,rub,0
7/1/23 0:00,8250.310194913956,Все категории,МО_0139,M,3,rub,0
8/1/23 0:00,8068.5017140929285,Все категории,МО_0139,M,3,rub,0
9/1/23 0:00,8367.868381338865,Все категории,МО_0139,M,3,rub,0
10/1/23 0:00,8364.004589534421,Все категории,МО_0139,M,3,rub,0
11/1/23 0:00,9540.932823348281,Все категории,МО_0139,M,3,rub,0
12/1/23 0:00,9745.404345911847,Все категории,МО_0139,M,3,rub,0
1/1/24 0:00,10541.727227064135,Все категории,МО_0139,M,3,rub,0
2/1/24 0:00,10202.72112690297,Все категории,МО_0139,M,3,rub,0
3/1/24 0:00,10418.043531516721,Все категории,МО_0139,M,3,rub,0
4/1/24 0:00,10165.9162940999,Все категории,МО_0139,M,3,rub,0
5/1/24 0:00,9625.375277517736,Все категории,МО_0139,M,3,rub,0
6/1/24 0:00,9447.800961670659,Все категории,МО_0139,M,3,rub,0
7/1/24 0:00,9088.854659224211,Все категории,МО_0139,M,3,rub,0
8/1/24 0:00,9042.521731702782,Все категории,МО_0139,M,3,rub,0
9/1/24 0:00,9998.410857739711,Все категории,МО_0139,M,3,rub,0
10/1/24 0:00,10375.814110923744,Все категории,МО_0139,M,3,rub,0
11/1/24 0:00,10471.315177612467,Все категории,МО_0139,M,3,rub,0
12/1/24 0:00,11564.003363789221,Все категории,МО_0139,M,3,rub,0
1/1/23 0:00,4539.077905957557,Все категории,МО_0140,M,3,rub,0
2/1/23 0:00,4294.685649718922,Все категории,МО_0140,M,3,rub,0
3/1/23 0:00,4730.276482042005,Все категории,МО_0140,M,3,rub,0
4/1/23 0:00,4154.498558703498,Все категории,МО_0140,M,3,rub,0
5/1/23 0:00,4859.924333439665,Все категории,МО_0140,M,3,rub,0
6/1/23 0:00,4746.429868183357,Все категории,МО_0140,M,3,rub,0
7/1/23 0:00,4923.670466488993,Все категории,МО_0140,M,3,rub,0
8/1/23 0:00,5198.470293054649,Все категории,МО_0140,M,3,rub,0
9/1/23 0:00,5265.921747677797,Все категории,МО_0140,M,3,rub,0
10/1/23 0:00,4824.830307359169,Все категории,МО_0140,M,3,rub,0
11/1/23 0:00,5031.386788602645,Все категории,МО_0140,M,3,rub,0
12/1/23 0:00,4665.192623033268,Все категории,МО_0140,M,3,rub,0
1/1/24 0:00,4166.411401409709,Все категории,МО_0140,M,3,rub,0
2/1/24 0:00,4255.102584672198,Все категории,МО_0140,M,3,rub,0
3/1/24 0:00,4532.878337761377,Все категории,МО_0140,M,3,rub,0
4/1/24 0:00,4633.101241231293,Все категории,МО_0140,M,3,rub,0
5/1/24 0:00,4529.209838719207,Все категории,МО_0140,M,3,rub,0
6/1/24 0:00,4265.2963809975445,Все категории,МО_0140,M,3,rub,0
7/1/24 0:00,4802.621705309748,Все категории,МО_0140,M,3,rub,0
8/1/24 0:00,5004.912309873115,Все категории,МО_0140,M,3,rub,0
9/1/24 0:00,4995.221021214973,Все категории,МО_0140,M,3,rub,0
10/1/24 0:00,4925.079605216158,Все категории,МО_0140,M,3,rub,0
11/1/24 0:00,4655.142502939465,Все категории,МО_0140,M,3,rub,0
12/1/24 0:00,4352.8899494763455,Все категории,МО_0140,M,3,rub,0
1/1/23 0:00,9777.436871308171,Все категории,МО_0141,M,3,rub,0
2/1/23 0:00,9799.055570229266,Все категории,МО_0141,M,3,rub,0
3/1/23 0:00,10468.165834044845,Все категории,МО_0141,M,3,rub,0
4/1/23 0:00,10537.768230870743,Все категории,МО_0141,M,3,rub,0
5/1/23 0:00,10577.16580336529,Все категории,МО_0141,M,3,rub,0
6/1/23 0:00,10029.129886880757,Все категории,МО_0141,M,3,rub,0
7/1/23 0:00,10207.727737914143,Все категории,МО_0141,M,3,rub,0
8/1/23 0:00,10271.11537198299,Все категории,МО_0141,M,3,rub,0
9/1/23 0:00,9723.17735513348,Все категории,МО_0141,M,3,rub,0
10/1/23 0:00,9660.17162503844,Все категории,МО_0141,M,3,rub,0
11/1/23 0:00,9826.899751059354,Все категории,МО_0141,M,3,rub,0
12/1/23 0:00,10390.495161804409,Все категории,МО_0141,M,3,rub,0
1/1/24 0:00,10052.001468622615,Все категории,МО_0141,M,3,rub,0
2/1/24 0:00,10594.223075581316,Все категории,МО_0141,M,3,rub,0
3/1/24 0:00,10607.410310432138,Все категории,МО_0141,M,3,rub,0
4/1/24 0:00,10765.048397230397,Все категории,МО_0141,M,3,rub,0
5/1/24 0:00,10832.535860157112,Все категории,МО_0141,M,3,rub,0
6/1/24 0:00,10970.295223818503,Все категории,МО_0141,M,3,rub,0
7/1/24 0:00,10829.398648659002,Все категории,МО_0141,M,3,rub,0
8/1/24 0:00,10310.961616080847,Все категории,МО_0141,M,3,rub,0
9/1/24 0:00,9988.271516989467,Все категории,МО_0141,M,3,rub,0
10/1/24 0:00,10539.177440301024,Все категории,МО_0141,M,3,rub,0
11/1/24 0:00,10038.145250602798,Все категории,МО_0141,M,3,rub,0
12/1/24 0:00,10224.85992665788,Все категории,МО_0141,M,3,rub,0
1/1/23 0:00,8433.40275017237,Все категории,МО_0142,M,3,rub,0
2/1/23 0:00,9440.059738759464,Все категории,МО_0142,M,3,rub,0
3/1/23 0:00,9237.535646440905,Все категории,МО_0142,M,3,rub,0
4/1/23 0:00,9365.330839948765,Все категории,МО_0142,M,3,rub,0
5/1/23 0:00,8031.233826050347,Все категории,МО_0142,M,3,rub,0
6/1/23 0:00,8443.448206034836,Все категории,МО_0142,M,3,rub,0
7/1/23 0:00,7949.784949890415,Все категории,МО_0142,M,3,rub,0
8/1/23 0:00,8179.188065740422,Все категории,МО_0142,M,3,rub,0
9/1/23 0:00,7852.47171528465,Все категории,МО_0142,M,3,rub,0
10/1/23 0:00,9097.970805495961,Все категории,МО_0142,M,3,rub,0
11/1/23 0:00,9497.808386106042,Все категории,МО_0142,M,3,rub,0
12/1/23 0:00,9832.335400444714,Все категории,МО_0142,M,3,rub,0
1/1/24 0:00,10473.01564094925,Все категории,МО_0142,M,3,rub,0
2/1/24 0:00,10217.630435709776,Все категории,МО_0142,M,3,rub,0
3/1/24 0:00,10184.272054500025,Все категории,МО_0142,M,3,rub,0
4/1/24 0:00,9920.24043157271,Все категории,МО_0142,M,3,rub,0
5/1/24 0:00,9147.147050714622,Все категории,МО_0142,M,3,rub,0
6/1/24 0:00,9578.283599876904,Все категории,МО_0142,M,3,rub,0
7/1/24 0:00,9495.22101372179,Все категории,МО_0142,M,3,rub,0
8/1/24 0:00,9028.349365704771,Все категории,МО_0142,M,3,rub,0
9/1/24 0:00,9628.310365638026,Все категории,МО_0142,M,3,rub,0
10/1/24 0:00,9974.608674016219,Все категории,МО_0142,M,3,rub,0
11/1/24 0:00,10819.107589103594,Все категории,МО_0142,M,3,rub,0
12/1/24 0:00,11156.43507986877,Все категории,МО_0142,M,3,rub,0
1/1/23 0:00,8662.002010792774,Все категории,МО_0143,M,3,rub,0
2/1/23 0:00,9343.134615739287,Все категории,МО_0143,M,3,rub,0
3/1/23 0:00,8955.892180166473,Все категории,МО_0143,M,3,rub,0
4/1/23 0:00,9254.81322641194,Все категории,МО_0143,M,3,rub,0
5/1/23 0:00,8384.738161095502,Все категории,МО_0143,M,3,rub,0
6/1/23 0:00,7860.602952040046,Все категории,МО_0143,M,3,rub,0
7/1/23 0:00,8230.518704072952,Все категории,МО_0143,M,3,rub,0
8/1/23 0:00,8136.286611069038,Все категории,МО_0143,M,3,rub,0
9/1/23 0:00,8432.285501964114,Все категории,МО_0143,M,3,rub,0
10/1/23 0:00,9022.549699688761,Все категории,МО_0143,M,3,rub,0
11/1/23 0:00,9096.426867004833,Все категории,МО_0143,M,3,rub,0
12/1/23 0:00,9806.31128044825,Все категории,МО_0143,M,3,rub,0
1/1/24 0:00,10219.576388700132,Все категории,МО_0143,M,3,rub,0
2/1/24 0:00,10057.887627232705,Все категории,МО_0143,M,3,rub,0
3/1/24 0:00,10281.231749865341,Все категории,МО_0143,M,3,rub,0
4/1/24 0:00,10470.60576271715,Все категории,МО_0143,M,3,rub,0
5/1/24 0:00,9739.05423584111,Все категории,МО_0143,M,3,rub,0
6/1/24 0:00,8964.423652154956,Все категории,МО_0143,M,3,rub,0
7/1/24 0:00,8743.981455717843,Все категории,МО_0143,M,3,rub,0
8/1/24 0:00,9692.507481806137,Все категории,МО_0143,M,3,rub,0
9/1/24 0:00,9502.47313140634,Все категории,МО_0143,M,3,rub,0
10/1/24 0:00,9860.99069170314,Все категории,МО_0143,M,3,rub,0
11/1/24 0:00,10625.383627813311,Все категории,МО_0143,M,3,rub,0
12/1/24 0:00,10875.630510175593,Все категории,МО_0143,M,3,rub,0
1/1/23 0:00,5058.209602668219,Все категории,МО_0144,M,3,rub,0
2/1/23 0:00,4468.085192318306,Все категории,МО_0144,M,3,rub,0
3/1/23 0:00,4809.837299008029,Все категории,МО_0144,M,3,rub,0
4/1/23 0:00,4535.699444518601,Все категории,МО_0144,M,3,rub,0
5/1/23 0:00,4983.620682716139,Все категории,МО_0144,M,3,rub,0
6/1/23 0:00,4868.878238206534,Все категории,МО_0144,M,3,rub,0
7/1/23 0:00,5192.904868080814,Все категории,МО_0144,M,3,rub,0
8/1/23 0:00,5279.50054355546,Все категории,МО_0144,M,3,rub,0
9/1/23 0:00,5277.01614414182,Все категории,МО_0144,M,3,rub,0
10/1/23 0:00,5116.596374632197,Все категории,МО_0144,M,3,rub,0
11/1/23 0:00,4797.844878135346,Все категории,МО_0144,M,3,rub,0
12/1/23 0:00,5105.060650918763,Все категории,МО_0144,M,3,rub,0
1/1/24 0:00,4239.778301481473,Все категории,МО_0144,M,3,rub,0
2/1/24 0:00,4292.322566515763,Все категории,МО_0144,M,3,rub,0
3/1/24 0:00,4233.535566836112,Все категории,МО_0144,M,3,rub,0
4/1/24 0:00,4347.142601942284,Все категории,МО_0144,M,3,rub,0
5/1/24 0:00,4276.805877028772,Все категории,МО_0144,M,3,rub,0
6/1/24 0:00,4598.665531955141,Все категории,МО_0144,M,3,rub,0
7/1/24 0:00,4646.849592648475,Все категории,МО_0144,M,3,rub,0
8/1/24 0:00,4431.682111127685,Все категории,МО_0144,M,3,rub,0
9/1/24 0:00,4819.5177672066775,Все категории,МО_0144,M,3,rub,0
10/1/24 0:00,4481.977955446806,Все категории,МО_0144,M,3,rub,0
11/1/24 0:00,4191.631682048989,Все категории,МО_0144,M,3,rub,0
12/1/24 0:00,4398.678978520815,Все категории,МО_0144,M,3,rub,0
1/1/23 0:00,4827.129559228684,Все категории,МО_0145,M,3,rub,0
2/1/23 0:00,4678.359420163946,Все категории,МО_0145,M,3,rub,0
3/1/23 0:00,4621.187547328529,Все категории,МО_0145,M,3,rub,0
4/1/23 0:00,4107.3057054885485,Все категории,МО_0145,M,3,rub,0
5/1/23 0:00,4334.599534870303,Все категории,МО_0145,M,3,rub,0
6/1/23 0:00,5305.292547801846,Все категории,МО_0145,M,3,rub,0
7/1/23 0:00,4722.182913156156,Все категории,МО_0145,M,3,rub,0
8/1/23 0:00,5251.001910403315,Все категории,МО_0145,M,3,rub,0
9/1/23 0:00,4942.391776751075,Все категории,МО_0145,M,3,rub,0
10/1/23 0:00,5048.42523759896,Все категории,МО_0145,M,3,rub,0
11/1/23 0:00,4702.746308670848,Все категории,МО_0145,M,3,rub,0
12/1/23 0:00,4770.912829157369,Все категории,МО_0145,M,3,rub,0
1/1/24 0:00,4466.9083972469525,Все категории,МО_0145,M,3,rub,0
2/1/24 0:00,4196.2786903861215,Все категории,МО_0145,M,3,rub,0
3/1/24 0:00,4013.985249501975,Все категории,МО_0145,M,3,rub,0
4/1/24 0:00,4317.970189766713,Все категории,МО_0145,M,3,rub,0
5/1/24 0:00,4112.553532011014,Все категории,МО_0145,M,3,rub,0
6/1/24 0:00,4624.660193016912,Все категории,МО_0145,M,3,rub,0
7/1/24 0:00,5343.9007174612425,Все категории,МО_0145,M,3,rub,0
8/1/24 0:00,5131.43501189006,Все категории,МО_0145,M,3,rub,0
9/1/24 0:00,4993.383093999848,Все категории,МО_0145,M,3,rub,0
10/1/24 0:00,4715.299141264201,Все категории,МО_0145,M,3,rub,0
11/1/24 0:00,4149.018241008833,Все категории,МО_0145,M,3,rub,0
12/1/24 0:00,4089.1874296588776,Все категории,МО_0145,M,3,rub,0
1/1/23 0:00,10154.33368231844,Все категории,МО_0146,M,3,rub,0
2/1/23 0:00,10018.662456942126,Все категории,МО_0146,M,3,rub,0
3/1/23 0:00,10252.903658710755,Все категории,МО_0146,M,3,rub,0
4/1/23 0:00,10463.904953715313,Все категории,МО_0146,M,3,rub,0
5/1/23 0:00,10240.035291389238,Все категории,МО_0146,M,3,rub,0
6/1/23 0:00,10051.374047730693,Все категории,МО_0146,M,3,rub,0
7/1/23 0:00,10066.723078909894,Все категории,МО_0146,M,3,rub,0
8/1/23 0:00,9683.41019310785,Все категории,МО_0146,M,3,rub,0
9/1/23 0:00,9565.119336944632,Все категории,МО_0146,M,3,rub,0
10/1/23 0:00,9522.152255355795,Все категории,МО_0146,M,3,rub,0
11/1/23 0:00,9868.922271227762,Все категории,МО_0146,M,3,rub,0
12/1/23 0:00,9930.414379113954,Все категории,МО_0146,M,3,rub,0
1/1/24 0:00,10223.3393876129,Все категории,МО_0146,M,3,rub,0
2/1/24 0:00,10677.9795931447,Все категории,МО_0146,M,3,rub,0
3/1/24 0:00,10747.844244220702,Все категории,МО_0146,M,3,rub,0
4/1/24 0:00,10823.06652199583,Все категории,МО_0146,M,3,rub,0
5/1/24 0:00,10945.790994657562,Все категории,МО_0146,M,3,rub,0
6/1/24 0:00,10822.298460465758,Все категории,МО_0146,M,3,rub,0
7/1/24 0:00,10415.58509275219,Все категории,МО_0146,M,3,rub,0
8/1/24 0:00,10235.446843417136,Все категории,МО_0146,M,3,rub,0
9/1/24 0:00,9907.654559706778,Все категории,МО_0146,M,3,rub,0
10/1/24 0:00,9855.513651549669,Все категории,МО_0146,M,3,rub,0
11/1/24 0:00,10281.296809633668,Все категории,МО_0146,M,3,rub,0
12/1/24 0:00,10434.770659372905,Все категории,МО_0146,M,3,rub,0
1/1/23 0:00,9987.66358354397,Все категории,МО_0147,M,3,rub,0
2/1/23 0:00,10235.49731925979,Все категории,МО_0147,M,3,rub,0
3/1/23 0:00,10406.910500888995,Все категории,МО_0147,M,3,rub,0
4/1/23 0:00,10645.87995727244,Все категории,МО_0147,M,3,rub,0
5/1/23 0:00,10657.33264414362,Все категории,МО_0147,M,3,rub,0
6/1/23 0:00,10490.491559421127,Все категории,МО_0147,M,3,rub,0
7/1/23 0:00,10056.600274744425,Все категории,МО_0147,M,3,rub,0
8/1/23 0:00,10134.896580069562,Все категории,МО_0147,M,3,rub,0
9/1/23 0:00,9752.392743224924,Все категории,МО_0147,M,3,rub,0
10/1/23 0:00,9795.197797061923,Все категории,МО_0147,M,3,rub,0
11/1/23 0:00,9821.61145946499,Все категории,МО_0147,M,3,rub,0
12/1/23 0:00,10026.031444856118,Все категории,МО_0147,M,3,rub,0
1/1/24 0:00,10110.046993213824,Все категории,МО_0147,M,3,rub,0
2/1/24 0:00,10700.299564784142,Все категории,МО_0147,M,3,rub,0
3/1/24 0:00,11409.563179150444,Все категории,МО_0147,M,3,rub,0
4/1/24 0:00,10802.189224086764,Все категории,МО_0147,M,3,rub,0
5/1/24 0:00,10858.692219915263,Все категории,МО_0147,M,3,rub,0
6/1/24 0:00,10583.758570264537,Все категории,МО_0147,M,3,rub,0
7/1/24 0:00,10344.80356882337,Все категории,МО_0147,M,3,rub,0
8/1/24 0:00,10539.538015227448,Все категории,МО_0147,M,3,rub,0
9/1/24 0:00,9929.240904516799,Все категории,МО_0147,M,3,rub,0
10/1/24 0:00,9932.012354468316,Все категории,МО_0147,M,3,rub,0
11/1/24 0:00,9807.953070403122,Все категории,МО_0147,M,3,rub,0
12/1/24 0:00,10186.797167838064,Все категории,МО_0147,M,3,rub,0
1/1/23 0:00,4325.111131064374,Все категории,МО_0148,M,3,rub,0
2/1/23 0:00,4703.010474145459,Все категории,МО_0148,M,3,rub,0
3/1/23 0:00,5166.926594892172,Все категории,МО_0148,M,3,rub,0
4/1/23 0:00,4441.813676783131,Все категории,МО_0148,M,3,rub,0
5/1/23 0:00,4268.840207643679,Все категории,МО_0148,M,3,rub,0
6/1/23 0:00,5028.032867502468,Все категории,МО_0148,M,3,rub,0
7/1/23 0:00,4798.413605073609,Все категории,МО_0148,M,3,rub,0
8/1/23 0:00,5434.916697688875,Все категории,МО_0148,M,3,rub,0
9/1/23 0:00,5043.472374530775,Все категории,МО_0148,M,3,rub,0
10/1/23 0:00,4871.9873751684645,Все категории,МО_0148,M,3,rub,0
11/1/23 0:00,4811.031409533176,Все категории,МО_0148,M,3,rub,0
12/1/23 0:00,4817.954381035099,Все категории,МО_0148,M,3,rub,0
1/1/24 0:00,4386.303294542551,Все категории,МО_0148,M,3,rub,0
2/1/24 0:00,4186.128662690618,Все категории,МО_0148,M,3,rub,0
3/1/24 0:00,4188.537390185645,Все категории,МО_0148,M,3,rub,0
4/1/24 0:00,3998.0388734537473,Все категории,МО_0148,M,3,rub,0
5/1/24 0:00,4457.248524843186,Все категории,МО_0148,M,3,rub,0
6/1/24 0:00,4139.986449179383,Все категории,МО_0148,M,3,rub,0
7/1/24 0:00,4583.328768921335,Все категории,МО_0148,M,3,rub,0
8/1/24 0:00,4982.073188695353,Все категории,МО_0148,M,3,rub,0
9/1/24 0:00,4890.764714501235,Все категории,МО_0148,M,3,rub,0
10/1/24 0:00,4877.382739914592,Все категории,МО_0148,M,3,rub,0
11/1/24 0:00,4556.510482625175,Все категории,МО_0148,M,3,rub,0
12/1/24 0:00,4631.810862789784,Все категории,МО_0148,M,3,rub,0
1/1/23 0:00,10081.869431815685,Все категории,МО_0149,M,3,rub,0
2/1/23 0:00,10269.38912942566,Все категории,МО_0149,M,3,rub,0
3/1/23 0:00,10591.977836884967,Все категории,МО_0149,M,3,rub,0
4/1/23 0:00,10657.38620460462,Все категории,МО_0149,M,3,rub,0
5/1/23 0:00,10368.3378087349,Все категории,МО_0149,M,3,rub,0
6/1/23 0:00,10027.855221674678,Все категории,МО_0149,M,3,rub,0
7/1/23 0:00,10161.966367526247,Все категории,МО_0149,M,3,rub,0
8/1/23 0:00,9965.872493572106,Все категории,МО_0149,M,3,rub,0
9/1/23 0:00,9921.983894350351,Все категории,МО_0149,M,3,rub,0
10/1/23 0:00,9492.654561875139,Все категории,МО_0149,M,3,rub,0
11/1/23 0:00,9590.900934087473,Все категории,МО_0149,M,3,rub,0
12/1/23 0:00,10068.812007589684,Все категории,МО_0149,M,3,rub,0
1/1/24 0:00,10245.32374250413,Все категории,МО_0149,M,3,rub,0
2/1/24 0:00,10160.721859668574,Все категории,МО_0149,M,3,rub,0
3/1/24 0:00,10859.585590050474,Все категории,МО_0149,M,3,rub,0
4/1/24 0:00,10487.627853102736,Все категории,МО_0149,M,3,rub,0
5/1/24 0:00,10640.216805573935,Все категории,МО_0149,M,3,rub,0
6/1/24 0:00,10971.25146522013,Все категории,МО_0149,M,3,rub,0
7/1/24 0:00,10834.573828670356,Все категории,МО_0149,M,3,rub,0
8/1/24 0:00,9973.500180719235,Все категории,МО_0149,M,3,rub,0
9/1/24 0:00,9997.705534132367,Все категории,МО_0149,M,3,rub,0
10/1/24 0:00,10035.182530594477,Все категории,МО_0149,M,3,rub,0
11/1/24 0:00,10491.527108682585,Все категории,МО_0149,M,3,rub,0
12/1/24 0:00,10240.877835512703,Все категории,МО_0149,M,3,rub,0
1/1/23 0:00,4599.803699641539,Все категории,МО_0150,M,3,rub,0
2/1/23 0:00,4923.643833967017,Все категории,МО_0150,M,3,rub,0
3/1/23 0:00,4408.584769250493,Все категории,МО_0150,M,3,rub,0
4/1/23 0:00,4690.348111618281,Все категории,МО_0150,M,3,rub,0
5/1/23 0:00,4309.504466800519,Все категории,МО_0150,M,3,rub,0
6/1/23 0:00,4765.80854646636,Все категории,МО_0150,M,3,rub,0
7/1/23 0:00,4579.783702004108,Все категории,МО_0150,M,3,rub,0
8/1/23 0:00,4831.249635310636,Все категории,МО_0150,M,3,rub,0
9/1/23 0:00,5334.292857680443,Все категории,МО_0150,M,3,rub,0
10/1/23 0:00,5015.822690893315,Все категории,МО_0150,M,3,rub,0
11/1/23 0:00,4777.197522232606,Все категории,МО_0150,M,3,rub,0
12/1/23 0:00,4468.367442208224,Все категории,МО_0150,M,3,rub,0
1/1/24 0:00,4387.787115508786,Все категории,МО_0150,M,3,rub,0
2/1/24 0:00,4356.496823179013,Все категории,МО_0150,M,3,rub,0
3/1/24 0:00,4443.4850597130035,Все категории,МО_0150,M,3,rub,0
4/1/24 0:00,3736.4627842267882,Все категории,МО_0150,M,3,rub,0
5/1/24 0:00,4191.639784883801,Все категории,МО_0150,M,3,rub,0
6/1/24 0:00,4563.015306806387,Все категории,МО_0150,M,3,rub,0
7/1/24 0:00,4663.137274521274,Все категории,МО_0150,M,3,rub,0
8/1/24 0:00,4894.1746896599825,Все категории,МО_0150,M,3,rub,0
9/1/24 0:00,4882.089355002816,Все категории,МО_0150,M,3,rub,0
10/1/24 0:00,4663.887512004803,Все категории,МО_0150,M,3,rub,0
11/1/24 0:00,4452.504333145775,Все категории,МО_0150,M,3,rub,0
12/1/24 0:00,4315.380593891658,Все категории,МО_0150,M,3,rub,0
1/1/23 0:00,9206.510530254613,Все категории,МО_0151,M,3,rub,0
2/1/23 0:00,8856.213679481216,Все категории,МО_0151,M,3,rub,0
3/1/23 0:00,8956.17801972363,Все категории,МО_0151,M,3,rub,0
4/1/23 0:00,8758.11555824832,Все категории,МО_0151,M,3,rub,0
5/1/23 0:00,8774.364952777498,Все категории,МО_0151,M,3,rub,0
6/1/23 0:00,8009.564647005385,Все категории,МО_0151,M,3,rub,0
7/1/23 0:00,8164.577763487289,Все категории,МО_0151,M,3,rub,0
8/1/23 0:00,8284.358864703892,Все категории,МО_0151,M,3,rub,0
9/1/23 0:00,8234.634975876637,Все категории,МО_0151,M,3,rub,0
10/1/23 0:00,8651.107748873044,Все категории,МО_0151,M,3,rub,0
11/1/23 0:00,9185.204317308535,Все категории,МО_0151,M,3,rub,0
12/1/23 0:00,9768.560260049684,Все категории,МО_0151,M,3,rub,0
1/1/24 0:00,10538.927950162966,Все категории,МО_0151,M,3,rub,0
2/1/24 0:00,10527.699809447557,Все категории,МО_0151,M,3,rub,0
3/1/24 0:00,10436.261961293074,Все категории,МО_0151,M,3,rub,0
4/1/24 0:00,9725.232446320522,Все категории,МО_0151,M,3,rub,0
5/1/24 0:00,9393.323457745157,Все категории,МО_0151,M,3,rub,0
6/1/24 0:00,9953.74697723297,Все категории,МО_0151,M,3,rub,0
7/1/24 0:00,9113.03713690386,Все категории,МО_0151,M,3,rub,0
8/1/24 0:00,9008.483287232762,Все категории,МО_0151,M,3,rub,0
9/1/24 0:00,9946.240490534812,Все категории,МО_0151,M,3,rub,0
10/1/24 0:00,10139.748570335376,Все категории,МО_0151,M,3,rub,0
11/1/24 0:00,10900.517015868061,Все категории,МО_0151,M,3,rub,0
12/1/24 0:00,11321.486423060509,Все категории,МО_0151,M,3,rub,0
1/1/23 0:00,4636.334961889562,Все категории,МО_0152,M,3,rub,0
2/1/23 0:00,4518.288521685568,Все категории,МО_0152,M,3,rub,0
3/1/23 0:00,4191.9091438068435,Все категории,МО_0152,M,3,rub,0
4/1/23 0:00,4504.1551977794215,Все категории,МО_0152,M,3,rub,0
5/1/23 0:00,4709.028986112624,Все категории,МО_0152,M,3,rub,0
6/1/23 0:00,5272.749778479323,Все категории,МО_0152,M,3,rub,0
7/1/23 0:00,4997.468906393286,Все категории,МО_0152,M,3,rub,0
8/1/23 0:00,4532.021081279675,Все категории,МО_0152,M,3,rub,0
9/1/23 0:00,5091.115637715581,Все категории,МО_0152,M,3,rub,0
10/1/23 0:00,5766.515105517936,Все категории,МО_0152,M,3,rub,0
11/1/23 0:00,5068.919512185374,Все категории,МО_0152,M,3,rub,0
12/1/23 0:00,4454.505921315989,Все категории,МО_0152,M,3,rub,0
1/1/24 0:00,4569.54279693377,Все категории,МО_0152,M,3,rub,0
2/1/24 0:00,4135.101703228544,Все категории,МО_0152,M,3,rub,0
3/1/24 0:00,3953.5061005810026,Все категории,МО_0152,M,3,rub,0
4/1/24 0:00,4186.9738869445055,Все категории,МО_0152,M,3,rub,0
5/1/24 0:00,4389.680278004828,Все категории,МО_0152,M,3,rub,0
6/1/24 0:00,4122.34043680226,Все категории,МО_0152,M,3,rub,0
7/1/24 0:00,4424.572429827483,Все категории,МО_0152,M,3,rub,0
8/1/24 0:00,4798.9331129585335,Все категории,МО_0152,M,3,rub,0
9/1/24 0:00,4719.8999467375015,Все категории,МО_0152,M,3,rub,0
10/1/24 0:00,4829.936338351063,Все категории,МО_0152,M,3,rub,0
11/1/24 0:00,4301.982456322683,Все категории,МО_0152,M,3,rub,0
12/1/24 0:00,4527.483584713414,Все категории,МО_0152,M,3,rub,0
1/1/23 0:00,8584.307753714354,Все категории,МО_0153,M,3,rub,0
2/1/23 0:00,9510.168459913493,Все категории,МО_0153,M,3,rub,0
3/1/23 0:00,8522.88611053891,Все категории,МО_0153,M,3,rub,0
4/1/23 0:00,8429.21685852733,Все категории,МО_0153,M,3,rub,0
5/1/23 0:00,8478.597041302728,Все категории,МО_0153,M,3,rub,0
6/1/23 0:00,8495.806201740887,Все категории,МО_0153,M,3,rub,0
7/1/23 0:00,8008.408910865285,Все категории,МО_0153,M,3,rub,0
8/1/23 0:00,8119.719573733499,Все категории,МО_0153,M,3,rub,0
9/1/23 0:00,8254.741575773036,Все категории,МО_0153,M,3,rub,0
10/1/23 0:00,8441.980959820143,Все категории,МО_0153,M,3,rub,0
11/1/23 0:00,9140.923527937413,Все категории,МО_0153,M,3,rub,0
12/1/23 0:00,9492.352688436025,Все категории,МО_0153,M,3,rub,0
1/1/24 0:00,9885.680842527625,Все категории,МО_0153,M,3,rub,0
2/1/24 0:00,10581.762800949808,Все категории,МО_0153,M,3,rub,0
3/1/24 0:00,10019.492422305424,Все категории,МО_0153,M,3,rub,0
4/1/24 0:00,10156.024910919212,Все категории,МО_0153,M,3,rub,0
5/1/24 0:00,9299.579519837513,Все категории,МО_0153,M,3,rub,0
6/1/24 0:00,9417.193806119161,Все категории,МО_0153,M,3,rub,0
7/1/24 0:00,9028.44668396184,Все категории,МО_0153,M,3,rub,0
8/1/24 0:00,9617.730737003463,Все категории,МО_0153,M,3,rub,0
9/1/24 0:00,9621.24074106163,Все категории,МО_0153,M,3,rub,0
10/1/24 0:00,10434.13280229108,Все категории,МО_0153,M,3,rub,0
11/1/24 0:00,10472.954494588677,Все категории,МО_0153,M,3,rub,0
12/1/24 0:00,11387.634640811582,Все категории,МО_0153,M,3,rub,0
1/1/23 0:00,8636.660698431404,Все категории,МО_0154,M,3,rub,0
2/1/23 0:00,8941.214267221221,Все категории,МО_0154,M,3,rub,0
3/1/23 0:00,8902.789465287813,Все категории,МО_0154,M,3,rub,0
4/1/23 0:00,8522.457599091262,Все категории,МО_0154,M,3,rub,0
5/1/23 0:00,8073.271439851463,Все категории,МО_0154,M,3,rub,0
6/1/23 0:00,7746.4923154846765,Все категории,МО_0154,M,3,rub,0
7/1/23 0:00,7395.327404508518,Все категории,МО_0154,M,3,rub,0
8/1/23 0:00,7734.7215665699005,Все категории,МО_0154,M,3,rub,0
9/1/23 0:00,8407.18318550667,Все категории,МО_0154,M,3,rub,0
10/1/23 0:00,8298.327509430303,Все категории,МО_0154,M,3,rub,0
11/1/23 0:00,8903.29905032511,Все категории,МО_0154,M,3,rub,0
12/1/23 0:00,10387.163272065214,Все категории,МО_0154,M,3,rub,0
1/1/24 0:00,10077.989094206347,Все категории,МО_0154,M,3,rub,0
2/1/24 0:00,10556.174417725733,Все категории,МО_0154,M,3,rub,0
3/1/24 0:00,10564.478531936322,Все категории,МО_0154,M,3,rub,0
4/1/24 0:00,10261.061355616399,Все категории,МО_0154,M,3,rub,0
5/1/24 0:00,9238.268181705631,Все категории,МО_0154,M,3,rub,0
6/1/24 0:00,9269.355629379595,Все категории,МО_0154,M,3,rub,0
7/1/24 0:00,8727.631213175911,Все категории,МО_0154,M,3,rub,0
8/1/24 0:00,9922.445533656659,Все категории,МО_0154,M,3,rub,0
9/1/24 0:00,9083.098752869748,Все категории,МО_0154,M,3,rub,0
10/1/24 0:00,9743.240270807413,Все категории,МО_0154,M,3,rub,0
11/1/24 0:00,10383.806731111921,Все категории,МО_0154,M,3,rub,0
12/1/24 0:00,10869.318151025465,Все категории,МО_0154,M,3,rub,0
1/1/23 0:00,7359.312466017875,Все категории,МО_0155,M,3,rub,0
2/1/23 0:00,6818.044531673562,Все категории,МО_0155,M,3,rub,0
3/1/23 0:00,5347.1894877016075,Все категории,МО_0155,M,3,rub,0
4/1/23 0:00,4674.5920236181955,Все категории,МО_0155,M,3,rub,0
5/1/23 0:00,4299.531237705825,Все категории,МО_0155,M,3,rub,0
6/1/23 0:00,4748.194308864731,Все категории,МО_0155,M,3,rub,0
7/1/23 0:00,5134.446603578701,Все категории,МО_0155,M,3,rub,0
8/1/23 0:00,5718.821815382743,Все категории,МО_0155,M,3,rub,0
9/1/23 0:00,6737.866918843081,Все категории,МО_0155,M,3,rub,0
10/1/23 0:00,7518.281219622314,Все категории,МО_0155,M,3,rub,0
11/1/23 0:00,7872.925725932057,Все категории,МО_0155,M,3,rub,0
12/1/23 0:00,7540.7051445567,Все категории,МО_0155,M,3,rub,0
1/1/24 0:00,6751.724028221907,Все категории,МО_0155,M,3,rub,0
2/1/24 0:00,6432.145243744236,Все категории,МО_0155,M,3,rub,0
3/1/24 0:00,5518.475301407421,Все категории,МО_0155,M,3,rub,0
4/1/24 0:00,5168.037993436962,Все категории,МО_0155,M,3,rub,0
5/1/24 0:00,4911.532661903489,Все категории,МО_0155,M,3,rub,0
6/1/24 0:00,4584.395555927711,Все категории,МО_0155,M,3,rub,0
7/1/24 0:00,4969.194709475381,Все категории,МО_0155,M,3,rub,0
8/1/24 0:00,5763.77720271626,Все категории,МО_0155,M,3,rub,0
9/1/24 0:00,6479.463848156621,Все категории,МО_0155,M,3,rub,0
10/1/24 0:00,7719.431303269353,Все категории,МО_0155,M,3,rub,0
11/1/24 0:00,7976.971330132953,Все категории,МО_0155,M,3,rub,0
12/1/24 0:00,8076.253205345105,Все категории,МО_0155,M,3,rub,0
1/1/23 0:00,9975.922676207405,Все категории,МО_0156,M,3,rub,0
2/1/23 0:00,10220.726952784269,Все категории,МО_0156,M,3,rub,0
3/1/23 0:00,10649.794400097971,Все категории,МО_0156,M,3,rub,0
4/1/23 0:00,10597.724071329738,Все категории,МО_0156,M,3,rub,0
5/1/23 0:00,10474.125841870584,Все категории,МО_0156,M,3,rub,0
6/1/23 0:00,10610.602973571953,Все категории,МО_0156,M,3,rub,0
7/1/23 0:00,10100.130440662731,Все категории,МО_0156,M,3,rub,0
8/1/23 0:00,9797.800374672805,Все категории,МО_0156,M,3,rub,0
9/1/23 0:00,9546.618286466412,Все категории,МО_0156,M,3,rub,0
10/1/23 0:00,9809.048050647822,Все категории,МО_0156,M,3,rub,0
11/1/23 0:00,10010.999731986947,Все категории,МО_0156,M,3,rub,0
12/1/23 0:00,9966.534920768689,Все категории,МО_0156,M,3,rub,0
1/1/24 0:00,10531.839829081102,Все категории,МО_0156,M,3,rub,0
2/1/24 0:00,10143.614765417167,Все категории,МО_0156,M,3,rub,0
3/1/24 0:00,10766.472676233892,Все категории,МО_0156,M,3,rub,0
4/1/24 0:00,10874.74167615432,Все категории,МО_0156,M,3,rub,0
5/1/24 0:00,10686.7654679818,Все категории,МО_0156,M,3,rub,0
6/1/24 0:00,11200.091431309464,Все категории,МО_0156,M,3,rub,0
7/1/24 0:00,10432.447158274823,Все категории,МО_0156,M,3,rub,0
8/1/24 0:00,10135.96617183491,Все категории,МО_0156,M,3,rub,0
9/1/24 0:00,10069.013051082093,Все категории,МО_0156,M,3,rub,0
10/1/24 0:00,9632.939721420009,Все категории,МО_0156,M,3,rub,0
11/1/24 0:00,9971.650254791231,Все категории,МО_0156,M,3,rub,0
12/1/24 0:00,10547.717864980423,Все категории,МО_0156,M,3,rub,0
1/1/23 0:00,6798.520009598573,Все категории,МО_0157,M,3,rub,0
2/1/23 0:00,5986.576917743444,Все категории,МО_0157,M,3,rub,0
3/1/23 0:00,5743.002077952358,Все категории,МО_0157,M,3,rub,0
4/1/23 0:00,5199.533932313168,Все категории,МО_0157,M,3,rub,0
5/1/23 0:00,4800.2242765592355,Все категории,МО_0157,M,3,rub,0
6/1/23 0:00,4708.286567035819,Все категории,МО_0157,M,3,rub,0
7/1/23 0:00,5150.263314445891,Все категории,МО_0157,M,3,rub,0
8/1/23 0:00,5683.962736957976,Все категории,МО_0157,M,3,rub,0
9/1/23 0:00,6417.941701347071,Все категории,МО_0157,M,3,rub,0
10/1/23 0:00,7097.580599719244,Все категории,МО_0157,M,3,rub,0
11/1/23 0:00,7582.054791150543,Все категории,МО_0157,M,3,rub,0
12/1/23 0:00,7327.041750968501,Все категории,МО_0157,M,3,rub,0
1/1/24 0:00,6628.07590918089,Все категории,МО_0157,M,3,rub,0
2/1/24 0:00,6318.304494171011,Все категории,МО_0157,M,3,rub,0
3/1/24 0:00,5567.715807894862,Все категории,МО_0157,M,3,rub,0
4/1/24 0:00,5338.744577406204,Все категории,МО_0157,M,3,rub,0
5/1/24 0:00,4633.207938572395,Все категории,МО_0157,M,3,rub,0
6/1/24 0:00,4910.485283159722,Все категории,МО_0157,M,3,rub,0
7/1/24 0:00,5328.848577807515,Все категории,МО_0157,M,3,rub,0
8/1/24 0:00,5880.613836670038,Все категории,МО_0157,M,3,rub,0
9/1/24 0:00,6963.357290307375,Все категории,МО_0157,M,3,rub,0
10/1/24 0:00,7725.602338601696,Все категории,МО_0157,M,3,rub,0
11/1/24 0:00,7969.349442007733,Все категории,МО_0157,M,3,rub,0
12/1/24 0:00,7650.225349244455,Все категории,МО_0157,M,3,rub,0
1/1/23 0:00,6872.730999908303,Все категории,МО_0158,M,3,rub,0
2/1/23 0:00,5858.916173676675,Все категории,МО_0158,M,3,rub,0
3/1/23 0:00,5277.034789670045,Все категории,МО_0158,M,3,rub,0
4/1/23 0:00,4807.025608222598,Все категории,МО_0158,M,3,rub,0
5/1/23 0:00,4495.262892360608,Все категории,МО_0158,M,3,rub,0
6/1/23 0:00,4879.904781461797,Все категории,МО_0158,M,3,rub,0
7/1/23 0:00,5454.777333988361,Все категории,МО_0158,M,3,rub,0
8/1/23 0:00,5660.386383975912,Все категории,МО_0158,M,3,rub,0
9/1/23 0:00,6754.615447501704,Все категории,МО_0158,M,3,rub,0
10/1/23 0:00,7100.506924556378,Все категории,МО_0158,M,3,rub,0
11/1/23 0:00,7677.619460113757,Все категории,МО_0158,M,3,rub,0
12/1/23 0:00,7428.67498603667,Все категории,МО_0158,M,3,rub,0
1/1/24 0:00,7227.8280497910755,Все категории,МО_0158,M,3,rub,0
2/1/24 0:00,6095.332181983034,Все категории,МО_0158,M,3,rub,0
3/1/24 0:00,5743.492500084935,Все категории,МО_0158,M,3,rub,0
4/1/24 0:00,4938.837532420806,Все категории,МО_0158,M,3,rub,0
5/1/24 0:00,4636.681302643364,Все категории,МО_0158,M,3,rub,0
6/1/24 0:00,4615.390771191558,Все категории,МО_0158,M,3,rub,0
7/1/24 0:00,5316.179282745187,Все категории,МО_0158,M,3,rub,0
8/1/24 0:00,6157.207759515525,Все категории,МО_0158,M,3,rub,0
9/1/24 0:00,6833.3923501903755,Все категории,МО_0158,M,3,rub,0
10/1/24 0:00,8191.392366715265,Все категории,МО_0158,M,3,rub,0
11/1/24 0:00,8328.621180394071,Все категории,МО_0158,M,3,rub,0
12/1/24 0:00,7634.363601668465,Все категории,МО_0158,M,3,rub,0
1/1/23 0:00,4636.484638358289,Все категории,МО_0159,M,3,rub,0
2/1/23 0:00,4665.044769262637,Все категории,МО_0159,M,3,rub,0
3/1/23 0:00,4307.6487541007255,Все категории,МО_0159,M,3,rub,0
4/1/23 0:00,4795.659000420133,Все категории,МО_0159,M,3,rub,0
5/1/23 0:00,4724.492269367971,Все категории,МО_0159,M,3,rub,0
6/1/23 0:00,4868.820886035074,Все категории,МО_0159,M,3,rub,0
7/1/23 0:00,5149.9102929490155,Все категории,МО_0159,M,3,rub,0
8/1/23 0:00,5551.223428784237,Все категории,МО_0159,M,3,rub,0
9/1/23 0:00,5159.006530235352,Все категории,МО_0159,M,3,rub,0
10/1/23 0:00,5000.013962904623,Все категории,МО_0159,M,3,rub,0
11/1/23 0:00,5234.3640176394365,Все категории,МО_0159,M,3,rub,0
12/1/23 0:00,4868.754322572257,Все категории,МО_0159,M,3,rub,0
1/1/24 0:00,4365.83225974828,Все категории,МО_0159,M,3,rub,0
2/1/24 0:00,4292.511176668587,Все категории,МО_0159,M,3,rub,0
3/1/24 0:00,4271.915097952165,Все категории,МО_0159,M,3,rub,0
4/1/24 0:00,4338.320821306771,Все категории,МО_0159,M,3,rub,0
5/1/24 0:00,4083.073772216057,Все категории,МО_0159,M,3,rub,0
6/1/24 0:00,4190.8543445190235,Все категории,МО_0159,M,3,rub,0
7/1/24 0:00,4482.8639251599525,Все категории,МО_0159,M,3,rub,0
8/1/24 0:00,4570.579146450387,Все категории,МО_0159,M,3,rub,0
9/1/24 0:00,4664.613872701495,Все категории,МО_0159,M,3,rub,0
10/1/24 0:00,4888.220130121647,Все категории,МО_0159,M,3,rub,0
11/1/24 0:00,4532.904533303236,Все категории,МО_0159,M,3,rub,0
12/1/24 0:00,4411.78922842303,Все категории,МО_0159,M,3,rub,0
1/1/23 0:00,4431.076953959187,Все категории,МО_0160,M,3,rub,0
2/1/23 0:00,4452.788303330498,Все категории,МО_0160,M,3,rub,0
3/1/23 0:00,4625.831158090149,Все категории,МО_0160,M,3,rub,0
4/1/23 0:00,4660.600681266837,Все категории,МО_0160,M,3,rub,0
5/1/23 0:00,4474.754014780652,Все категории,МО_0160,M,3,rub,0
6/1/23 0:00,4845.79812616256,Все категории,МО_0160,M,3,rub,0
7/1/23 0:00,5554.308900298443,Все категории,МО_0160,M,3,rub,0
8/1/23 0:00,5088.570521008942,Все категории,МО_0160,M,3,rub,0
9/1/23 0:00,4940.847687506334,Все категории,МО_0160,M,3,rub,0
10/1/23 0:00,4984.856437421103,Все категории,МО_0160,M,3,rub,0
11/1/23 0:00,4876.453552148073,Все категории,МО_0160,M,3,rub,0
12/1/23 0:00,4603.892671709705,Все категории,МО_0160,M,3,rub,0
1/1/24 0:00,4429.514988750875,Все категории,МО_0160,M,3,rub,0
2/1/24 0:00,3992.5904477822046,Все категории,МО_0160,M,3,rub,0
3/1/24 0:00,4031.5933008398138,Все категории,МО_0160,M,3,rub,0
4/1/24 0:00,4228.849442401896,Все категории,МО_0160,M,3,rub,0
5/1/24 0:00,4333.678304519781,Все категории,МО_0160,M,3,rub,0
6/1/24 0:00,4400.505323747073,Все категории,МО_0160,M,3,rub,0
7/1/24 0:00,4644.951509801773,Все категории,МО_0160,M,3,rub,0
8/1/24 0:00,4811.108859580691,Все категории,МО_0160,M,3,rub,0
9/1/24 0:00,5036.276066438079,Все категории,МО_0160,M,3,rub,0
10/1/24 0:00,4712.092782286089,Все категории,МО_0160,M,3,rub,0
11/1/24 0:00,4663.492026609059,Все категории,МО_0160,M,3,rub,0
12/1/24 0:00,4251.9622513592685,Все категории,МО_0160,M,3,rub,0
1/1/23 0:00,7133.104732410127,Все категории,МО_0161,M,3,rub,0
2/1/23 0:00,6282.097999495608,Все категории,МО_0161,M,3,rub,0
3/1/23 0:00,5641.972499787769,Все категории,МО_0161,M,3,rub,0
4/1/23 0:00,5070.793101416953,Все категории,МО_0161,M,3,rub,0
5/1/23 0:00,4814.019774861732,Все категории,МО_0161,M,3,rub,0
6/1/23 0:00,4775.945919628583,Все категории,МО_0161,M,3,rub,0
7/1/23 0:00,5251.030032749428,Все категории,МО_0161,M,3,rub,0
8/1/23 0:00,6124.854555061544,Все категории,МО_0161,M,3,rub,0
9/1/23 0:00,6506.524228819162,Все категории,МО_0161,M,3,rub,0
10/1/23 0:00,7216.674951233948,Все категории,МО_0161,M,3,rub,0
11/1/23 0:00,7828.443282451074,Все категории,МО_0161,M,3,rub,0
12/1/23 0:00,7764.576229188264,Все категории,МО_0161,M,3,rub,0
1/1/24 0:00,6827.0898346068625,Все категории,МО_0161,M,3,rub,0
2/1/24 0:00,6244.395157472372,Все категории,МО_0161,M,3,rub,0
3/1/24 0:00,5495.01384423188,Все категории,МО_0161,M,3,rub,0
4/1/24 0:00,4564.676345944092,Все категории,МО_0161,M,3,rub,0
5/1/24 0:00,4717.1238622468945,Все категории,МО_0161,M,3,rub,0
6/1/24 0:00,4822.2278735207265,Все категории,МО_0161,M,3,rub,0
7/1/24 0:00,5228.973395297187,Все категории,МО_0161,M,3,rub,0
8/1/24 0:00,6286.793880818121,Все категории,МО_0161,M,3,rub,0
9/1/24 0:00,6438.247989929043,Все категории,МО_0161,M,3,rub,0
10/1/24 0:00,7246.696588443075,Все категории,МО_0161,M,3,rub,0
11/1/24 0:00,7085.274299251633,Все категории,МО_0161,M,3,rub,0
12/1/24 0:00,7581.5982350284185,Все категории,МО_0161,M,3,rub,0
1/1/23 0:00,8789.688938775858,Все категории,МО_0162,M,3,rub,0
2/1/23 0:00,8915.401136893799,Все категории,МО_0162,M,3,rub,0
3/1/23 0:00,9276.256746266938,Все категории,МО_0162,M,3,rub,0
4/1/23 0:00,8937.885340714145,Все категории,МО_0162,M,3,rub,0
5/1/23 0:00,8392.677256834486,Все категории,МО_0162,M,3,rub,0
6/1/23 0:00,7992.68912562306,Все категории,МО_0162,M,3,rub,0
7/1/23 0:00,8181.099071959991,Все категории,МО_0162,M,3,rub,0
8/1/23 0:00,7979.032351687421,Все категории,МО_0162,M,3,rub,0
9/1/23 0:00,8050.333856989461,Все категории,МО_0162,M,3,rub,0
10/1/23 0:00,8269.065346077266,Все категории,МО_0162,M,3,rub,0
11/1/23 0:00,9154.322191724948,Все категории,МО_0162,M,3,rub,0
12/1/23 0:00,10069.21847401931,Все категории,МО_0162,M,3,rub,0
1/1/24 0:00,10998.344817068737,Все категории,МО_0162,M,3,rub,0
2/1/24 0:00,10474.333872941126,Все категории,МО_0162,M,3,rub,0
3/1/24 0:00,10127.627767638583,Все категории,МО_0162,M,3,rub,0
4/1/24 0:00,9707.817999545572,Все категории,МО_0162,M,3,rub,0
5/1/24 0:00,9831.411507604576,Все категории,МО_0162,M,3,rub,0
6/1/24 0:00,8852.56435427481,Все категории,МО_0162,M,3,rub,0
7/1/24 0:00,9314.302904616827,Все категории,МО_0162,M,3,rub,0
8/1/24 0:00,9449.305331459027,Все категории,МО_0162,M,3,rub,0
9/1/24 0:00,9653.784824533726,Все категории,МО_0162,M,3,rub,0
10/1/24 0:00,9988.346819290447,Все категории,МО_0162,M,3,rub,0
11/1/24 0:00,10896.196603226292,Все категории,МО_0162,M,3,rub,0
12/1/24 0:00,11426.919563802538,Все категории,МО_0162,M,3,rub,0
1/1/23 0:00,8689.408883563498,Все категории,МО_0163,M,3,rub,0
2/1/23 0:00,9569.60501142434,Все категории,МО_0163,M,3,rub,0
3/1/23 0:00,8878.897518651578,Все категории,МО_0163,M,3,rub,0
4/1/23 0:00,8915.158814685949,Все категории,МО_0163,M,3,rub,0
5/1/23 0:00,7787.076030359836,Все категории,МО_0163,M,3,rub,0
6/1/23 0:00,8397.548202998012,Все категории,МО_0163,M,3,rub,0
7/1/23 0:00,8290.445646014403,Все категории,МО_0163,M,3,rub,0
8/1/23 0:00,7990.911987121142,Все категории,МО_0163,M,3,rub,0
9/1/23 0:00,8389.868070124794,Все категории,МО_0163,M,3,rub,0
10/1/23 0:00,8853.070969380804,Все категории,МО_0163,M,3,rub,0
11/1/23 0:00,9099.15967783163,Все категории,МО_0163,M,3,rub,0
12/1/23 0:00,10006.725881259517,Все категории,МО_0163,M,3,rub,0
1/1/24 0:00,10026.080175005145,Все категории,МО_0163,M,3,rub,0
2/1/24 0:00,10265.78841448965,Все категории,МО_0163,M,3,rub,0
3/1/24 0:00,10719.19513009532,Все категории,МО_0163,M,3,rub,0
4/1/24 0:00,10357.59665888981,Все категории,МО_0163,M,3,rub,0
5/1/24 0:00,9467.194421730906,Все категории,МО_0163,M,3,rub,0
6/1/24 0:00,9130.663512648964,Все категории,МО_0163,M,3,rub,0
7/1/24 0:00,8986.045861960218,Все категории,МО_0163,M,3,rub,0
8/1/24 0:00,9425.219929070625,Все категории,МО_0163,M,3,rub,0
9/1/24 0:00,9246.657373892522,Все категории,МО_0163,M,3,rub,0
10/1/24 0:00,10162.55944945077,Все категории,МО_0163,M,3,rub,0
11/1/24 0:00,10955.821705379287,Все категории,МО_0163,M,3,rub,0
12/1/24 0:00,11338.413917797512,Все категории,МО_0163,M,3,rub,0
1/1/23 0:00,9168.28770137952,Все категории,МО_0164,M,3,rub,0
2/1/23 0:00,8970.57930276822,Все категории,МО_0164,M,3,rub,0
3/1/23 0:00,8915.68521571217,Все категории,МО_0164,M,3,rub,0
4/1/23 0:00,8458.426044260574,Все категории,МО_0164,M,3,rub,0
5/1/23 0:00,8632.543498669414,Все категории,МО_0164,M,3,rub,0
6/1/23 0:00,7898.319716650985,Все категории,МО_0164,M,3,rub,0
7/1/23 0:00,8016.756927377384,Все категории,МО_0164,M,3,rub,0
8/1/23 0:00,7966.700353263126,Все категории,МО_0164,M,3,rub,0
9/1/23 0:00,7993.895378997866,Все категории,МО_0164,M,3,rub,0
10/1/23 0:00,8548.329222290165,Все категории,МО_0164,M,3,rub,0
11/1/23 0:00,9669.259605716956,Все категории,МО_0164,M,3,rub,0
12/1/23 0:00,9903.552311758624,Все категории,МО_0164,M,3,rub,0
1/1/24 0:00,9965.948371413913,Все категории,МО_0164,M,3,rub,0
2/1/24 0:00,10551.198020694099,Все категории,МО_0164,M,3,rub,0
3/1/24 0:00,10317.529650343035,Все категории,МО_0164,M,3,rub,0
4/1/24 0:00,11157.38810212268,Все категории,МО_0164,M,3,rub,0
5/1/24 0:00,9753.025884822104,Все категории,МО_0164,M,3,rub,0
6/1/24 0:00,9227.857617132016,Все категории,МО_0164,M,3,rub,0
7/1/24 0:00,9560.515516741143,Все категории,МО_0164,M,3,rub,0
8/1/24 0:00,8724.880709212634,Все категории,МО_0164,M,3,rub,0
9/1/24 0:00,9555.255042169078,Все категории,МО_0164,M,3,rub,0
10/1/24 0:00,10674.330071856275,Все категории,МО_0164,M,3,rub,0
11/1/24 0:00,10675.801035159935,Все категории,МО_0164,M,3,rub,0
12/1/24 0:00,10792.427756151816,Все категории,МО_0164,M,3,rub,0
1/1/23 0:00,4618.462841888233,Все категории,МО_0165,M,3,rub,0
2/1/23 0:00,4900.506157191564,Все категории,МО_0165,M,3,rub,0
3/1/23 0:00,4577.242128482732,Все категории,МО_0165,M,3,rub,0
4/1/23 0:00,4338.175695163783,Все категории,МО_0165,M,3,rub,0
5/1/23 0:00,4483.562505323289,Все категории,МО_0165,M,3,rub,0
6/1/23 0:00,4674.133653561491,Все категории,МО_0165,M,3,rub,0
7/1/23 0:00,5066.709061210249,Все категории,МО_0165,M,3,rub,0
8/1/23 0:00,5445.48406664931,Все категории,МО_0165,M,3,rub,0
9/1/23 0:00,5391.466420479071,Все категории,МО_0165,M,3,rub,0
10/1/23 0:00,5144.320716406088,Все категории,МО_0165,M,3,rub,0
11/1/23 0:00,4541.362745279894,Все категории,МО_0165,M,3,rub,0
12/1/23 0:00,4340.823045518074,Все категории,МО_0165,M,3,rub,0
1/1/24 0:00,4556.343468012623,Все категории,МО_0165,M,3,rub,0
2/1/24 0:00,4012.197275385571,Все категории,МО_0165,M,3,rub,0
3/1/24 0:00,4182.942015970038,Все категории,МО_0165,M,3,rub,0
4/1/24 0:00,4325.83091406501,Все категории,МО_0165,M,3,rub,0
5/1/24 0:00,4128.030319915845,Все категории,МО_0165,M,3,rub,0
6/1/24 0:00,4300.863117947909,Все категории,МО_0165,M,3,rub,0
7/1/24 0:00,4664.243047437657,Все категории,МО_0165,M,3,rub,0
8/1/24 0:00,4918.774240193383,Все категории,МО_0165,M,3,rub,0
9/1/24 0:00,5079.80156575305,Все категории,МО_0165,M,3,rub,0
10/1/24 0:00,4881.465075968353,Все категории,МО_0165,M,3,rub,0
11/1/24 0:00,4588.220227711407,Все категории,МО_0165,M,3,rub,0
12/1/24 0:00,4208.687578327061,Все категории,МО_0165,M,3,rub,0
1/1/23 0:00,8613.419721132557,Все категории,МО_0166,M,3,rub,0
2/1/23 0:00,8915.16044785013,Все категории,МО_0166,M,3,rub,0
3/1/23 0:00,9084.10192928199,Все категории,МО_0166,M,3,rub,0
4/1/23 0:00,8798.482009326606,Все категории,МО_0166,M,3,rub,0
5/1/23 0:00,7861.8882205421405,Все категории,МО_0166,M,3,rub,0
6/1/23 0:00,7893.781876607528,Все категории,МО_0166,M,3,rub,0
7/1/23 0:00,8224.981430585596,Все категории,МО_0166,M,3,rub,0
8/1/23 0:00,8002.758799348945,Все категории,МО_0166,M,3,rub,0
9/1/23 0:00,7907.0233586892255,Все категории,МО_0166,M,3,rub,0
10/1/23 0:00,9343.524915765087,Все категории,МО_0166,M,3,rub,0
11/1/23 0:00,9268.275400053095,Все категории,МО_0166,M,3,rub,0
12/1/23 0:00,9957.9756669617,Все категории,МО_0166,M,3,rub,0
1/1/24 0:00,10396.137805264903,Все категории,МО_0166,M,3,rub,0
2/1/24 0:00,10340.329109377344,Все категории,МО_0166,M,3,rub,0
3/1/24 0:00,10139.113486002285,Все категории,МО_0166,M,3,rub,0
4/1/24 0:00,10720.210010875517,Все категории,МО_0166,M,3,rub,0
5/1/24 0:00,9965.409482288615,Все категории,МО_0166,M,3,rub,0
6/1/24 0:00,9566.847842879184,Все категории,МО_0166,M,3,rub,0
7/1/24 0:00,9321.555260060066,Все категории,МО_0166,M,3,rub,0
8/1/24 0:00,8946.929126091936,Все категории,МО_0166,M,3,rub,0
9/1/24 0:00,9900.522865156794,Все категории,МО_0166,M,3,rub,0
10/1/24 0:00,9803.25982754943,Все категории,МО_0166,M,3,rub,0
11/1/24 0:00,10804.515808959794,Все категории,МО_0166,M,3,rub,0
12/1/24 0:00,10822.8765037142,Все категории,МО_0166,M,3,rub,0
1/1/23 0:00,9501.28966881628,Все категории,МО_0167,M,3,rub,0
2/1/23 0:00,10243.163885383145,Все категории,МО_0167,M,3,rub,0
3/1/23 0:00,10230.403334904295,Все категории,МО_0167,M,3,rub,0
4/1/23 0:00,10089.157875578723,Все категории,МО_0167,M,3,rub,0
5/1/23 0:00,10573.577296438723,Все категории,МО_0167,M,3,rub,0
6/1/23 0:00,10747.211616745202,Все категории,МО_0167,M,3,rub,0
7/1/23 0:00,10360.867058031456,Все категории,МО_0167,M,3,rub,0
8/1/23 0:00,9807.019093290082,Все категории,МО_0167,M,3,rub,0
9/1/23 0:00,9709.651171208177,Все категории,МО_0167,M,3,rub,0
10/1/23 0:00,9845.345900921235,Все категории,МО_0167,M,3,rub,0
11/1/23 0:00,9988.016368425828,Все категории,МО_0167,M,3,rub,0
12/1/23 0:00,9908.31205751513,Все категории,МО_0167,M,3,rub,0
1/1/24 0:00,10266.932310051543,Все категории,МО_0167,M,3,rub,0
2/1/24 0:00,10614.88240765941,Все категории,МО_0167,M,3,rub,0
3/1/24 0:00,10898.482045021916,Все категории,МО_0167,M,3,rub,0
4/1/24 0:00,10854.53746579297,Все категории,МО_0167,M,3,rub,0
5/1/24 0:00,10817.273842934026,Все категории,МО_0167,M,3,rub,0
6/1/24 0:00,10977.430228979509,Все категории,МО_0167,M,3,rub,0
7/1/24 0:00,10702.048107498886,Все категории,МО_0167,M,3,rub,0
8/1/24 0:00,10316.99909590426,Все категории,МО_0167,M,3,rub,0
9/1/24 0:00,10415.818208668647,Все категории,МО_0167,M,3,rub,0
10/1/24 0:00,9949.435399317588,Все категории,МО_0167,M,3,rub,0
11/1/24 0:00,10458.373190299497,Все категории,МО_0167,M,3,rub,0
12/1/24 0:00,10455.15365834756,Все категории,МО_0167,M,3,rub,0
1/1/23 0:00,9811.737894414306,Все категории,МО_0168,M,3,rub,0
2/1/23 0:00,8734.713146689697,Все категории,МО_0168,M,3,rub,0
3/1/23 0:00,8789.408524241722,Все категории,МО_0168,M,3,rub,0
4/1/23 0:00,8820.198992847652,Все категории,МО_0168,M,3,rub,0
5/1/23 0:00,,Все категории,МО_0168,M,3,rub,0
6/1/23 0:00,8568.989597267744,Все категории,МО_0168,M,3,rub,0
7/1/23 0:00,7775.591807759151,Все категории,МО_0168,M,3,rub,0
8/1/23 0:00,8203.47164715561,Все категории,МО_0168,M,3,rub,0
9/1/23 0:00,8543.199230439302,Все категории,МО_0168,M,3,rub,0
10/1/23 0:00,8891.967850452946,Все категории,МО_0168,M,3,rub,0
11/1/23 0:00,9012.708915631429,Все категории,МО_0168,M,3,rub,0
12/1/23 0:00,10268.454749186158,Все категории,МО_0168,M,3,rub,0
1/1/24 0:00,10658.187515085188,Все категории,МО_0168,M,3,rub,0
2/1/24 0:00,10644.753023607966,Все категории,МО_0168,M,3,rub,0
3/1/24 0:00,10426.57888479397,Все категории,МО_0168,M,3,rub,0
4/1/24 0:00,10127.593585339631,Все категории,МО_0168,M,3,rub,0
5/1/24 0:00,9647.142861815862,Все категории,МО_0168,M,3,rub,0
6/1/24 0:00,9514.997235363864,Все категории,МО_0168,M,3,rub,0
7/1/24 0:00,9170.34453933847,Все категории,МО_0168,M,3,rub,0
8/1/24 0:00,8988.573247156644,Все категории,МО_0168,M,3,rub,0
9/1/24 0:00,9233.183669470212,Все категории,МО_0168,M,3,rub,0
10/1/24 0:00,9830.08772136065,Все категории,МО_0168,M,3,rub,0
11/1/24 0:00,10784.711620376493,Все категории,МО_0168,M,3,rub,0
12/1/24 0:00,11359.280906187018,Все категории,МО_0168,M,3,rub,0
1/1/23 0:00,9939.846688760952,Все категории,МО_0169,M,3,rub,0
2/1/23 0:00,10280.624258196378,Все категории,МО_0169,M,3,rub,0
3/1/23 0:00,10267.66434127916,Все категории,МО_0169,M,3,rub,0
4/1/23 0:00,10810.932864699942,Все категории,МО_0169,M,3,rub,0
5/1/23 0:00,10404.014847348106,Все категории,МО_0169,M,3,rub,0
6/1/23 0:00,10212.129508823078,Все категории,МО_0169,M,3,rub,0
7/1/23 0:00,10174.579928056326,Все категории,МО_0169,M,3,rub,0
8/1/23 0:00,9502.116060090706,Все категории,МО_0169,M,3,rub,0
9/1/23 0:00,9555.651521687758,Все категории,МО_0169,M,3,rub,0
10/1/23 0:00,9863.747594612314,Все категории,МО_0169,M,3,rub,0
11/1/23 0:00,9432.819195456914,Все категории,МО_0169,M,3,rub,0
12/1/23 0:00,10202.12676528753,Все категории,МО_0169,M,3,rub,0
1/1/24 0:00,10574.732745766443,Все категории,МО_0169,M,3,rub,0
2/1/24 0:00,10473.57705170417,Все категории,МО_0169,M,3,rub,0
3/1/24 0:00,10841.509581000704,Все категории,МО_0169,M,3,rub,0
4/1/24 0:00,11129.80297211126,Все категории,МО_0169,M,3,rub,0
5/1/24 0:00,10742.52546812576,Все категории,МО_0169,M,3,rub,0
6/1/24 0:00,10865.582572145677,Все категории,МО_0169,M,3,rub,0
7/1/24 0:00,10306.984220619608,Все категории,МО_0169,M,3,rub,0
8/1/24 0:00,10121.8117564314,Все категории,МО_0169,M,3,rub,0
9/1/24 0:00,9904.178329066879,Все категории,МО_0169,M,3,rub,0
10/1/24 0:00,10095.579603265372,Все категории,МО_0169,M,3,rub,0
11/1/24 0:00,10361.560282186092,Все категории,МО_0169,M,3,rub,0
12/1/24 0:00,10304.3121439392,Все категории,МО_0169,M,3,rub,0
1/1/23 0:00,9648.666678942778,Все категории,МО_0170,M,3,rub,0
2/1/23 0:00,9960.134590146525,Все категории,МО_0170,M,3,rub,0
3/1/23 0:00,10479.678276710307,Все категории,МО_0170,M,3,rub,0
4/1/23 0:00,10893.072636786186,Все категории,МО_0170,M,3,rub,0
5/1/23 0:00,10542.560983845304,Все категории,МО_0170,M,3,rub,0
6/1/23 0:00,10221.637428602045,Все категории,МО_0170,M,3,rub,0
7/1/23 0:00,10232.494586706529,Все категории,МО_0170,M,3,rub,0
8/1/23 0:00,9810.5147905967,Все категории,МО_0170,M,3,rub,0
9/1/23 0:00,9634.763411770544,Все категории,МО_0170,M,3,rub,0
10/1/23 0:00,9488.452556594408,Все категории,МО_0170,M,3,rub,0
11/1/23 0:00,10045.375985828225,Все категории,МО_0170,M,3,rub,0
12/1/23 0:00,9482.619177634193,Все категории,МО_0170,M,3,rub,0
1/1/24 0:00,10424.949306877978,Все категории,МО_0170,M,3,rub,0
2/1/24 0:00,10453.84467532064,Все категории,МО_0170,M,3,rub,0
3/1/24 0:00,10690.325531930785,Все категории,МО_0170,M,3,rub,0
4/1/24 0:00,11258.135514469208,Все категории,МО_0170,M,3,rub,0
5/1/24 0:00,10689.515158841545,Все категории,МО_0170,M,3,rub,0
6/1/24 0:00,10534.37098110517,Все категории,МО_0170,M,3,rub,0
7/1/24 0:00,10419.060157494074,Все категории,МО_0170,M,3,rub,0
8/1/24 0:00,10303.891802098295,Все категории,МО_0170,M,3,rub,0
9/1/24 0:00,9975.243117721066,Все категории,МО_0170,M,3,rub,0
10/1/24 0:00,9715.93714999557,Все категории,МО_0170,M,3,rub,0
11/1/24 0:00,9950.566529730848,Все категории,МО_0170,M,3,rub,0
12/1/24 0:00,10610.78989638234,Все категории,МО_0170,M,3,rub,0
1/1/23 0:00,9911.94164301142,Все категории,МО_0171,M,3,rub,0
2/1/23 0:00,10270.405085046397,Все категории,МО_0171,M,3,rub,0
3/1/23 0:00,10343.078655379753,Все категории,МО_0171,M,3,rub,0
4/1/23 0:00,10361.06226798169,Все категории,МО_0171,M,3,rub,0
5/1/23 0:00,10816.76645869316,Все категории,МО_0171,M,3,rub,0
6/1/23 0:00,10262.339999618522,Все категории,МО_0171,M,3,rub,0
7/1/23 0:00,9987.929594933965,Все категории,МО_0171,M,3,rub,0
8/1/23 0:00,10076.112951128083,Все категории,МО_0171,M,3,rub,0
9/1/23 0:00,9568.689365199634,Все категории,МО_0171,M,3,rub,0
10/1/23 0:00,9557.729263796606,Все категории,МО_0171,M,3,rub,0
11/1/23 0:00,9768.35798129877,Все категории,МО_0171,M,3,rub,0
12/1/23 0:00,9976.677540272787,Все категории,МО_0171,M,3,rub,0
1/1/24 0:00,10313.327057662787,Все категории,МО_0171,M,3,rub,0
2/1/24 0:00,11002.01131394009,Все категории,МО_0171,M,3,rub,0
3/1/24 0:00,10851.14881701722,Все категории,МО_0171,M,3,rub,0
4/1/24 0:00,10377.952892468837,Все категории,МО_0171,M,3,rub,0
5/1/24 0:00,10914.27941629231,Все категории,МО_0171,M,3,rub,0
6/1/24 0:00,10686.725041613794,Все категории,МО_0171,M,3,rub,0
7/1/24 0:00,10455.349083894682,Все категории,МО_0171,M,3,rub,0
8/1/24 0:00,10269.349346946661,Все категории,МО_0171,M,3,rub,0
9/1/24 0:00,10058.015563010626,Все категории,МО_0171,M,3,rub,0
10/1/24 0:00,10016.086787002889,Все категории,МО_0171,M,3,rub,0
11/1/24 0:00,10249.247979344727,Все категории,МО_0171,M,3,rub,0
12/1/24 0:00,10230.803343420672,Все категории,МО_0171,M,3,rub,0
1/1/23 0:00,4492.78830774549,Все категории,МО_0172,M,3,rub,0
2/1/23 0:00,5300.502713962492,Все категории,МО_0172,M,3,rub,0
3/1/23 0:00,4334.0407670325085,Все категории,МО_0172,M,3,rub,0
4/1/23 0:00,4546.709861827561,Все категории,МО_0172,M,3,rub,0
5/1/23 0:00,4305.516297051966,Все категории,МО_0172,M,3,rub,0
6/1/23 0:00,4834.860445668447,Все категории,МО_0172,M,3,rub,0
7/1/23 0:00,4749.172226505889,Все категории,МО_0172,M,3,rub,0
8/1/23 0:00,4981.610337813417,Все категории,МО_0172,M,3,rub,0
9/1/23 0:00,5389.483171291738,Все категории,МО_0172,M,3,rub,0
10/1/23 0:00,5148.437146769372,Все категории,МО_0172,M,3,rub,0
11/1/23 0:00,4993.963311941535,Все категории,МО_0172,M,3,rub,0
12/1/23 0:00,4245.673038557722,Все категории,МО_0172,M,3,rub,0
1/1/24 0:00,4863.228842675536,Все категории,МО_0172,M,3,rub,0
2/1/24 0:00,4043.127513840646,Все категории,МО_0172,M,3,rub,0
3/1/24 0:00,4566.382072362069,Все категории,МО_0172,M,3,rub,0
4/1/24 0:00,4483.813498939375,Все категории,МО_0172,M,3,rub,0
5/1/24 0:00,4497.61254283612,Все категории,МО_0172,M,3,rub,0
6/1/24 0:00,4337.419583758483,Все категории,МО_0172,M,3,rub,0
7/1/24 0:00,4721.89926130422,Все категории,МО_0172,M,3,rub,0
8/1/24 0:00,4684.83537524024,Все категории,МО_0172,M,3,rub,0
9/1/24 0:00,4824.216021615044,Все категории,МО_0172,M,3,rub,0
10/1/24 0:00,4676.729826197428,Все категории,МО_0172,M,3,rub,0
11/1/24 0:00,4128.354262272004,Все категории,МО_0172,M,3,rub,0
12/1/24 0:00,4620.716618091036,Все категории,МО_0172,M,3,rub,0
1/1/23 0:00,6949.143890608601,Все категории,МО_0173,M,3,rub,0
2/1/23 0:00,6069.539717733316,Все категории,МО_0173,M,3,rub,0
3/1/23 0:00,5329.129845955846,Все категории,МО_0173,M,3,rub,0
4/1/23 0:00,4999.296488256018,Все категории,МО_0173,M,3,rub,0
5/1/23 0:00,4536.849228945828,Все категории,МО_0173,M,3,rub,0
6/1/23 0:00,4381.19591324149,Все категории,МО_0173,M,3,rub,0
7/1/23 0:00,5285.2074815350525,Все категории,МО_0173,M,3,rub,0
8/1/23 0:00,5992.920002018212,Все категории,МО_0173,M,3,rub,0
9/1/23 0:00,6625.349404633504,Все категории,МО_0173,M,3,rub,0
10/1/23 0:00,7068.261205873171,Все категории,МО_0173,M,3,rub,0
11/1/23 0:00,7799.532854491758,Все категории,МО_0173,M,3,rub,0
12/1/23 0:00,7202.1486008660395,Все категории,МО_0173,M,3,rub,0
1/1/24 0:00,6771.844712408214,Все категории,МО_0173,M,3,rub,0
2/1/24 0:00,6077.824817440299,Все категории,МО_0173,M,3,rub,0
3/1/24 0:00,5705.08921415623,Все категории,МО_0173,M,3,rub,0
4/1/24 0:00,4915.799369401046,Все категории,МО_0173,M,3,rub,0
5/1/24 0:00,4674.248334493619,Все категории,МО_0173,M,3,rub,0
6/1/24 0:00,5247.314645387498,Все категории,МО_0173,M,3,rub,0
7/1/24 0:00,5337.3281690239255,Все категории,МО_0173,M,3,rub,0
8/1/24 0:00,6021.729035714994,Все категории,МО_0173,M,3,rub,0
9/1/24 0:00,6659.872591622893,Все категории,МО_0173,M,3,rub,0
10/1/24 0:00,7313.162144977626,Все категории,МО_0173,M,3,rub,0
11/1/24 0:00,7206.981162899221,Все категории,МО_0173,M,3,rub,0
12/1/24 0:00,8034.223174475454,Все категории,МО_0173,M,3,rub,0
1/1/23 0:00,7097.872883409762,Все категории,МО_0174,M,3,rub,0
2/1/23 0:00,6144.1975546697395,Все категории,МО_0174,M,3,rub,0
3/1/23 0:00,5420.087667691467,Все категории,МО_0174,M,3,rub,0
4/1/23 0:00,5075.396183634008,Все категории,МО_0174,M,3,rub,0
5/1/23 0:00,4418.475023703623,Все категории,МО_0174,M,3,rub,0
6/1/23 0:00,4682.974550530886,Все категории,МО_0174,M,3,rub,0
7/1/23 0:00,4968.7811594055465,Все категории,МО_0174,M,3,rub,0
8/1/23 0:00,6300.7900115713755,Все категории,МО_0174,M,3,rub,0
9/1/23 0:00,6916.53281010093,Все категории,МО_0174,M,3,rub,0
10/1/23 0:00,6776.243682279897,Все категории,МО_0174,M,3,rub,0
11/1/23 0:00,7315.211554900044,Все категории,МО_0174,M,3,rub,0
12/1/23 0:00,7596.342383285496,Все категории,МО_0174,M,3,rub,0
1/1/24 0:00,6923.80274668394,Все категории,МО_0174,M,3,rub,0
2/1/24 0:00,5939.942782867445,Все категории,МО_0174,M,3,rub,0
3/1/24 0:00,5961.913864598344,Все категории,МО_0174,M,3,rub,0
4/1/24 0:00,5050.364473687929,Все категории,МО_0174,M,3,rub,0
5/1/24 0:00,4849.985305415438,Все категории,МО_0174,M,3,rub,0
6/1/24 0:00,4720.18574247452,Все категории,МО_0174,M,3,rub,0
7/1/24 0:00,5416.86725372544,Все категории,МО_0174,M,3,rub,0
8/1/24 0:00,5850.910806005593,Все категории,МО_0174,M,3,rub,0
9/1/24 0:00,6682.917587847094,Все категории,МО_0174,M,3,rub,0
10/1/24 0:00,7675.018495424136,Все категории,МО_0174,M,3,rub,0
11/1/24 0:00,7369.475355840759,Все категории,МО_0174,M,3,rub,0
12/1/24 0:00,8238.693762758938,Все категории,МО_0174,M,3,rub,0
1/1/23 0:00,8943.440030502117,Все категории,МО_0175,M,3,rub,0
2/1/23 0:00,9407.506059339017,Все категории,МО_0175,M,3,rub,0
3/1/23 0:00,8688.194800085377,Все категории,МО_0175,M,3,rub,0
4/1/23 0:00,8472.160414141601,Все категории,МО_0175,M,3,rub,0
5/1/23 0:00,8086.26434307109,Все категории,МО_0175,M,3,rub,0
6/1/23 0:00,8142.96680805868,Все категории,МО_0175,M,3,rub,0
7/1/23 0:00,7948.794734730728,Все категории,МО_0175,M,3,rub,0
8/1/23 0:00,7873.301871864997,Все категории,МО_0175,M,3,rub,0
9/1/23 0:00,8003.185011367147,Все категории,МО_0175,M,3,rub,0
10/1/23 0:00,8381.367249733828,Все категории,МО_0175,M,3,rub,0
11/1/23 0:00,9262.843326634582,Все категории,МО_0175,M,3,rub,0
12/1/23 0:00,9707.280611614731,Все категории,МО_0175,M,3,rub,0
1/1/24 0:00,10063.151840672204,Все категории,МО_0175,M,3,rub,0
2/1/24 0:00,10951.67317437552,Все категории,МО_0175,M,3,rub,0
3/1/24 0:00,10337.292700925827,Все категории,МО_0175,M,3,rub,0
4/1/24 0:00,10449.788975588535,Все категории,МО_0175,M,3,rub,0
5/1/24 0:00,9516.49209328424,Все категории,МО_0175,M,3,rub,0
6/1/24 0:00,9402.625367344532,Все категории,МО_0175,M,3,rub,0
7/1/24 0:00,9146.547923068096,Все категории,МО_0175,M,3,rub,0
8/1/24 0:00,8762.49964135975,Все категории,МО_0175,M,3,rub,0
9/1/24 0:00,9945.416719525694,Все категории,МО_0175,M,3,rub,0
10/1/24 0:00,10013.701822082388,Все категории,МО_0175,M,3,rub,0
11/1/24 0:00,10955.680839287046,Все категории,МО_0175,M,3,rub,0
12/1/24 0:00,11114.859693804,Все категории,МО_0175,M,3,rub,0
1/1/23 0:00,6925.906747581568,Все категории,МО_0176,M,3,rub,0
2/1/23 0:00,5977.48968517549,Все категории,МО_0176,M,3,rub,0
3/1/23 0:00,5726.136228197252,Все категории,МО_0176,M,3,rub,0
4/1/23 0:00,4989.896614586999,Все категории,МО_0176,M,3,rub,0
5/1/23 0:00,4771.521197011608,Все категории,МО_0176,M,3,rub,0
6/1/23 0:00,5062.478142517107,Все категории,МО_0176,M,3,rub,0
7/1/23 0:00,5445.994241491231,Все категории,МО_0176,M,3,rub,0
8/1/23 0:00,6052.239412279446,Все категории,МО_0176,M,3,rub,0
9/1/23 0:00,6309.265643012406,Все категории,МО_0176,M,3,rub,0
10/1/23 0:00,7197.282038670859,Все категории,МО_0176,M,3,rub,0
11/1/23 0:00,7465.936642925645,Все категории,МО_0176,M,3,rub,0
12/1/23 0:00,7862.165211991148,Все категории,МО_0176,M,3,rub,0
1/1/24 0:00,7104.219012762351,Все категории,МО_0176,M,3,rub,0
2/1/24 0:00,5924.251155593874,Все категории,МО_0176,M,3,rub,0
3/1/24 0:00,5474.228156181315,Все категории,МО_0176,M,3,rub,0
4/1/24 0:00,4698.269848963301,Все категории,МО_0176,M,3,rub,0
5/1/24 0:00,4748.632883861313,Все категории,МО_0176,M,3,rub,0
6/1/24 0:00,4541.756578799801,Все категории,МО_0176,M,3,rub,0
7/1/24 0:00,5375.11400879433,Все категории,МО_0176,M,3,rub,0
8/1/24 0:00,6031.122572098536,Все категории,МО_0176,M,3,rub,0
9/1/24 0:00,7295.125048677803,Все категории,МО_0176,M,3,rub,0
10/1/24 0:00,7748.08376361389,Все категории,МО_0176,M,3,rub,0
11/1/24 0:00,7733.718923695171,Все категории,МО_0176,M,3,rub,0
12/1/24 0:00,7985.9479962479,Все категории,МО_0176,M,3,rub,0
1/1/23 0:00,9624.30282129268,Все категории,МО_0177,M,3,rub,0
2/1/23 0:00,9984.114390509922,Все категории,МО_0177,M,3,rub,0
3/1/23 0:00,10466.805221156445,Все категории,МО_0177,M,3,rub,0
4/1/23 0:00,10055.097579605985,Все категории,МО_0177,M,3,rub,0
5/1/23 0:00,10452.098540353129,Все категории,МО_0177,M,3,rub,0
6/1/23 0:00,10092.973161928847,Все категории,МО_0177,M,3,rub,0
7/1/23 0:00,10097.328279997535,Все категории,МО_0177,M,3,rub,0
8/1/23 0:00,9647.414903899993,Все категории,МО_0177,M,3,rub,0
9/1/23 0:00,9790.655531321807,Все категории,МО_0177,M,3,rub,0
10/1/23 0:00,9675.832381621256,Все категории,МО_0177,M,3,rub,0
11/1/23 0:00,10043.752196192541,Все категории,МО_0177,M,3,rub,0
12/1/23 0:00,9977.967494333678,Все категории,МО_0177,M,3,rub,0
1/1/24 0:00,10103.398626508037,Все категории,МО_0177,M,3,rub,0
2/1/24 0:00,10499.283365203919,Все категории,МО_0177,M,3,rub,0
3/1/24 0:00,10492.505739830734,Все категории,МО_0177,M,3,rub,0
4/1/24 0:00,10972.229240792503,Все категории,МО_0177,M,3,rub,0
5/1/24 0:00,10971.960753862932,Все категории,МО_0177,M,3,rub,0
6/1/24 0:00,11219.222948302398,Все категории,МО_0177,M,3,rub,0
7/1/24 0:00,10317.154561037845,Все категории,МО_0177,M,3,rub,0
8/1/24 0:00,10164.3736770435,Все категории,МО_0177,M,3,rub,0
9/1/24 0:00,9948.564608780322,Все категории,МО_0177,M,3,rub,0
10/1/24 0:00,10069.257750638424,Все категории,МО_0177,M,3,rub,0
11/1/24 0:00,10201.933503759232,Все категории,МО_0177,M,3,rub,0
12/1/24 0:00,10331.290721137024,Все категории,МО_0177,M,3,rub,0
1/1/23 0:00,4973.750213024892,Все категории,МО_0178,M,3,rub,0
2/1/23 0:00,4418.338055912254,Все категории,МО_0178,M,3,rub,0
3/1/23 0:00,4719.023459334582,Все категории,МО_0178,M,3,rub,0
4/1/23 0:00,4647.463612771812,Все категории,МО_0178,M,3,rub,0
5/1/23 0:00,4637.050874925213,Все категории,МО_0178,M,3,rub,0
6/1/23 0:00,4731.688011662281,Все категории,МО_0178,M,3,rub,0
7/1/23 0:00,5617.939727863456,Все категории,МО_0178,M,3,rub,0
8/1/23 0:00,4889.1888695425205,Все категории,МО_0178,M,3,rub,0
9/1/23 0:00,5191.8646976914315,Все категории,МО_0178,M,3,rub,0
10/1/23 0:00,4843.229595710049,Все категории,МО_0178,M,3,rub,0
11/1/23 0:00,5307.338081314278,Все категории,МО_0178,M,3,rub,0
12/1/23 0:00,4849.14264015312,Все категории,МО_0178,M,3,rub,0
1/1/24 0:00,4288.5142136340555,Все категории,МО_0178,M,3,rub,0
2/1/24 0:00,4402.807232152295,Все категории,МО_0178,M,3,rub,0
3/1/24 0:00,4285.246032920471,Все категории,МО_0178,M,3,rub,0
4/1/24 0:00,4151.897590184667,Все категории,МО_0178,M,3,rub,0
5/1/24 0:00,4538.462433802514,Все категории,МО_0178,M,3,rub,0
6/1/24 0:00,4615.841141840154,Все категории,МО_0178,M,3,rub,0
7/1/24 0:00,4737.059326764265,Все категории,МО_0178,M,3,rub,0
8/1/24 0:00,4786.411000404621,Все категории,МО_0178,M,3,rub,0
9/1/24 0:00,4922.1675138093,Все категории,МО_0178,M,3,rub,0
10/1/24 0:00,4790.151822445116,Все категории,МО_0178,M,3,rub,0
11/1/24 0:00,4584.880471145758,Все категории,МО_0178,M,3,rub,0
12/1/24 0:00,4230.879122561841,Все категории,МО_0178,M,3,rub,0
1/1/23 0:00,7460.432636286462,Все категории,МО_0179,M,3,rub,0
2/1/23 0:00,5933.759497093182,Все категории,МО_0179,M,3,rub,0
3/1/23 0:00,5543.945919168062,Все категории,МО_0179,M,3,rub,0
4/1/23 0:00,4865.401241857708,Все категории,МО_0179,M,3,rub,0
5/1/23 0:00,5044.834825324744,Все категории,МО_0179,M,3,rub,0
6/1/23 0:00,4624.5979965542065,Все категории,МО_0179,M,3,rub,0
7/1/23 0:00,5049.1310265051,Все категории,МО_0179,M,3,rub,0
8/1/23 0:00,5646.421210340791,Все категории,МО_0179,M,3,rub,0
9/1/23 0:00,6765.43787342381,Все категории,МО_0179,M,3,rub,0
10/1/23 0:00,7004.89085407414,Все категории,МО_0179,M,3,rub,0
11/1/23 0:00,7624.488818324068,Все категории,МО_0179,M,3,rub,0
12/1/23 0:00,7006.694576582207,Все категории,МО_0179,M,3,rub,0
1/1/24 0:00,7124.072991321766,Все категории,МО_0179,M,3,rub,0
2/1/24 0:00,6139.026596303486,Все категории,МО_0179,M,3,rub,0
3/1/24 0:00,5196.9857210617065,Все категории,МО_0179,M,3,rub,0
4/1/24 0:00,5208.975489040641,Все категории,МО_0179,M,3,rub,0
5/1/24 0:00,4516.224450760463,Все категории,МО_0179,M,3,rub,0
6/1/24 0:00,5009.852615563124,Все категории,МО_0179,M,3,rub,0
7/1/24 0:00,5117.085568260975,Все категории,МО_0179,M,3,rub,0
8/1/24 0:00,6333.655185778323,Все категории,МО_0179,M,3,rub,0
9/1/24 0:00,6964.810541454659,Все категории,МО_0179,M,3,rub,0
10/1/24 0:00,7193.722063712989,Все категории,МО_0179,M,3,rub,0
11/1/24 0:00,7582.349543065064,Все категории,МО_0179,M,3,rub,0
12/1/24 0:00,7918.340897422008,Все категории,МО_0179,M,3,rub,0
1/1/23 0:00,4649.403460056187,Все категории,МО_0180,M,3,rub,0
2/1/23 0:00,4518.343614750489,Все категории,МО_0180,M,3,rub,0
3/1/23 0:00,4787.00581269883,Все категории,МО_0180,M,3,rub,0
4/1/23 0:00,4357.777914527244,Все категории,МО_0180,M,3,rub,0
5/1/23 0:00,4661.0687226609125,Все категории,МО_0180,M,3,rub,0
6/1/23 0:00,5041.785242075856,Все категории,МО_0180,M,3,rub,0
7/1/23 0:00,5181.463196286931,Все категории,МО_0180,M,3,rub,0
8/1/23 0:00,5052.565901421084,Все категории,МО_0180,M,3,rub,0
9/1/23 0:00,5041.738516755317,Все категории,МО_0180,M,3,rub,0
10/1/23 0:00,4609.650083947256,Все категории,МО_0180,M,3,rub,0
11/1/23 0:00,4604.3297902609565,Все категории,МО_0180,M,3,rub,0
12/1/23 0:00,4713.254089598641,Все категории,МО_0180,M,3,rub,0
1/1/24 0:00,4405.9844552977775,Все категории,МО_0180,M,3,rub,0
2/1/24 0:00,4307.505425851989,Все категории,МО_0180,M,3,rub,0
3/1/24 0:00,4456.01942573066,Все категории,МО_0180,M,3,rub,0
4/1/24 0:00,4014.9727608436056,Все категории,МО_0180,M,3,rub,0
5/1/24 0:00,4318.339950768292,Все категории,МО_0180,M,3,rub,0
6/1/24 0:00,4569.776932974979,Все категории,МО_0180,M,3,rub,0
7/1/24 0:00,4524.122408238537,Все категории,МО_0180,M,3,rub,0
8/1/24 0:00,5152.338568674275,Все категории,МО_0180,M,3,rub,0
9/1/24 0:00,5041.106494403863,Все категории,МО_0180,M,3,rub,0
10/1/24 0:00,4804.722987659748,Все категории,МО_0180,M,3,rub,0
11/1/24 0:00,5000.415245775849,Все категории,МО_0180,M,3,rub,0
12/1/24 0:00,4053.2370508116496,Все категории,МО_0180,M,3,rub,0
1/1/23 0:00,9895.599816875541,Все категории,МО_0181,M,3,rub,0
2/1/23 0:00,10253.011429113547,Все категории,МО_0181,M,3,rub,0
3/1/23 0:00,10208.848970032068,Все категории,МО_0181,M,3,rub,0
4/1/23 0:00,10561.961528718874,Все категории,МО_0181,M,3,rub,0
5/1/23 0:00,10230.918300005816,Все категории,МО_0181,M,3,rub,0
6/1/23 0:00,10444.294697768952,Все категории,МО_0181,M,3,rub,0
7/1/23 0:00,10292.355306154921,Все категории,МО_0181,M,3,rub,0
8/1/23 0:00,9911.457280459597,Все категории,МО_0181,M,3,rub,0
9/1/23 0:00,9354.780485641539,Все категории,МО_0181,M,3,rub,0
10/1/23 0:00,9486.871074289753,Все категории,МО_0181,M,3,rub,0
11/1/23 0:00,9877.284747810672,Все категории,МО_0181,M,3,rub,0
12/1/23 0:00,9980.854360143689,Все категории,МО_0181,M,3,rub,0
1/1/24 0:00,9721.740523678869,Все категории,МО_0181,M,3,rub,0
2/1/24 0:00,10816.809168678523,Все категории,МО_0181,M,3,rub,0
3/1/24 0:00,10807.919163749726,Все категории,МО_0181,M,3,rub,0
4/1/24 0:00,10706.630556646372,Все категории,МО_0181,M,3,rub,0
5/1/24 0:00,11061.217851176154,Все категории,МО_0181,M,3,rub,0
6/1/24 0:00,10534.903852798885,Все категории,МО_0181,M,3,rub,0
7/1/24 0:00,10303.417936306898,Все категории,МО_0181,M,3,rub,0
8/1/24 0:00,10292.461911400222,Все категории,МО_0181,M,3,rub,0
9/1/24 0:00,10428.727106617662,Все категории,МО_0181,M,3,rub,0
10/1/24 0:00,10357.557687374481,Все категории,МО_0181,M,3,rub,0
11/1/24 0:00,10197.449916092406,Все категории,МО_0181,M,3,rub,0
12/1/24 0:00,10438.411693001659,Все категории,МО_0181,M,3,rub,0
1/1/23 0:00,9108.368420364433,Все категории,МО_0182,M,3,rub,0
2/1/23 0:00,8717.82736125798,Все категории,МО_0182,M,3,rub,0
3/1/23 0:00,9148.155072115544,Все категории,МО_0182,M,3,rub,0
4/1/23 0:00,8520.357434959013,Все категории,МО_0182,M,3,rub,0
5/1/23 0:00,8453.480168044829,Все категории,МО_0182,M,3,rub,0
6/1/23 0:00,8027.086436704625,Все категории,МО_0182,M,3,rub,0
7/1/23 0:00,8053.260675167524,Все категории,МО_0182,M,3,rub,0
8/1/23 0:00,8012.100686346099,Все категории,МО_0182,M,3,rub,0
9/1/23 0:00,7523.795689250533,Все категории,МО_0182,M,3,rub,0
10/1/23 0:00,8752.817923484987,Все категории,МО_0182,M,3,rub,0
11/1/23 0:00,9456.763140942347,Все категории,МО_0182,M,3,rub,0
12/1/23 0:00,9976.393340915734,Все категории,МО_0182,M,3,rub,0
1/1/24 0:00,10240.711004440544,Все категории,МО_0182,M,3,rub,0
2/1/24 0:00,10982.953753651605,Все категории,МО_0182,M,3,rub,0
3/1/24 0:00,10460.109962547689,Все категории,МО_0182,M,3,rub,0
4/1/24 0:00,10192.077425264426,Все категории,МО_0182,M,3,rub,0
5/1/24 0:00,9977.760093505318,Все категории,МО_0182,M,3,rub,0
6/1/24 0:00,9435.917761942128,Все категории,МО_0182,M,3,rub,0
7/1/24 0:00,8918.254823125153,Все категории,МО_0182,M,3,rub,0
8/1/24 0:00,8569.931660471666,Все категории,МО_0182,M,3,rub,0
9/1/24 0:00,9392.843200043577,Все категории,МО_0182,M,3,rub,0
10/1/24 0:00,10286.550973997353,Все категории,МО_0182,M,3,rub,0
11/1/24 0:00,10600.198033086725,Все категории,МО_0182,M,3,rub,0
12/1/24 0:00,11645.026011499802,Все категории,МО_0182,M,3,rub,0
1/1/23 0:00,7013.324811291742,Все категории,МО_0183,M,3,rub,0
2/1/23 0:00,6515.587818748683,Все категории,МО_0183,M,3,rub,0
3/1/23 0:00,5385.942884847076,Все категории,МО_0183,M,3,rub,0
4/1/23 0:00,5021.172188814739,Все категории,МО_0183,M,3,rub,0
5/1/23 0:00,4798.092412207293,Все категории,МО_0183,M,3,rub,0
6/1/23 0:00,5091.603568717735,Все категории,МО_0183,M,3,rub,0
7/1/23 0:00,4856.709702749573,Все категории,МО_0183,M,3,rub,0
8/1/23 0:00,5763.116122517849,Все категории,МО_0183,M,3,rub,0
9/1/23 0:00,6909.028454772261,Все категории,МО_0183,M,3,rub,0
10/1/23 0:00,7872.427652865927,Все категории,МО_0183,M,3,rub,0
11/1/23 0:00,7846.82726727943,Все категории,МО_0183,M,3,rub,0
12/1/23 0:00,7547.772800625459,Все категории,МО_0183,M,3,rub,0
1/1/24 0:00,7272.844582148414,Все категории,МО_0183,M,3,rub,0
2/1/24 0:00,6484.553058684754,Все категории,МО_0183,M,3,rub,0
3/1/24 0:00,5436.93015095377,Все категории,МО_0183,M,3,rub,0
4/1/24 0:00,5053.9550228965,Все категории,МО_0183,M,3,rub,0
5/1/24 0:00,4988.8434667765505,Все категории,МО_0183,M,3,rub,0
6/1/24 0:00,5233.8498106127745,Все категории,МО_0183,M,3,rub,0
7/1/24 0:00,5421.2742178287335,Все категории,МО_0183,M,3,rub,0
8/1/24 0:00,5951.124592048995,Все категории,МО_0183,M,3,rub,0
9/1/24 0:00,6744.48663795547,Все категории,МО_0183,M,3,rub,0
10/1/24 0:00,7658.579228127408,Все категории,МО_0183,M,3,rub,0
11/1/24 0:00,7829.350106551141,Все категории,МО_0183,M,3,rub,0
12/1/24 0:00,7787.705817555743,Все категории,МО_0183,M,3,rub,0
1/1/23 0:00,8616.787554111901,Все категории,МО_0184,M,3,rub,0
2/1/23 0:00,9412.054649506792,Все категории,МО_0184,M,3,rub,0
3/1/23 0:00,8671.330468254448,Все категории,МО_0184,M,3,rub,0
4/1/23 0:00,8597.89274558731,Все категории,МО_0184,M,3,rub,0
5/1/23 0:00,8397.647999719651,Все категории,МО_0184,M,3,rub,0
6/1/23 0:00,8579.496789706594,Все категории,МО_0184,M,3,rub,0
7/1/23 0:00,7833.115494445291,Все категории,МО_0184,M,3,rub,0
8/1/23 0:00,7825.826910439227,Все категории,МО_0184,M,3,rub,0
9/1/23 0:00,8115.186291453145,Все категории,МО_0184,M,3,rub,0
10/1/23 0:00,9150.201131207179,Все категории,МО_0184,M,3,rub,0
11/1/23 0:00,8525.785532058579,Все категории,МО_0184,M,3,rub,0
12/1/23 0:00,9552.105921340635,Все категории,МО_0184,M,3,rub,0
1/1/24 0:00,11149.417906957979,Все категории,МО_0184,M,3,rub,0
2/1/24 0:00,10641.97432459939,Все категории,МО_0184,M,3,rub,0
3/1/24 0:00,10024.661719169444,Все категории,МО_0184,M,3,rub,0
4/1/24 0:00,10046.486355433828,Все категории,МО_0184,M,3,rub,0
5/1/24 0:00,9689.545354532482,Все категории,МО_0184,M,3,rub,0
6/1/24 0:00,9573.79246255171,Все категории,МО_0184,M,3,rub,0
7/1/24 0:00,9681.587371521828,Все категории,МО_0184,M,3,rub,0
8/1/24 0:00,9328.427246619314,Все категории,МО_0184,M,3,rub,0
9/1/24 0:00,9375.201036928585,Все категории,МО_0184,M,3,rub,0
10/1/24 0:00,10294.62051634238,Все категории,МО_0184,M,3,rub,0
11/1/24 0:00,10491.002576563478,Все категории,МО_0184,M,3,rub,0
12/1/24 0:00,11021.453162878151,Все категории,МО_0184,M,3,rub,0
1/1/23 0:00,8437.207285060565,Все категории,МО_0185,M,3,rub,0
2/1/23 0:00,8637.60814554272,Все категории,МО_0185,M,3,rub,0
3/1/23 0:00,8734.969245079843,Все категории,МО_0185,M,3,rub,0
4/1/23 0:00,8407.690337884129,Все категории,МО_0185,M,3,rub,0
5/1/23 0:00,8452.150995064687,Все категории,МО_0185,M,3,rub,0
6/1/23 0:00,7796.411793606545,Все категории,МО_0185,M,3,rub,0
7/1/23 0:00,7219.103840310987,Все категории,МО_0185,M,3,rub,0
8/1/23 0:00,7737.607470511696,Все категории,МО_0185,M,3,rub,0
9/1/23 0:00,8134.431664445242,Все категории,МО_0185,M,3,rub,0
10/1/23 0:00,8549.266253261174,Все категории,МО_0185,M,3,rub,0
11/1/23 0:00,9708.980807694792,Все категории,МО_0185,M,3,rub,0
12/1/23 0:00,9664.288647692932,Все категории,МО_0185,M,3,rub,0
1/1/24 0:00,10547.367824770803,Все категории,МО_0185,M,3,rub,0
2/1/24 0:00,10449.039740507147,Все категории,МО_0185,M,3,rub,0
3/1/24 0:00,10349.711403569758,Все категории,МО_0185,M,3,rub,0
4/1/24 0:00,9810.164948912578,Все категории,МО_0185,M,3,rub,0
5/1/24 0:00,9652.919314473227,Все категории,МО_0185,M,3,rub,0
6/1/24 0:00,9122.03369735511,Все категории,МО_0185,M,3,rub,0
7/1/24 0:00,9208.634180749932,Все категории,МО_0185,M,3,rub,0
8/1/24 0:00,9155.203367877346,Все категории,МО_0185,M,3,rub,0
9/1/24 0:00,9262.026105925608,Все категории,МО_0185,M,3,rub,0
10/1/24 0:00,10358.068443399161,Все категории,МО_0185,M,3,rub,0
11/1/24 0:00,10851.14698880744,Все категории,МО_0185,M,3,rub,0
12/1/24 0:00,11216.679413561977,Все категории,МО_0185,M,3,rub,0
1/1/23 0:00,9925.970269623012,Все категории,МО_0186,M,3,rub,0
2/1/23 0:00,10161.115918203524,Все категории,МО_0186,M,3,rub,0
3/1/23 0:00,10218.442464850368,Все категории,МО_0186,M,3,rub,0
4/1/23 0:00,10513.442175613955,Все категории,МО_0186,M,3,rub,0
5/1/23 0:00,10330.759003759887,Все категории,МО_0186,M,3,rub,0
6/1/23 0:00,10108.190585908045,Все категории,МО_0186,M,3,rub,0
7/1/23 0:00,9755.091700722916,Все категории,МО_0186,M,3,rub,0
8/1/23 0:00,9787.172247855588,Все категории,МО_0186,M,3,rub,0
9/1/23 0:00,9818.642396893827,Все категории,МО_0186,M,3,rub,0
10/1/23 0:00,9538.6458787075,Все категории,МО_0186,M,3,rub,0
11/1/23 0:00,10271.341357099996,Все категории,МО_0186,M,3,rub,0
12/1/23 0:00,10154.921187945594,Все категории,МО_0186,M,3,rub,0
1/1/24 0:00,10531.084619795847,Все категории,МО_0186,M,3,rub,0
2/1/24 0:00,10720.411930525119,Все категории,МО_0186,M,3,rub,0
3/1/24 0:00,11185.332152049412,Все категории,МО_0186,M,3,rub,0
4/1/24 0:00,10713.50056663455,Все категории,МО_0186,M,3,rub,0
5/1/24 0:00,10301.929867833749,Все категории,МО_0186,M,3,rub,0
6/1/24 0:00,10583.775431474241,Все категории,МО_0186,M,3,rub,0
7/1/24 0:00,10563.546793986021,Все категории,МО_0186,M,3,rub,0
8/1/24 0:00,10249.972887437001,Все категории,МО_0186,M,3,rub,0
9/1/24 0:00,10119.385119269924,Все категории,МО_0186,M,3,rub,0
10/1/24 0:00,10295.047157297568,Все категории,МО_0186,M,3,rub,0
11/1/24 0:00,10202.008394384075,Все категории,МО_0186,M,3,rub,0
12/1/24 0:00,10508.904859156195,Все категории,МО_0186,M,3,rub,0
1/1/23 0:00,8647.42637143254,Все категории,МО_0187,M,3,rub,0
2/1/23 0:00,8760.191370366949,Все категории,МО_0187,M,3,rub,0
3/1/23 0:00,9418.267882329763,Все категории,МО_0187,M,3,rub,0
4/1/23 0:00,8736.481572320787,Все категории,МО_0187,M,3,rub,0
5/1/23 0:00,8218.001009321742,Все категории,МО_0187,M,3,rub,0
6/1/23 0:00,7932.782218647027,Все категории,МО_0187,M,3,rub,0
7/1/23 0:00,7780.083873377659,Все категории,МО_0187,M,3,rub,0
8/1/23 0:00,7815.751418772744,Все категории,МО_0187,M,3,rub,0
9/1/23 0:00,7938.840489903782,Все категории,МО_0187,M,3,rub,0
10/1/23 0:00,8322.779998881568,Все категории,МО_0187,M,3,rub,0
11/1/23 0:00,9222.21679460209,Все категории,МО_0187,M,3,rub,0
12/1/23 0:00,9670.267865572068,Все категории,МО_0187,M,3,rub,0
1/1/24 0:00,10619.197077260573,Все категории,МО_0187,M,3,rub,0
2/1/24 0:00,10547.320650781294,Все категории,МО_0187,M,3,rub,0
3/1/24 0:00,10445.6675902532,Все категории,МО_0187,M,3,rub,0
4/1/24 0:00,9837.35509956542,Все категории,МО_0187,M,3,rub,0
5/1/24 0:00,9634.910534076384,Все категории,МО_0187,M,3,rub,0
6/1/24 0:00,9435.467142691607,Все категории,МО_0187,M,3,rub,0
7/1/24 0:00,9360.761879997324,Все категории,МО_0187,M,3,rub,0
8/1/24 0:00,9194.386418495638,Все категории,МО_0187,M,3,rub,0
9/1/24 0:00,9841.76808182833,Все категории,МО_0187,M,3,rub,0
10/1/24 0:00,10056.795999596328,Все категории,МО_0187,M,3,rub,0
11/1/24 0:00,10970.951277599772,Все категории,МО_0187,M,3,rub,0
12/1/24 0:00,11202.626050510513,Все категории,МО_0187,M,3,rub,0
1/1/23 0:00,9544.766117041769,Все категории,МО_0188,M,3,rub,0
2/1/23 0:00,10232.939714234675,Все категории,МО_0188,M,3,rub,0
3/1/23 0:00,10549.225790789747,Все категории,МО_0188,M,3,rub,0
4/1/23 0:00,10620.134363393128,Все категории,МО_0188,M,3,rub,0
5/1/23 0:00,10548.563868376597,Все категории,МО_0188,M,3,rub,0
6/1/23 0:00,10229.472163369224,Все категории,МО_0188,M,3,rub,0
7/1/23 0:00,9915.605170748275,Все категории,МО_0188,M,3,rub,0
8/1/23 0:00,9966.996515671151,Все категории,МО_0188,M,3,rub,0
9/1/23 0:00,9791.086188404894,Все категории,МО_0188,M,3,rub,0
10/1/23 0:00,9564.197877428312,Все категории,МО_0188,M,3,rub,0
11/1/23 0:00,9985.478969418305,Все категории,МО_0188,M,3,rub,0
12/1/23 0:00,9802.009451480662,Все категории,МО_0188,M,3,rub,0
1/1/24 0:00,10140.874666250853,Все категории,МО_0188,M,3,rub,0
2/1/24 0:00,10902.293994083651,Все категории,МО_0188,M,3,rub,0
3/1/24 0:00,10967.294645394511,Все категории,МО_0188,M,3,rub,0
4/1/24 0:00,10805.81629392264,Все категории,МО_0188,M,3,rub,0
5/1/24 0:00,10905.787432092295,Все категории,МО_0188,M,3,rub,0
6/1/24 0:00,10711.742460044514,Все категории,МО_0188,M,3,rub,0
7/1/24 0:00,9888.104249763026,Все категории,МО_0188,M,3,rub,0
8/1/24 0:00,10035.363873490189,Все категории,МО_0188,M,3,rub,0
9/1/24 0:00,10053.557163387224,Все категории,МО_0188,M,3,rub,0
10/1/24 0:00,9955.373856796356,Все категории,МО_0188,M,3,rub,0
11/1/24 0:00,10174.509279688926,Все категории,МО_0188,M,3,rub,0
12/1/24 0:00,10578.613485017479,Все категории,МО_0188,M,3,rub,0
1/1/23 0:00,8809.252204816137,Все категории,МО_0189,M,3,rub,0
2/1/23 0:00,8770.114984668286,Все категории,МО_0189,M,3,rub,0
3/1/23 0:00,9060.94416533989,Все категории,МО_0189,M,3,rub,0
4/1/23 0:00,8625.145190513778,Все категории,МО_0189,M,3,rub,0
5/1/23 0:00,8333.986921948192,Все категории,МО_0189,M,3,rub,0
6/1/23 0:00,8011.615647834963,Все категории,МО_0189,M,3,rub,0
7/1/23 0:00,8484.966465100124,Все категории,МО_0189,M,3,rub,0
8/1/23 0:00,7464.726202976127,Все категории,МО_0189,M,3,rub,0
9/1/23 0:00,8154.840257257665,Все категории,МО_0189,M,3,rub,0
10/1/23 0:00,8705.006107261202,Все категории,МО_0189,M,3,rub,0
11/1/23 0:00,9061.469455723642,Все категории,МО_0189,M,3,rub,0
12/1/23 0:00,10113.170263037693,Все категории,МО_0189,M,3,rub,0
1/1/24 0:00,10525.978664288943,Все категории,МО_0189,M,3,rub,0
2/1/24 0:00,10440.02443285783,Все категории,МО_0189,M,3,rub,0
3/1/24 0:00,10279.047136401568,Все категории,МО_0189,M,3,rub,0
4/1/24 0:00,10025.399185863025,Все категории,МО_0189,M,3,rub,0
5/1/24 0:00,9639.606315751798,Все категории,МО_0189,M,3,rub,0
6/1/24 0:00,9311.912228593956,Все категории,МО_0189,M,3,rub,0
7/1/24 0:00,9110.25625062924,Все категории,МО_0189,M,3,rub,0
8/1/24 0:00,9290.416269414982,Все категории,МО_0189,M,3,rub,0
9/1/24 0:00,9746.01054692727,Все категории,МО_0189,M,3,rub,0
10/1/24 0:00,9690.065070889857,Все категории,МО_0189,M,3,rub,0
11/1/24 0:00,10380.67242300326,Все категории,МО_0189,M,3,rub,0
12/1/24 0:00,10787.502034271793,Все категории,МО_0189,M,3,rub,0
1/1/23 0:00,7217.5723233442195,Все категории,МО_0190,M,3,rub,0
2/1/23 0:00,6250.664142263337,Все категории,МО_0190,M,3,rub,0
3/1/23 0:00,5561.188024352843,Все категории,МО_0190,M,3,rub,0
4/1/23 0:00,4654.241189172034,Все категории,МО_0190,M,3,rub,0
5/1/23 0:00,5049.963154561588,Все категории,МО_0190,M,3,rub,0
6/1/23 0:00,4679.422536528843,Все категории,МО_0190,M,3,rub,0
7/1/23 0:00,5234.937562285612,Все категории,МО_0190,M,3,rub,0
8/1/23 0:00,6073.834016259683,Все категории,МО_0190,M,3,rub,0
9/1/23 0:00,6419.942707257548,Все категории,МО_0190,M,3,rub,0
10/1/23 0:00,7240.408667298541,Все категории,МО_0190,M,3,rub,0
11/1/23 0:00,7827.735741097845,Все категории,МО_0190,M,3,rub,0
12/1/23 0:00,8561.364794398796,Все категории,МО_0190,M,3,rub,0
1/1/24 0:00,7141.3922244188525,Все категории,МО_0190,M,3,rub,0
2/1/24 0:00,6678.739253049846,Все категории,МО_0190,M,3,rub,0
3/1/24 0:00,5788.2383274472195,Все категории,МО_0190,M,3,rub,0
4/1/24 0:00,5061.582688043479,Все категории,МО_0190,M,3,rub,0
5/1/24 0:00,4574.123937654278,Все категории,МО_0190,M,3,rub,0
6/1/24 0:00,5062.795967523052,Все категории,МО_0190,M,3,rub,0
7/1/24 0:00,4956.512018709926,Все категории,МО_0190,M,3,rub,0
8/1/24 0:00,6333.478794868973,Все категории,МО_0190,M,3,rub,0
9/1/24 0:00,6813.381840705926,Все категории,МО_0190,M,3,rub,0
10/1/24 0:00,6736.3732256447165,Все категории,МО_0190,M,3,rub,0
11/1/24 0:00,7759.253848400351,Все категории,МО_0190,M,3,rub,0
12/1/24 0:00,7933.692831368311,Все категории,МО_0190,M,3,rub,0
1/1/23 0:00,6905.939249251913,Все категории,МО_0191,M,3,rub,0
2/1/23 0:00,6367.93360143304,Все категории,МО_0191,M,3,rub,0
3/1/23 0:00,5267.732959497638,Все категории,МО_0191,M,3,rub,0
4/1/23 0:00,4677.29299271361,Все категории,МО_0191,M,3,rub,0
5/1/23 0:00,4688.558626400043,Все категории,МО_0191,M,3,rub,0
6/1/23 0:00,4800.842271278513,Все категории,МО_0191,M,3,rub,0
7/1/23 0:00,5127.874833873,Все категории,МО_0191,M,3,rub,0
8/1/23 0:00,6165.111970657784,Все категории,МО_0191,M,3,rub,0
9/1/23 0:00,6455.161793288226,Все категории,МО_0191,M,3,rub,0
10/1/23 0:00,7493.659396645468,Все категории,МО_0191,M,3,rub,0
11/1/23 0:00,7792.994730389331,Все категории,МО_0191,M,3,rub,0
12/1/23 0:00,7175.640707981899,Все категории,МО_0191,M,3,rub,0
1/1/24 0:00,6693.263345138311,Все категории,МО_0191,M,3,rub,0
2/1/24 0:00,6266.081691986659,Все категории,МО_0191,M,3,rub,0
3/1/24 0:00,5970.609751940955,Все категории,МО_0191,M,3,rub,0
4/1/24 0:00,5104.536272604542,Все категории,МО_0191,M,3,rub,0
5/1/24 0:00,4441.346646471662,Все категории,МО_0191,M,3,rub,0
6/1/24 0:00,4284.951469895145,Все категории,МО_0191,M,3,rub,0
7/1/24 0:00,5419.2033904188365,Все категории,МО_0191,M,3,rub,0
8/1/24 0:00,5917.808020845938,Все категории,МО_0191,M,3,rub,0
9/1/24 0:00,7074.798924578278,Все категории,МО_0191,M,3,rub,0
10/1/24 0:00,7230.454578166462,Все категории,МО_0191,M,3,rub,0
11/1/24 0:00,7976.6212514757,Все категории,МО_0191,M,3,rub,0
12/1/24 0:00,7994.93032595144,Все категории,МО_0191,M,3,rub,0
1/1/23 0:00,6848.051857882634,Все категории,МО_0192,M,3,rub,0
2/1/23 0:00,6083.811349833351,Все категории,МО_0192,M,3,rub,0
3/1/23 0:00,5455.430701274559,Все категории,МО_0192,M,3,rub,0
4/1/23 0:00,5036.270716506507,Все категории,МО_0192,M,3,rub,0
5/1/23 0:00,4699.281675514087,Все категории,МО_0192,M,3,rub,0
6/1/23 0:00,4985.275175149173,Все категории,МО_0192,M,3,rub,0
7/1/23 0:00,5104.6366686623505,Все категории,МО_0192,M,3,rub,0
8/1/23 0:00,5566.012142666166,Все категории,МО_0192,M,3,rub,0
9/1/23 0:00,7228.036326467089,Все категории,МО_0192,M,3,rub,0
10/1/23 0:00,7223.540996769858,Все категории,МО_0192,M,3,rub,0
11/1/23 0:00,7597.116264974257,Все категории,МО_0192,M,3,rub,0
12/1/23 0:00,7616.588455395714,Все категории,МО_0192,M,3,rub,0
1/1/24 0:00,7074.87659822372,Все категории,МО_0192,M,3,rub,0
2/1/24 0:00,6166.968840869979,Все категории,МО_0192,M,3,rub,0
3/1/24 0:00,5511.868643195418,Все категории,МО_0192,M,3,rub,0
4/1/24 0:00,4979.693424887416,Все категории,МО_0192,M,3,rub,0
5/1/24 0:00,4792.1338639300275,Все категории,МО_0192,M,3,rub,0
6/1/24 0:00,4415.977662503745,Все категории,МО_0192,M,3,rub,0
7/1/24 0:00,,Все категории,МО_0192,M,3,rub,0
8/1/24 0:00,5905.730320687552,Все категории,МО_0192,M,3,rub,0
9/1/24 0:00,6917.907147598008,Все категории,МО_0192,M,3,rub,0
10/1/24 0:00,7088.023801121913,Все категории,МО_0192,M,3,rub,0
11/1/24 0:00,7718.8578744414,Все категории,МО_0192,M,3,rub,0
12/1/24 0:00,7523.775388872598,Все категории,МО_0192,M,3,rub,0
1/1/23 0:00,9295.592309065123,Все категории,МО_0193,M,3,rub,0
2/1/23 0:00,8895.14082671553,Все категории,МО_0193,M,3,rub,0
3/1/23 0:00,9179.476501150915,Все категории,МО_0193,M,3,rub,0
4/1/23 0:00,,Все категории,МО_0193,M,3,rub,0
5/1/23 0:00,,Все категории,МО_0193,M,3,rub,0
6/1/23 0:00,,Все категории,МО_0193,M,3,rub,0
7/1/23 0:00,8244.581248852426,Все категории,МО_0193,M,3,rub,0
8/1/23 0:00,7543.711489878084,Все категории,МО_0193,M,3,rub,0
9/1/23 0:00,7931.100144549013,Все категории,МО_0193,M,3,rub,0
10/1/23 0:00,8211.944909513186,Все категории,МО_0193,M,3,rub,0
11/1/23 0:00,8978.568947603284,Все категории,МО_0193,M,3,rub,0
12/1/23 0:00,9607.036361674478,Все категории,МО_0193,M,3,rub,0
1/1/24 0:00,9786.600870282946,Все категории,МО_0193,M,3,rub,0
2/1/24 0:00,10227.243887160275,Все категории,МО_0193,M,3,rub,0
3/1/24 0:00,9755.062128589616,Все категории,МО_0193,M,3,rub,0
4/1/24 0:00,9756.569322126019,Все категории,МО_0193,M,3,rub,0
5/1/24 0:00,10024.543948940034,Все категории,МО_0193,M,3,rub,0
6/1/24 0:00,9447.529684392617,Все категории,МО_0193,M,3,rub,0
7/1/24 0:00,9213.454326891466,Все категории,МО_0193,M,3,rub,0
8/1/24 0:00,8947.07375457131,Все категории,МО_0193,M,3,rub,0
9/1/24 0:00,9099.132832812964,Все категории,МО_0193,M,3,rub,0
10/1/24 0:00,9716.585427664226,Все категории,МО_0193,M,3,rub,0
11/1/24 0:00,10699.203275327947,Все категории,МО_0193,M,3,rub,0
12/1/24 0:00,11668.455495606655,Все категории,МО_0193,M,3,rub,0
1/1/23 0:00,4928.211782249536,Все категории,МО_0194,M,3,rub,0
2/1/23 0:00,4702.7301038967735,Все категории,МО_0194,M,3,rub,0
3/1/23 0:00,4329.341008437284,Все категории,МО_0194,M,3,rub,0
4/1/23 0:00,4529.557307478864,Все категории,МО_0194,M,3,rub,0
5/1/23 0:00,4565.887669799526,Все категории,МО_0194,M,3,rub,0
6/1/23 0:00,4758.675419026182,Все категории,МО_0194,M,3,rub,0
7/1/23 0:00,5509.577861866623,Все категории,МО_0194,M,3,rub,0
8/1/23 0:00,4663.549414152407,Все категории,МО_0194,M,3,rub,0
9/1/23 0:00,5055.427505163943,Все категории,МО_0194,M,3,rub,0
10/1/23 0:00,5342.427666797253,Все категории,МО_0194,M,3,rub,0
11/1/23 0:00,4510.98166731753,Все категории,МО_0194,M,3,rub,0
12/1/23 0:00,4491.888552693712,Все категории,МО_0194,M,3,rub,0
1/1/24 0:00,4320.6502202072725,Все категории,МО_0194,M,3,rub,0
2/1/24 0:00,4243.753380964257,Все категории,МО_0194,M,3,rub,0
3/1/24 0:00,3905.9277051157796,Все категории,МО_0194,M,3,rub,0
4/1/24 0:00,4389.261639563563,Все категории,МО_0194,M,3,rub,0
5/1/24 0:00,4517.661248276121,Все категории,МО_0194,M,3,rub,0
6/1/24 0:00,4643.40350162456,Все категории,МО_0194,M,3,rub,0
7/1/24 0:00,4486.679646735565,Все категории,МО_0194,M,3,rub,0
8/1/24 0:00,4817.245956553099,Все категории,МО_0194,M,3,rub,0
9/1/24 0:00,4605.375685520049,Все категории,МО_0194,M,3,rub,0
10/1/24 0:00,4657.4257927485305,Все категории,МО_0194,M,3,rub,0
11/1/24 0:00,5091.043225893254,Все категории,МО_0194,M,3,rub,0
12/1/24 0:00,4389.631867619074,Все категории,МО_0194,M,3,rub,0
1/1/23 0:00,9664.836439021563,Все категории,МО_0195,M,3,rub,0
2/1/23 0:00,10214.940748693127,Все категории,МО_0195,M,3,rub,0
3/1/23 0:00,10119.963657389424,Все категории,МО_0195,M,3,rub,0
4/1/23 0:00,10249.864778619194,Все категории,МО_0195,M,3,rub,0
5/1/23 0:00,10244.321258422438,Все категории,МО_0195,M,3,rub,0
6/1/23 0:00,10209.907087353968,Все категории,МО_0195,M,3,rub,0
7/1/23 0:00,10267.505483678853,Все категории,МО_0195,M,3,rub,0
8/1/23 0:00,9972.314315581487,Все категории,МО_0195,M,3,rub,0
9/1/23 0:00,9810.010632243808,Все категории,МО_0195,M,3,rub,0
10/1/23 0:00,9461.83396698423,Все категории,МО_0195,M,3,rub,0
11/1/23 0:00,9661.193233376416,Все категории,МО_0195,M,3,rub,0
12/1/23 0:00,10031.044590443762,Все категории,МО_0195,M,3,rub,0
1/1/24 0:00,10131.793199587662,Все категории,МО_0195,M,3,rub,0
2/1/24 0:00,10492.674974244466,Все категории,МО_0195,M,3,rub,0
3/1/24 0:00,10873.984192846912,Все категории,МО_0195,M,3,rub,0
4/1/24 0:00,10807.812663705608,Все категории,МО_0195,M,3,rub,0
5/1/24 0:00,10892.420528388417,Все категории,МО_0195,M,3,rub,0
6/1/24 0:00,11024.270927686393,Все категории,МО_0195,M,3,rub,0
7/1/24 0:00,10410.423304307298,Все категории,МО_0195,M,3,rub,0
8/1/24 0:00,10462.8561641746,Все категории,МО_0195,M,3,rub,0
9/1/24 0:00,10177.005902305451,Все категории,МО_0195,M,3,rub,0
10/1/24 0:00,9736.676923438243,Все категории,МО_0195,M,3,rub,0
11/1/24 0:00,9903.62359871114,Все категории,МО_0195,M,3,rub,0
12/1/24 0:00,10171.328220546742,Все категории,МО_0195,M,3,rub,0
1/1/23 0:00,8669.434659126453,Все категории,МО_0196,M,3,rub,0
2/1/23 0:00,9028.361217325251,Все категории,МО_0196,M,3,rub,0
3/1/23 0:00,9140.061360280966,Все категории,МО_0196,M,3,rub,0
4/1/23 0:00,9044.30473865276,Все категории,МО_0196,M,3,rub,0
5/1/23 0:00,8450.867691186037,Все категории,МО_0196,M,3,rub,0
6/1/23 0:00,7974.709881256283,Все категории,МО_0196,M,3,rub,0
7/1/23 0:00,7452.679074861852,Все категории,МО_0196,M,3,rub,0
8/1/23 0:00,8000.688240002534,Все категории,МО_0196,M,3,rub,0
9/1/23 0:00,8256.780738536781,Все категории,МО_0196,M,3,rub,0
10/1/23 0:00,8753.878052444074,Все категории,МО_0196,M,3,rub,0
11/1/23 0:00,9881.385968992448,Все категории,МО_0196,M,3,rub,0
12/1/23 0:00,10217.088710992577,Все категории,МО_0196,M,3,rub,0
1/1/24 0:00,10517.07847419442,Все категории,МО_0196,M,3,rub,0
2/1/24 0:00,10157.549757007084,Все категории,МО_0196,M,3,rub,0
3/1/24 0:00,10204.593222949215,Все категории,МО_0196,M,3,rub,0
4/1/24 0:00,10030.547214453689,Все категории,МО_0196,M,3,rub,0
5/1/24 0:00,9447.608635737817,Все категории,МО_0196,M,3,rub,0
6/1/24 0:00,9475.026918001557,Все категории,МО_0196,M,3,rub,0
7/1/24 0:00,9260.407719733712,Все категории,МО_0196,M,3,rub,0
8/1/24 0:00,8924.146090246793,Все категории,МО_0196,M,3,rub,0
9/1/24 0:00,9876.578695702152,Все категории,МО_0196,M,3,rub,0
10/1/24 0:00,10085.293318203461,Все категории,МО_0196,M,3,rub,0
11/1/24 0:00,10171.538113094637,Все категории,МО_0196,M,3,rub,0
12/1/24 0:00,11350.97337452676,Все категории,МО_0196,M,3,rub,0
1/1/23 0:00,9952.94861152359,Все категории,МО_0197,M,3,rub,0
2/1/23 0:00,10378.128556206313,Все категории,МО_0197,M,3,rub,0
3/1/23 0:00,10327.35771752309,Все категории,МО_0197,M,3,rub,0
4/1/23 0:00,10673.921102940845,Все категории,МО_0197,M,3,rub,0
5/1/23 0:00,10499.092563893311,Все категории,МО_0197,M,3,rub,0
6/1/23 0:00,10033.641820437897,Все категории,МО_0197,M,3,rub,0
7/1/23 0:00,9795.679151559918,Все категории,МО_0197,M,3,rub,0
8/1/23 0:00,10081.438072810737,Все категории,МО_0197,M,3,rub,0
9/1/23 0:00,9942.943806283474,Все категории,МО_0197,M,3,rub,0
10/1/23 0:00,9734.759225293024,Все категории,МО_0197,M,3,rub,0
11/1/23 0:00,10062.92205533328,Все категории,МО_0197,M,3,rub,0
12/1/23 0:00,10189.695025649611,Все категории,МО_0197,M,3,rub,0
1/1/24 0:00,10401.159555023232,Все категории,МО_0197,M,3,rub,0
2/1/24 0:00,10360.686418445652,Все категории,МО_0197,M,3,rub,0
3/1/24 0:00,11158.199024838415,Все категории,МО_0197,M,3,rub,0
4/1/24 0:00,11000.830276833194,Все категории,МО_0197,M,3,rub,0
5/1/24 0:00,10759.931792374038,Все категории,МО_0197,M,3,rub,0
6/1/24 0:00,10536.857206645278,Все категории,МО_0197,M,3,rub,0
7/1/24 0:00,10500.053964727616,Все категории,МО_0197,M,3,rub,0
8/1/24 0:00,9883.073430241795,Все категории,МО_0197,M,3,rub,0
9/1/24 0:00,10205.603338188579,Все категории,МО_0197,M,3,rub,0
10/1/24 0:00,9837.221513962137,Все категории,МО_0197,M,3,rub,0
11/1/24 0:00,10199.67251094942,Все категории,МО_0197,M,3,rub,0
12/1/24 0:00,10234.99073894065,Все категории,МО_0197,M,3,rub,0
1/1/23 0:00,8824.359905488767,Все категории,МО_0198,M,3,rub,0
2/1/23 0:00,8849.600043161565,Все категории,МО_0198,M,3,rub,0
3/1/23 0:00,8929.772283937633,Все категории,МО_0198,M,3,rub,0
4/1/23 0:00,9218.03492289915,Все категории,МО_0198,M,3,rub,0
5/1/23 0:00,8728.343969085674,Все категории,МО_0198,M,3,rub,0
6/1/23 0:00,8168.456962985506,Все категории,МО_0198,M,3,rub,0
7/1/23 0:00,7927.058109872637,Все категории,МО_0198,M,3,rub,0
8/1/23 0:00,8188.542461824666,Все категории,МО_0198,M,3,rub,0
9/1/23 0:00,8534.875562594218,Все категории,МО_0198,M,3,rub,0
10/1/23 0:00,8491.913808870482,Все категории,МО_0198,M,3,rub,0
11/1/23 0:00,9254.800660536936,Все категории,МО_0198,M,3,rub,0
12/1/23 0:00,9320.208866208224,Все категории,МО_0198,M,3,rub,0
1/1/24 0:00,10624.277292019524,Все категории,МО_0198,M,3,rub,0
2/1/24 0:00,11123.169654179437,Все категории,МО_0198,M,3,rub,0
3/1/24 0:00,10387.781462857349,Все категории,МО_0198,M,3,rub,0
4/1/24 0:00,9437.868807183473,Все категории,МО_0198,M,3,rub,0
5/1/24 0:00,9848.218582706932,Все категории,МО_0198,M,3,rub,0
6/1/24 0:00,9084.075914734265,Все категории,МО_0198,M,3,rub,0
7/1/24 0:00,8981.26130134757,Все категории,МО_0198,M,3,rub,0
8/1/24 0:00,9395.277528129589,Все категории,МО_0198,M,3,rub,0
9/1/24 0:00,9601.297911227117,Все категории,МО_0198,M,3,rub,0
10/1/24 0:00,9908.229577786138,Все категории,МО_0198,M,3,rub,0
11/1/24 0:00,10506.324448600599,Все категории,МО_0198,M,3,rub,0
12/1/24 0:00,11411.46860319096,Все категории,МО_0198,M,3,rub,0
1/1/23 0:00,4615.335449611114,Все категории,МО_0199,M,3,rub,0
2/1/23 0:00,4310.917413561736,Все категории,МО_0199,M,3,rub,0
3/1/23 0:00,4417.902440666188,Все категории,МО_0199,M,3,rub,0
4/1/23 0:00,4601.47244789727,Все категории,МО_0199,M,3,rub,0
5/1/23 0:00,4598.7057238318985,Все категории,МО_0199,M,3,rub,0
6/1/23 0:00,4478.792211654492,Все категории,МО_0199,M,3,rub,0
7/1/23 0:00,5228.293025050511,Все категории,МО_0199,M,3,rub,0
8/1/23 0:00,4441.25180632604,Все категории,МО_0199,M,3,rub,0
9/1/23 0:00,5002.200935577684,Все категории,МО_0199,M,3,rub,0
10/1/23 0:00,4874.818148230683,Все категории,МО_0199,M,3,rub,0
11/1/23 0:00,4890.127188506318,Все категории,МО_0199,M,3,rub,0
12/1/23 0:00,4770.941610535137,Все категории,МО_0199,M,3,rub,0
1/1/24 0:00,4693.582124593247,Все категории,МО_0199,M,3,rub,0
2/1/24 0:00,4141.227955440665,Все категории,МО_0199,M,3,rub,0
3/1/24 0:00,4356.296624882096,Все категории,МО_0199,M,3,rub,0
4/1/24 0:00,4302.4629503491,Все категории,МО_0199,M,3,rub,0
5/1/24 0:00,4011.250764785737,Все категории,МО_0199,M,3,rub,0
6/1/24 0:00,4978.137659559543,Все категории,МО_0199,M,3,rub,0
7/1/24 0:00,4360.962788041886,Все категории,МО_0199,M,3,rub,0
8/1/24 0:00,4898.121236803164,Все категории,МО_0199,M,3,rub,0
9/1/24 0:00,4912.064184600762,Все категории,МО_0199,M,3,rub,0
10/1/24 0:00,4801.241655401968,Все категории,МО_0199,M,3,rub,0
11/1/24 0:00,4459.695655677907,Все категории,МО_0199,M,3,rub,0
12/1/24 0:00,4553.167889784807,Все категории,МО_0199,M,3,rub,0
1/1/23 0:00,8487.86592532909,Все категории,МО_0200,M,3,rub,0
2/1/23 0:00,9034.988919609761,Все категории,МО_0200,M,3,rub,0
3/1/23 0:00,8822.555233574154,Все категории,МО_0200,M,3,rub,0
4/1/23 0:00,8534.882234516432,Все категории,МО_0200,M,3,rub,0
5/1/23 0:00,8481.491361197817,Все категории,МО_0200,M,3,rub,0
6/1/23 0:00,8347.566109213352,Все категории,МО_0200,M,3,rub,0
7/1/23 0:00,7851.8026279487485,Все категории,МО_0200,M,3,rub,0
8/1/23 0:00,8172.953208736711,Все категории,МО_0200,M,3,rub,0
9/1/23 0:00,8262.720441826228,Все категории,МО_0200,M,3,rub,0
10/1/23 0:00,8475.901160982537,Все категории,МО_0200,M,3,rub,0
11/1/23 0:00,9204.817703872033,Все категории,МО_0200,M,3,rub,0
12/1/23 0:00,9755.77296874979,Все категории,МО_0200,M,3,rub,0
1/1/24 0:00,10059.815577422822,Все категории,МО_0200,M,3,rub,0
2/1/24 0:00,10590.252993513412,Все категории,МО_0200,M,3,rub,0
3/1/24 0:00,10436.06048448026,Все категории,МО_0200,M,3,rub,0
4/1/24 0:00,9590.384726122855,Все категории,МО_0200,M,3,rub,0
5/1/24 0:00,9202.526711719485,Все категории,МО_0200,M,3,rub,0
6/1/24 0:00,9453.510838021004,Все категории,МО_0200,M,3,rub,0
7/1/24 0:00,8940.416885244305,Все категории,МО_0200,M,3,rub,0
8/1/24 0:00,9304.248421548406,Все категории,МО_0200,M,3,rub,0
9/1/24 0:00,9754.118557775595,Все категории,МО_0200,M,3,rub,0
10/1/24 0:00,9678.24284416698,Все категории,МО_0200,M,3,rub,0
11/1/24 0:00,10268.895332716542,Все категории,МО_0200,M,3,rub,0
12/1/24 0:00,11954.128935829156,Все категории,МО_0200,M,3,rub,0
1/1/23 0:00,4794.341502595027,Все категории,МО_0201,M,3,rub,0
2/1/23 0:00,4462.238572900594,Все категории,МО_0201,M,3,rub,0
3/1/23 0:00,4287.038460308989,Все категории,МО_0201,M,3,rub,0
4/1/23 0:00,4409.999940804181,Все категории,МО_0201,M,3,rub,0
5/1/23 0:00,4371.697842902841,Все категории,МО_0201,M,3,rub,0
6/1/23 0:00,5023.864473990356,Все категории,МО_0201,M,3,rub,0
7/1/23 0:00,4786.474149169119,Все категории,МО_0201,M,3,rub,0
8/1/23 0:00,5379.274836459424,Все категории,МО_0201,M,3,rub,0
9/1/23 0:00,5013.653117018503,Все категории,МО_0201,M,3,rub,0
10/1/23 0:00,4772.762197643028,Все категории,МО_0201,M,3,rub,0
11/1/23 0:00,4751.6612311301005,Все категории,МО_0201,M,3,rub,0
12/1/23 0:00,4068.4099961211796,Все категории,МО_0201,M,3,rub,0
1/1/24 0:00,4409.756184246699,Все категории,МО_0201,M,3,rub,0
2/1/24 0:00,4255.050522204183,Все категории,МО_0201,M,3,rub,0
3/1/24 0:00,4408.481587369713,Все категории,МО_0201,M,3,rub,0
4/1/24 0:00,3877.0768172859334,Все категории,МО_0201,M,3,rub,0
5/1/24 0:00,4631.002609133168,Все категории,МО_0201,M,3,rub,0
6/1/24 0:00,4716.461372122928,Все категории,МО_0201,M,3,rub,0
7/1/24 0:00,4988.991526672511,Все категории,МО_0201,M,3,rub,0
8/1/24 0:00,4783.8266380009145,Все категории,МО_0201,M,3,rub,0
9/1/24 0:00,5067.720455275992,Все категории,МО_0201,M,3,rub,0
10/1/24 0:00,4399.6743279477205,Все категории,МО_0201,M,3,rub,0
11/1/24 0:00,4737.273444078641,Все категории,МО_0201,M,3,rub,0
12/1/24 0:00,4203.436729219642,Все категории,МО_0201,M,3,rub,0
1/1/23 0:00,8464.716927148935,Все категории,МО_0202,M,3,rub,0
2/1/23 0:00,8752.639795406136,Все категории,МО_0202,M,3,rub,0
3/1/23 0:00,8974.55823592182,Все категории,МО_0202,M,3,rub,0
4/1/23 0:00,8497.325952850742,Все категории,МО_0202,M,3,rub,0
5/1/23 0:00,8468.099257915717,Все категории,МО_0202,M,3,rub,0
6/1/23 0:00,7655.302381573602,Все категории,МО_0202,M,3,rub,0
7/1/23 0:00,7442.6568315371305,Все категории,МО_0202,M,3,rub,0
8/1/23 0:00,8319.328178043883,Все категории,МО_0202,M,3,rub,0
9/1/23 0:00,8477.161530026016,Все категории,МО_0202,M,3,rub,0
10/1/23 0:00,8436.183720164598,Все категории,МО_0202,M,3,rub,0
11/1/23 0:00,9275.49136036095,Все категории,МО_0202,M,3,rub,0
12/1/23 0:00,10149.546225862421,Все категории,МО_0202,M,3,rub,0
1/1/24 0:00,10402.276202901137,Все категории,МО_0202,M,3,rub,0
2/1/24 0:00,10501.585588631728,Все категории,МО_0202,M,3,rub,0
3/1/24 0:00,10708.977408321418,Все категории,МО_0202,M,3,rub,0
4/1/24 0:00,9841.0176182857,Все категории,МО_0202,M,3,rub,0
5/1/24 0:00,9679.006117865514,Все категории,МО_0202,M,3,rub,0
6/1/24 0:00,9328.835522199275,Все категории,МО_0202,M,3,rub,0
7/1/24 0:00,9087.119315617687,Все категории,МО_0202,M,3,rub,0
8/1/24 0:00,9113.125303341574,Все категории,МО_0202,M,3,rub,0
9/1/24 0:00,9549.107663889694,Все категории,МО_0202,M,3,rub,0
10/1/24 0:00,10064.769628454791,Все категории,МО_0202,M,3,rub,0
11/1/24 0:00,10381.368861811505,Все категории,МО_0202,M,3,rub,0
12/1/24 0:00,11645.241750747198,Все категории,МО_0202,M,3,rub,0
1/1/23 0:00,6704.6904507027375,Все категории,МО_0203,M,3,rub,0
2/1/23 0:00,6134.603527347974,Все категории,МО_0203,M,3,rub,0
3/1/23 0:00,5385.929147349545,Все категории,МО_0203,M,3,rub,0
4/1/23 0:00,4999.225306038255,Все категории,МО_0203,M,3,rub,0
5/1/23 0:00,4319.842160254208,Все категории,МО_0203,M,3,rub,0
6/1/23 0:00,4968.734309648022,Все категории,МО_0203,M,3,rub,0
7/1/23 0:00,5060.913856720538,Все категории,МО_0203,M,3,rub,0
8/1/23 0:00,6163.305154382245,Все категории,МО_0203,M,3,rub,0
9/1/23 0:00,6551.943916818913,Все категории,МО_0203,M,3,rub,0
10/1/23 0:00,7385.9303137501065,Все категории,МО_0203,M,3,rub,0
11/1/23 0:00,8390.145491750742,Все категории,МО_0203,M,3,rub,0
12/1/23 0:00,7552.41337629469,Все категории,МО_0203,M,3,rub,0
1/1/24 0:00,7414.345854131071,Все категории,МО_0203,M,3,rub,0
2/1/24 0:00,6272.886355881879,Все категории,МО_0203,M,3,rub,0
3/1/24 0:00,5608.1326965207145,Все категории,МО_0203,M,3,rub,0
4/1/24 0:00,5001.596496193185,Все категории,МО_0203,M,3,rub,0
5/1/24 0:00,4922.896551601653,Все категории,МО_0203,M,3,rub,0
6/1/24 0:00,4721.41000329118,Все категории,МО_0203,M,3,rub,0
7/1/24 0:00,5059.485225691781,Все категории,МО_0203,M,3,rub,0
8/1/24 0:00,5790.806682503404,Все категории,МО_0203,M,3,rub,0
9/1/24 0:00,6786.102689797335,Все категории,МО_0203,M,3,rub,0
10/1/24 0:00,7423.850615765194,Все категории,МО_0203,M,3,rub,0
11/1/24 0:00,8092.335789119626,Все категории,МО_0203,M,3,rub,0
12/1/24 0:00,8142.92914425384,Все категории,МО_0203,M,3,rub,0
1/1/23 0:00,8638.020774061048,Все категории,МО_0204,M,3,rub,0
2/1/23 0:00,8855.69803471001,Все категории,МО_0204,M,3,rub,0
3/1/23 0:00,8594.655828672658,Все категории,МО_0204,M,3,rub,0
4/1/23 0:00,9257.1079752333,Все категории,МО_0204,M,3,rub,0
5/1/23 0:00,8449.978979701222,Все категории,МО_0204,M,3,rub,0
6/1/23 0:00,8199.225722826926,Все категории,МО_0204,M,3,rub,0
7/1/23 0:00,7620.443429629725,Все категории,МО_0204,M,3,rub,0
8/1/23 0:00,7983.482989171011,Все категории,МО_0204,M,3,rub,0
9/1/23 0:00,8377.412569172235,Все категории,МО_0204,M,3,rub,0
10/1/23 0:00,8640.204183222671,Все категории,МО_0204,M,3,rub,0
11/1/23 0:00,9580.566673900408,Все категории,МО_0204,M,3,rub,0
12/1/23 0:00,10550.768698028147,Все категории,МО_0204,M,3,rub,0
1/1/24 0:00,9984.528498803587,Все категории,МО_0204,M,3,rub,0
2/1/24 0:00,10139.279535766218,Все категории,МО_0204,M,3,rub,0
3/1/24 0:00,10093.534752984919,Все категории,МО_0204,M,3,rub,0
4/1/24 0:00,10555.704991631326,Все категории,МО_0204,M,3,rub,0
5/1/24 0:00,9977.120566413461,Все категории,МО_0204,M,3,rub,0
6/1/24 0:00,9295.9592977536,Все категории,МО_0204,M,3,rub,0
7/1/24 0:00,9171.83708248999,Все категории,МО_0204,M,3,rub,0
8/1/24 0:00,8997.2013865708,Все категории,МО_0204,M,3,rub,0
9/1/24 0:00,9786.09479275711,Все категории,МО_0204,M,3,rub,0
10/1/24 0:00,9940.446019580275,Все категории,МО_0204,M,3,rub,0
11/1/24 0:00,10629.820192043422,Все категории,МО_0204,M,3,rub,0
12/1/24 0:00,11578.008490843553,Все категории,МО_0204,M,3,rub,0
1/1/23 0:00,8844.614842780818,Все категории,МО_0205,M,3,rub,0
2/1/23 0:00,8989.260450360356,Все категории,МО_0205,M,3,rub,0
3/1/23 0:00,8975.916386842437,Все категории,МО_0205,M,3,rub,0
4/1/23 0:00,8920.403302720688,Все категории,МО_0205,M,3,rub,0
5/1/23 0:00,8797.069556192142,Все категории,МО_0205,M,3,rub,0
6/1/23 0:00,8225.262764002413,Все категории,МО_0205,M,3,rub,0
7/1/23 0:00,8126.5805548894,Все категории,МО_0205,M,3,rub,0
8/1/23 0:00,7936.038798180314,Все категории,МО_0205,M,3,rub,0
9/1/23 0:00,8077.058253963413,Все категории,МО_0205,M,3,rub,0
10/1/23 0:00,8878.463675649247,Все категории,МО_0205,M,3,rub,0
11/1/23 0:00,9324.103280815789,Все категории,МО_0205,M,3,rub,0
12/1/23 0:00,9432.535405445426,Все категории,МО_0205,M,3,rub,0
1/1/24 0:00,10171.671382084269,Все категории,МО_0205,M,3,rub,0
2/1/24 0:00,10429.02360580687,Все категории,МО_0205,M,3,rub,0
3/1/24 0:00,10205.369888020912,Все категории,МО_0205,M,3,rub,0
4/1/24 0:00,10516.364463893287,Все категории,МО_0205,M,3,rub,0
5/1/24 0:00,9810.164478907469,Все категории,МО_0205,M,3,rub,0
6/1/24 0:00,9726.371459762004,Все категории,МО_0205,M,3,rub,0
7/1/24 0:00,9234.473219405905,Все категории,МО_0205,M,3,rub,0
8/1/24 0:00,9242.861425614325,Все категории,МО_0205,M,3,rub,0
9/1/24 0:00,9264.25762891006,Все категории,МО_0205,M,3,rub,0
10/1/24 0:00,10057.984850815941,Все категории,МО_0205,M,3,rub,0
11/1/24 0:00,10717.277844957229,Все категории,МО_0205,M,3,rub,0
12/1/24 0:00,10911.642836974697,Все категории,МО_0205,M,3,rub,0
1/1/23 0:00,4585.41886139498,Все категории,МО_0206,M,3,rub,0
2/1/23 0:00,4483.699402644954,Все категории,МО_0206,M,3,rub,0
3/1/23 0:00,4585.811860254399,Все категории,МО_0206,M,3,rub,0
4/1/23 0:00,4629.571078066294,Все категории,МО_0206,M,3,rub,0
5/1/23 0:00,4506.92070027829,Все категории,МО_0206,M,3,rub,0
6/1/23 0:00,4920.805932491067,Все категории,МО_0206,M,3,rub,0
7/1/23 0:00,4930.930269156585,Все категории,МО_0206,M,3,rub,0
8/1/23 0:00,4412.298897895788,Все категории,МО_0206,M,3,rub,0
9/1/23 0:00,4992.621681397382,Все категории,МО_0206,M,3,rub,0
10/1/23 0:00,5307.0820028906555,Все категории,МО_0206,M,3,rub,0
11/1/23 0:00,4462.544331754192,Все категории,МО_0206,M,3,rub,0
12/1/23 0:00,4665.0341636842095,Все категории,МО_0206,M,3,rub,0
1/1/24 0:00,4802.424480291358,Все категории,МО_0206,M,3,rub,0
2/1/24 0:00,4131.257943787794,Все категории,МО_0206,M,3,rub,0
3/1/24 0:00,4230.840341455099,Все категории,МО_0206,M,3,rub,0
4/1/24 0:00,3991.6149788727903,Все категории,МО_0206,M,3,rub,0
5/1/24 0:00,4740.021302733473,Все категории,МО_0206,M,3,rub,0
6/1/24 0:00,4508.038844934713,Все категории,МО_0206,M,3,rub,0
7/1/24 0:00,4697.182939431639,Все категории,МО_0206,M,3,rub,0
8/1/24 0:00,5132.494868940677,Все категории,МО_0206,M,3,rub,0
9/1/24 0:00,4979.204703441805,Все категории,МО_0206,M,3,rub,0
10/1/24 0:00,4532.670530738092,Все категории,МО_0206,M,3,rub,0
11/1/24 0:00,4425.7753036200875,Все категории,МО_0206,M,3,rub,0
12/1/24 0:00,4478.13722909744,Все категории,МО_0206,M,3,rub,0
1/1/23 0:00,4566.064969548543,Все категории,МО_0207,M,3,rub,0
2/1/23 0:00,4099.030283489552,Все категории,МО_0207,M,3,rub,0
3/1/23 0:00,4480.03626677606,Все категории,МО_0207,M,3,rub,0
4/1/23 0:00,4201.266743559043,Все категории,МО_0207,M,3,rub,0
5/1/23 0:00,5030.373121270138,Все категории,МО_0207,M,3,rub,0
6/1/23 0:00,4849.464207988687,Все категории,МО_0207,M,3,rub,0
7/1/23 0:00,4755.837731019963,Все категории,МО_0207,M,3,rub,0
8/1/23 0:00,4918.212867394526,Все категории,МО_0207,M,3,rub,0
9/1/23 0:00,4653.996817471797,Все категории,МО_0207,M,3,rub,0
10/1/23 0:00,4759.390573244381,Все категории,МО_0207,M,3,rub,0
11/1/23 0:00,5107.06834047219,Все категории,МО_0207,M,3,rub,0
12/1/23 0:00,5186.452331313133,Все категории,МО_0207,M,3,rub,0
1/1/24 0:00,4600.558252658206,Все категории,МО_0207,M,3,rub,0
2/1/24 0:00,4271.693992780376,Все категории,МО_0207,M,3,rub,0
3/1/24 0:00,4139.997619370996,Все категории,МО_0207,M,3,rub,0
4/1/24 0:00,4061.5794611547017,Все категории,МО_0207,M,3,rub,0
5/1/24 0:00,4843.649026829185,Все категории,МО_0207,M,3,rub,0
6/1/24 0:00,4484.340366793804,Все категории,МО_0207,M,3,rub,0
7/1/24 0:00,5209.131294659097,Все категории,МО_0207,M,3,rub,0
8/1/24 0:00,5142.5693206030155,Все категории,МО_0207,M,3,rub,0
9/1/24 0:00,4415.656139048999,Все категории,МО_0207,M,3,rub,0
10/1/24 0:00,4580.4401849859105,Все категории,МО_0207,M,3,rub,0
11/1/24 0:00,4420.9610870670895,Все категории,МО_0207,M,3,rub,0
12/1/24 0:00,4351.272275445485,Все категории,МО_0207,M,3,rub,0
1/1/23 0:00,8878.558404780042,Все категории,МО_0208,M,3,rub,0
2/1/23 0:00,9904.277496518263,Все категории,МО_0208,M,3,rub,0
3/1/23 0:00,8687.723534462439,Все категории,МО_0208,M,3,rub,0
4/1/23 0:00,8770.112152804611,Все категории,МО_0208,M,3,rub,0
5/1/23 0:00,8529.400699444795,Все категории,МО_0208,M,3,rub,0
6/1/23 0:00,8081.669690355347,Все категории,МО_0208,M,3,rub,0
7/1/23 0:00,7959.341177256163,Все категории,МО_0208,M,3,rub,0
8/1/23 0:00,7737.399226507251,Все категории,МО_0208,M,3,rub,0
9/1/23 0:00,8276.798594822629,Все категории,МО_0208,M,3,rub,0
10/1/23 0:00,8840.566121170612,Все категории,МО_0208,M,3,rub,0
11/1/23 0:00,9367.943459470162,Все категории,МО_0208,M,3,rub,0
12/1/23 0:00,10013.656516482088,Все категории,МО_0208,M,3,rub,0
1/1/24 0:00,10716.95285497913,Все категории,МО_0208,M,3,rub,0
2/1/24 0:00,10753.040562193664,Все категории,МО_0208,M,3,rub,0
3/1/24 0:00,10385.043185661365,Все категории,МО_0208,M,3,rub,0
4/1/24 0:00,9711.665054356337,Все категории,МО_0208,M,3,rub,0
5/1/24 0:00,9497.45350474197,Все категории,МО_0208,M,3,rub,0
6/1/24 0:00,9272.534226954422,Все категории,МО_0208,M,3,rub,0
7/1/24 0:00,9231.404348379592,Все категории,МО_0208,M,3,rub,0
8/1/24 0:00,9088.954616333618,Все категории,МО_0208,M,3,rub,0
9/1/24 0:00,9264.497933462077,Все категории,МО_0208,M,3,rub,0
10/1/24 0:00,9702.30013672603,Все категории,МО_0208,M,3,rub,0
11/1/24 0:00,10195.334773151302,Все категории,МО_0208,M,3,rub,0
12/1/24 0:00,11288.621423841703,Все категории,МО_0208,M,3,rub,0
1/1/23 0:00,4377.048144782626,Все категории,МО_0209,M,3,rub,0
2/1/23 0:00,4334.413517121808,Все категории,МО_0209,M,3,rub,0
3/1/23 0:00,4404.373779315439,Все категории,МО_0209,M,3,rub,0
4/1/23 0:00,4231.687514120865,Все категории,МО_0209,M,3,rub,0
5/1/23 0:00,4728.782086196049,Все категории,МО_0209,M,3,rub,0
6/1/23 0:00,4988.024789132352,Все категории,МО_0209,M,3,rub,0
7/1/23 0:00,4841.188562288603,Все категории,МО_0209,M,3,rub,0
8/1/23 0:00,4982.966924132266,Все категории,МО_0209,M,3,rub,0
9/1/23 0:00,5254.410131113874,Все категории,МО_0209,M,3,rub,0
10/1/23 0:00,4852.0095953788295,Все категории,МО_0209,M,3,rub,0
11/1/23 0:00,4667.729073269328,Все категории,МО_0209,M,3,rub,0
12/1/23 0:00,4924.809144887245,Все категории,МО_0209,M,3,rub,0
1/1/24 0:00,4636.998197466291,Все категории,МО_0209,M,3,rub,0
2/1/24 0:00,4422.433433850247,Все категории,МО_0209,M,3,rub,0
3/1/24 0:00,4430.778989185842,Все категории,МО_0209,M,3,rub,0
4/1/24 0:00,3859.481245982046,Все категории,МО_0209,M,3,rub,0
5/1/24 0:00,4675.6671114699,Все категории,МО_0209,M,3,rub,0
6/1/24 0:00,4616.477416034189,Все категории,МО_0209,M,3,rub,0
7/1/24 0:00,4929.170318463,Все категории,МО_0209,M,3,rub,0
8/1/24 0:00,4890.2084768060795,Все категории,МО_0209,M,3,rub,0
9/1/24 0:00,4829.0149447627555,Все категории,МО_0209,M,3,rub,0
10/1/24 0:00,4670.785519221402,Все категории,МО_0209,M,3,rub,0
11/1/24 0:00,4656.045990284427,Все категории,МО_0209,M,3,rub,0
12/1/24 0:00,4301.110315225526,Все категории,МО_0209,M,3,rub,0
1/1/23 0:00,9129.262490217368,Все категории,МО_0210,M,3,rub,0
2/1/23 0:00,8632.08316131356,Все категории,МО_0210,M,3,rub,0
3/1/23 0:00,8828.459183865807,Все категории,МО_0210,M,3,rub,0
4/1/23 0:00,9261.121873077143,Все категории,МО_0210,M,3,rub,0
5/1/23 0:00,8217.298084697033,Все категории,МО_0210,M,3,rub,0
6/1/23 0:00,8024.385914038643,Все категории,МО_0210,M,3,rub,0
7/1/23 0:00,7725.784603486632,Все категории,МО_0210,M,3,rub,0
8/1/23 0:00,8064.609174139485,Все категории,МО_0210,M,3,rub,0
9/1/23 0:00,8070.163303508123,Все категории,МО_0210,M,3,rub,0
10/1/23 0:00,8657.626575579892,Все категории,МО_0210,M,3,rub,0
11/1/23 0:00,9515.590600921198,Все категории,МО_0210,M,3,rub,0
12/1/23 0:00,9639.612235751758,Все категории,МО_0210,M,3,rub,0
1/1/24 0:00,10518.198666127255,Все категории,МО_0210,M,3,rub,0
2/1/24 0:00,10716.090969612915,Все категории,МО_0210,M,3,rub,0
3/1/24 0:00,10696.070812264576,Все категории,МО_0210,M,3,rub,0
4/1/24 0:00,10101.62928630559,Все категории,МО_0210,M,3,rub,0
5/1/24 0:00,10657.476249095898,Все категории,МО_0210,M,3,rub,0
6/1/24 0:00,9633.837753757614,Все категории,МО_0210,M,3,rub,0
7/1/24 0:00,9251.513327847339,Все категории,МО_0210,M,3,rub,0
8/1/24 0:00,8981.187827059543,Все категории,МО_0210,M,3,rub,0
9/1/24 0:00,9500.551892626296,Все категории,МО_0210,M,3,rub,0
10/1/24 0:00,10493.948470521938,Все категории,МО_0210,M,3,rub,0
11/1/24 0:00,11276.846165530715,Все категории,МО_0210,M,3,rub,0
12/1/24 0:00,11884.008334057691,Все категории,МО_0210,M,3,rub,0
1/1/23 0:00,7194.166212380989,Все категории,МО_0211,M,3,rub,0
2/1/23 0:00,5885.24505752181,Все категории,МО_0211,M,3,rub,0
3/1/23 0:00,5557.16191477988,Все категории,МО_0211,M,3,rub,0
4/1/23 0:00,4689.390994037097,Все категории,МО_0211,M,3,rub,0
5/1/23 0:00,4430.374751440486,Все категории,МО_0211,M,3,rub,0
6/1/23 0:00,4840.873096964775,Все категории,МО_0211,M,3,rub,0
7/1/23 0:00,5309.8026183776,Все категории,МО_0211,M,3,rub,0
8/1/23 0:00,6085.748564312261,Все категории,МО_0211,M,3,rub,0
9/1/23 0:00,6812.599963385271,Все категории,МО_0211,M,3,rub,0
10/1/23 0:00,7559.416951004419,Все категории,МО_0211,M,3,rub,0
11/1/23 0:00,7471.683309656142,Все категории,МО_0211,M,3,rub,0
12/1/23 0:00,7604.663105395167,Все категории,МО_0211,M,3,rub,0
1/1/24 0:00,6643.09577239203,Все категории,МО_0211,M,3,rub,0
2/1/24 0:00,5780.7881063058085,Все категории,МО_0211,M,3,rub,0
3/1/24 0:00,5681.565248213834,Все категории,МО_0211,M,3,rub,0
4/1/24 0:00,4839.6085597805295,Все категории,МО_0211,M,3,rub,0
5/1/24 0:00,4927.752305595468,Все категории,МО_0211,M,3,rub,0
6/1/24 0:00,5072.646391464637,Все категории,МО_0211,M,3,rub,0
7/1/24 0:00,5133.8403841520285,Все категории,МО_0211,M,3,rub,0
8/1/24 0:00,6082.568738751676,Все категории,МО_0211,M,3,rub,0
9/1/24 0:00,6582.681036101639,Все категории,МО_0211,M,3,rub,0
10/1/24 0:00,6956.632144283725,Все категории,МО_0211,M,3,rub,0
11/1/24 0:00,7904.551999452305,Все категории,МО_0211,M,3,rub,0
12/1/24 0:00,7584.644461723047,Все категории,МО_0211,M,3,rub,0
1/1/23 0:00,4608.273980573656,Все категории,МО_0212,M,3,rub,0
2/1/23 0:00,5029.7976315804135,Все категории,МО_0212,M,3,rub,0
3/1/23 0:00,4162.019163892037,Все категории,МО_0212,M,3,rub,0
4/1/23 0:00,4611.440473094543,Все категории,МО_0212,M,3,rub,0
5/1/23 0:00,4414.699246970151,Все категории,МО_0212,M,3,rub,0
6/1/23 0:00,5030.110312785314,Все категории,МО_0212,M,3,rub,0
7/1/23 0:00,5050.832969290003,Все категории,МО_0212,M,3,rub,0
8/1/23 0:00,5190.572837363607,Все категории,МО_0212,M,3,rub,0
9/1/23 0:00,4879.056102642417,Все категории,МО_0212,M,3,rub,0
10/1/23 0:00,4839.509283540806,Все категории,МО_0212,M,3,rub,0
11/1/23 0:00,5084.373897282968,Все категории,МО_0212,M,3,rub,0
12/1/23 0:00,5068.274800918161,Все категории,МО_0212,M,3,rub,0
1/1/24 0:00,4544.297819827517,Все категории,МО_0212,M,3,rub,0
2/1/24 0:00,4103.094967582977,Все категории,МО_0212,M,3,rub,0
3/1/24 0:00,4302.6887057996755,Все категории,МО_0212,M,3,rub,0
4/1/24 0:00,4810.35228085073,Все категории,МО_0212,M,3,rub,0
5/1/24 0:00,4392.072508960976,Все категории,МО_0212,M,3,rub,0
6/1/24 0:00,4870.131249506636,Все категории,МО_0212,M,3,rub,0
7/1/24 0:00,4515.948055962474,Все категории,МО_0212,M,3,rub,0
8/1/24 0:00,4786.371191895562,Все категории,МО_0212,M,3,rub,0
9/1/24 0:00,4968.780912344026,Все категории,МО_0212,M,3,rub,0
10/1/24 0:00,4830.544233054359,Все категории,МО_0212,M,3,rub,0
11/1/24 0:00,4399.495763571332,Все категории,МО_0212,M,3,rub,0
12/1/24 0:00,4195.38337709293,Все категории,МО_0212,M,3,rub,0
1/1/23 0:00,9162.299293007785,Все категории,МО_0213,M,3,rub,0
2/1/23 0:00,9382.310791325313,Все категории,МО_0213,M,3,rub,0
3/1/23 0:00,9389.500379873498,Все категории,МО_0213,M,3,rub,0
4/1/23 0:00,9194.435011336947,Все категории,МО_0213,M,3,rub,0
5/1/23 0:00,8406.981165983168,Все категории,МО_0213,M,3,rub,0
6/1/23 0:00,8006.948112786255,Все категории,МО_0213,M,3,rub,0
7/1/23 0:00,8261.205660189033,Все категории,МО_0213,M,3,rub,0
8/1/23 0:00,8156.392365730268,Все категории,МО_0213,M,3,rub,0
9/1/23 0:00,8010.778976859251,Все категории,МО_0213,M,3,rub,0
10/1/23 0:00,8440.14826675499,Все категории,МО_0213,M,3,rub,0
11/1/23 0:00,9414.240401933741,Все категории,МО_0213,M,3,rub,0
12/1/23 0:00,9791.606567853773,Все категории,МО_0213,M,3,rub,0
1/1/24 0:00,10264.134496837474,Все категории,МО_0213,M,3,rub,0
2/1/24 0:00,10796.862279688321,Все категории,МО_0213,M,3,rub,0
3/1/24 0:00,10601.535951749174,Все категории,МО_0213,M,3,rub,0
4/1/24 0:00,10468.562243529632,Все категории,МО_0213,M,3,rub,0
5/1/24 0:00,9125.546477237735,Все категории,МО_0213,M,3,rub,0
6/1/24 0:00,9405.05766156001,Все категории,МО_0213,M,3,rub,0
7/1/24 0:00,9354.724109841563,Все категории,МО_0213,M,3,rub,0
8/1/24 0:00,8807.576394678412,Все категории,МО_0213,M,3,rub,0
9/1/24 0:00,9342.882237887861,Все категории,МО_0213,M,3,rub,0
10/1/24 0:00,9804.038481113383,Все категории,МО_0213,M,3,rub,0
11/1/24 0:00,10720.057488746847,Все категории,МО_0213,M,3,rub,0
12/1/24 0:00,11937.436720969627,Все категории,МО_0213,M,3,rub,0
1/1/23 0:00,7559.20732293447,Все категории,МО_0214,M,3,rub,0
2/1/23 0:00,5990.071130995759,Все категории,МО_0214,M,3,rub,0
3/1/23 0:00,5565.925890099845,Все категории,МО_0214,M,3,rub,0
4/1/23 0:00,5039.519454543642,Все категории,МО_0214,M,3,rub,0
5/1/23 0:00,4775.449249058718,Все категории,МО_0214,M,3,rub,0
6/1/23 0:00,4871.919144927887,Все категории,МО_0214,M,3,rub,0
7/1/23 0:00,5263.395680467519,Все категории,МО_0214,M,3,rub,0
8/1/23 0:00,6279.67016579534,Все категории,МО_0214,M,3,rub,0
9/1/23 0:00,6979.568143946336,Все категории,МО_0214,M,3,rub,0
10/1/23 0:00,7093.114104453397,Все категории,МО_0214,M,3,rub,0
11/1/23 0:00,8023.183297801458,Все категории,МО_0214,M,3,rub,0
12/1/23 0:00,7914.176365781977,Все категории,МО_0214,M,3,rub,0
1/1/24 0:00,7145.347520874263,Все категории,МО_0214,M,3,rub,0
2/1/24 0:00,6553.057692211231,Все категории,МО_0214,M,3,rub,0
3/1/24 0:00,5557.364691865136,Все категории,МО_0214,M,3,rub,0
4/1/24 0:00,5027.774927855471,Все категории,МО_0214,M,3,rub,0
5/1/24 0:00,4781.874593550838,Все категории,МО_0214,M,3,rub,0
6/1/24 0:00,4476.30972811754,Все категории,МО_0214,M,3,rub,0
7/1/24 0:00,5245.710784403982,Все категории,МО_0214,M,3,rub,0
8/1/24 0:00,5783.937215389431,Все категории,МО_0214,M,3,rub,0
9/1/24 0:00,6445.811014235295,Все категории,МО_0214,M,3,rub,0
10/1/24 0:00,7931.890107950977,Все категории,МО_0214,M,3,rub,0
11/1/24 0:00,8025.907289908802,Все категории,МО_0214,M,3,rub,0
12/1/24 0:00,7719.637830482465,Все категории,МО_0214,M,3,rub,0
1/1/23 0:00,8745.196070440737,Все категории,МО_0215,M,3,rub,0
2/1/23 0:00,9133.64317898914,Все категории,МО_0215,M,3,rub,0
3/1/23 0:00,9243.96457490716,Все категории,МО_0215,M,3,rub,0
4/1/23 0:00,8496.646201953103,Все категории,МО_0215,M,3,rub,0
5/1/23 0:00,8371.884576290853,Все категории,МО_0215,M,3,rub,0
6/1/23 0:00,8295.288069515394,Все категории,МО_0215,M,3,rub,0
7/1/23 0:00,7485.447322033522,Все категории,МО_0215,M,3,rub,0
8/1/23 0:00,7969.986411504116,Все категории,МО_0215,M,3,rub,0
9/1/23 0:00,8144.826362550733,Все категории,МО_0215,M,3,rub,0
10/1/23 0:00,8671.086063939229,Все категории,МО_0215,M,3,rub,0
11/1/23 0:00,9137.773137532447,Все категории,МО_0215,M,3,rub,0
12/1/23 0:00,9884.545966720349,Все категории,МО_0215,M,3,rub,0
1/1/24 0:00,10882.515799039435,Все категории,МО_0215,M,3,rub,0
2/1/24 0:00,10353.88578173075,Все категории,МО_0215,M,3,rub,0
3/1/24 0:00,10453.94174380283,Все категории,МО_0215,M,3,rub,0
4/1/24 0:00,10679.466605908032,Все категории,МО_0215,M,3,rub,0
5/1/24 0:00,9511.707434815748,Все категории,МО_0215,M,3,rub,0
6/1/24 0:00,9856.054305148791,Все категории,МО_0215,M,3,rub,0
7/1/24 0:00,9163.24618230074,Все категории,МО_0215,M,3,rub,0
8/1/24 0:00,9726.623023859831,Все категории,МО_0215,M,3,rub,0
9/1/24 0:00,9745.130247130548,Все категории,МО_0215,M,3,rub,0
10/1/24 0:00,10147.44750424403,Все категории,МО_0215,M,3,rub,0
11/1/24 0:00,10692.009136525805,Все категории,МО_0215,M,3,rub,0
12/1/24 0:00,11157.61855077585,Все категории,МО_0215,M,3,rub,0
1/1/23 0:00,9912.142810055107,Все категории,МО_0216,M,3,rub,0
2/1/23 0:00,10362.483728160882,Все категории,МО_0216,M,3,rub,0
3/1/23 0:00,10394.572163880888,Все категории,МО_0216,M,3,rub,0
4/1/23 0:00,10432.357403649898,Все категории,МО_0216,M,3,rub,0
5/1/23 0:00,10407.537887912209,Все категории,МО_0216,M,3,rub,0
6/1/23 0:00,10507.552173990058,Все категории,МО_0216,M,3,rub,0
7/1/23 0:00,10326.856718315723,Все категории,МО_0216,M,3,rub,0
8/1/23 0:00,9726.962909611171,Все категории,МО_0216,M,3,rub,0
9/1/23 0:00,9578.98554797183,Все категории,МО_0216,M,3,rub,0
10/1/23 0:00,9745.755914388026,Все категории,МО_0216,M,3,rub,0
11/1/23 0:00,10069.329213253015,Все категории,МО_0216,M,3,rub,0
12/1/23 0:00,10207.92650860233,Все категории,МО_0216,M,3,rub,0
1/1/24 0:00,10006.227776257258,Все категории,МО_0216,M,3,rub,0
2/1/24 0:00,10495.674308046633,Все категории,МО_0216,M,3,rub,0
3/1/24 0:00,10579.666668418682,Все категории,МО_0216,M,3,rub,0
4/1/24 0:00,10825.39183627167,Все категории,МО_0216,M,3,rub,0
5/1/24 0:00,11196.869061365052,Все категории,МО_0216,M,3,rub,0
6/1/24 0:00,10379.084838905615,Все категории,МО_0216,M,3,rub,0
7/1/24 0:00,10113.462075874595,Все категории,МО_0216,M,3,rub,0
8/1/24 0:00,10051.0151358785,Все категории,МО_0216,M,3,rub,0
9/1/24 0:00,10121.781266836924,Все категории,МО_0216,M,3,rub,0
10/1/24 0:00,10151.88921201724,Все категории,МО_0216,M,3,rub,0
11/1/24 0:00,10213.316617404871,Все категории,МО_0216,M,3,rub,0
12/1/24 0:00,10588.393295574622,Все категории,МО_0216,M,3,rub,0
1/1/23 0:00,9554.22064420414,Все категории,МО_0217,M,3,rub,0
2/1/23 0:00,10422.964030579407,Все категории,МО_0217,M,3,rub,0
3/1/23 0:00,10332.601438808319,Все категории,МО_0217,M,3,rub,0
4/1/23 0:00,10653.35224284629,Все категории,МО_0217,M,3,rub,0
5/1/23 0:00,10186.644327755022,Все категории,МО_0217,M,3,rub,0
6/1/23 0:00,10302.059791072052,Все категории,МО_0217,M,3,rub,0
7/1/23 0:00,10124.620556910188,Все категории,МО_0217,M,3,rub,0
8/1/23 0:00,10088.13258851669,Все категории,МО_0217,M,3,rub,0
9/1/23 0:00,9404.970803384253,Все категории,МО_0217,M,3,rub,0
10/1/23 0:00,9678.043586107651,Все категории,МО_0217,M,3,rub,0
11/1/23 0:00,9556.664313611374,Все категории,МО_0217,M,3,rub,0
12/1/23 0:00,10077.998101744584,Все категории,МО_0217,M,3,rub,0
1/1/24 0:00,10420.646220732395,Все категории,МО_0217,M,3,rub,0
2/1/24 0:00,10826.405738944793,Все категории,МО_0217,M,3,rub,0
3/1/24 0:00,10663.699484657827,Все категории,МО_0217,M,3,rub,0
4/1/24 0:00,11087.177392769698,Все категории,МО_0217,M,3,rub,0
5/1/24 0:00,11142.470997425633,Все категории,МО_0217,M,3,rub,0
6/1/24 0:00,10333.383613427399,Все категории,МО_0217,M,3,rub,0
7/1/24 0:00,10574.988309211667,Все категории,МО_0217,M,3,rub,0
8/1/24 0:00,10416.748527187936,Все категории,МО_0217,M,3,rub,0
9/1/24 0:00,10011.845311103041,Все категории,МО_0217,M,3,rub,0
10/1/24 0:00,9786.748232895103,Все категории,МО_0217,M,3,rub,0
11/1/24 0:00,10317.098484824952,Все категории,МО_0217,M,3,rub,0
12/1/24 0:00,10097.163516630379,Все категории,МО_0217,M,3,rub,0
1/1/23 0:00,8847.174005197317,Все категории,МО_0218,M,3,rub,0
2/1/23 0:00,9041.958865431006,Все категории,МО_0218,M,3,rub,0
3/1/23 0:00,9167.768593051716,Все категории,МО_0218,M,3,rub,0
4/1/23 0:00,8547.865047149664,Все категории,МО_0218,M,3,rub,0
5/1/23 0:00,8202.888580208002,Все категории,МО_0218,M,3,rub,0
6/1/23 0:00,8106.069649658998,Все категории,МО_0218,M,3,rub,0
7/1/23 0:00,8176.241140681828,Все категории,МО_0218,M,3,rub,0
8/1/23 0:00,8550.872980652955,Все категории,МО_0218,M,3,rub,0
9/1/23 0:00,7885.591462214546,Все категории,МО_0218,M,3,rub,0
10/1/23 0:00,8788.721098880857,Все категории,МО_0218,M,3,rub,0
11/1/23 0:00,8978.829444859515,Все категории,МО_0218,M,3,rub,0
12/1/23 0:00,10149.33436127117,Все категории,МО_0218,M,3,rub,0
1/1/24 0:00,9987.080355069224,Все категории,МО_0218,M,3,rub,0
2/1/24 0:00,10245.515675404082,Все категории,МО_0218,M,3,rub,0
3/1/24 0:00,10181.268919219448,Все категории,МО_0218,M,3,rub,0
4/1/24 0:00,10036.159571658976,Все категории,МО_0218,M,3,rub,0
5/1/24 0:00,9764.17227907914,Все категории,МО_0218,M,3,rub,0
6/1/24 0:00,9470.263182298158,Все категории,МО_0218,M,3,rub,0
7/1/24 0:00,9160.197925460805,Все категории,МО_0218,M,3,rub,0
8/1/24 0:00,8859.702179889304,Все категории,МО_0218,M,3,rub,0
9/1/24 0:00,9738.579344532687,Все категории,МО_0218,M,3,rub,0
10/1/24 0:00,10038.424560442074,Все категории,МО_0218,M,3,rub,0
11/1/24 0:00,11093.037030677067,Все категории,МО_0218,M,3,rub,0
12/1/24 0:00,11129.637804517675,Все категории,МО_0218,M,3,rub,0
1/1/23 0:00,4348.122285387561,Все категории,МО_0219,M,3,rub,0
2/1/23 0:00,4549.0175882777485,Все категории,МО_0219,M,3,rub,0
3/1/23 0:00,4792.685090236288,Все категории,МО_0219,M,3,rub,0
4/1/23 0:00,4560.552713636318,Все категории,МО_0219,M,3,rub,0
5/1/23 0:00,4593.749535680418,Все категории,МО_0219,M,3,rub,0
6/1/23 0:00,4602.094350632707,Все категории,МО_0219,M,3,rub,0
7/1/23 0:00,5433.154669145448,Все категории,МО_0219,M,3,rub,0
8/1/23 0:00,4837.493512025449,Все категории,МО_0219,M,3,rub,0
9/1/23 0:00,4932.897519539056,Все категории,МО_0219,M,3,rub,0
10/1/23 0:00,5173.732767706227,Все категории,МО_0219,M,3,rub,0
11/1/23 0:00,4423.841050570886,Все категории,МО_0219,M,3,rub,0
12/1/23 0:00,4944.0761914357745,Все категории,МО_0219,M,3,rub,0
1/1/24 0:00,4577.108585049884,Все категории,МО_0219,M,3,rub,0
2/1/24 0:00,4488.749471010982,Все категории,МО_0219,M,3,rub,0
3/1/24 0:00,4350.100864991234,Все категории,МО_0219,M,3,rub,0
4/1/24 0:00,4226.357633680911,Все категории,МО_0219,M,3,rub,0
5/1/24 0:00,4143.424572605397,Все категории,МО_0219,M,3,rub,0
6/1/24 0:00,4495.267030683269,Все категории,МО_0219,M,3,rub,0
7/1/24 0:00,4463.216956415133,Все категории,МО_0219,M,3,rub,0
8/1/24 0:00,4914.473429312239,Все категории,МО_0219,M,3,rub,0
9/1/24 0:00,5015.510706263908,Все категории,МО_0219,M,3,rub,0
10/1/24 0:00,5098.432579372894,Все категории,МО_0219,M,3,rub,0
11/1/24 0:00,4657.12242110808,Все категории,МО_0219,M,3,rub,0
12/1/24 0:00,4575.378216055002,Все категории,МО_0219,M,3,rub,0
1/1/23 0:00,9838.485890159742,Все категории,МО_0220,M,3,rub,0
2/1/23 0:00,10081.269309305171,Все категории,МО_0220,M,3,rub,0
3/1/23 0:00,10496.264469172302,Все категории,МО_0220,M,3,rub,0
4/1/23 0:00,10417.793561463162,Все категории,МО_0220,M,3,rub,0
5/1/23 0:00,10516.334415337076,Все категории,МО_0220,M,3,rub,0
6/1/23 0:00,10084.714657281702,Все категории,МО_0220,M,3,rub,0
7/1/23 0:00,9900.766390918021,Все категории,МО_0220,M,3,rub,0
8/1/23 0:00,9983.691453352762,Все категории,МО_0220,M,3,rub,0
9/1/23 0:00,9881.627770976896,Все категории,МО_0220,M,3,rub,0
10/1/23 0:00,9483.292799133551,Все категории,МО_0220,M,3,rub,0
11/1/23 0:00,9898.227859621526,Все категории,МО_0220,M,3,rub,0
12/1/23 0:00,9870.889861194839,Все категории,МО_0220,M,3,rub,0
1/1/24 0:00,10263.304095946047,Все категории,МО_0220,M,3,rub,0
2/1/24 0:00,10854.541993829755,Все категории,МО_0220,M,3,rub,0
3/1/24 0:00,10953.901956946705,Все категории,МО_0220,M,3,rub,0
4/1/24 0:00,11058.088606589237,Все категории,МО_0220,M,3,rub,0
5/1/24 0:00,11265.239096439896,Все категории,МО_0220,M,3,rub,0
6/1/24 0:00,10529.355668491002,Все категории,МО_0220,M,3,rub,0
7/1/24 0:00,10242.310424132336,Все категории,МО_0220,M,3,rub,0
8/1/24 0:00,10072.432892493714,Все категории,МО_0220,M,3,rub,0
9/1/24 0:00,10012.691414457044,Все категории,МО_0220,M,3,rub,0
10/1/24 0:00,9565.412316244317,Все категории,МО_0220,M,3,rub,0
11/1/24 0:00,10082.435858659375,Все категории,МО_0220,M,3,rub,0
12/1/24 0:00,10230.293875461048,Все категории,МО_0220,M,3,rub,0
1/1/23 0:00,9106.253930942608,Все категории,МО_0221,M,3,rub,0
2/1/23 0:00,9149.069157473381,Все категории,МО_0221,M,3,rub,0
3/1/23 0:00,8812.814703591888,Все категории,МО_0221,M,3,rub,0
4/1/23 0:00,8865.606229819125,Все категории,МО_0221,M,3,rub,0
5/1/23 0:00,8556.761255687026,Все категории,МО_0221,M,3,rub,0
6/1/23 0:00,7897.839827078161,Все категории,МО_0221,M,3,rub,0
7/1/23 0:00,7816.603184143526,Все категории,МО_0221,M,3,rub,0
8/1/23 0:00,7468.1625011527285,Все категории,МО_0221,M,3,rub,0
9/1/23 0:00,7984.817015903812,Все категории,МО_0221,M,3,rub,0
10/1/23 0:00,8514.195750617193,Все категории,МО_0221,M,3,rub,0
11/1/23 0:00,9296.988760651288,Все категории,МО_0221,M,3,rub,0
12/1/23 0:00,9568.555996193354,Все категории,МО_0221,M,3,rub,0
1/1/24 0:00,10115.25894107748,Все категории,МО_0221,M,3,rub,0
2/1/24 0:00,10077.645367593246,Все категории,МО_0221,M,3,rub,0
3/1/24 0:00,10416.188623692142,Все категории,МО_0221,M,3,rub,0
4/1/24 0:00,10188.421559491026,Все категории,МО_0221,M,3,rub,0
5/1/24 0:00,9787.390066621512,Все категории,МО_0221,M,3,rub,0
6/1/24 0:00,9337.294013876779,Все категории,МО_0221,M,3,rub,0
7/1/24 0:00,8747.855831624845,Все категории,МО_0221,M,3,rub,0
8/1/24 0:00,9050.420953242057,Все категории,МО_0221,M,3,rub,0
9/1/24 0:00,9412.536439250562,Все категории,МО_0221,M,3,rub,0
10/1/24 0:00,9933.472215608197,Все категории,МО_0221,M,3,rub,0
11/1/24 0:00,10737.207111645526,Все категории,МО_0221,M,3,rub,0
12/1/24 0:00,11865.203334076836,Все категории,МО_0221,M,3,rub,0
1/1/23 0:00,7201.912426549862,Все категории,МО_0222,M,3,rub,0
2/1/23 0:00,5948.708147658339,Все категории,МО_0222,M,3,rub,0
3/1/23 0:00,5599.83522531258,Все категории,МО_0222,M,3,rub,0
4/1/23 0:00,5055.976009302545,Все категории,МО_0222,M,3,rub,0
5/1/23 0:00,4552.790416339627,Все категории,МО_0222,M,3,rub,0
6/1/23 0:00,4960.385135045709,Все категории,МО_0222,M,3,rub,0
7/1/23 0:00,5166.583402871947,Все категории,МО_0222,M,3,rub,0
8/1/23 0:00,5547.883553391359,Все категории,МО_0222,M,3,rub,0
9/1/23 0:00,6801.182490843216,Все категории,МО_0222,M,3,rub,0
10/1/23 0:00,7464.878074090864,Все категории,МО_0222,M,3,rub,0
11/1/23 0:00,7701.378313925735,Все категории,МО_0222,M,3,rub,0
12/1/23 0:00,7625.230637863939,Все категории,МО_0222,M,3,rub,0
1/1/24 0:00,6855.829675716204,Все категории,МО_0222,M,3,rub,0
2/1/24 0:00,6417.829710907977,Все категории,МО_0222,M,3,rub,0
3/1/24 0:00,5506.1355932197675,Все категории,МО_0222,M,3,rub,0
4/1/24 0:00,5020.93801029568,Все категории,МО_0222,M,3,rub,0
5/1/24 0:00,4827.210184309497,Все категории,МО_0222,M,3,rub,0
6/1/24 0:00,4633.65199236686,Все категории,МО_0222,M,3,rub,0
7/1/24 0:00,5077.684568672848,Все категории,МО_0222,M,3,rub,0
8/1/24 0:00,5438.030062997312,Все категории,МО_0222,M,3,rub,0
9/1/24 0:00,6913.51418847853,Все категории,МО_0222,M,3,rub,0
10/1/24 0:00,7135.213860744989,Все категории,МО_0222,M,3,rub,0
11/1/24 0:00,7907.480484431543,Все категории,МО_0222,M,3,rub,0
12/1/24 0:00,7844.402514892343,Все категории,МО_0222,M,3,rub,0
1/1/23 0:00,10017.08142017058,Все категории,МО_0223,M,3,rub,0
2/1/23 0:00,9935.998584617078,Все категории,МО_0223,M,3,rub,0
3/1/23 0:00,10383.75700563944,Все категории,МО_0223,M,3,rub,0
4/1/23 0:00,10855.266234116838,Все категории,МО_0223,M,3,rub,0
5/1/23 0:00,10824.71867184545,Все категории,МО_0223,M,3,rub,0
6/1/23 0:00,10506.469212289356,Все категории,МО_0223,M,3,rub,0
7/1/23 0:00,10145.138079629176,Все категории,МО_0223,M,3,rub,0
8/1/23 0:00,9661.438916016696,Все категории,МО_0223,M,3,rub,0
9/1/23 0:00,9848.467736493389,Все категории,МО_0223,M,3,rub,0
10/1/23 0:00,9641.573258954191,Все категории,МО_0223,M,3,rub,0
11/1/23 0:00,9876.458700002146,Все категории,МО_0223,M,3,rub,0
12/1/23 0:00,9851.14657458516,Все категории,МО_0223,M,3,rub,0
1/1/24 0:00,10224.492411208481,Все категории,МО_0223,M,3,rub,0
2/1/24 0:00,10585.950190696316,Все категории,МО_0223,M,3,rub,0
3/1/24 0:00,10831.64078290021,Все категории,МО_0223,M,3,rub,0
4/1/24 0:00,10991.466239539059,Все категории,МО_0223,M,3,rub,0
5/1/24 0:00,10718.402151662422,Все категории,МО_0223,M,3,rub,0
6/1/24 0:00,10395.562495588141,Все категории,МО_0223,M,3,rub,0
7/1/24 0:00,10791.301811594705,Все категории,МО_0223,M,3,rub,0
8/1/24 0:00,10740.587658587954,Все категории,МО_0223,M,3,rub,0
9/1/24 0:00,10154.245207108774,Все категории,МО_0223,M,3,rub,0
10/1/24 0:00,9764.612481658865,Все категории,МО_0223,M,3,rub,0
11/1/24 0:00,9968.992727130828,Все категории,МО_0223,M,3,rub,0
12/1/24 0:00,10448.172392009716,Все категории,МО_0223,M,3,rub,0
1/1/23 0:00,7355.934346293962,Все категории,МО_0224,M,3,rub,0
2/1/23 0:00,5895.322051269226,Все категории,МО_0224,M,3,rub,0
3/1/23 0:00,5422.883827309601,Все категории,МО_0224,M,3,rub,0
4/1/23 0:00,4966.900976807197,Все категории,МО_0224,M,3,rub,0
5/1/23 0:00,4867.430405012936,Все категории,МО_0224,M,3,rub,0
6/1/23 0:00,4729.33549460309,Все категории,МО_0224,M,3,rub,0
7/1/23 0:00,4884.535027989423,Все категории,МО_0224,M,3,rub,0
8/1/23 0:00,6017.443824501211,Все категории,МО_0224,M,3,rub,0
9/1/23 0:00,6985.804925749869,Все категории,МО_0224,M,3,rub,0
10/1/23 0:00,7375.966661886692,Все категории,МО_0224,M,3,rub,0
11/1/23 0:00,7898.840870613301,Все категории,МО_0224,M,3,rub,0
12/1/23 0:00,7493.088361459848,Все категории,МО_0224,M,3,rub,0
1/1/24 0:00,6821.175687909972,Все категории,МО_0224,M,3,rub,0
2/1/24 0:00,6525.592908993199,Все категории,МО_0224,M,3,rub,0
3/1/24 0:00,5601.8723616749385,Все категории,МО_0224,M,3,rub,0
4/1/24 0:00,5086.416530485077,Все категории,МО_0224,M,3,rub,0
5/1/24 0:00,5053.432059212816,Все категории,МО_0224,M,3,rub,0
6/1/24 0:00,4652.175946537763,Все категории,МО_0224,M,3,rub,0
7/1/24 0:00,5147.677459753326,Все категории,МО_0224,M,3,rub,0
8/1/24 0:00,5978.274533938054,Все категории,МО_0224,M,3,rub,0
9/1/24 0:00,6608.230081756401,Все категории,МО_0224,M,3,rub,0
10/1/24 0:00,7728.046286262597,Все категории,МО_0224,M,3,rub,0
11/1/24 0:00,7806.919462172895,Все категории,МО_0224,M,3,rub,0
12/1/24 0:00,7428.020332199928,Все категории,МО_0224,M,3,rub,0
1/1/23 0:00,8912.205840036377,Все категории,МО_0225,M,3,rub,0
2/1/23 0:00,9099.229362003518,Все категории,МО_0225,M,3,rub,0
3/1/23 0:00,9228.238998652692,Все категории,МО_0225,M,3,rub,0
4/1/23 0:00,8813.412629405591,Все категории,МО_0225,M,3,rub,0
5/1/23 0:00,8489.739023113878,Все категории,МО_0225,M,3,rub,0
6/1/23 0:00,8160.083540134161,Все категории,МО_0225,M,3,rub,0
7/1/23 0:00,7888.406396142962,Все категории,МО_0225,M,3,rub,0
8/1/23 0:00,7814.0493114265955,Все категории,МО_0225,M,3,rub,0
9/1/23 0:00,8322.201433493703,Все категории,МО_0225,M,3,rub,0
10/1/23 0:00,8619.397637501326,Все категории,МО_0225,M,3,rub,0
11/1/23 0:00,9758.710315280472,Все категории,МО_0225,M,3,rub,0
12/1/23 0:00,10248.273523995398,Все категории,МО_0225,M,3,rub,0
1/1/24 0:00,10469.160116705865,Все категории,МО_0225,M,3,rub,0
2/1/24 0:00,10574.374449776462,Все категории,МО_0225,M,3,rub,0
3/1/24 0:00,10335.545833839056,Все категории,МО_0225,M,3,rub,0
4/1/24 0:00,9685.663325761303,Все категории,МО_0225,M,3,rub,0
5/1/24 0:00,9607.448682891058,Все категории,МО_0225,M,3,rub,0
6/1/24 0:00,9362.268827035166,Все категории,МО_0225,M,3,rub,0
7/1/24 0:00,9225.0674970617,Все категории,МО_0225,M,3,rub,0
8/1/24 0:00,9351.118592700192,Все категории,МО_0225,M,3,rub,0
9/1/24 0:00,9795.289144790702,Все категории,МО_0225,M,3,rub,0
10/1/24 0:00,9847.763006174602,Все категории,МО_0225,M,3,rub,0
11/1/24 0:00,10495.780350771465,Все категории,МО_0225,M,3,rub,0
12/1/24 0:00,11874.217894822232,Все категории,МО_0225,M,3,rub,0
1/1/23 0:00,4895.943030450073,Все категории,МО_0226,M,3,rub,0
2/1/23 0:00,4468.595028908428,Все категории,МО_0226,M,3,rub,0
3/1/23 0:00,4467.96310311359,Все категории,МО_0226,M,3,rub,0
4/1/23 0:00,4500.826385539486,Все категории,МО_0226,M,3,rub,0
5/1/23 0:00,4647.171611639215,Все категории,МО_0226,M,3,rub,0
6/1/23 0:00,4921.744294085186,Все категории,МО_0226,M,3,rub,0
7/1/23 0:00,5648.450442598168,Все категории,МО_0226,M,3,rub,0
8/1/23 0:00,5141.601850457351,Все категории,МО_0226,M,3,rub,0
9/1/23 0:00,5287.397548256418,Все категории,МО_0226,M,3,rub,0
10/1/23 0:00,4621.729049630569,Все категории,МО_0226,M,3,rub,0
11/1/23 0:00,4737.759617977344,Все категории,МО_0226,M,3,rub,0
12/1/23 0:00,4932.773213206589,Все категории,МО_0226,M,3,rub,0
1/1/24 0:00,4526.611287089024,Все категории,МО_0226,M,3,rub,0
2/1/24 0:00,3445.802645549968,Все категории,МО_0226,M,3,rub,0
3/1/24 0:00,4375.384237661854,Все категории,МО_0226,M,3,rub,0
4/1/24 0:00,4689.401386693163,Все категории,МО_0226,M,3,rub,0
5/1/24 0:00,3954.620703376586,Все категории,МО_0226,M,3,rub,0
6/1/24 0:00,4884.164456391142,Все категории,МО_0226,M,3,rub,0
7/1/24 0:00,4079.7423248973237,Все категории,МО_0226,M,3,rub,0
8/1/24 0:00,5026.765794801782,Все категории,МО_0226,M,3,rub,0
9/1/24 0:00,4815.133781319794,Все категории,МО_0226,M,3,rub,0
10/1/24 0:00,4210.5537149734555,Все категории,МО_0226,M,3,rub,0
11/1/24 0:00,4674.4722119900935,Все категории,МО_0226,M,3,rub,0
12/1/24 0:00,4627.43438088997,Все категории,МО_0226,M,3,rub,0
1/1/23 0:00,7073.944443946732,Все категории,МО_0227,M,3,rub,0
2/1/23 0:00,6334.861143685146,Все категории,МО_0227,M,3,rub,0
3/1/23 0:00,5360.911484756098,Все категории,МО_0227,M,3,rub,0
4/1/23 0:00,4574.526640981306,Все категории,МО_0227,M,3,rub,0
5/1/23 0:00,4833.91927689212,Все категории,МО_0227,M,3,rub,0
6/1/23 0:00,5142.3949050589,Все категории,МО_0227,M,3,rub,0
7/1/23 0:00,5440.167871704675,Все категории,МО_0227,M,3,rub,0
8/1/23 0:00,5421.104731674944,Все категории,МО_0227,M,3,rub,0
9/1/23 0:00,6285.796771416951,Все категории,МО_0227,M,3,rub,0
10/1/23 0:00,7154.1450444984375,Все категории,МО_0227,M,3,rub,0
11/1/23 0:00,7292.069602100814,Все категории,МО_0227,M,3,rub,0
12/1/23 0:00,7650.17321301513,Все категории,МО_0227,M,3,rub,0
1/1/24 0:00,7167.804413598719,Все категории,МО_0227,M,3,rub,0
2/1/24 0:00,5914.841245762149,Все категории,МО_0227,M,3,rub,0
3/1/24 0:00,5689.8631484844145,Все категории,МО_0227,M,3,rub,0
4/1/24 0:00,5108.9963447328655,Все категории,МО_0227,M,3,rub,0
5/1/24 0:00,4655.534175586849,Все категории,МО_0227,M,3,rub,0
6/1/24 0:00,4819.296049487389,Все категории,МО_0227,M,3,rub,0
7/1/24 0:00,4867.763726841473,Все категории,МО_0227,M,3,rub,0
8/1/24 0:00,5862.1953506427335,Все категории,МО_0227,M,3,rub,0
9/1/24 0:00,6761.087722160009,Все категории,МО_0227,M,3,rub,0
10/1/24 0:00,7540.439946906303,Все категории,МО_0227,M,3,rub,0
11/1/24 0:00,7985.772303670692,Все категории,МО_0227,M,3,rub,0
12/1/24 0:00,7804.733142136069,Все категории,МО_0227,M,3,rub,0
1/1/23 0:00,6898.396609418245,Все категории,МО_0228,M,3,rub,0
2/1/23 0:00,6259.6394451979395,Все категории,МО_0228,M,3,rub,0
3/1/23 0:00,5672.797248521223,Все категории,МО_0228,M,3,rub,0
4/1/23 0:00,4909.336961018179,Все категории,МО_0228,M,3,rub,0
5/1/23 0:00,4762.090811194544,Все категории,МО_0228,M,3,rub,0
6/1/23 0:00,4759.21103951752,Все категории,МО_0228,M,3,rub,0
7/1/23 0:00,5067.037505256595,Все категории,МО_0228,M,3,rub,0
8/1/23 0:00,5993.825401402613,Все категории,МО_0228,M,3,rub,0
9/1/23 0:00,6531.779032158811,Все категории,МО_0228,M,3,rub,0
10/1/23 0:00,7515.5672366177905,Все категории,МО_0228,M,3,rub,0
11/1/23 0:00,7780.624731748823,Все категории,МО_0228,M,3,rub,0
12/1/23 0:00,7544.382947927892,Все категории,МО_0228,M,3,rub,0
1/1/24 0:00,6963.881765181336,Все категории,МО_0228,M,3,rub,0
2/1/24 0:00,6137.085464664219,Все категории,МО_0228,M,3,rub,0
3/1/24 0:00,5164.297136727436,Все категории,МО_0228,M,3,rub,0
4/1/24 0:00,5064.597263607513,Все категории,МО_0228,M,3,rub,0
5/1/24 0:00,4803.020040787327,Все категории,МО_0228,M,3,rub,0
6/1/24 0:00,5020.429857941006,Все категории,МО_0228,M,3,rub,0
7/1/24 0:00,5151.914581050692,Все категории,МО_0228,M,3,rub,0
8/1/24 0:00,6408.530528434568,Все категории,МО_0228,M,3,rub,0
9/1/24 0:00,6657.199801257869,Все категории,МО_0228,M,3,rub,0
10/1/24 0:00,7232.076776237512,Все категории,МО_0228,M,3,rub,0
11/1/24 0:00,7559.152063762685,Все категории,МО_0228,M,3,rub,0
12/1/24 0:00,7210.97230231565,Все категории,МО_0228,M,3,rub,0
1/1/23 0:00,10205.198821909742,Все категории,МО_0229,M,3,rub,0
2/1/23 0:00,10461.125663220297,Все категории,МО_0229,M,3,rub,0
3/1/23 0:00,10522.974289249743,Все категории,МО_0229,M,3,rub,0
4/1/23 0:00,10312.15137328397,Все категории,МО_0229,M,3,rub,0
5/1/23 0:00,10845.728814555114,Все категории,МО_0229,M,3,rub,0
6/1/23 0:00,10228.831369293173,Все категории,МО_0229,M,3,rub,0
7/1/23 0:00,10022.817105478782,Все категории,МО_0229,M,3,rub,0
8/1/23 0:00,10145.090588648087,Все категории,МО_0229,M,3,rub,0
9/1/23 0:00,9836.713511262244,Все категории,МО_0229,M,3,rub,0
10/1/23 0:00,10107.389437291815,Все категории,МО_0229,M,3,rub,0
11/1/23 0:00,9815.05956060996,Все категории,МО_0229,M,3,rub,0
12/1/23 0:00,9897.716807390581,Все категории,МО_0229,M,3,rub,0
1/1/24 0:00,10135.140304283213,Все категории,МО_0229,M,3,rub,0
2/1/24 0:00,10168.602610007807,Все категории,МО_0229,M,3,rub,0
3/1/24 0:00,10718.530604275611,Все категории,МО_0229,M,3,rub,0
4/1/24 0:00,11135.482012124728,Все категории,МО_0229,M,3,rub,0
5/1/24 0:00,10973.932356729496,Все категории,МО_0229,M,3,rub,0
6/1/24 0:00,10682.969961426006,Все категории,МО_0229,M,3,rub,0
7/1/24 0:00,10240.454794408199,Все категории,МО_0229,M,3,rub,0
8/1/24 0:00,10265.43248287299,Все категории,МО_0229,M,3,rub,0
9/1/24 0:00,10269.719643015429,Все категории,МО_0229,M,3,rub,0
10/1/24 0:00,10113.378043416784,Все категории,МО_0229,M,3,rub,0
11/1/24 0:00,10158.168439750147,Все категории,МО_0229,M,3,rub,0
12/1/24 0:00,10178.784141142463,Все категории,МО_0229,M,3,rub,0
1/1/23 0:00,9129.07234263635,Все категории,МО_0230,M,3,rub,0
2/1/23 0:00,8241.005941556208,Все категории,МО_0230,M,3,rub,0
3/1/23 0:00,9076.7223125052,Все категории,МО_0230,M,3,rub,0
4/1/23 0:00,9408.280030818802,Все категории,МО_0230,M,3,rub,0
5/1/23 0:00,8002.64944249051,Все категории,МО_0230,M,3,rub,0
6/1/23 0:00,8023.739399670729,Все категории,МО_0230,M,3,rub,0
7/1/23 0:00,7931.19313501977,Все категории,МО_0230,M,3,rub,0
8/1/23 0:00,7873.733893013376,Все категории,МО_0230,M,3,rub,0
9/1/23 0:00,8510.944231327016,Все категории,МО_0230,M,3,rub,0
10/1/23 0:00,8830.24248735894,Все категории,МО_0230,M,3,rub,0
11/1/23 0:00,9318.806703817836,Все категории,МО_0230,M,3,rub,0
12/1/23 0:00,10082.103916167584,Все категории,МО_0230,M,3,rub,0
1/1/24 0:00,10277.439476975986,Все категории,МО_0230,M,3,rub,0
2/1/24 0:00,11501.47739195188,Все категории,МО_0230,M,3,rub,0
3/1/24 0:00,10410.013561767053,Все категории,МО_0230,M,3,rub,0
4/1/24 0:00,10118.232145506847,Все категории,МО_0230,M,3,rub,0
5/1/24 0:00,9186.268615356163,Все категории,МО_0230,M,3,rub,0
6/1/24 0:00,9182.89162025131,Все категории,МО_0230,M,3,rub,0
7/1/24 0:00,9482.634162149003,Все категории,МО_0230,M,3,rub,0
8/1/24 0:00,8858.22295605683,Все категории,МО_0230,M,3,rub,0
9/1/24 0:00,8931.058754787902,Все категории,МО_0230,M,3,rub,0
10/1/24 0:00,10064.13797584704,Все категории,МО_0230,M,3,rub,0
11/1/24 0:00,11162.81213325136,Все категории,МО_0230,M,3,rub,0
12/1/24 0:00,11382.93407427832,Все категории,МО_0230,M,3,rub,0
1/1/23 0:00,4632.291173628969,Все категории,МО_0231,M,3,rub,0
2/1/23 0:00,4152.407133396867,Все категории,МО_0231,M,3,rub,0
3/1/23 0:00,4594.711130234708,Все категории,МО_0231,M,3,rub,0
4/1/23 0:00,4676.081504864947,Все категории,МО_0231,M,3,rub,0
5/1/23 0:00,4244.3702081895,Все категории,МО_0231,M,3,rub,0
6/1/23 0:00,5087.341862837648,Все категории,МО_0231,M,3,rub,0
7/1/23 0:00,5170.225934271701,Все категории,МО_0231,M,3,rub,0
8/1/23 0:00,5389.715734165645,Все категории,МО_0231,M,3,rub,0
9/1/23 0:00,5266.534283680153,Все категории,МО_0231,M,3,rub,0
10/1/23 0:00,5195.4168346589695,Все категории,МО_0231,M,3,rub,0
11/1/23 0:00,4982.0697348849335,Все категории,МО_0231,M,3,rub,0
12/1/23 0:00,4844.6946214691525,Все категории,МО_0231,M,3,rub,0
1/1/24 0:00,4050.822477194038,Все категории,МО_0231,M,3,rub,0
2/1/24 0:00,3981.1058140796495,Все категории,МО_0231,M,3,rub,0
3/1/24 0:00,4077.5356010773357,Все категории,МО_0231,M,3,rub,0
4/1/24 0:00,4232.977769860393,Все категории,МО_0231,M,3,rub,0
5/1/24 0:00,4455.266675834205,Все категории,МО_0231,M,3,rub,0
6/1/24 0:00,4600.950566510305,Все категории,МО_0231,M,3,rub,0
7/1/24 0:00,4955.4446572786765,Все категории,МО_0231,M,3,rub,0
8/1/24 0:00,5079.950979529346,Все категории,МО_0231,M,3,rub,0
9/1/24 0:00,4611.609853412324,Все категории,МО_0231,M,3,rub,0
10/1/24 0:00,4792.353031229026,Все категории,МО_0231,M,3,rub,0
11/1/24 0:00,4381.616813550257,Все категории,МО_0231,M,3,rub,0
12/1/24 0:00,4327.7520308590965,Все категории,МО_0231,M,3,rub,0
1/1/23 0:00,9961.0306822761,Все категории,МО_0232,M,3,rub,0
2/1/23 0:00,9507.400349259686,Все категории,МО_0232,M,3,rub,0
3/1/23 0:00,10910.993642455844,Все категории,МО_0232,M,3,rub,0
4/1/23 0:00,10618.235938874532,Все категории,МО_0232,M,3,rub,0
5/1/23 0:00,10335.989443420372,Все категории,МО_0232,M,3,rub,0
6/1/23 0:00,10705.869217922393,Все категории,МО_0232,M,3,rub,0
7/1/23 0:00,10007.112574377905,Все категории,МО_0232,M,3,rub,0
8/1/23 0:00,9883.780781321153,Все категории,МО_0232,M,3,rub,0
9/1/23 0:00,9613.815077920171,Все категории,МО_0232,M,3,rub,0
10/1/23 0:00,9996.99509928869,Все категории,МО_0232,M,3,rub,0
11/1/23 0:00,9745.87147334014,Все категории,МО_0232,M,3,rub,0
12/1/23 0:00,10006.495208860022,Все категории,МО_0232,M,3,rub,0
1/1/24 0:00,10509.928313526247,Все категории,МО_0232,M,3,rub,0
2/1/24 0:00,10675.458512331052,Все категории,МО_0232,M,3,rub,0
3/1/24 0:00,10766.710684592654,Все категории,МО_0232,M,3,rub,0
4/1/24 0:00,11127.867420060387,Все категории,МО_0232,M,3,rub,0
5/1/24 0:00,11408.009036550782,Все категории,МО_0232,M,3,rub,0
6/1/24 0:00,10746.637661705372,Все категории,МО_0232,M,3,rub,0
7/1/24 0:00,10470.689973671995,Все категории,МО_0232,M,3,rub,0
8/1/24 0:00,10253.891198754087,Все категории,МО_0232,M,3,rub,0
9/1/24 0:00,10331.030548584497,Все категории,МО_0232,M,3,rub,0
10/1/24 0:00,9907.190100572605,Все категории,МО_0232,M,3,rub,0
11/1/24 0:00,10068.151246269998,Все категории,МО_0232,M,3,rub,0
12/1/24 0:00,10029.15009442769,Все категории,МО_0232,M,3,rub,0
1/1/23 0:00,4440.04466737527,Все категории,МО_0233,M,3,rub,0
2/1/23 0:00,4440.3029006528595,Все категории,МО_0233,M,3,rub,0
3/1/23 0:00,4479.432354820095,Все категории,МО_0233,M,3,rub,0
4/1/23 0:00,4942.399217061404,Все категории,МО_0233,M,3,rub,0
5/1/23 0:00,4765.868147721977,Все категории,МО_0233,M,3,rub,0
6/1/23 0:00,4592.501748651671,Все категории,МО_0233,M,3,rub,0
7/1/23 0:00,4798.160369136034,Все категории,МО_0233,M,3,rub,0
8/1/23 0:00,5455.445483266597,Все категории,МО_0233,M,3,rub,0
9/1/23 0:00,5411.502484558369,Все категории,МО_0233,M,3,rub,0
10/1/23 0:00,5035.436517649451,Все категории,МО_0233,M,3,rub,0
11/1/23 0:00,4747.8080382052285,Все категории,МО_0233,M,3,rub,0
12/1/23 0:00,4907.218279668461,Все категории,МО_0233,M,3,rub,0
1/1/24 0:00,4221.504045387425,Все категории,МО_0233,M,3,rub,0
2/1/24 0:00,4376.345936048693,Все категории,МО_0233,M,3,rub,0
3/1/24 0:00,4739.473867522638,Все категории,МО_0233,M,3,rub,0
4/1/24 0:00,4304.515132400495,Все категории,МО_0233,M,3,rub,0
5/1/24 0:00,4203.424704660862,Все категории,МО_0233,M,3,rub,0
6/1/24 0:00,4620.704947592734,Все категории,МО_0233,M,3,rub,0
7/1/24 0:00,4577.400114424352,Все категории,МО_0233,M,3,rub,0
8/1/24 0:00,4473.499797451925,Все категории,МО_0233,M,3,rub,0
9/1/24 0:00,4989.062726651485,Все категории,МО_0233,M,3,rub,0
10/1/24 0:00,5007.738638220515,Все категории,МО_0233,M,3,rub,0
11/1/24 0:00,4500.839952956938,Все категории,МО_0233,M,3,rub,0
12/1/24 0:00,4287.04984239233,Все категории,МО_0233,M,3,rub,0
1/1/23 0:00,8641.720266195283,Все категории,МО_0234,M,3,rub,0
2/1/23 0:00,9012.220532957046,Все категории,МО_0234,M,3,rub,0
3/1/23 0:00,8822.95392334451,Все категории,МО_0234,M,3,rub,0
4/1/23 0:00,8449.856980696033,Все категории,МО_0234,M,3,rub,0
5/1/23 0:00,8862.145877853294,Все категории,МО_0234,M,3,rub,0
6/1/23 0:00,8195.95254768047,Все категории,МО_0234,M,3,rub,0
7/1/23 0:00,8070.477624011473,Все категории,МО_0234,M,3,rub,0
8/1/23 0:00,8198.177453394488,Все категории,МО_0234,M,3,rub,0
9/1/23 0:00,8443.46484614128,Все категории,МО_0234,M,3,rub,0
10/1/23 0:00,8598.739708404839,Все категории,МО_0234,M,3,rub,0
11/1/23 0:00,9352.485641133617,Все категории,МО_0234,M,3,rub,0
12/1/23 0:00,9764.690522899089,Все категории,МО_0234,M,3,rub,0
1/1/24 0:00,10408.289316734139,Все категории,МО_0234,M,3,rub,0
2/1/24 0:00,10562.714370372318,Все категории,МО_0234,M,3,rub,0
3/1/24 0:00,10244.571643611152,Все категории,МО_0234,M,3,rub,0
4/1/24 0:00,9665.87396927892,Все категории,МО_0234,M,3,rub,0
5/1/24 0:00,9712.473434388943,Все категории,МО_0234,M,3,rub,0
6/1/24 0:00,9276.808458455725,Все категории,МО_0234,M,3,rub,0
7/1/24 0:00,8656.665870109056,Все категории,МО_0234,M,3,rub,0
8/1/24 0:00,9361.820166189642,Все категории,МО_0234,M,3,rub,0
9/1/24 0:00,9808.230969638485,Все категории,МО_0234,M,3,rub,0
10/1/24 0:00,10846.686480330707,Все категории,МО_0234,M,3,rub,0
11/1/24 0:00,10588.08855616022,Все категории,МО_0234,M,3,rub,0
12/1/24 0:00,11186.217374895185,Все категории,МО_0234,M,3,rub,0
1/1/23 0:00,6669.106652675297,Все категории,МО_0235,M,3,rub,0
2/1/23 0:00,6240.2513710795665,Все категории,МО_0235,M,3,rub,0
3/1/23 0:00,5494.204368482717,Все категории,МО_0235,M,3,rub,0
4/1/23 0:00,4770.766404227142,Все категории,МО_0235,M,3,rub,0
5/1/23 0:00,4669.191017133222,Все категории,МО_0235,M,3,rub,0
6/1/23 0:00,4429.922645251497,Все категории,МО_0235,M,3,rub,0
7/1/23 0:00,5396.128515686504,Все категории,МО_0235,M,3,rub,0
8/1/23 0:00,5691.577682267618,Все категории,МО_0235,M,3,rub,0
9/1/23 0:00,6669.214785833001,Все категории,МО_0235,M,3,rub,0
10/1/23 0:00,6989.876500421704,Все категории,МО_0235,M,3,rub,0
11/1/23 0:00,7592.889944872575,Все категории,МО_0235,M,3,rub,0
12/1/23 0:00,7551.732800166422,Все категории,МО_0235,M,3,rub,0
1/1/24 0:00,7052.704238218868,Все категории,МО_0235,M,3,rub,0
2/1/24 0:00,6384.441977133676,Все категории,МО_0235,M,3,rub,0
3/1/24 0:00,5842.530814323608,Все категории,МО_0235,M,3,rub,0
4/1/24 0:00,5135.962448038278,Все категории,МО_0235,M,3,rub,0
5/1/24 0:00,4945.4581204327105,Все категории,МО_0235,M,3,rub,0
6/1/24 0:00,5141.644209386409,Все категории,МО_0235,M,3,rub,0
7/1/24 0:00,5383.910668930443,Все категории,МО_0235,M,3,rub,0
8/1/24 0:00,5931.910669486007,Все категории,МО_0235,M,3,rub,0
9/1/24 0:00,7037.499061022335,Все категории,МО_0235,M,3,rub,0
10/1/24 0:00,7818.173788036997,Все категории,МО_0235,M,3,rub,0
11/1/24 0:00,8072.385610942979,Все категории,МО_0235,M,3,rub,0
12/1/24 0:00,7291.983464141479,Все категории,МО_0235,M,3,rub,0
1/1/23 0:00,6740.9735015097995,Все категории,МО_0236,M,3,rub,0
2/1/23 0:00,6120.725437117144,Все категории,МО_0236,M,3,rub,0
3/1/23 0:00,5622.553381522898,Все категории,МО_0236,M,3,rub,0
4/1/23 0:00,4923.919995724951,Все категории,МО_0236,M,3,rub,0
5/1/23 0:00,4920.734301091049,Все категории,МО_0236,M,3,rub,0
6/1/23 0:00,5053.788773471782,Все категории,МО_0236,M,3,rub,0
7/1/23 0:00,5455.332134806994,Все категории,МО_0236,M,3,rub,0
8/1/23 0:00,6159.7505123145775,Все категории,МО_0236,M,3,rub,0
9/1/23 0:00,6407.112027037859,Все категории,МО_0236,M,3,rub,0
10/1/23 0:00,7544.62994691758,Все категории,МО_0236,M,3,rub,0
11/1/23 0:00,7585.247619233789,Все категории,МО_0236,M,3,rub,0
12/1/23 0:00,7149.182680623683,Все категории,МО_0236,M,3,rub,0
1/1/24 0:00,6975.220302256975,Все категории,МО_0236,M,3,rub,0
2/1/24 0:00,6603.925650635349,Все категории,МО_0236,M,3,rub,0
3/1/24 0:00,5618.309054499013,Все категории,МО_0236,M,3,rub,0
4/1/24 0:00,5406.874459544284,Все категории,МО_0236,M,3,rub,0
5/1/24 0:00,4792.596004762927,Все категории,МО_0236,M,3,rub,0
6/1/24 0:00,5351.842312758199,Все категории,МО_0236,M,3,rub,0
7/1/24 0:00,5300.109782445726,Все категории,МО_0236,M,3,rub,0
8/1/24 0:00,5945.971103512893,Все категории,МО_0236,M,3,rub,0
9/1/24 0:00,6421.892012451032,Все категории,МО_0236,M,3,rub,0
10/1/24 0:00,7829.926590285575,Все категории,МО_0236,M,3,rub,0
11/1/24 0:00,7709.253916917289,Все категории,МО_0236,M,3,rub,0
12/1/24 0:00,7531.3837317619145,Все категории,МО_0236,M,3,rub,0
1/1/23 0:00,9243.175972171983,Все категории,МО_0237,M,3,rub,0
2/1/23 0:00,9372.934629345407,Все категории,МО_0237,M,3,rub,0
3/1/23 0:00,9283.042218978168,Все категории,МО_0237,M,3,rub,0
4/1/23 0:00,8615.946775598042,Все категории,МО_0237,M,3,rub,0
5/1/23 0:00,8360.302350947086,Все категории,МО_0237,M,3,rub,0
6/1/23 0:00,8067.551465086858,Все категории,МО_0237,M,3,rub,0
7/1/23 0:00,8121.512114558203,Все категории,МО_0237,M,3,rub,0
8/1/23 0:00,8364.669474708262,Все категории,МО_0237,M,3,rub,0
9/1/23 0:00,8342.025572750457,Все категории,МО_0237,M,3,rub,0
10/1/23 0:00,9237.355820900511,Все категории,МО_0237,M,3,rub,0
11/1/23 0:00,9529.396656955576,Все категории,МО_0237,M,3,rub,0
12/1/23 0:00,9774.723353584544,Все категории,МО_0237,M,3,rub,0
1/1/24 0:00,10530.85976381907,Все категории,МО_0237,M,3,rub,0
2/1/24 0:00,11003.988188504176,Все категории,МО_0237,M,3,rub,0
3/1/24 0:00,11003.093349762128,Все категории,МО_0237,M,3,rub,0
4/1/24 0:00,10423.753965033111,Все категории,МО_0237,M,3,rub,0
5/1/24 0:00,9677.40805376495,Все категории,МО_0237,M,3,rub,0
6/1/24 0:00,9273.351515724828,Все категории,МО_0237,M,3,rub,0
7/1/24 0:00,9321.493825203708,Все категории,МО_0237,M,3,rub,0
8/1/24 0:00,9695.182528327376,Все категории,МО_0237,M,3,rub,0
9/1/24 0:00,9653.057826044482,Все категории,МО_0237,M,3,rub,0
10/1/24 0:00,10192.426064025924,Все категории,МО_0237,M,3,rub,0
11/1/24 0:00,10729.61321450255,Все категории,МО_0237,M,3,rub,0
12/1/24 0:00,11257.190206849147,Все категории,МО_0237,M,3,rub,0
1/1/23 0:00,8851.479271865459,Все категории,МО_0238,M,3,rub,0
2/1/23 0:00,9089.703967940255,Все категории,МО_0238,M,3,rub,0
3/1/23 0:00,9447.694819146329,Все категории,МО_0238,M,3,rub,0
4/1/23 0:00,8647.662758554072,Все категории,МО_0238,M,3,rub,0
5/1/23 0:00,8386.323557508347,Все категории,МО_0238,M,3,rub,0
6/1/23 0:00,7874.9302407321675,Все категории,МО_0238,M,3,rub,0
7/1/23 0:00,8105.47487960175,Все категории,МО_0238,M,3,rub,0
8/1/23 0:00,8317.90363451602,Все категории,МО_0238,M,3,rub,0
9/1/23 0:00,8662.441402878703,Все категории,МО_0238,M,3,rub,0
10/1/23 0:00,8759.246465349212,Все категории,МО_0238,M,3,rub,0
11/1/23 0:00,9437.54801034513,Все категории,МО_0238,M,3,rub,0
12/1/23 0:00,9798.578030358944,Все категории,МО_0238,M,3,rub,0
1/1/24 0:00,10436.290362059386,Все категории,МО_0238,M,3,rub,0
2/1/24 0:00,10553.932253141176,Все категории,МО_0238,M,3,rub,0
3/1/24 0:00,10380.984395148931,Все категории,МО_0238,M,3,rub,0
4/1/24 0:00,10100.784632681047,Все категории,МО_0238,M,3,rub,0
5/1/24 0:00,9801.951880114855,Все категории,МО_0238,M,3,rub,0
6/1/24 0:00,9251.827347729417,Все категории,МО_0238,M,3,rub,0
7/1/24 0:00,9095.373782064406,Все категории,МО_0238,M,3,rub,0
8/1/24 0:00,9704.898335867469,Все категории,МО_0238,M,3,rub,0
9/1/24 0:00,10335.432782924643,Все категории,МО_0238,M,3,rub,0
10/1/24 0:00,9697.595198712552,Все категории,МО_0238,M,3,rub,0
11/1/24 0:00,10315.848862446832,Все категории,МО_0238,M,3,rub,0
12/1/24 0:00,11046.671943729549,Все категории,МО_0238,M,3,rub,0
1/1/23 0:00,6942.980994751963,Все категории,МО_0239,M,3,rub,0
2/1/23 0:00,6414.146935569664,Все категории,МО_0239,M,3,rub,0
3/1/23 0:00,5580.348200261865,Все категории,МО_0239,M,3,rub,0
4/1/23 0:00,4962.154704336667,Все категории,МО_0239,M,3,rub,0
5/1/23 0:00,4802.518386102782,Все категории,МО_0239,M,3,rub,0
6/1/23 0:00,4663.868727496426,Все категории,МО_0239,M,3,rub,0
7/1/23 0:00,5149.305103033478,Все категории,МО_0239,M,3,rub,0
8/1/23 0:00,5865.049200858044,Все категории,МО_0239,M,3,rub,0
9/1/23 0:00,6268.391171396762,Все категории,МО_0239,M,3,rub,0
10/1/23 0:00,7064.471561855741,Все категории,МО_0239,M,3,rub,0
11/1/23 0:00,7430.876187123278,Все категории,МО_0239,M,3,rub,0
12/1/23 0:00,7873.675829761505,Все категории,МО_0239,M,3,rub,0
1/1/24 0:00,7125.479021530093,Все категории,МО_0239,M,3,rub,0
2/1/24 0:00,6418.068637364004,Все категории,МО_0239,M,3,rub,0
3/1/24 0:00,5124.4072441274075,Все категории,МО_0239,M,3,rub,0
4/1/24 0:00,4700.252119335252,Все категории,МО_0239,M,3,rub,0
5/1/24 0:00,4886.6726872337695,Все категории,МО_0239,M,3,rub,0
6/1/24 0:00,4342.203609355422,Все категории,МО_0239,M,3,rub,0
7/1/24 0:00,5526.815879046952,Все категории,МО_0239,M,3,rub,0
8/1/24 0:00,5522.783371413343,Все категории,МО_0239,M,3,rub,0
9/1/24 0:00,6990.9900164247,Все категории,МО_0239,M,3,rub,0
10/1/24 0:00,7228.179742243214,Все категории,МО_0239,M,3,rub,0
11/1/24 0:00,8202.693438314902,Все категории,МО_0239,M,3,rub,0
12/1/24 0:00,8787.121024773394,Все категории,МО_0239,M,3,rub,0
1/1/23 0:00,9457.245510519946,Все категории,МО_0240,M,3,rub,0
2/1/23 0:00,10320.706984686858,Все категории,МО_0240,M,3,rub,0
3/1/23 0:00,10028.01560998967,Все категории,МО_0240,M,3,rub,0
4/1/23 0:00,10588.622752564275,Все категории,МО_0240,M,3,rub,0
5/1/23 0:00,10416.70271278889,Все категории,МО_0240,M,3,rub,0
6/1/23 0:00,10327.81114312098,Все категории,МО_0240,M,3,rub,0
7/1/23 0:00,9894.816117350427,Все категории,МО_0240,M,3,rub,0
8/1/23 0:00,10012.712575774878,Все категории,МО_0240,M,3,rub,0
9/1/23 0:00,9430.756292032993,Все категории,МО_0240,M,3,rub,0
10/1/23 0:00,9915.28460725962,Все категории,МО_0240,M,3,rub,0
11/1/23 0:00,9686.744888970237,Все категории,МО_0240,M,3,rub,0
12/1/23 0:00,9700.63073352202,Все категории,МО_0240,M,3,rub,0
1/1/24 0:00,10592.470912675843,Все категории,МО_0240,M,3,rub,0
2/1/24 0:00,10537.05263607423,Все категории,МО_0240,M,3,rub,0
3/1/24 0:00,11197.591500931045,Все категории,МО_0240,M,3,rub,0
4/1/24 0:00,11152.590955519758,Все категории,МО_0240,M,3,rub,0
5/1/24 0:00,10671.568731189556,Все категории,МО_0240,M,3,rub,0
6/1/24 0:00,10660.495768274903,Все категории,МО_0240,M,3,rub,0
7/1/24 0:00,10471.58585319297,Все категории,МО_0240,M,3,rub,0
8/1/24 0:00,10535.713641486716,Все категории,МО_0240,M,3,rub,0
9/1/24 0:00,10152.234256893606,Все категории,МО_0240,M,3,rub,0
10/1/24 0:00,10062.046500339065,Все категории,МО_0240,M,3,rub,0
11/1/24 0:00,10083.958149076792,Все категории,МО_0240,M,3,rub,0
12/1/24 0:00,10331.872969534974,Все категории,МО_0240,M,3,rub,0
1/1/23 0:00,7345.195606162151,Все категории,МО_0241,M,3,rub,0
2/1/23 0:00,6189.306241846368,Все категории,МО_0241,M,3,rub,0
3/1/23 0:00,5364.489229695722,Все категории,МО_0241,M,3,rub,0
4/1/23 0:00,4818.094560508312,Все категории,МО_0241,M,3,rub,0
5/1/23 0:00,4598.970233104679,Все категории,МО_0241,M,3,rub,0
6/1/23 0:00,4533.276236794976,Все категории,МО_0241,M,3,rub,0
7/1/23 0:00,5046.0798406636095,Все категории,МО_0241,M,3,rub,0
8/1/23 0:00,6232.33750531707,Все категории,МО_0241,M,3,rub,0
9/1/23 0:00,6623.50319402354,Все категории,МО_0241,M,3,rub,0
10/1/23 0:00,7611.856455878337,Все категории,МО_0241,M,3,rub,0
11/1/23 0:00,7038.226065607144,Все категории,МО_0241,M,3,rub,0
12/1/23 0:00,7812.2510220939,Все категории,МО_0241,M,3,rub,0
1/1/24 0:00,7010.497361879509,Все категории,МО_0241,M,3,rub,0
2/1/24 0:00,6143.638696584072,Все категории,МО_0241,M,3,rub,0
3/1/24 0:00,5555.783496064517,Все категории,МО_0241,M,3,rub,0
4/1/24 0:00,4889.674842886256,Все категории,МО_0241,M,3,rub,0
5/1/24 0:00,4371.158274774978,Все категории,МО_0241,M,3,rub,0
6/1/24 0:00,5035.025882423628,Все категории,МО_0241,M,3,rub,0
7/1/24 0:00,5314.013498152008,Все категории,МО_0241,M,3,rub,0
8/1/24 0:00,5866.492671730768,Все категории,МО_0241,M,3,rub,0
9/1/24 0:00,6502.8527738818375,Все категории,МО_0241,M,3,rub,0
10/1/24 0:00,7062.05668516507,Все категории,МО_0241,M,3,rub,0
11/1/24 0:00,7936.418699460089,Все категории,МО_0241,M,3,rub,0
12/1/24 0:00,8244.104438991308,Все категории,МО_0241,M,3,rub,0
1/1/23 0:00,9937.426170335822,Все категории,МО_0242,M,3,rub,0
2/1/23 0:00,9900.541859207386,Все категории,МО_0242,M,3,rub,0
3/1/23 0:00,10444.215931002347,Все категории,МО_0242,M,3,rub,0
4/1/23 0:00,10487.43487261332,Все категории,МО_0242,M,3,rub,0
5/1/23 0:00,10642.196107840715,Все категории,МО_0242,M,3,rub,0
6/1/23 0:00,10426.799686310502,Все категории,МО_0242,M,3,rub,0
7/1/23 0:00,9492.749249855715,Все категории,МО_0242,M,3,rub,0
8/1/23 0:00,9965.703667859494,Все категории,МО_0242,M,3,rub,0
9/1/23 0:00,9515.041503478109,Все категории,МО_0242,M,3,rub,0
10/1/23 0:00,9400.944342413592,Все категории,МО_0242,M,3,rub,0
11/1/23 0:00,9729.61164864857,Все категории,МО_0242,M,3,rub,0
12/1/23 0:00,10058.963657363985,Все категории,МО_0242,M,3,rub,0
1/1/24 0:00,9928.704723483348,Все категории,МО_0242,M,3,rub,0
2/1/24 0:00,10700.989880220493,Все категории,МО_0242,M,3,rub,0
3/1/24 0:00,10944.234283752874,Все категории,МО_0242,M,3,rub,0
4/1/24 0:00,10893.695691062241,Все категории,МО_0242,M,3,rub,0
5/1/24 0:00,10656.750260007499,Все категории,МО_0242,M,3,rub,0
6/1/24 0:00,10471.498741720015,Все категории,МО_0242,M,3,rub,0
7/1/24 0:00,10662.82468693614,Все категории,МО_0242,M,3,rub,0
8/1/24 0:00,9914.717479235162,Все категории,МО_0242,M,3,rub,0
9/1/24 0:00,10280.335133647743,Все категории,МО_0242,M,3,rub,0
10/1/24 0:00,9993.558523934122,Все категории,МО_0242,M,3,rub,0
11/1/24 0:00,10104.963722915038,Все категории,МО_0242,M,3,rub,0
12/1/24 0:00,9994.979999597552,Все категории,МО_0242,M,3,rub,0
1/1/23 0:00,6930.930613433044,Все категории,МО_0243,M,3,rub,0
2/1/23 0:00,6342.152423313742,Все категории,МО_0243,M,3,rub,0
3/1/23 0:00,5166.237435112179,Все категории,МО_0243,M,3,rub,0
4/1/23 0:00,5027.406535403265,Все категории,МО_0243,M,3,rub,0
5/1/23 0:00,4718.7480103441585,Все категории,МО_0243,M,3,rub,0
6/1/23 0:00,4672.893740646493,Все категории,МО_0243,M,3,rub,0
7/1/23 0:00,5380.673802605445,Все категории,МО_0243,M,3,rub,0
8/1/23 0:00,5374.816221816533,Все категории,МО_0243,M,3,rub,0
9/1/23 0:00,6771.723365858262,Все категории,МО_0243,M,3,rub,0
10/1/23 0:00,7895.61886214377,Все категории,МО_0243,M,3,rub,0
11/1/23 0:00,8232.61863210458,Все категории,МО_0243,M,3,rub,0
12/1/23 0:00,7756.6687857845745,Все категории,МО_0243,M,3,rub,0
1/1/24 0:00,6971.256812845554,Все категории,МО_0243,M,3,rub,0
2/1/24 0:00,6105.821661992538,Все категории,МО_0243,M,3,rub,0
3/1/24 0:00,5449.282924262555,Все категории,МО_0243,M,3,rub,0
4/1/24 0:00,5097.30060795582,Все категории,МО_0243,M,3,rub,0
5/1/24 0:00,4607.536212506625,Все категории,МО_0243,M,3,rub,0
6/1/24 0:00,5001.9393224977875,Все категории,МО_0243,M,3,rub,0
7/1/24 0:00,5731.361466384876,Все категории,МО_0243,M,3,rub,0
8/1/24 0:00,5925.939995653995,Все категории,МО_0243,M,3,rub,0
9/1/24 0:00,6405.215572297549,Все категории,МО_0243,M,3,rub,0
10/1/24 0:00,7097.487406824307,Все категории,МО_0243,M,3,rub,0
11/1/24 0:00,8113.822119546563,Все категории,МО_0243,M,3,rub,0
12/1/24 0:00,7710.406006108808,Все категории,МО_0243,M,3,rub,0
1/1/23 0:00,7220.58513237696,Все категории,МО_0244,M,3,rub,0
2/1/23 0:00,6057.695330037844,Все категории,МО_0244,M,3,rub,0
3/1/23 0:00,5634.035667234051,Все категории,МО_0244,M,3,rub,0
4/1/23 0:00,4897.019967425793,Все категории,МО_0244,M,3,rub,0
5/1/23 0:00,4566.206898815849,Все категории,МО_0244,M,3,rub,0
6/1/23 0:00,4718.48989005981,Все категории,МО_0244,M,3,rub,0
7/1/23 0:00,4956.721383468209,Все категории,МО_0244,M,3,rub,0
8/1/23 0:00,6355.935083752507,Все категории,МО_0244,M,3,rub,0
9/1/23 0:00,6652.768682462196,Все категории,МО_0244,M,3,rub,0
10/1/23 0:00,7593.641014606715,Все категории,МО_0244,M,3,rub,0
11/1/23 0:00,7606.716861217785,Все категории,МО_0244,M,3,rub,0
12/1/23 0:00,7322.00047920173,Все категории,МО_0244,M,3,rub,0
1/1/24 0:00,6990.188595270472,Все категории,МО_0244,M,3,rub,0
2/1/24 0:00,6545.138042774894,Все категории,МО_0244,M,3,rub,0
3/1/24 0:00,5402.013673660515,Все категории,МО_0244,M,3,rub,0
4/1/24 0:00,4816.933576792301,Все категории,МО_0244,M,3,rub,0
5/1/24 0:00,4788.425213859283,Все категории,МО_0244,M,3,rub,0
6/1/24 0:00,4950.50530426522,Все категории,МО_0244,M,3,rub,0
7/1/24 0:00,5620.050287088029,Все категории,МО_0244,M,3,rub,0
8/1/24 0:00,6025.28434246521,Все категории,МО_0244,M,3,rub,0
9/1/24 0:00,6935.464918323627,Все категории,МО_0244,M,3,rub,0
10/1/24 0:00,7708.330555643859,Все категории,МО_0244,M,3,rub,0
11/1/24 0:00,7511.129128986541,Все категории,МО_0244,M,3,rub,0
12/1/24 0:00,7436.7015479051615,Все категории,МО_0244,M,3,rub,0
1/1/23 0:00,9684.888607322955,Все категории,МО_0245,M,3,rub,0
2/1/23 0:00,9910.569420799353,Все категории,МО_0245,M,3,rub,0
3/1/23 0:00,10564.03374431801,Все категории,МО_0245,M,3,rub,0
4/1/23 0:00,10559.709018700194,Все категории,МО_0245,M,3,rub,0
5/1/23 0:00,10476.513188055804,Все категории,МО_0245,M,3,rub,0
6/1/23 0:00,9780.49787983764,Все категории,МО_0245,M,3,rub,0
7/1/23 0:00,10499.779513095968,Все категории,МО_0245,M,3,rub,0
8/1/23 0:00,9682.87906304239,Все категории,МО_0245,M,3,rub,0
9/1/23 0:00,10114.59778833675,Все категории,МО_0245,M,3,rub,0
10/1/23 0:00,9395.772850764066,Все категории,МО_0245,M,3,rub,0
11/1/23 0:00,9608.954533801667,Все категории,МО_0245,M,3,rub,0
12/1/23 0:00,9546.62542461478,Все категории,МО_0245,M,3,rub,0
1/1/24 0:00,10334.493880602939,Все категории,МО_0245,M,3,rub,0
2/1/24 0:00,10321.401804535213,Все категории,МО_0245,M,3,rub,0
3/1/24 0:00,10549.57936092795,Все категории,МО_0245,M,3,rub,0
4/1/24 0:00,10588.774564983469,Все категории,МО_0245,M,3,rub,0
5/1/24 0:00,11013.183910695589,Все категории,МО_0245,M,3,rub,0
6/1/24 0:00,10831.667223100347,Все категории,МО_0245,M,3,rub,0
7/1/24 0:00,10831.790756697252,Все категории,МО_0245,M,3,rub,0
8/1/24 0:00,10079.77144819917,Все категории,МО_0245,M,3,rub,0
9/1/24 0:00,10107.925693571577,Все категории,МО_0245,M,3,rub,0
10/1/24 0:00,9771.38305130168,Все категории,МО_0245,M,3,rub,0
11/1/24 0:00,10056.736116949924,Все категории,МО_0245,M,3,rub,0
12/1/24 0:00,10235.558801618954,Все категории,МО_0245,M,3,rub,0
1/1/23 0:00,4821.477072142459,Все категории,МО_0246,M,3,rub,0
2/1/23 0:00,4794.472469240982,Все категории,МО_0246,M,3,rub,0
3/1/23 0:00,4720.178025391596,Все категории,МО_0246,M,3,rub,0
4/1/23 0:00,4337.317653585715,Все категории,МО_0246,M,3,rub,0
5/1/23 0:00,4877.356967348023,Все категории,МО_0246,M,3,rub,0
6/1/23 0:00,4796.203116619788,Все категории,МО_0246,M,3,rub,0
7/1/23 0:00,4895.9178569997175,Все категории,МО_0246,M,3,rub,0
8/1/23 0:00,4915.784098303639,Все категории,МО_0246,M,3,rub,0
9/1/23 0:00,4973.876275018981,Все категории,МО_0246,M,3,rub,0
10/1/23 0:00,5486.049502316479,Все категории,МО_0246,M,3,rub,0
11/1/23 0:00,4929.215795239161,Все категории,МО_0246,M,3,rub,0
12/1/23 0:00,4679.499641627882,Все категории,МО_0246,M,3,rub,0
1/1/24 0:00,4378.672020800086,Все категории,МО_0246,M,3,rub,0
2/1/24 0:00,4849.674191544393,Все категории,МО_0246,M,3,rub,0
3/1/24 0:00,4515.625457334192,Все категории,МО_0246,M,3,rub,0
4/1/24 0:00,4109.673614157677,Все категории,МО_0246,M,3,rub,0
5/1/24 0:00,4310.264711133437,Все категории,МО_0246,M,3,rub,0
6/1/24 0:00,4478.627407422489,Все категории,МО_0246,M,3,rub,0
7/1/24 0:00,4720.549494769186,Все категории,МО_0246,M,3,rub,0
8/1/24 0:00,4631.197839553287,Все категории,МО_0246,M,3,rub,0
9/1/24 0:00,4924.078185335499,Все категории,МО_0246,M,3,rub,0
10/1/24 0:00,5092.134682439097,Все категории,МО_0246,M,3,rub,0
11/1/24 0:00,4280.74886918567,Все категории,МО_0246,M,3,rub,0
12/1/24 0:00,4129.074380055333,Все категории,МО_0246,M,3,rub,0
1/1/23 0:00,8766.642316758313,Все категории,МО_0247,M,3,rub,0
2/1/23 0:00,8934.9959426517,Все категории,МО_0247,M,3,rub,0
3/1/23 0:00,9527.494282131958,Все категории,МО_0247,M,3,rub,0
4/1/23 0:00,8975.797362675205,Все категории,МО_0247,M,3,rub,0
5/1/23 0:00,8613.696385234727,Все категории,МО_0247,M,3,rub,0
6/1/23 0:00,8018.205833836211,Все категории,МО_0247,M,3,rub,0
7/1/23 0:00,7865.227094986391,Все категории,МО_0247,M,3,rub,0
8/1/23 0:00,7643.523731922272,Все категории,МО_0247,M,3,rub,0
9/1/23 0:00,8446.176649816336,Все категории,МО_0247,M,3,rub,0
10/1/23 0:00,8835.172089300615,Все категории,МО_0247,M,3,rub,0
11/1/23 0:00,9641.199151477695,Все категории,МО_0247,M,3,rub,0
12/1/23 0:00,9781.75479134991,Все категории,МО_0247,M,3,rub,0
1/1/24 0:00,10228.677093505448,Все категории,МО_0247,M,3,rub,0
2/1/24 0:00,10508.462943836186,Все категории,МО_0247,M,3,rub,0
3/1/24 0:00,10643.87601440214,Все категории,МО_0247,M,3,rub,0
4/1/24 0:00,9625.097671422365,Все категории,МО_0247,M,3,rub,0
5/1/24 0:00,9885.860983159599,Все категории,МО_0247,M,3,rub,0
6/1/24 0:00,9328.09477008477,Все категории,МО_0247,M,3,rub,0
7/1/24 0:00,8875.384819654457,Все категории,МО_0247,M,3,rub,0
8/1/24 0:00,8661.35960169429,Все категории,МО_0247,M,3,rub,0
9/1/24 0:00,9489.324722058822,Все категории,МО_0247,M,3,rub,0
10/1/24 0:00,10500.683340236801,Все категории,МО_0247,M,3,rub,0
11/1/24 0:00,11265.062401184328,Все категории,МО_0247,M,3,rub,0
12/1/24 0:00,11490.321498492158,Все категории,МО_0247,M,3,rub,0
1/1/23 0:00,5196.3586097884145,Все категории,МО_0248,M,3,rub,0
2/1/23 0:00,4546.990297299574,Все категории,МО_0248,M,3,rub,0
3/1/23 0:00,4711.273997149967,Все категории,МО_0248,M,3,rub,0
4/1/23 0:00,4423.075081723578,Все категории,МО_0248,M,3,rub,0
5/1/23 0:00,4521.980813381415,Все категории,МО_0248,M,3,rub,0
6/1/23 0:00,4646.681869984231,Все категории,МО_0248,M,3,rub,0
7/1/23 0:00,4488.888697228788,Все категории,МО_0248,M,3,rub,0
8/1/23 0:00,5431.5875620343195,Все категории,МО_0248,M,3,rub,0
9/1/23 0:00,4953.600265101899,Все категории,МО_0248,M,3,rub,0
10/1/23 0:00,4830.842024026234,Все категории,МО_0248,M,3,rub,0
11/1/23 0:00,4575.933790409673,Все категории,МО_0248,M,3,rub,0
12/1/23 0:00,4591.664643849721,Все категории,МО_0248,M,3,rub,0
1/1/24 0:00,4845.412811248477,Все категории,МО_0248,M,3,rub,0
2/1/24 0:00,4765.019062681893,Все категории,МО_0248,M,3,rub,0
3/1/24 0:00,3893.2716208547477,Все категории,МО_0248,M,3,rub,0
4/1/24 0:00,4185.701526481606,Все категории,МО_0248,M,3,rub,0
5/1/24 0:00,4149.393522292435,Все категории,МО_0248,M,3,rub,0
6/1/24 0:00,4756.184310989519,Все категории,МО_0248,M,3,rub,0
7/1/24 0:00,4753.880774584791,Все категории,МО_0248,M,3,rub,0
8/1/24 0:00,4646.193956887415,Все категории,МО_0248,M,3,rub,0
9/1/24 0:00,4834.72821087715,Все категории,МО_0248,M,3,rub,0
10/1/24 0:00,4623.82272439051,Все категории,МО_0248,M,3,rub,0
11/1/24 0:00,4955.61696618845,Все категории,МО_0248,M,3,rub,0
12/1/24 0:00,4489.801868095098,Все категории,МО_0248,M,3,rub,0
1/1/23 0:00,10030.607710656972,Все категории,МО_0249,M,3,rub,0
2/1/23 0:00,9649.502614244604,Все категории,МО_0249,M,3,rub,0
3/1/23 0:00,10383.419111080839,Все категории,МО_0249,M,3,rub,0
4/1/23 0:00,10945.286863718284,Все категории,МО_0249,M,3,rub,0
5/1/23 0:00,10741.004060011854,Все категории,МО_0249,M,3,rub,0
6/1/23 0:00,9927.442870143726,Все категории,МО_0249,M,3,rub,0
7/1/23 0:00,10013.920794144016,Все категории,МО_0249,M,3,rub,0
8/1/23 0:00,9623.560703559262,Все категории,МО_0249,M,3,rub,0
9/1/23 0:00,10045.908950581612,Все категории,МО_0249,M,3,rub,0
10/1/23 0:00,9719.462189695965,Все категории,МО_0249,M,3,rub,0
11/1/23 0:00,9617.530622069671,Все категории,МО_0249,M,3,rub,0
12/1/23 0:00,9983.441593140344,Все категории,МО_0249,M,3,rub,0
1/1/24 0:00,9738.600392266422,Все категории,МО_0249,M,3,rub,0
2/1/24 0:00,10324.766204396408,Все категории,МО_0249,M,3,rub,0
3/1/24 0:00,10786.27902457828,Все категории,МО_0249,M,3,rub,0
4/1/24 0:00,11069.10869793043,Все категории,МО_0249,M,3,rub,0
5/1/24 0:00,10430.348782762598,Все категории,МО_0249,M,3,rub,0
6/1/24 0:00,10597.536991901106,Все категории,МО_0249,M,3,rub,0
7/1/24 0:00,10659.36060093548,Все категории,МО_0249,M,3,rub,0
8/1/24 0:00,9926.57649266688,Все категории,МО_0249,M,3,rub,0
9/1/24 0:00,10110.020973135308,Все категории,МО_0249,M,3,rub,0
10/1/24 0:00,10039.870452872427,Все категории,МО_0249,M,3,rub,0
11/1/24 0:00,10477.510020881547,Все категории,МО_0249,M,3,rub,0
12/1/24 0:00,10294.83174685307,Все категории,МО_0249,M,3,rub,0
1/1/23 0:00,9863.220214433657,Все категории,МО_0250,M,3,rub,0
2/1/23 0:00,10353.699713519913,Все категории,МО_0250,M,3,rub,0
3/1/23 0:00,10125.115474800115,Все категории,МО_0250,M,3,rub,0
4/1/23 0:00,10452.35233479451,Все категории,МО_0250,M,3,rub,0
5/1/23 0:00,10364.96626304264,Все категории,МО_0250,M,3,rub,0
6/1/23 0:00,10272.45955712727,Все категории,МО_0250,M,3,rub,0
7/1/23 0:00,10249.335251786744,Все категории,МО_0250,M,3,rub,0
8/1/23 0:00,9967.481564588883,Все категории,МО_0250,M,3,rub,0
9/1/23 0:00,9563.653359694861,Все категории,МО_0250,M,3,rub,0
10/1/23 0:00,9698.572454934085,Все категории,МО_0250,M,3,rub,0
11/1/23 0:00,10061.862463879808,Все категории,МО_0250,M,3,rub,0
12/1/23 0:00,9812.11068631965,Все категории,МО_0250,M,3,rub,0
1/1/24 0:00,10289.747967851137,Все категории,МО_0250,M,3,rub,0
2/1/24 0:00,10510.5709459308,Все категории,МО_0250,M,3,rub,0
3/1/24 0:00,10764.846708288287,Все категории,МО_0250,M,3,rub,0
4/1/24 0:00,10534.246998983755,Все категории,МО_0250,M,3,rub,0
5/1/24 0:00,11153.588094021641,Все категории,МО_0250,M,3,rub,0
6/1/24 0:00,10514.525509190815,Все категории,МО_0250,M,3,rub,0
7/1/24 0:00,10662.854508461682,Все категории,МО_0250,M,3,rub,0
8/1/24 0:00,10092.748431074951,Все категории,МО_0250,M,3,rub,0
9/1/24 0:00,9938.671479783987,Все категории,МО_0250,M,3,rub,0
10/1/24 0:00,10272.877667718332,Все категории,МО_0250,M,3,rub,0
11/1/24 0:00,10327.612597312554,Все категории,МО_0250,M,3,rub,0
12/1/24 0:00,10385.577231674863,Все категории,МО_0250,M,3,rub,0
1/1/23 0:00,9100.079466879302,Все категории,МО_0251,M,3,rub,0
2/1/23 0:00,8974.82089252662,Все категории,МО_0251,M,3,rub,0
3/1/23 0:00,8970.816957323415,Все категории,МО_0251,M,3,rub,0
4/1/23 0:00,8538.89633517238,Все категории,МО_0251,M,3,rub,0
5/1/23 0:00,8603.299713289633,Все категории,МО_0251,M,3,rub,0
6/1/23 0:00,7915.661427964293,Все категории,МО_0251,M,3,rub,0
7/1/23 0:00,8294.523707532064,Все категории,МО_0251,M,3,rub,0
8/1/23 0:00,7908.474101652474,Все категории,МО_0251,M,3,rub,0
9/1/23 0:00,8255.47751771794,Все категории,МО_0251,M,3,rub,0
10/1/23 0:00,8906.405938410679,Все категории,МО_0251,M,3,rub,0
11/1/23 0:00,9282.969695423108,Все категории,МО_0251,M,3,rub,0
12/1/23 0:00,9756.234694022893,Все категории,МО_0251,M,3,rub,0
1/1/24 0:00,10263.028033594728,Все категории,МО_0251,M,3,rub,0
2/1/24 0:00,10739.130340561378,Все категории,МО_0251,M,3,rub,0
3/1/24 0:00,10158.81915725025,Все категории,МО_0251,M,3,rub,0
4/1/24 0:00,10021.105172661906,Все категории,МО_0251,M,3,rub,0
5/1/24 0:00,9672.941685554339,Все категории,МО_0251,M,3,rub,0
6/1/24 0:00,9579.09588272573,Все категории,МО_0251,M,3,rub,0
7/1/24 0:00,9134.381228618464,Все категории,МО_0251,M,3,rub,0
8/1/24 0:00,9734.330398405851,Все категории,МО_0251,M,3,rub,0
9/1/24 0:00,9483.614380067052,Все категории,МО_0251,M,3,rub,0
10/1/24 0:00,9982.947989341887,Все категории,МО_0251,M,3,rub,0
11/1/24 0:00,10658.253937651101,Все категории,МО_0251,M,3,rub,0
12/1/24 0:00,10928.177474156759,Все категории,МО_0251,M,3,rub,0
1/1/23 0:00,9694.029534362217,Все категории,МО_0252,M,3,rub,0
2/1/23 0:00,10070.71173743184,Все категории,МО_0252,M,3,rub,0
3/1/23 0:00,10636.192670793127,Все категории,МО_0252,M,3,rub,0
4/1/23 0:00,10491.676199066966,Все категории,МО_0252,M,3,rub,0
5/1/23 0:00,10358.973070144697,Все категории,МО_0252,M,3,rub,0
6/1/23 0:00,10556.855042009385,Все категории,МО_0252,M,3,rub,0
7/1/23 0:00,10394.411060575896,Все категории,МО_0252,M,3,rub,0
8/1/23 0:00,10108.254529821994,Все категории,МО_0252,M,3,rub,0
9/1/23 0:00,9543.70381694283,Все категории,МО_0252,M,3,rub,0
10/1/23 0:00,9576.764007187205,Все категории,МО_0252,M,3,rub,0
11/1/23 0:00,10127.132136791273,Все категории,МО_0252,M,3,rub,0
12/1/23 0:00,10024.855056241748,Все категории,МО_0252,M,3,rub,0
1/1/24 0:00,10205.14678424586,Все категории,МО_0252,M,3,rub,0
2/1/24 0:00,10703.937669276007,Все категории,МО_0252,M,3,rub,0
3/1/24 0:00,10997.763924619674,Все категории,МО_0252,M,3,rub,0
4/1/24 0:00,10759.786683669012,Все категории,МО_0252,M,3,rub,0
5/1/24 0:00,10890.97854786522,Все категории,МО_0252,M,3,rub,0
6/1/24 0:00,10878.3646519166,Все категории,МО_0252,M,3,rub,0
7/1/24 0:00,10206.64499321308,Все категории,МО_0252,M,3,rub,0
8/1/24 0:00,10221.482471404468,Все категории,МО_0252,M,3,rub,0
9/1/24 0:00,9841.967672270326,Все категории,МО_0252,M,3,rub,0
10/1/24 0:00,9831.319047616962,Все категории,МО_0252,M,3,rub,0
11/1/24 0:00,10010.969575032386,Все категории,МО_0252,M,3,rub,0
12/1/24 0:00,10441.488112158107,Все категории,МО_0252,M,3,rub,0
1/1/23 0:00,8809.123543812468,Все категории,МО_0253,M,3,rub,0
2/1/23 0:00,8878.450225072498,Все категории,МО_0253,M,3,rub,0
3/1/23 0:00,8986.957991294532,Все категории,МО_0253,M,3,rub,0
4/1/23 0:00,8415.469460487431,Все категории,МО_0253,M,3,rub,0
5/1/23 0:00,8481.505465178307,Все категории,МО_0253,M,3,rub,0
6/1/23 0:00,8361.077104291548,Все категории,МО_0253,M,3,rub,0
7/1/23 0:00,7914.248093767141,Все категории,МО_0253,M,3,rub,0
8/1/23 0:00,7935.373405603578,Все категории,МО_0253,M,3,rub,0
9/1/23 0:00,8343.350507909836,Все категории,МО_0253,M,3,rub,0
10/1/23 0:00,8191.973742290829,Все категории,МО_0253,M,3,rub,0
11/1/23 0:00,9426.92632391478,Все категории,МО_0253,M,3,rub,0
12/1/23 0:00,10803.826316862192,Все категории,МО_0253,M,3,rub,0
1/1/24 0:00,10234.540703093675,Все категории,МО_0253,M,3,rub,0
2/1/24 0:00,10417.6950798534,Все категории,МО_0253,M,3,rub,0
3/1/24 0:00,10596.629590352508,Все категории,МО_0253,M,3,rub,0
4/1/24 0:00,10568.104721910853,Все категории,МО_0253,M,3,rub,0
5/1/24 0:00,9956.970952586706,Все категории,МО_0253,M,3,rub,0
6/1/24 0:00,8749.332833017908,Все категории,МО_0253,M,3,rub,0
7/1/24 0:00,9317.95121253722,Все категории,МО_0253,M,3,rub,0
8/1/24 0:00,9959.90750667042,Все категории,МО_0253,M,3,rub,0
9/1/24 0:00,9707.850577501405,Все категории,МО_0253,M,3,rub,0
10/1/24 0:00,9712.08404660245,Все категории,МО_0253,M,3,rub,0
11/1/24 0:00,10804.043497584746,Все категории,МО_0253,M,3,rub,0
12/1/24 0:00,10939.971242461575,Все категории,МО_0253,M,3,rub,0
1/1/23 0:00,7324.133867847753,Все категории,МО_0254,M,3,rub,0
2/1/23 0:00,5956.2404533054005,Все категории,МО_0254,M,3,rub,0
3/1/23 0:00,5466.129633886409,Все категории,МО_0254,M,3,rub,0
4/1/23 0:00,4761.904137079975,Все категории,МО_0254,M,3,rub,0
5/1/23 0:00,4600.316474427505,Все категории,МО_0254,M,3,rub,0
6/1/23 0:00,5088.457680119973,Все категории,МО_0254,M,3,rub,0
7/1/23 0:00,5221.396900673649,Все категории,МО_0254,M,3,rub,0
8/1/23 0:00,5739.92735282637,Все категории,МО_0254,M,3,rub,0
9/1/23 0:00,6379.433274450846,Все категории,МО_0254,M,3,rub,0
10/1/23 0:00,6866.555278708971,Все категории,МО_0254,M,3,rub,0
11/1/23 0:00,7392.420322077983,Все категории,МО_0254,M,3,rub,0
12/1/23 0:00,7670.939228313379,Все категории,МО_0254,M,3,rub,0
1/1/24 0:00,7338.042427408905,Все категории,МО_0254,M,3,rub,0
2/1/24 0:00,6124.27712734424,Все категории,МО_0254,M,3,rub,0
3/1/24 0:00,5873.3360963488085,Все категории,МО_0254,M,3,rub,0
4/1/24 0:00,4846.509718654876,Все категории,МО_0254,M,3,rub,0
5/1/24 0:00,4713.649992789954,Все категории,МО_0254,M,3,rub,0
6/1/24 0:00,4647.575474082722,Все категории,МО_0254,M,3,rub,0
7/1/24 0:00,5475.355222252379,Все категории,МО_0254,M,3,rub,0
8/1/24 0:00,6460.554031196582,Все категории,МО_0254,M,3,rub,0
9/1/24 0:00,6299.15630981952,Все категории,МО_0254,M,3,rub,0
10/1/24 0:00,7386.722576175887,Все категории,МО_0254,M,3,rub,0
11/1/24 0:00,8273.830762517338,Все категории,МО_0254,M,3,rub,0
12/1/24 0:00,7294.224511174577,Все категории,МО_0254,M,3,rub,0
1/1/23 0:00,10009.937996551886,Все категории,МО_0255,M,3,rub,0
2/1/23 0:00,10429.87375614138,Все категории,МО_0255,M,3,rub,0
3/1/23 0:00,10413.578374350383,Все категории,МО_0255,M,3,rub,0
4/1/23 0:00,10614.807735233773,Все категории,МО_0255,M,3,rub,0
5/1/23 0:00,10834.809348381497,Все категории,МО_0255,M,3,rub,0
6/1/23 0:00,10710.378794125341,Все категории,МО_0255,M,3,rub,0
7/1/23 0:00,10064.409379632101,Все категории,МО_0255,M,3,rub,0
8/1/23 0:00,9753.216851022351,Все категории,МО_0255,M,3,rub,0
9/1/23 0:00,9530.944764695194,Все категории,МО_0255,M,3,rub,0
10/1/23 0:00,9862.937094524917,Все категории,МО_0255,M,3,rub,0
11/1/23 0:00,9502.05356205165,Все категории,МО_0255,M,3,rub,0
12/1/23 0:00,9926.353998171306,Все категории,МО_0255,M,3,rub,0
1/1/24 0:00,10281.010125518938,Все категории,МО_0255,M,3,rub,0
2/1/24 0:00,10445.640044869944,Все категории,МО_0255,M,3,rub,0
3/1/24 0:00,10838.909556226241,Все категории,МО_0255,M,3,rub,0
4/1/24 0:00,11456.244899424768,Все категории,МО_0255,M,3,rub,0
5/1/24 0:00,10816.946442482973,Все категории,МО_0255,M,3,rub,0
6/1/24 0:00,10586.044832159758,Все категории,МО_0255,M,3,rub,0
7/1/24 0:00,10660.564342202422,Все категории,МО_0255,M,3,rub,0
8/1/24 0:00,10268.042416085425,Все категории,МО_0255,M,3,rub,0
9/1/24 0:00,10357.699604241621,Все категории,МО_0255,M,3,rub,0
10/1/24 0:00,10059.711370091798,Все категории,МО_0255,M,3,rub,0
11/1/24 0:00,10074.172663248874,Все категории,МО_0255,M,3,rub,0
12/1/24 0:00,9979.871587493491,Все категории,МО_0255,M,3,rub,0
1/1/23 0:00,6534.353212185653,Все категории,МО_0256,M,3,rub,0
2/1/23 0:00,5750.270179935602,Все категории,МО_0256,M,3,rub,0
3/1/23 0:00,5533.2460080734745,Все категории,МО_0256,M,3,rub,0
4/1/23 0:00,4666.777720604681,Все категории,МО_0256,M,3,rub,0
5/1/23 0:00,4944.155227723656,Все категории,МО_0256,M,3,rub,0
6/1/23 0:00,4800.588965852286,Все категории,МО_0256,M,3,rub,0
7/1/23 0:00,5149.291890479561,Все категории,МО_0256,M,3,rub,0
8/1/23 0:00,5674.942606306808,Все категории,МО_0256,M,3,rub,0
9/1/23 0:00,6846.7818141164125,Все категории,МО_0256,M,3,rub,0
10/1/23 0:00,7166.022166193107,Все категории,МО_0256,M,3,rub,0
11/1/23 0:00,7471.466508737028,Все категории,МО_0256,M,3,rub,0
12/1/23 0:00,8008.429623389685,Все категории,МО_0256,M,3,rub,0
1/1/24 0:00,7156.690142377266,Все категории,МО_0256,M,3,rub,0
2/1/24 0:00,6204.517228523605,Все категории,МО_0256,M,3,rub,0
3/1/24 0:00,5659.063264996879,Все категории,МО_0256,M,3,rub,0
4/1/24 0:00,4989.402145455221,Все категории,МО_0256,M,3,rub,0
5/1/24 0:00,4832.208203790811,Все категории,МО_0256,M,3,rub,0
6/1/24 0:00,4696.675100357189,Все категории,МО_0256,M,3,rub,0
7/1/24 0:00,5716.991064715954,Все категории,МО_0256,M,3,rub,0
8/1/24 0:00,5804.478961020633,Все категории,МО_0256,M,3,rub,0
9/1/24 0:00,7193.148939681195,Все категории,МО_0256,M,3,rub,0
10/1/24 0:00,7433.344343107591,Все категории,МО_0256,M,3,rub,0
11/1/24 0:00,8123.737279976022,Все категории,МО_0256,M,3,rub,0
12/1/24 0:00,7959.209079001774,Все категории,МО_0256,M,3,rub,0
1/1/23 0:00,10126.763352707052,Все категории,МО_0257,M,3,rub,0
2/1/23 0:00,10008.47512816734,Все категории,МО_0257,M,3,rub,0
3/1/23 0:00,10623.39558063488,Все категории,МО_0257,M,3,rub,0
4/1/23 0:00,10893.578836020142,Все категории,МО_0257,M,3,rub,0
5/1/23 0:00,10405.891453021684,Все категории,МО_0257,M,3,rub,0
6/1/23 0:00,10308.191210747045,Все категории,МО_0257,M,3,rub,0
7/1/23 0:00,9971.94637578347,Все категории,МО_0257,M,3,rub,0
8/1/23 0:00,9789.554951152917,Все категории,МО_0257,M,3,rub,0
9/1/23 0:00,10045.973493457383,Все категории,МО_0257,M,3,rub,0
10/1/23 0:00,9479.769773680164,Все категории,МО_0257,M,3,rub,0
11/1/23 0:00,9584.057820624012,Все категории,МО_0257,M,3,rub,0
12/1/23 0:00,10303.28462207278,Все категории,МО_0257,M,3,rub,0
1/1/24 0:00,10388.87673989253,Все категории,МО_0257,M,3,rub,0
2/1/24 0:00,11008.328536545958,Все категории,МО_0257,M,3,rub,0
3/1/24 0:00,10681.75577523731,Все категории,МО_0257,M,3,rub,0
4/1/24 0:00,10910.98787886394,Все категории,МО_0257,M,3,rub,0
5/1/24 0:00,10700.94924834623,Все категории,МО_0257,M,3,rub,0
6/1/24 0:00,10709.280954001388,Все категории,МО_0257,M,3,rub,0
7/1/24 0:00,10082.11222751776,Все категории,МО_0257,M,3,rub,0
8/1/24 0:00,10359.912720678969,Все категории,МО_0257,M,3,rub,0
9/1/24 0:00,10129.10469179671,Все категории,МО_0257,M,3,rub,0
10/1/24 0:00,10015.096731854539,Все категории,МО_0257,M,3,rub,0
11/1/24 0:00,10045.614431961652,Все категории,МО_0257,M,3,rub,0
12/1/24 0:00,10158.894643193864,Все категории,МО_0257,M,3,rub,0
1/1/23 0:00,10042.227771672286,Все категории,МО_0258,M,3,rub,0
2/1/23 0:00,9942.543977803885,Все категории,МО_0258,M,3,rub,0
3/1/23 0:00,10504.291725840276,Все категории,МО_0258,M,3,rub,0
4/1/23 0:00,10943.369512804513,Все категории,МО_0258,M,3,rub,0
5/1/23 0:00,10775.299387428175,Все категории,МО_0258,M,3,rub,0
6/1/23 0:00,9995.571672497834,Все категории,МО_0258,M,3,rub,0
7/1/23 0:00,9969.295901960844,Все категории,МО_0258,M,3,rub,0
8/1/23 0:00,9941.060805296234,Все категории,МО_0258,M,3,rub,0
9/1/23 0:00,9694.297367673187,Все категории,МО_0258,M,3,rub,0
10/1/23 0:00,9405.14242945062,Все категории,МО_0258,M,3,rub,0
11/1/23 0:00,9841.909723825807,Все категории,МО_0258,M,3,rub,0
12/1/23 0:00,9974.625149931004,Все категории,МО_0258,M,3,rub,0
1/1/24 0:00,10660.349765158819,Все категории,МО_0258,M,3,rub,0
2/1/24 0:00,10497.951542765313,Все категории,МО_0258,M,3,rub,0
3/1/24 0:00,11033.168553922893,Все категории,МО_0258,M,3,rub,0
4/1/24 0:00,10611.12472310409,Все категории,МО_0258,M,3,rub,0
5/1/24 0:00,10622.621227235832,Все категории,МО_0258,M,3,rub,0
6/1/24 0:00,10833.876742048555,Все категории,МО_0258,M,3,rub,0
7/1/24 0:00,10675.157751141636,Все категории,МО_0258,M,3,rub,0
8/1/24 0:00,10025.149306481833,Все категории,МО_0258,M,3,rub,0
9/1/24 0:00,10068.633515457808,Все категории,МО_0258,M,3,rub,0
10/1/24 0:00,9753.372645426238,Все категории,МО_0258,M,3,rub,0
11/1/24 0:00,10087.722136322247,Все категории,МО_0258,M,3,rub,0
12/1/24 0:00,10516.896736108007,Все категории,МО_0258,M,3,rub,0
1/1/23 0:00,6851.478148369724,Все категории,МО_0259,M,3,rub,0
2/1/23 0:00,6127.050040369573,Все категории,МО_0259,M,3,rub,0
3/1/23 0:00,5209.11117973906,Все категории,МО_0259,M,3,rub,0
4/1/23 0:00,4801.961501497834,Все категории,МО_0259,M,3,rub,0
5/1/23 0:00,5044.544987058176,Все категории,МО_0259,M,3,rub,0
6/1/23 0:00,4808.791209221203,Все категории,МО_0259,M,3,rub,0
7/1/23 0:00,4995.484349796971,Все категории,МО_0259,M,3,rub,0
8/1/23 0:00,5796.323138576437,Все категории,МО_0259,M,3,rub,0
9/1/23 0:00,6265.079507088519,Все категории,МО_0259,M,3,rub,0
10/1/23 0:00,7106.175801915431,Все категории,МО_0259,M,3,rub,0
11/1/23 0:00,8206.446544581662,Все категории,МО_0259,M,3,rub,0
12/1/23 0:00,7593.262918384206,Все категории,МО_0259,M,3,rub,0
1/1/24 0:00,7610.219111905216,Все категории,МО_0259,M,3,rub,0
2/1/24 0:00,6239.255570077489,Все категории,МО_0259,M,3,rub,0
3/1/24 0:00,5507.781499390505,Все категории,МО_0259,M,3,rub,0
4/1/24 0:00,5117.134341689802,Все категории,МО_0259,M,3,rub,0
5/1/24 0:00,4276.263092275024,Все категории,МО_0259,M,3,rub,0
6/1/24 0:00,4892.612047702047,Все категории,МО_0259,M,3,rub,0
7/1/24 0:00,5252.3060378558885,Все категории,МО_0259,M,3,rub,0
8/1/24 0:00,6304.4529970249405,Все категории,МО_0259,M,3,rub,0
9/1/24 0:00,7025.002418970947,Все категории,МО_0259,M,3,rub,0
10/1/24 0:00,7157.658894631907,Все категории,МО_0259,M,3,rub,0
11/1/24 0:00,8266.340966903816,Все категории,МО_0259,M,3,rub,0
12/1/24 0:00,7648.1830666442,Все категории,МО_0259,M,3,rub,0
1/1/23 0:00,4502.510672569386,Все категории,МО_0260,M,3,rub,0
2/1/23 0:00,4601.893078605323,Все категории,МО_0260,M,3,rub,0
3/1/23 0:00,4446.6664976312395,Все категории,МО_0260,M,3,rub,0
4/1/23 0:00,4885.736218561654,Все категории,МО_0260,M,3,rub,0
5/1/23 0:00,4719.539231020841,Все категории,МО_0260,M,3,rub,0
6/1/23 0:00,4856.4697759726905,Все категории,МО_0260,M,3,rub,0
7/1/23 0:00,5205.230401126269,Все категории,МО_0260,M,3,rub,0
8/1/23 0:00,5379.096524489677,Все категории,МО_0260,M,3,rub,0
9/1/23 0:00,5319.485111738874,Все категории,МО_0260,M,3,rub,0
10/1/23 0:00,5398.201795044597,Все категории,МО_0260,M,3,rub,0
11/1/23 0:00,5004.0295097532435,Все категории,МО_0260,M,3,rub,0
12/1/23 0:00,4677.871369544297,Все категории,МО_0260,M,3,rub,0
1/1/24 0:00,4720.036029087516,Все категории,МО_0260,M,3,rub,0
2/1/24 0:00,4271.938852985585,Все категории,МО_0260,M,3,rub,0
3/1/24 0:00,4237.423872721931,Все категории,МО_0260,M,3,rub,0
4/1/24 0:00,4643.533303821271,Все категории,МО_0260,M,3,rub,0
5/1/24 0:00,4738.763701691928,Все категории,МО_0260,M,3,rub,0
6/1/24 0:00,4525.011207900319,Все категории,МО_0260,M,3,rub,0
7/1/24 0:00,4581.168210631331,Все категории,МО_0260,M,3,rub,0
8/1/24 0:00,5160.510568211372,Все категории,МО_0260,M,3,rub,0
9/1/24 0:00,5013.915658243828,Все категории,МО_0260,M,3,rub,0
10/1/24 0:00,4810.840390733451,Все категории,МО_0260,M,3,rub,0
11/1/24 0:00,4498.372810264047,Все категории,МО_0260,M,3,rub,0
12/1/24 0:00,4441.736602185531,Все категории,МО_0260,M,3,rub,0
1/1/23 0:00,9892.832962844139,Все категории,МО_0261,M,3,rub,0
2/1/23 0:00,10043.82439355556,Все категории,МО_0261,M,3,rub,0
3/1/23 0:00,10424.166764030248,Все категории,МО_0261,M,3,rub,0
4/1/23 0:00,10554.50942165454,Все категории,МО_0261,M,3,rub,0
5/1/23 0:00,10381.631990200089,Все категории,МО_0261,M,3,rub,0
6/1/23 0:00,10488.938595586975,Все категории,МО_0261,M,3,rub,0
7/1/23 0:00,10340.015507776117,Все категории,МО_0261,M,3,rub,0
8/1/23 0:00,10050.703930529651,Все категории,МО_0261,M,3,rub,0
9/1/23 0:00,9654.445502662982,Все категории,МО_0261,M,3,rub,0
10/1/23 0:00,9819.411099838904,Все категории,МО_0261,M,3,rub,0
11/1/23 0:00,9781.596174710414,Все категории,МО_0261,M,3,rub,0
12/1/23 0:00,9733.07424362843,Все категории,МО_0261,M,3,rub,0
1/1/24 0:00,10398.892484355996,Все категории,МО_0261,M,3,rub,0
2/1/24 0:00,10582.136607677017,Все категории,МО_0261,M,3,rub,0
3/1/24 0:00,11352.26122831315,Все категории,МО_0261,M,3,rub,0
4/1/24 0:00,11205.33650274998,Все категории,МО_0261,M,3,rub,0
5/1/24 0:00,10998.611024722113,Все категории,МО_0261,M,3,rub,0
6/1/24 0:00,10731.980666107445,Все категории,МО_0261,M,3,rub,0
7/1/24 0:00,10480.529119486586,Все категории,МО_0261,M,3,rub,0
8/1/24 0:00,10015.870980602958,Все категории,МО_0261,M,3,rub,0
9/1/24 0:00,9719.78701586899,Все категории,МО_0261,M,3,rub,0
10/1/24 0:00,9853.173034938412,Все категории,МО_0261,M,3,rub,0
11/1/24 0:00,10114.692911699121,Все категории,МО_0261,M,3,rub,0
12/1/24 0:00,9915.844531038585,Все категории,МО_0261,M,3,rub,0
1/1/23 0:00,8750.571179064495,Все категории,МО_0262,M,3,rub,0
2/1/23 0:00,8985.850471299487,Все категории,МО_0262,M,3,rub,0
3/1/23 0:00,8915.265042076224,Все категории,МО_0262,M,3,rub,0
4/1/23 0:00,8538.870921988315,Все категории,МО_0262,M,3,rub,0
5/1/23 0:00,8287.749447887112,Все категории,МО_0262,M,3,rub,0
6/1/23 0:00,8511.025758698135,Все категории,МО_0262,M,3,rub,0
7/1/23 0:00,8092.236707088429,Все категории,МО_0262,M,3,rub,0
8/1/23 0:00,7850.6855360176105,Все категории,МО_0262,M,3,rub,0
9/1/23 0:00,8233.500274416114,Все категории,МО_0262,M,3,rub,0
10/1/23 0:00,8698.57783885953,Все категории,МО_0262,M,3,rub,0
11/1/23 0:00,9065.054988762233,Все категории,МО_0262,M,3,rub,0
12/1/23 0:00,9619.284439651423,Все категории,МО_0262,M,3,rub,0
1/1/24 0:00,10588.455991139474,Все категории,МО_0262,M,3,rub,0
2/1/24 0:00,10324.152260884934,Все категории,МО_0262,M,3,rub,0
3/1/24 0:00,10028.057214644046,Все категории,МО_0262,M,3,rub,0
4/1/24 0:00,10046.117948925874,Все категории,МО_0262,M,3,rub,0
5/1/24 0:00,9704.252207667141,Все категории,МО_0262,M,3,rub,0
6/1/24 0:00,8797.47307287768,Все категории,МО_0262,M,3,rub,0
7/1/24 0:00,9150.590582011218,Все категории,МО_0262,M,3,rub,0
8/1/24 0:00,9463.56610515254,Все категории,МО_0262,M,3,rub,0
9/1/24 0:00,9658.115498494146,Все категории,МО_0262,M,3,rub,0
10/1/24 0:00,10749.96822790995,Все категории,МО_0262,M,3,rub,0
11/1/24 0:00,11122.820043686617,Все категории,МО_0262,M,3,rub,0
12/1/24 0:00,11873.53301384481,Все категории,МО_0262,M,3,rub,0
1/1/23 0:00,5418.733554087196,Все категории,МО_0263,M,3,rub,0
2/1/23 0:00,4732.816160997842,Все категории,МО_0263,M,3,rub,0
3/1/23 0:00,4528.753300364357,Все категории,МО_0263,M,3,rub,0
4/1/23 0:00,4749.710805557595,Все категории,МО_0263,M,3,rub,0
5/1/23 0:00,4511.899550443062,Все категории,МО_0263,M,3,rub,0
6/1/23 0:00,4832.737901390414,Все категории,МО_0263,M,3,rub,0
7/1/23 0:00,4817.452349525352,Все категории,МО_0263,M,3,rub,0
8/1/23 0:00,5195.412760408201,Все категории,МО_0263,M,3,rub,0
9/1/23 0:00,4951.05559839278,Все категории,МО_0263,M,3,rub,0
10/1/23 0:00,4858.580410124279,Все категории,МО_0263,M,3,rub,0
11/1/23 0:00,4955.4254845337955,Все категории,МО_0263,M,3,rub,0
12/1/23 0:00,4606.991429439473,Все категории,МО_0263,M,3,rub,0
1/1/24 0:00,4028.8532131102734,Все категории,МО_0263,M,3,rub,0
2/1/24 0:00,3990.173641206652,Все категории,МО_0263,M,3,rub,0
3/1/24 0:00,3994.5457056323135,Все категории,МО_0263,M,3,rub,0
4/1/24 0:00,4076.5380993692274,Все категории,МО_0263,M,3,rub,0
5/1/24 0:00,4461.126173090762,Все категории,МО_0263,M,3,rub,0
6/1/24 0:00,4576.688889278702,Все категории,МО_0263,M,3,rub,0
7/1/24 0:00,4942.620127997431,Все категории,МО_0263,M,3,rub,0
8/1/24 0:00,4980.433513059176,Все категории,МО_0263,M,3,rub,0
9/1/24 0:00,5082.439730730061,Все категории,МО_0263,M,3,rub,0
10/1/24 0:00,4881.792817964219,Все категории,МО_0263,M,3,rub,0
11/1/24 0:00,4619.531692190136,Все категории,МО_0263,M,3,rub,0
12/1/24 0:00,4615.536833327799,Все категории,МО_0263,M,3,rub,0
1/1/23 0:00,4932.413733388974,Все категории,МО_0264,M,3,rub,0
2/1/23 0:00,4643.263054108243,Все категории,МО_0264,M,3,rub,0
3/1/23 0:00,4786.726501233816,Все категории,МО_0264,M,3,rub,0
4/1/23 0:00,4023.3194927465997,Все категории,МО_0264,M,3,rub,0
5/1/23 0:00,4572.942698283434,Все категории,МО_0264,M,3,rub,0
6/1/23 0:00,4733.852348864682,Все категории,МО_0264,M,3,rub,0
7/1/23 0:00,5271.240670349028,Все категории,МО_0264,M,3,rub,0
8/1/23 0:00,5509.34971290448,Все категории,МО_0264,M,3,rub,0
9/1/23 0:00,4757.333356011898,Все категории,МО_0264,M,3,rub,0
10/1/23 0:00,5395.963004701065,Все категории,МО_0264,M,3,rub,0
11/1/23 0:00,4577.885040276587,Все категории,МО_0264,M,3,rub,0
12/1/23 0:00,4381.538136149936,Все категории,МО_0264,M,3,rub,0
1/1/24 0:00,4384.797938614126,Все категории,МО_0264,M,3,rub,0
2/1/24 0:00,4223.660932471039,Все категории,МО_0264,M,3,rub,0
3/1/24 0:00,3913.2659927675645,Все категории,МО_0264,M,3,rub,0
4/1/24 0:00,4401.258915482666,Все категории,МО_0264,M,3,rub,0
5/1/24 0:00,4520.624708312091,Все категории,МО_0264,M,3,rub,0
6/1/24 0:00,4771.834986861892,Все категории,МО_0264,M,3,rub,0
7/1/24 0:00,4585.773738605948,Все категории,МО_0264,M,3,rub,0
8/1/24 0:00,4786.970324315136,Все категории,МО_0264,M,3,rub,0
9/1/24 0:00,4809.893306168971,Все категории,МО_0264,M,3,rub,0
10/1/24 0:00,5152.553904941639,Все категории,МО_0264,M,3,rub,0
11/1/24 0:00,3967.345098431123,Все категории,МО_0264,M,3,rub,0
12/1/24 0:00,4164.571462658451,Все категории,МО_0264,M,3,rub,0
1/1/23 0:00,6973.270854128891,Все категории,МО_0265,M,3,rub,0
2/1/23 0:00,5925.4224244208835,Все категории,МО_0265,M,3,rub,0
3/1/23 0:00,5393.897618734048,Все категории,МО_0265,M,3,rub,0
4/1/23 0:00,4903.336028848884,Все категории,МО_0265,M,3,rub,0
5/1/23 0:00,4579.8927364709325,Все категории,МО_0265,M,3,rub,0
6/1/23 0:00,4807.164965341459,Все категории,МО_0265,M,3,rub,0
7/1/23 0:00,5332.139987023066,Все категории,МО_0265,M,3,rub,0
8/1/23 0:00,5814.55347821532,Все категории,МО_0265,M,3,rub,0
9/1/23 0:00,6558.491317593858,Все категории,МО_0265,M,3,rub,0
10/1/23 0:00,7351.468051941797,Все категории,МО_0265,M,3,rub,0
11/1/23 0:00,7769.524502759118,Все категории,МО_0265,M,3,rub,0
12/1/23 0:00,7123.134807002962,Все категории,МО_0265,M,3,rub,0
1/1/24 0:00,7187.367087383061,Все категории,МО_0265,M,3,rub,0
2/1/24 0:00,6151.123450167932,Все категории,МО_0265,M,3,rub,0
3/1/24 0:00,5801.1864747123045,Все категории,МО_0265,M,3,rub,0
4/1/24 0:00,5106.942845284999,Все категории,МО_0265,M,3,rub,0
5/1/24 0:00,4986.756400095193,Все категории,МО_0265,M,3,rub,0
6/1/24 0:00,4660.340887392493,Все категории,МО_0265,M,3,rub,0
7/1/24 0:00,5185.007143186986,Все категории,МО_0265,M,3,rub,0
8/1/24 0:00,5652.603940426295,Все категории,МО_0265,M,3,rub,0
9/1/24 0:00,6571.096643810184,Все категории,МО_0265,M,3,rub,0
10/1/24 0:00,7874.38307440545,Все категории,МО_0265,M,3,rub,0
11/1/24 0:00,8347.866881504588,Все категории,МО_0265,M,3,rub,0
12/1/24 0:00,7381.931765714364,Все категории,МО_0265,M,3,rub,0
1/1/23 0:00,8773.18841464554,Все категории,МО_0266,M,3,rub,0
2/1/23 0:00,9032.179416233357,Все категории,МО_0266,M,3,rub,0
3/1/23 0:00,9132.102443044456,Все категории,МО_0266,M,3,rub,0
4/1/23 0:00,8262.161107140888,Все категории,МО_0266,M,3,rub,0
5/1/23 0:00,7979.9637299884325,Все категории,МО_0266,M,3,rub,0
6/1/23 0:00,8201.642511410066,Все категории,МО_0266,M,3,rub,0
7/1/23 0:00,7482.520162438143,Все категории,МО_0266,M,3,rub,0
8/1/23 0:00,7877.463479079333,Все категории,МО_0266,M,3,rub,0
9/1/23 0:00,8290.61721153179,Все категории,МО_0266,M,3,rub,0
10/1/23 0:00,8815.212521795627,Все категории,МО_0266,M,3,rub,0
11/1/23 0:00,9236.9711138764,Все категории,МО_0266,M,3,rub,0
12/1/23 0:00,9736.396541862528,Все категории,МО_0266,M,3,rub,0
1/1/24 0:00,10535.871366393545,Все категории,МО_0266,M,3,rub,0
2/1/24 0:00,10544.830492371777,Все категории,МО_0266,M,3,rub,0
3/1/24 0:00,10163.646433757616,Все категории,МО_0266,M,3,rub,0
4/1/24 0:00,10070.518383061944,Все категории,МО_0266,M,3,rub,0
5/1/24 0:00,9781.755231456378,Все категории,МО_0266,M,3,rub,0
6/1/24 0:00,9827.580537622156,Все категории,МО_0266,M,3,rub,0
7/1/24 0:00,9380.476135741552,Все категории,МО_0266,M,3,rub,0
8/1/24 0:00,9562.475015546,Все категории,МО_0266,M,3,rub,0
9/1/24 0:00,9355.303883783605,Все категории,МО_0266,M,3,rub,0
10/1/24 0:00,9897.512454867403,Все категории,МО_0266,M,3,rub,0
11/1/24 0:00,10637.69870576933,Все категории,МО_0266,M,3,rub,0
12/1/24 0:00,11319.609848169224,Все категории,МО_0266,M,3,rub,0
1/1/23 0:00,8629.683938813725,Все категории,МО_0267,M,3,rub,0
2/1/23 0:00,9403.270648753594,Все категории,МО_0267,M,3,rub,0
3/1/23 0:00,9214.039251712282,Все категории,МО_0267,M,3,rub,0
4/1/23 0:00,8630.566625834663,Все категории,МО_0267,M,3,rub,0
5/1/23 0:00,8535.852108713083,Все категории,МО_0267,M,3,rub,0
6/1/23 0:00,8136.276403399315,Все категории,МО_0267,M,3,rub,0
7/1/23 0:00,8106.252292175971,Все категории,МО_0267,M,3,rub,0
8/1/23 0:00,7668.190489503885,Все категории,МО_0267,M,3,rub,0
9/1/23 0:00,8214.425635255187,Все категории,МО_0267,M,3,rub,0
10/1/23 0:00,8690.824289551734,Все категории,МО_0267,M,3,rub,0
11/1/23 0:00,9451.513016359391,Все категории,МО_0267,M,3,rub,0
12/1/23 0:00,9659.97111288452,Все категории,МО_0267,M,3,rub,0
1/1/24 0:00,9530.057087024783,Все категории,МО_0267,M,3,rub,0
2/1/24 0:00,10121.162914809624,Все категории,МО_0267,M,3,rub,0
3/1/24 0:00,10343.893419478123,Все категории,МО_0267,M,3,rub,0
4/1/24 0:00,10078.425229744875,Все категории,МО_0267,M,3,rub,0
5/1/24 0:00,10170.957066451558,Все категории,МО_0267,M,3,rub,0
6/1/24 0:00,9498.444509751345,Все категории,МО_0267,M,3,rub,0
7/1/24 0:00,9184.219327751407,Все категории,МО_0267,M,3,rub,0
8/1/24 0:00,9211.36587194177,Все категории,МО_0267,M,3,rub,0
9/1/24 0:00,9849.169787719697,Все категории,МО_0267,M,3,rub,0
10/1/24 0:00,9877.9562394411,Все категории,МО_0267,M,3,rub,0
11/1/24 0:00,10668.09018019334,Все категории,МО_0267,M,3,rub,0
12/1/24 0:00,11002.978867425993,Все категории,МО_0267,M,3,rub,0
1/1/23 0:00,7378.858847835056,Все категории,МО_0268,M,3,rub,0
2/1/23 0:00,6286.313102406853,Все категории,МО_0268,M,3,rub,0
3/1/23 0:00,5297.844959238891,Все категории,МО_0268,M,3,rub,0
4/1/23 0:00,4905.615732397446,Все категории,МО_0268,M,3,rub,0
5/1/23 0:00,4798.815193450232,Все категории,МО_0268,M,3,rub,0
6/1/23 0:00,4746.9390153674485,Все категории,МО_0268,M,3,rub,0
7/1/23 0:00,5089.847452751135,Все категории,МО_0268,M,3,rub,0
8/1/23 0:00,5718.140730625539,Все категории,МО_0268,M,3,rub,0
9/1/23 0:00,6769.632892054553,Все категории,МО_0268,M,3,rub,0
10/1/23 0:00,7295.140588854253,Все категории,МО_0268,M,3,rub,0
11/1/23 0:00,7632.047137516053,Все категории,МО_0268,M,3,rub,0
12/1/23 0:00,7239.254437302444,Все категории,МО_0268,M,3,rub,0
1/1/24 0:00,7077.837195002255,Все категории,МО_0268,M,3,rub,0
2/1/24 0:00,6217.860344971839,Все категории,МО_0268,M,3,rub,0
3/1/24 0:00,5445.203472095627,Все категории,МО_0268,M,3,rub,0
4/1/24 0:00,5027.433645310996,Все категории,МО_0268,M,3,rub,0
5/1/24 0:00,4903.273840488014,Все категории,МО_0268,M,3,rub,0
6/1/24 0:00,4990.775796348316,Все категории,МО_0268,M,3,rub,0
7/1/24 0:00,5380.255291652294,Все категории,МО_0268,M,3,rub,0
8/1/24 0:00,5883.711920609385,Все категории,МО_0268,M,3,rub,0
9/1/24 0:00,6607.520370007382,Все категории,МО_0268,M,3,rub,0
10/1/24 0:00,7183.408553068697,Все категории,МО_0268,M,3,rub,0
11/1/24 0:00,7681.233602015598,Все категории,МО_0268,M,3,rub,0
12/1/24 0:00,7734.932031341467,Все категории,МО_0268,M,3,rub,0
1/1/23 0:00,6755.866997505929,Все категории,МО_0269,M,3,rub,0
2/1/23 0:00,6212.212264036123,Все категории,МО_0269,M,3,rub,0
3/1/23 0:00,5243.466320248886,Все категории,МО_0269,M,3,rub,0
4/1/23 0:00,4611.343017422788,Все категории,МО_0269,M,3,rub,0
5/1/23 0:00,4858.643418994072,Все категории,МО_0269,M,3,rub,0
6/1/23 0:00,4704.653687857078,Все категории,МО_0269,M,3,rub,0
7/1/23 0:00,5028.6187240880045,Все категории,МО_0269,M,3,rub,0
8/1/23 0:00,5618.477766969027,Все категории,МО_0269,M,3,rub,0
9/1/23 0:00,6792.437240725064,Все категории,МО_0269,M,3,rub,0
10/1/23 0:00,7818.767499400326,Все категории,МО_0269,M,3,rub,0
11/1/23 0:00,7647.535701163993,Все категории,МО_0269,M,3,rub,0
12/1/23 0:00,7571.09841543569,Все категории,МО_0269,M,3,rub,0
1/1/24 0:00,7364.918843485456,Все категории,МО_0269,M,3,rub,0
2/1/24 0:00,5825.570653753577,Все категории,МО_0269,M,3,rub,0
3/1/24 0:00,5967.1880554838635,Все категории,МО_0269,M,3,rub,0
4/1/24 0:00,5499.861055176766,Все категории,МО_0269,M,3,rub,0
5/1/24 0:00,4270.494041111426,Все категории,МО_0269,M,3,rub,0
6/1/24 0:00,4833.7792728707245,Все категории,МО_0269,M,3,rub,0
7/1/24 0:00,5113.421776592554,Все категории,МО_0269,M,3,rub,0
8/1/24 0:00,5878.042404429794,Все категории,МО_0269,M,3,rub,0
9/1/24 0:00,6646.915955508556,Все категории,МО_0269,M,3,rub,0
10/1/24 0:00,7736.899212896381,Все категории,МО_0269,M,3,rub,0
11/1/24 0:00,7830.321925598823,Все категории,МО_0269,M,3,rub,0
12/1/24 0:00,7452.312630750734,Все категории,МО_0269,M,3,rub,0
1/1/23 0:00,8848.810779347703,Все категории,МО_0270,M,3,rub,0
2/1/23 0:00,9193.742489258399,Все категории,МО_0270,M,3,rub,0
3/1/23 0:00,8660.012253669913,Все категории,МО_0270,M,3,rub,0
4/1/23 0:00,8290.360760871585,Все категории,МО_0270,M,3,rub,0
5/1/23 0:00,8888.925293144837,Все категории,МО_0270,M,3,rub,0
6/1/23 0:00,7927.778484832954,Все категории,МО_0270,M,3,rub,0
7/1/23 0:00,7900.453973433855,Все категории,МО_0270,M,3,rub,0
8/1/23 0:00,7889.052339188285,Все категории,МО_0270,M,3,rub,0
9/1/23 0:00,8387.179548940714,Все категории,МО_0270,M,3,rub,0
10/1/23 0:00,9181.518852263209,Все категории,МО_0270,M,3,rub,0
11/1/23 0:00,9439.127863087118,Все категории,МО_0270,M,3,rub,0
12/1/23 0:00,9405.483134953403,Все категории,МО_0270,M,3,rub,0
1/1/24 0:00,9854.467708373186,Все категории,МО_0270,M,3,rub,0
2/1/24 0:00,10330.602617373672,Все категории,МО_0270,M,3,rub,0
3/1/24 0:00,10279.79976160002,Все категории,МО_0270,M,3,rub,0
4/1/24 0:00,9552.682053663939,Все категории,МО_0270,M,3,rub,0
5/1/24 0:00,9910.592120828149,Все категории,МО_0270,M,3,rub,0
6/1/24 0:00,9034.549303738615,Все категории,МО_0270,M,3,rub,0
7/1/24 0:00,9581.5546468853,Все категории,МО_0270,M,3,rub,0
8/1/24 0:00,9737.9328165323,Все категории,МО_0270,M,3,rub,0
9/1/24 0:00,9457.556566914025,Все категории,МО_0270,M,3,rub,0
10/1/24 0:00,10187.669584734513,Все категории,МО_0270,M,3,rub,0
11/1/24 0:00,10324.370377395539,Все категории,МО_0270,M,3,rub,0
12/1/24 0:00,11583.180345412322,Все категории,МО_0270,M,3,rub,0
1/1/23 0:00,9799.005221844323,Все категории,МО_0271,M,3,rub,0
2/1/23 0:00,9959.23254174571,Все категории,МО_0271,M,3,rub,0
3/1/23 0:00,10337.305978236573,Все категории,МО_0271,M,3,rub,0
4/1/23 0:00,10401.289208805365,Все категории,МО_0271,M,3,rub,0
5/1/23 0:00,10392.067795329509,Все категории,МО_0271,M,3,rub,0
6/1/23 0:00,10498.56224850621,Все категории,МО_0271,M,3,rub,0
7/1/23 0:00,9919.857627875868,Все категории,МО_0271,M,3,rub,0
8/1/23 0:00,10205.687684558849,Все категории,МО_0271,M,3,rub,0
9/1/23 0:00,9454.040896211938,Все категории,МО_0271,M,3,rub,0
10/1/23 0:00,9989.68765575442,Все категории,МО_0271,M,3,rub,0
11/1/23 0:00,9569.808917006092,Все категории,МО_0271,M,3,rub,0
12/1/23 0:00,9976.42147484536,Все категории,МО_0271,M,3,rub,0
1/1/24 0:00,10159.820744616676,Все категории,МО_0271,M,3,rub,0
2/1/24 0:00,10478.967442785754,Все категории,МО_0271,M,3,rub,0
3/1/24 0:00,10952.559091397128,Все категории,МО_0271,M,3,rub,0
4/1/24 0:00,11214.877633693422,Все категории,МО_0271,M,3,rub,0
5/1/24 0:00,11104.567223926784,Все категории,МО_0271,M,3,rub,0
6/1/24 0:00,10592.514732614813,Все категории,МО_0271,M,3,rub,0
7/1/24 0:00,10484.833930575247,Все категории,МО_0271,M,3,rub,0
8/1/24 0:00,10060.36215517994,Все категории,МО_0271,M,3,rub,0
9/1/24 0:00,9866.177015047397,Все категории,МО_0271,M,3,rub,0
10/1/24 0:00,9799.375928693784,Все категории,МО_0271,M,3,rub,0
11/1/24 0:00,10036.134043565626,Все категории,МО_0271,M,3,rub,0
12/1/24 0:00,10394.084368979977,Все категории,МО_0271,M,3,rub,0
1/1/23 0:00,9525.8429694154,Все категории,МО_0272,M,3,rub,0
2/1/23 0:00,10168.733272227173,Все категории,МО_0272,M,3,rub,0
3/1/23 0:00,10717.37754477467,Все категории,МО_0272,M,3,rub,0
4/1/23 0:00,10736.862802925232,Все категории,МО_0272,M,3,rub,0
5/1/23 0:00,10338.164198752114,Все категории,МО_0272,M,3,rub,0
6/1/23 0:00,10017.236536242921,Все категории,МО_0272,M,3,rub,0
7/1/23 0:00,10169.991020775617,Все категории,МО_0272,M,3,rub,0
8/1/23 0:00,9411.159406157905,Все категории,МО_0272,M,3,rub,0
9/1/23 0:00,9925.890377673188,Все категории,МО_0272,M,3,rub,0
10/1/23 0:00,9630.86429324593,Все категории,МО_0272,M,3,rub,0
11/1/23 0:00,10130.69027138024,Все категории,МО_0272,M,3,rub,0
12/1/23 0:00,9637.920902108555,Все категории,МО_0272,M,3,rub,0
1/1/24 0:00,10450.05922147983,Все категории,МО_0272,M,3,rub,0
2/1/24 0:00,10530.065477172426,Все категории,МО_0272,M,3,rub,0
3/1/24 0:00,10707.291741902547,Все категории,МО_0272,M,3,rub,0
4/1/24 0:00,10589.34017989845,Все категории,МО_0272,M,3,rub,0
5/1/24 0:00,10973.255008160333,Все категории,МО_0272,M,3,rub,0
6/1/24 0:00,10824.017078606816,Все категории,МО_0272,M,3,rub,0
7/1/24 0:00,10825.963502177126,Все категории,МО_0272,M,3,rub,0
8/1/24 0:00,10427.074349650922,Все категории,МО_0272,M,3,rub,0
9/1/24 0:00,9944.956559773891,Все категории,МО_0272,M,3,rub,0
10/1/24 0:00,9827.331863051699,Все категории,МО_0272,M,3,rub,0
11/1/24 0:00,9851.006396105175,Все категории,МО_0272,M,3,rub,0
12/1/24 0:00,10651.59033173393,Все категории,МО_0272,M,3,rub,0
1/1/23 0:00,4531.029224347786,Все категории,МО_0273,M,3,rub,0
2/1/23 0:00,4906.8102571459995,Все категории,МО_0273,M,3,rub,0
3/1/23 0:00,4611.470486208817,Все категории,МО_0273,M,3,rub,0
4/1/23 0:00,4599.243633892601,Все категории,МО_0273,M,3,rub,0
5/1/23 0:00,4569.193248352221,Все категории,МО_0273,M,3,rub,0
6/1/23 0:00,4968.224287399856,Все категории,МО_0273,M,3,rub,0
7/1/23 0:00,4972.178500491297,Все категории,МО_0273,M,3,rub,0
8/1/23 0:00,4999.891350722124,Все категории,МО_0273,M,3,rub,0
9/1/23 0:00,5296.236636629609,Все категории,МО_0273,M,3,rub,0
10/1/23 0:00,4992.286983485187,Все категории,МО_0273,M,3,rub,0
11/1/23 0:00,4664.089461924965,Все категории,МО_0273,M,3,rub,0
12/1/23 0:00,4780.054444158041,Все категории,МО_0273,M,3,rub,0
1/1/24 0:00,4422.293915912409,Все категории,МО_0273,M,3,rub,0
2/1/24 0:00,4397.596297853126,Все категории,МО_0273,M,3,rub,0
3/1/24 0:00,4135.466703242888,Все категории,МО_0273,M,3,rub,0
4/1/24 0:00,4010.5991865950045,Все категории,МО_0273,M,3,rub,0
5/1/24 0:00,4765.649198662546,Все категории,МО_0273,M,3,rub,0
6/1/24 0:00,4890.817243178257,Все категории,МО_0273,M,3,rub,0
7/1/24 0:00,4897.970131223382,Все категории,МО_0273,M,3,rub,0
8/1/24 0:00,4704.343884616273,Все категории,МО_0273,M,3,rub,0
9/1/24 0:00,4745.4219903189705,Все категории,МО_0273,M,3,rub,0
10/1/24 0:00,5074.404082417175,Все категории,МО_0273,M,3,rub,0
11/1/24 0:00,4491.190751149318,Все категории,МО_0273,M,3,rub,0
12/1/24 0:00,4232.6691375253995,Все категории,МО_0273,M,3,rub,0
1/1/23 0:00,9408.520076641904,Все категории,МО_0274,M,3,rub,0
2/1/23 0:00,9039.910110899196,Все категории,МО_0274,M,3,rub,0
3/1/23 0:00,9461.969343417477,Все категории,МО_0274,M,3,rub,0
4/1/23 0:00,8352.231420460059,Все категории,МО_0274,M,3,rub,0
5/1/23 0:00,8504.278716592882,Все категории,МО_0274,M,3,rub,0
6/1/23 0:00,8600.137006676243,Все категории,МО_0274,M,3,rub,0
7/1/23 0:00,7940.1592740422575,Все категории,МО_0274,M,3,rub,0
8/1/23 0:00,7920.780476226813,Все категории,МО_0274,M,3,rub,0
9/1/23 0:00,7966.371402445944,Все категории,МО_0274,M,3,rub,0
10/1/23 0:00,8993.29443807595,Все категории,МО_0274,M,3,rub,0
11/1/23 0:00,9064.464152564993,Все категории,МО_0274,M,3,rub,0
12/1/23 0:00,9815.86082660225,Все категории,МО_0274,M,3,rub,0
1/1/24 0:00,9898.80023309949,Все категории,МО_0274,M,3,rub,0
2/1/24 0:00,10954.895120333224,Все категории,МО_0274,M,3,rub,0
3/1/24 0:00,10728.18442365213,Все категории,МО_0274,M,3,rub,0
4/1/24 0:00,10049.601218726695,Все категории,МО_0274,M,3,rub,0
5/1/24 0:00,9340.870047274395,Все категории,МО_0274,M,3,rub,0
6/1/24 0:00,9773.971350436974,Все категории,МО_0274,M,3,rub,0
7/1/24 0:00,9061.755459473186,Все категории,МО_0274,M,3,rub,0
8/1/24 0:00,8919.623484941927,Все категории,МО_0274,M,3,rub,0
9/1/24 0:00,9037.640414893092,Все категории,МО_0274,M,3,rub,0
10/1/24 0:00,9861.418196750748,Все категории,МО_0274,M,3,rub,0
11/1/24 0:00,10255.625964331733,Все категории,МО_0274,M,3,rub,0
12/1/24 0:00,11158.027129056061,Все категории,МО_0274,M,3,rub,0
1/1/23 0:00,9095.510058767964,Все категории,МО_0275,M,3,rub,0
2/1/23 0:00,8951.468136207934,Все категории,МО_0275,M,3,rub,0
3/1/23 0:00,9069.331699097273,Все категории,МО_0275,M,3,rub,0
4/1/23 0:00,8523.102831803453,Все категории,МО_0275,M,3,rub,0
5/1/23 0:00,8389.48336218093,Все категории,МО_0275,M,3,rub,0
6/1/23 0:00,8561.476647518573,Все категории,МО_0275,M,3,rub,0
7/1/23 0:00,7850.570702289506,Все категории,МО_0275,M,3,rub,0
8/1/23 0:00,8076.372016548245,Все категории,МО_0275,M,3,rub,0
9/1/23 0:00,7871.871593628684,Все категории,МО_0275,M,3,rub,0
10/1/23 0:00,9112.181358832153,Все категории,МО_0275,M,3,rub,0
11/1/23 0:00,9144.470451624924,Все категории,МО_0275,M,3,rub,0
12/1/23 0:00,10158.997798124165,Все категории,МО_0275,M,3,rub,0
1/1/24 0:00,10234.385935089997,Все категории,МО_0275,M,3,rub,0
2/1/24 0:00,10648.584177829185,Все категории,МО_0275,M,3,rub,0
3/1/24 0:00,10573.576967918078,Все категории,МО_0275,M,3,rub,0
4/1/24 0:00,9923.515923558318,Все категории,МО_0275,M,3,rub,0
5/1/24 0:00,9991.962920082435,Все категории,МО_0275,M,3,rub,0
6/1/24 0:00,9123.706265057337,Все категории,МО_0275,M,3,rub,0
7/1/24 0:00,9378.115522240687,Все категории,МО_0275,M,3,rub,0
8/1/24 0:00,9113.016005889303,Все категории,МО_0275,M,3,rub,0
9/1/24 0:00,9628.70174496548,Все категории,МО_0275,M,3,rub,0
10/1/24 0:00,9915.995451795843,Все категории,МО_0275,M,3,rub,0
11/1/24 0:00,10729.155537716291,Все категории,МО_0275,M,3,rub,0
12/1/24 0:00,11007.78747752013,Все категории,МО_0275,M,3,rub,0
1/1/23 0:00,8960.941854528266,Все категории,МО_0276,M,3,rub,0
2/1/23 0:00,9064.858153444153,Все категории,МО_0276,M,3,rub,0
3/1/23 0:00,8828.835895472808,Все категории,МО_0276,M,3,rub,0
4/1/23 0:00,8695.708755444366,Все категории,МО_0276,M,3,rub,0
5/1/23 0:00,8406.826068660706,Все категории,МО_0276,M,3,rub,0
6/1/23 0:00,7933.98113673781,Все категории,МО_0276,M,3,rub,0
7/1/23 0:00,7902.491228558728,Все категории,МО_0276,M,3,rub,0
8/1/23 0:00,7746.516996120121,Все категории,МО_0276,M,3,rub,0
9/1/23 0:00,8851.913548568213,Все категории,МО_0276,M,3,rub,0
10/1/23 0:00,8987.030705937206,Все категории,МО_0276,M,3,rub,0
11/1/23 0:00,9352.637568631702,Все категории,МО_0276,M,3,rub,0
12/1/23 0:00,10196.119163196116,Все категории,МО_0276,M,3,rub,0
1/1/24 0:00,9680.088611373258,Все категории,МО_0276,M,3,rub,0
2/1/24 0:00,9682.781152671985,Все категории,МО_0276,M,3,rub,0
3/1/24 0:00,10239.46165553014,Все категории,МО_0276,M,3,rub,0
4/1/24 0:00,9651.598720599248,Все категории,МО_0276,M,3,rub,0
5/1/24 0:00,9601.561130847467,Все категории,МО_0276,M,3,rub,0
6/1/24 0:00,9391.597019499332,Все категории,МО_0276,M,3,rub,0
7/1/24 0:00,9418.287211469164,Все категории,МО_0276,M,3,rub,0
8/1/24 0:00,8910.781616864133,Все категории,МО_0276,M,3,rub,0
9/1/24 0:00,9643.176677892618,Все категории,МО_0276,M,3,rub,0
10/1/24 0:00,10058.727205757232,Все категории,МО_0276,M,3,rub,0
11/1/24 0:00,10825.352669762538,Все категории,МО_0276,M,3,rub,0
12/1/24 0:00,11192.575171491086,Все категории,МО_0276,M,3,rub,0
1/1/23 0:00,5048.113386922274,Все категории,МО_0277,M,3,rub,0
2/1/23 0:00,4533.2411200354845,Все категории,МО_0277,M,3,rub,0
3/1/23 0:00,4908.666384346513,Все категории,МО_0277,M,3,rub,0
4/1/23 0:00,4348.701460884131,Все категории,МО_0277,M,3,rub,0
5/1/23 0:00,4815.411192598732,Все категории,МО_0277,M,3,rub,0
6/1/23 0:00,4792.467528110972,Все категории,МО_0277,M,3,rub,0
7/1/23 0:00,4895.147906983338,Все категории,МО_0277,M,3,rub,0
8/1/23 0:00,5256.64302030088,Все категории,МО_0277,M,3,rub,0
9/1/23 0:00,5039.150853738762,Все категории,МО_0277,M,3,rub,0
10/1/23 0:00,4401.715963918461,Все категории,МО_0277,M,3,rub,0
11/1/23 0:00,4164.790453279671,Все категории,МО_0277,M,3,rub,0
12/1/23 0:00,4943.540157774973,Все категории,МО_0277,M,3,rub,0
1/1/24 0:00,4717.932871139647,Все категории,МО_0277,M,3,rub,0
2/1/24 0:00,4716.088000237548,Все категории,МО_0277,M,3,rub,0
3/1/24 0:00,4226.679806690085,Все категории,МО_0277,M,3,rub,0
4/1/24 0:00,3993.8871446841886,Все категории,МО_0277,M,3,rub,0
5/1/24 0:00,4278.921024484035,Все категории,МО_0277,M,3,rub,0
6/1/24 0:00,4529.447965493009,Все категории,МО_0277,M,3,rub,0
7/1/24 0:00,4456.125654070628,Все категории,МО_0277,M,3,rub,0
8/1/24 0:00,5208.571235173828,Все категории,МО_0277,M,3,rub,0
9/1/24 0:00,5387.98462202986,Все категории,МО_0277,M,3,rub,0
10/1/24 0:00,4850.136062071296,Все категории,МО_0277,M,3,rub,0
11/1/24 0:00,4568.871244005885,Все категории,МО_0277,M,3,rub,0
12/1/24 0:00,4094.7769572718635,Все категории,МО_0277,M,3,rub,0
1/1/23 0:00,10208.01707124619,Все категории,МО_0278,M,3,rub,0
2/1/23 0:00,10193.709937088277,Все категории,МО_0278,M,3,rub,0
3/1/23 0:00,10337.34124708468,Все категории,МО_0278,M,3,rub,0
4/1/23 0:00,10600.150538806265,Все категории,МО_0278,M,3,rub,0
5/1/23 0:00,10338.055141524052,Все категории,МО_0278,M,3,rub,0
6/1/23 0:00,10331.342381346136,Все категории,МО_0278,M,3,rub,0
7/1/23 0:00,9790.33215545358,Все категории,МО_0278,M,3,rub,0
8/1/23 0:00,10074.288296613142,Все категории,МО_0278,M,3,rub,0
9/1/23 0:00,9687.682468943514,Все категории,МО_0278,M,3,rub,0
10/1/23 0:00,9898.871277140068,Все категории,МО_0278,M,3,rub,0
11/1/23 0:00,9727.147884445236,Все категории,МО_0278,M,3,rub,0
12/1/23 0:00,9949.484361294646,Все категории,МО_0278,M,3,rub,0
1/1/24 0:00,10014.142786080276,Все категории,МО_0278,M,3,rub,0
2/1/24 0:00,10712.806130712295,Все категории,МО_0278,M,3,rub,0
3/1/24 0:00,10591.26062934238,Все категории,МО_0278,M,3,rub,0
4/1/24 0:00,10778.099740532352,Все категории,МО_0278,M,3,rub,0
5/1/24 0:00,10843.512066679654,Все категории,МО_0278,M,3,rub,0
6/1/24 0:00,10704.553425083312,Все категории,МО_0278,M,3,rub,0
7/1/24 0:00,10095.833179260542,Все категории,МО_0278,M,3,rub,0
8/1/24 0:00,10171.895800073486,Все категории,МО_0278,M,3,rub,0
9/1/24 0:00,10225.126312993034,Все категории,МО_0278,M,3,rub,0
10/1/24 0:00,9951.048876390596,Все категории,МО_0278,M,3,rub,0
11/1/24 0:00,10078.947230239834,Все категории,МО_0278,M,3,rub,0
12/1/24 0:00,10375.972970768686,Все категории,МО_0278,M,3,rub,0
1/1/23 0:00,9872.227504874247,Все категории,МО_0279,M,3,rub,0
2/1/23 0:00,9970.53666959727,Все категории,МО_0279,M,3,rub,0
3/1/23 0:00,10389.742992217645,Все категории,МО_0279,M,3,rub,0
4/1/23 0:00,10709.446306866752,Все категории,МО_0279,M,3,rub,0
5/1/23 0:00,10242.261780890864,Все категории,МО_0279,M,3,rub,0
6/1/23 0:00,10224.175707012319,Все категории,МО_0279,M,3,rub,0
7/1/23 0:00,9802.251405427807,Все категории,МО_0279,M,3,rub,0
8/1/23 0:00,10044.97349892191,Все категории,МО_0279,M,3,rub,0
9/1/23 0:00,9690.018031064197,Все категории,МО_0279,M,3,rub,0
10/1/23 0:00,9509.019111097441,Все категории,МО_0279,M,3,rub,0
11/1/23 0:00,9784.39493371644,Все категории,МО_0279,M,3,rub,0
12/1/23 0:00,9739.333797682735,Все категории,МО_0279,M,3,rub,0
1/1/24 0:00,10050.021867653666,Все категории,МО_0279,M,3,rub,0
2/1/24 0:00,10247.584819159294,Все категории,МО_0279,M,3,rub,0
3/1/24 0:00,10550.892003639607,Все категории,МО_0279,M,3,rub,0
4/1/24 0:00,11182.96314818189,Все категории,МО_0279,M,3,rub,0
5/1/24 0:00,10685.45664189069,Все категории,МО_0279,M,3,rub,0
6/1/24 0:00,10778.6704551287,Все категории,МО_0279,M,3,rub,0
7/1/24 0:00,10272.995874206008,Все категории,МО_0279,M,3,rub,0
8/1/24 0:00,10375.37692869161,Все категории,МО_0279,M,3,rub,0
9/1/24 0:00,9859.365452466596,Все категории,МО_0279,M,3,rub,0
10/1/24 0:00,10034.501246049133,Все категории,МО_0279,M,3,rub,0
11/1/24 0:00,10135.057740496532,Все категории,МО_0279,M,3,rub,0
12/1/24 0:00,10835.207955529333,Все категории,МО_0279,M,3,rub,0
1/1/23 0:00,9064.461047809773,Все категории,МО_0280,M,3,rub,0
2/1/23 0:00,8893.248922743043,Все категории,МО_0280,M,3,rub,0
3/1/23 0:00,9159.386919763076,Все категории,МО_0280,M,3,rub,0
4/1/23 0:00,9287.094335839698,Все категории,МО_0280,M,3,rub,0
5/1/23 0:00,7973.5896454688045,Все категории,МО_0280,M,3,rub,0
6/1/23 0:00,7880.341140606601,Все категории,МО_0280,M,3,rub,0
7/1/23 0:00,7876.895748016351,Все категории,МО_0280,M,3,rub,0
8/1/23 0:00,7884.487598002698,Все категории,МО_0280,M,3,rub,0
9/1/23 0:00,8168.44829536936,Все категории,МО_0280,M,3,rub,0
10/1/23 0:00,8371.909357002798,Все категории,МО_0280,M,3,rub,0
11/1/23 0:00,9675.377486616044,Все категории,МО_0280,M,3,rub,0
12/1/23 0:00,9432.54107919447,Все категории,МО_0280,M,3,rub,0
1/1/24 0:00,10210.761828675588,Все категории,МО_0280,M,3,rub,0
2/1/24 0:00,10788.216558261078,Все категории,МО_0280,M,3,rub,0
3/1/24 0:00,10353.475202024458,Все категории,МО_0280,M,3,rub,0
4/1/24 0:00,9767.872378495336,Все категории,МО_0280,M,3,rub,0
5/1/24 0:00,9286.517332771902,Все категории,МО_0280,M,3,rub,0
6/1/24 0:00,9269.650534135088,Все категории,МО_0280,M,3,rub,0
7/1/24 0:00,8956.055766580483,Все категории,МО_0280,M,3,rub,0
8/1/24 0:00,9277.265277726563,Все категории,МО_0280,M,3,rub,0
9/1/24 0:00,9135.958680803207,Все категории,МО_0280,M,3,rub,0
10/1/24 0:00,10302.638399006875,Все категории,МО_0280,M,3,rub,0
11/1/24 0:00,10750.282775739362,Все категории,МО_0280,M,3,rub,0
12/1/24 0:00,11433.399786318821,Все категории,МО_0280,M,3,rub,0
1/1/23 0:00,9287.607019716668,Все категории,МО_0281,M,3,rub,0
2/1/23 0:00,8934.727913341947,Все категории,МО_0281,M,3,rub,0
3/1/23 0:00,8779.79691120928,Все категории,МО_0281,M,3,rub,0
4/1/23 0:00,8568.113565048796,Все категории,МО_0281,M,3,rub,0
5/1/23 0:00,8324.875424223548,Все категории,МО_0281,M,3,rub,0
6/1/23 0:00,8060.025411629461,Все категории,МО_0281,M,3,rub,0
7/1/23 0:00,7737.819118972533,Все категории,МО_0281,M,3,rub,0
8/1/23 0:00,7513.619620700601,Все категории,МО_0281,M,3,rub,0
9/1/23 0:00,8112.72482157792,Все категории,МО_0281,M,3,rub,0
10/1/23 0:00,8800.457559751952,Все категории,МО_0281,M,3,rub,0
11/1/23 0:00,9314.322995375933,Все категории,МО_0281,M,3,rub,0
12/1/23 0:00,10204.516536349314,Все категории,МО_0281,M,3,rub,0
1/1/24 0:00,10892.922059046794,Все категории,МО_0281,M,3,rub,0
2/1/24 0:00,10695.890202514447,Все категории,МО_0281,M,3,rub,0
3/1/24 0:00,10801.698568792586,Все категории,МО_0281,M,3,rub,0
4/1/24 0:00,10293.202492979675,Все категории,МО_0281,M,3,rub,0
5/1/24 0:00,10178.93965897147,Все категории,МО_0281,M,3,rub,0
6/1/24 0:00,9866.757366730304,Все категории,МО_0281,M,3,rub,0
7/1/24 0:00,9426.979780336855,Все категории,МО_0281,M,3,rub,0
8/1/24 0:00,9417.797828682385,Все категории,МО_0281,M,3,rub,0
9/1/24 0:00,9469.770755854664,Все категории,МО_0281,M,3,rub,0
10/1/24 0:00,10041.92498180806,Все категории,МО_0281,M,3,rub,0
11/1/24 0:00,10605.05159658495,Все категории,МО_0281,M,3,rub,0
12/1/24 0:00,11582.33779851985,Все категории,МО_0281,M,3,rub,0
1/1/23 0:00,6773.709273975363,Все категории,МО_0282,M,3,rub,0
2/1/23 0:00,6141.263733357542,Все категории,МО_0282,M,3,rub,0
3/1/23 0:00,4959.9430699479235,Все категории,МО_0282,M,3,rub,0
4/1/23 0:00,5279.76934931438,Все категории,МО_0282,M,3,rub,0
5/1/23 0:00,4660.692484472708,Все категории,МО_0282,M,3,rub,0
6/1/23 0:00,4882.961822050417,Все категории,МО_0282,M,3,rub,0
7/1/23 0:00,5512.058532618955,Все категории,МО_0282,M,3,rub,0
8/1/23 0:00,5940.696547544341,Все категории,МО_0282,M,3,rub,0
9/1/23 0:00,7075.669951759703,Все категории,МО_0282,M,3,rub,0
10/1/23 0:00,7041.780938657892,Все категории,МО_0282,M,3,rub,0
11/1/23 0:00,8554.021159165386,Все категории,МО_0282,M,3,rub,0
12/1/23 0:00,7976.0643530529815,Все категории,МО_0282,M,3,rub,0
1/1/24 0:00,7115.182325644742,Все категории,МО_0282,M,3,rub,0
2/1/24 0:00,6630.485056904339,Все категории,МО_0282,M,3,rub,0
3/1/24 0:00,5263.812966993465,Все категории,МО_0282,M,3,rub,0
4/1/24 0:00,4930.370917206558,Все категории,МО_0282,M,3,rub,0
5/1/24 0:00,5041.748961587713,Все категории,МО_0282,M,3,rub,0
6/1/24 0:00,4503.4615832110985,Все категории,МО_0282,M,3,rub,0
7/1/24 0:00,5381.918967525451,Все категории,МО_0282,M,3,rub,0
8/1/24 0:00,6068.44078221477,Все категории,МО_0282,M,3,rub,0
9/1/24 0:00,7313.028010121802,Все категории,МО_0282,M,3,rub,0
10/1/24 0:00,7030.180689442784,Все категории,МО_0282,M,3,rub,0
11/1/24 0:00,8388.751171133745,Все категории,МО_0282,M,3,rub,0
12/1/24 0:00,7557.813005079937,Все категории,МО_0282,M,3,rub,0
1/1/23 0:00,8776.154659444344,Все категории,МО_0283,M,3,rub,0
2/1/23 0:00,8726.980464881028,Все категории,МО_0283,M,3,rub,0
3/1/23 0:00,8684.95498196333,Все категории,МО_0283,M,3,rub,0
4/1/23 0:00,8816.157935457888,Все категории,МО_0283,M,3,rub,0
5/1/23 0:00,8098.297961103821,Все категории,МО_0283,M,3,rub,0
6/1/23 0:00,8263.549247101173,Все категории,МО_0283,M,3,rub,0
7/1/23 0:00,7776.85357057274,Все категории,МО_0283,M,3,rub,0
8/1/23 0:00,7698.44889640239,Все категории,МО_0283,M,3,rub,0
9/1/23 0:00,8120.789595451844,Все категории,МО_0283,M,3,rub,0
10/1/23 0:00,8794.356081231086,Все категории,МО_0283,M,3,rub,0
11/1/23 0:00,9199.461736072777,Все категории,МО_0283,M,3,rub,0
12/1/23 0:00,9853.927329964372,Все категории,МО_0283,M,3,rub,0
1/1/24 0:00,10489.081442053899,Все категории,МО_0283,M,3,rub,0
2/1/24 0:00,10800.065564156424,Все категории,МО_0283,M,3,rub,0
3/1/24 0:00,10266.897841858447,Все категории,МО_0283,M,3,rub,0
4/1/24 0:00,9748.893934879969,Все категории,МО_0283,M,3,rub,0
5/1/24 0:00,9692.057184872265,Все категории,МО_0283,M,3,rub,0
6/1/24 0:00,9466.555786606592,Все категории,МО_0283,M,3,rub,0
7/1/24 0:00,8768.967365742856,Все категории,МО_0283,M,3,rub,0
8/1/24 0:00,8977.232337035159,Все категории,МО_0283,M,3,rub,0
9/1/24 0:00,9324.879635982195,Все категории,МО_0283,M,3,rub,0
10/1/24 0:00,9991.895155346449,Все категории,МО_0283,M,3,rub,0
11/1/24 0:00,10471.26203836356,Все категории,МО_0283,M,3,rub,0
12/1/24 0:00,11612.185345968002,Все категории,МО_0283,M,3,rub,0
1/1/23 0:00,8476.47461135204,Все категории,МО_0284,M,3,rub,0
2/1/23 0:00,8633.828213336521,Все категории,МО_0284,M,3,rub,0
3/1/23 0:00,8883.637602399302,Все категории,МО_0284,M,3,rub,0
4/1/23 0:00,8664.298069623022,Все категории,МО_0284,M,3,rub,0
5/1/23 0:00,8015.559198290481,Все категории,МО_0284,M,3,rub,0
6/1/23 0:00,7936.268407224554,Все категории,МО_0284,M,3,rub,0
7/1/23 0:00,7838.202208281689,Все категории,МО_0284,M,3,rub,0
8/1/23 0:00,7890.1168316361545,Все категории,МО_0284,M,3,rub,0
9/1/23 0:00,8288.078103475982,Все категории,МО_0284,M,3,rub,0
10/1/23 0:00,8534.882412331937,Все категории,МО_0284,M,3,rub,0
11/1/23 0:00,9696.845847342864,Все категории,МО_0284,M,3,rub,0
12/1/23 0:00,9989.0543154629,Все категории,МО_0284,M,3,rub,0
1/1/24 0:00,10026.53645702583,Все категории,МО_0284,M,3,rub,0
2/1/24 0:00,10484.677504872107,Все категории,МО_0284,M,3,rub,0
3/1/24 0:00,10401.48138571693,Все категории,МО_0284,M,3,rub,0
4/1/24 0:00,10432.460431865285,Все категории,МО_0284,M,3,rub,0
5/1/24 0:00,9497.346045214055,Все категории,МО_0284,M,3,rub,0
6/1/24 0:00,9551.190602077588,Все категории,МО_0284,M,3,rub,0
7/1/24 0:00,9173.294092627082,Все категории,МО_0284,M,3,rub,0
8/1/24 0:00,9642.273067498245,Все категории,МО_0284,M,3,rub,0
9/1/24 0:00,9904.492164697534,Все категории,МО_0284,M,3,rub,0
10/1/24 0:00,10113.976960841783,Все категории,МО_0284,M,3,rub,0
11/1/24 0:00,10629.116707813146,Все категории,МО_0284,M,3,rub,0
12/1/24 0:00,11542.57026820873,Все категории,МО_0284,M,3,rub,0
1/1/23 0:00,4668.488363530734,Все категории,МО_0285,M,3,rub,0
2/1/23 0:00,4956.143659928798,Все категории,МО_0285,M,3,rub,0
3/1/23 0:00,4509.637103843655,Все категории,МО_0285,M,3,rub,0
4/1/23 0:00,4433.168595038832,Все категории,МО_0285,M,3,rub,0
5/1/23 0:00,4534.429691545004,Все категории,МО_0285,M,3,rub,0
6/1/23 0:00,4523.9118139178045,Все категории,МО_0285,M,3,rub,0
7/1/23 0:00,5116.44349957268,Все категории,МО_0285,M,3,rub,0
8/1/23 0:00,4888.454922470898,Все категории,МО_0285,M,3,rub,0
9/1/23 0:00,5403.806826440807,Все категории,МО_0285,M,3,rub,0
10/1/23 0:00,4713.5718295763945,Все категории,МО_0285,M,3,rub,0
11/1/23 0:00,4885.0105326984285,Все категории,МО_0285,M,3,rub,0
12/1/23 0:00,4913.427608764519,Все категории,МО_0285,M,3,rub,0
1/1/24 0:00,3983.837204304129,Все категории,МО_0285,M,3,rub,0
2/1/24 0:00,4747.061866821293,Все категории,МО_0285,M,3,rub,0
3/1/24 0:00,4141.379404061035,Все категории,МО_0285,M,3,rub,0
4/1/24 0:00,4290.706855672402,Все категории,МО_0285,M,3,rub,0
5/1/24 0:00,4496.289648599187,Все категории,МО_0285,M,3,rub,0
6/1/24 0:00,4694.235643569157,Все категории,МО_0285,M,3,rub,0
7/1/24 0:00,4750.86073597216,Все категории,МО_0285,M,3,rub,0
8/1/24 0:00,5041.713861185025,Все категории,МО_0285,M,3,rub,0
9/1/24 0:00,4943.876776972261,Все категории,МО_0285,M,3,rub,0
10/1/24 0:00,5171.365536131654,Все категории,МО_0285,M,3,rub,0
11/1/24 0:00,4692.31350892128,Все категории,МО_0285,M,3,rub,0
12/1/24 0:00,4819.606923764549,Все категории,МО_0285,M,3,rub,0
1/1/23 0:00,10077.107809606568,Все категории,МО_0286,M,3,rub,0
2/1/23 0:00,9817.138830954838,Все категории,МО_0286,M,3,rub,0
3/1/23 0:00,10954.694050046137,Все категории,МО_0286,M,3,rub,0
4/1/23 0:00,10378.72293489373,Все категории,МО_0286,M,3,rub,0
5/1/23 0:00,10777.459518406149,Все категории,МО_0286,M,3,rub,0
6/1/23 0:00,10306.560042990533,Все категории,МО_0286,M,3,rub,0
7/1/23 0:00,10293.025461058689,Все категории,МО_0286,M,3,rub,0
8/1/23 0:00,9722.814583895692,Все категории,МО_0286,M,3,rub,0
9/1/23 0:00,9830.190777884482,Все категории,МО_0286,M,3,rub,0
10/1/23 0:00,9623.239074238461,Все категории,МО_0286,M,3,rub,0
11/1/23 0:00,10079.70012866608,Все категории,МО_0286,M,3,rub,0
12/1/23 0:00,10064.537275024208,Все категории,МО_0286,M,3,rub,0
1/1/24 0:00,10453.77935553329,Все категории,МО_0286,M,3,rub,0
2/1/24 0:00,10104.321297558661,Все категории,МО_0286,M,3,rub,0
3/1/24 0:00,10759.989055769323,Все категории,МО_0286,M,3,rub,0
4/1/24 0:00,10973.19799542013,Все категории,МО_0286,M,3,rub,0
5/1/24 0:00,10891.887971175522,Все категории,МО_0286,M,3,rub,0
6/1/24 0:00,10885.894463791947,Все категории,МО_0286,M,3,rub,0
7/1/24 0:00,10370.099696349265,Все категории,МО_0286,M,3,rub,0
8/1/24 0:00,10228.93494012215,Все категории,МО_0286,M,3,rub,0
9/1/24 0:00,10304.369062452211,Все категории,МО_0286,M,3,rub,0
10/1/24 0:00,9579.936283307958,Все категории,МО_0286,M,3,rub,0
11/1/24 0:00,10244.39227612776,Все категории,МО_0286,M,3,rub,0
12/1/24 0:00,10273.49239940101,Все категории,МО_0286,M,3,rub,0
1/1/23 0:00,6721.8944839727665,Все категории,МО_0287,M,3,rub,0
2/1/23 0:00,6272.258882520673,Все категории,МО_0287,M,3,rub,0
3/1/23 0:00,5724.178868768827,Все категории,МО_0287,M,3,rub,0
4/1/23 0:00,5137.284181077086,Все категории,МО_0287,M,3,rub,0
5/1/23 0:00,4676.633441577071,Все категории,МО_0287,M,3,rub,0
6/1/23 0:00,4965.720424434451,Все категории,МО_0287,M,3,rub,0
7/1/23 0:00,5383.557499619031,Все категории,МО_0287,M,3,rub,0
8/1/23 0:00,5849.287167317607,Все категории,МО_0287,M,3,rub,0
9/1/23 0:00,6495.860719794475,Все категории,МО_0287,M,3,rub,0
10/1/23 0:00,7214.704706438374,Все категории,МО_0287,M,3,rub,0
11/1/23 0:00,8036.716094299301,Все категории,МО_0287,M,3,rub,0
12/1/23 0:00,7623.799141684702,Все категории,МО_0287,M,3,rub,0
1/1/24 0:00,6766.713159747197,Все категории,МО_0287,M,3,rub,0
2/1/24 0:00,5854.90795232056,Все категории,МО_0287,M,3,rub,0
3/1/24 0:00,5702.326881299792,Все категории,МО_0287,M,3,rub,0
4/1/24 0:00,4879.719214710679,Все категории,МО_0287,M,3,rub,0
5/1/24 0:00,4822.047027682605,Все категории,МО_0287,M,3,rub,0
6/1/24 0:00,5099.370115277831,Все категории,МО_0287,M,3,rub,0
7/1/24 0:00,4994.1623778561725,Все категории,МО_0287,M,3,rub,0
8/1/24 0:00,5929.910722554703,Все категории,МО_0287,M,3,rub,0
9/1/24 0:00,6713.098500473222,Все категории,МО_0287,M,3,rub,0
10/1/24 0:00,7604.34914798361,Все категории,МО_0287,M,3,rub,0
11/1/24 0:00,8265.356133964118,Все категории,МО_0287,M,3,rub,0
12/1/24 0:00,7328.586212631949,Все категории,МО_0287,M,3,rub,0
1/1/23 0:00,7132.449151779675,Все категории,МО_0288,M,3,rub,0
2/1/23 0:00,6449.068747408368,Все категории,МО_0288,M,3,rub,0
3/1/23 0:00,5409.44216486309,Все категории,МО_0288,M,3,rub,0
4/1/23 0:00,4901.106213113553,Все категории,МО_0288,M,3,rub,0
5/1/23 0:00,4781.340741267769,Все категории,МО_0288,M,3,rub,0
6/1/23 0:00,4861.375546510806,Все категории,МО_0288,M,3,rub,0
7/1/23 0:00,5322.381157891181,Все категории,МО_0288,M,3,rub,0
8/1/23 0:00,6003.039197825398,Все категории,МО_0288,M,3,rub,0
9/1/23 0:00,6421.228737778632,Все категории,МО_0288,M,3,rub,0
10/1/23 0:00,7699.391384893312,Все категории,МО_0288,M,3,rub,0
11/1/23 0:00,8143.1554010234695,Все категории,МО_0288,M,3,rub,0
12/1/23 0:00,7693.716900181948,Все категории,МО_0288,M,3,rub,0
1/1/24 0:00,6646.540839254585,Все категории,МО_0288,M,3,rub,0
2/1/24 0:00,6234.416317628943,Все категории,МО_0288,M,3,rub,0
3/1/24 0:00,5558.772404475127,Все категории,МО_0288,M,3,rub,0
4/1/24 0:00,4764.415229881792,Все категории,МО_0288,M,3,rub,0
5/1/24 0:00,4690.679711001019,Все категории,МО_0288,M,3,rub,0
6/1/24 0:00,4586.668637430353,Все категории,МО_0288,M,3,rub,0
7/1/24 0:00,5392.010786066896,Все категории,МО_0288,M,3,rub,0
8/1/24 0:00,5980.193142359923,Все категории,МО_0288,M,3,rub,0
9/1/24 0:00,6328.460864346484,Все категории,МО_0288,M,3,rub,0
10/1/24 0:00,7595.752575099662,Все категории,МО_0288,M,3,rub,0
11/1/24 0:00,7847.900642265112,Все категории,МО_0288,M,3,rub,0
12/1/24 0:00,7890.166713330587,Все категории,МО_0288,M,3,rub,0
1/1/23 0:00,8790.77306970678,Все категории,МО_0289,M,3,rub,0
2/1/23 0:00,8837.775275386508,Все категории,МО_0289,M,3,rub,0
3/1/23 0:00,8767.944835252334,Все категории,МО_0289,M,3,rub,0
4/1/23 0:00,8570.579843185065,Все категории,МО_0289,M,3,rub,0
5/1/23 0:00,8377.827407903389,Все категории,МО_0289,M,3,rub,0
6/1/23 0:00,8118.004803511077,Все категории,МО_0289,M,3,rub,0
7/1/23 0:00,7887.815413388184,Все категории,МО_0289,M,3,rub,0
8/1/23 0:00,7883.013812365028,Все категории,МО_0289,M,3,rub,0
9/1/23 0:00,8163.880166978919,Все категории,МО_0289,M,3,rub,0
10/1/23 0:00,9386.20153613286,Все категории,МО_0289,M,3,rub,0
11/1/23 0:00,9064.301790741445,Все категории,МО_0289,M,3,rub,0
12/1/23 0:00,9680.413580309834,Все категории,МО_0289,M,3,rub,0
1/1/24 0:00,11339.183034208383,Все категории,МО_0289,M,3,rub,0
2/1/24 0:00,10587.880102457235,Все категории,МО_0289,M,3,rub,0
3/1/24 0:00,9942.59802660244,Все категории,МО_0289,M,3,rub,0
4/1/24 0:00,10316.67081522978,Все категории,МО_0289,M,3,rub,0
5/1/24 0:00,9409.527145357088,Все категории,МО_0289,M,3,rub,0
6/1/24 0:00,9591.885699280818,Все категории,МО_0289,M,3,rub,0
7/1/24 0:00,9103.98239885365,Все категории,МО_0289,M,3,rub,0
8/1/24 0:00,9099.468500081131,Все категории,МО_0289,M,3,rub,0
9/1/24 0:00,9999.515219018767,Все категории,МО_0289,M,3,rub,0
10/1/24 0:00,10226.690170836264,Все категории,МО_0289,M,3,rub,0
11/1/24 0:00,11030.401754228433,Все категории,МО_0289,M,3,rub,0
12/1/24 0:00,11517.773640950378,Все категории,МО_0289,M,3,rub,0
1/1/23 0:00,4607.27051993332,Все категории,МО_0290,M,3,rub,0
2/1/23 0:00,4698.204038082267,Все категории,МО_0290,M,3,rub,0
3/1/23 0:00,4771.944869341137,Все категории,МО_0290,M,3,rub,0
4/1/23 0:00,4554.581368937905,Все категории,МО_0290,M,3,rub,0
5/1/23 0:00,5077.211548341721,Все категории,МО_0290,M,3,rub,0
6/1/23 0:00,5015.600748352084,Все категории,МО_0290,M,3,rub,0
7/1/23 0:00,5029.048191072466,Все категории,МО_0290,M,3,rub,0
8/1/23 0:00,5157.495912700868,Все категории,МО_0290,M,3,rub,0
9/1/23 0:00,5150.316231140873,Все категории,МО_0290,M,3,rub,0
10/1/23 0:00,4723.408998151849,Все категории,МО_0290,M,3,rub,0
11/1/23 0:00,4832.218888524932,Все категории,МО_0290,M,3,rub,0
12/1/23 0:00,4690.409639982086,Все категории,МО_0290,M,3,rub,0
1/1/24 0:00,4345.120857701575,Все категории,МО_0290,M,3,rub,0
2/1/24 0:00,4364.468623119228,Все категории,МО_0290,M,3,rub,0
3/1/24 0:00,4234.895091889274,Все категории,МО_0290,M,3,rub,0
4/1/24 0:00,4428.5902837244585,Все категории,МО_0290,M,3,rub,0
5/1/24 0:00,4516.944148733833,Все категории,МО_0290,M,3,rub,0
6/1/24 0:00,4564.853898195321,Все категории,МО_0290,M,3,rub,0
7/1/24 0:00,4376.5947502159515,Все категории,МО_0290,M,3,rub,0
8/1/24 0:00,5245.722506557337,Все категории,МО_0290,M,3,rub,0
9/1/24 0:00,4783.1614089824725,Все категории,МО_0290,M,3,rub,0
10/1/24 0:00,4716.412282226968,Все категории,МО_0290,M,3,rub,0
11/1/24 0:00,4493.731055523538,Все категории,МО_0290,M,3,rub,0
12/1/24 0:00,4263.285106484299,Все категории,МО_0290,M,3,rub,0
1/1/23 0:00,9316.344875690273,Все категории,МО_0291,M,3,rub,0
2/1/23 0:00,9437.21476865978,Все категории,МО_0291,M,3,rub,0
3/1/23 0:00,9093.49733471488,Все категории,МО_0291,M,3,rub,0
4/1/23 0:00,8682.03103781657,Все категории,МО_0291,M,3,rub,0
5/1/23 0:00,8530.068639734665,Все категории,МО_0291,M,3,rub,0
6/1/23 0:00,8099.963581992797,Все категории,МО_0291,M,3,rub,0
7/1/23 0:00,7887.933012005377,Все категории,МО_0291,M,3,rub,0
8/1/23 0:00,8065.156033332664,Все категории,МО_0291,M,3,rub,0
9/1/23 0:00,8141.927391326188,Все категории,МО_0291,M,3,rub,0
10/1/23 0:00,8772.105641258939,Все категории,МО_0291,M,3,rub,0
11/1/23 0:00,9333.333142133191,Все категории,МО_0291,M,3,rub,0
12/1/23 0:00,10023.495293427954,Все категории,МО_0291,M,3,rub,0
1/1/24 0:00,10083.238803349004,Все категории,МО_0291,M,3,rub,0
2/1/24 0:00,10680.115540845525,Все категории,МО_0291,M,3,rub,0
3/1/24 0:00,10084.891699632646,Все категории,МО_0291,M,3,rub,0
4/1/24 0:00,9887.81802491554,Все категории,МО_0291,M,3,rub,0
5/1/24 0:00,9517.727544579537,Все категории,МО_0291,M,3,rub,0
6/1/24 0:00,9038.41749298023,Все категории,МО_0291,M,3,rub,0
7/1/24 0:00,9445.237827803676,Все категории,МО_0291,M,3,rub,0
8/1/24 0:00,8956.130827472505,Все категории,МО_0291,M,3,rub,0
9/1/24 0:00,9330.551976090675,Все категории,МО_0291,M,3,rub,0
10/1/24 0:00,10440.277649544296,Все категории,МО_0291,M,3,rub,0
11/1/24 0:00,10531.261212043039,Все категории,МО_0291,M,3,rub,0
12/1/24 0:00,11304.484499081447,Все категории,МО_0291,M,3,rub,0
1/1/23 0:00,4478.357634179486,Все категории,МО_0292,M,3,rub,0
2/1/23 0:00,4750.548834613459,Все категории,МО_0292,M,3,rub,0
3/1/23 0:00,4686.237369308749,Все категории,МО_0292,M,3,rub,0
4/1/23 0:00,4694.27656106368,Все категории,МО_0292,M,3,rub,0
5/1/23 0:00,4766.234424308117,Все категории,МО_0292,M,3,rub,0
6/1/23 0:00,4824.505777109232,Все категории,МО_0292,M,3,rub,0
7/1/23 0:00,4847.256035385823,Все категории,МО_0292,M,3,rub,0
8/1/23 0:00,4889.68743187848,Все категории,МО_0292,M,3,rub,0
9/1/23 0:00,5455.866963849534,Все категории,МО_0292,M,3,rub,0
10/1/23 0:00,5224.363316585169,Все категории,МО_0292,M,3,rub,0
11/1/23 0:00,4688.647483479692,Все категории,МО_0292,M,3,rub,0
12/1/23 0:00,4648.070494511337,Все категории,МО_0292,M,3,rub,0
1/1/24 0:00,4370.389235703032,Все категории,МО_0292,M,3,rub,0
2/1/24 0:00,4056.019442667914,Все категории,МО_0292,M,3,rub,0
3/1/24 0:00,4268.129821645673,Все категории,МО_0292,M,3,rub,0
4/1/24 0:00,4172.945265870697,Все категории,МО_0292,M,3,rub,0
5/1/24 0:00,4166.403691242186,Все категории,МО_0292,M,3,rub,0
6/1/24 0:00,4204.15035310362,Все категории,МО_0292,M,3,rub,0
7/1/24 0:00,4333.78562037812,Все категории,МО_0292,M,3,rub,0
8/1/24 0:00,4708.199393356893,Все категории,МО_0292,M,3,rub,0
9/1/24 0:00,4796.763942588695,Все категории,МО_0292,M,3,rub,0
10/1/24 0:00,4532.744849542437,Все категории,МО_0292,M,3,rub,0
11/1/24 0:00,4722.537875375355,Все категории,МО_0292,M,3,rub,0
12/1/24 0:00,4354.384508943397,Все категории,МО_0292,M,3,rub,0
1/1/23 0:00,9049.913402961733,Все категории,МО_0293,M,3,rub,0
2/1/23 0:00,9003.30955084741,Все категории,МО_0293,M,3,rub,0
3/1/23 0:00,8763.665454622784,Все категории,МО_0293,M,3,rub,0
4/1/23 0:00,8739.946108733955,Все категории,МО_0293,M,3,rub,0
5/1/23 0:00,8061.854633191571,Все категории,МО_0293,M,3,rub,0
6/1/23 0:00,8213.907972910278,Все категории,МО_0293,M,3,rub,0
7/1/23 0:00,7713.1474683692,Все категории,МО_0293,M,3,rub,0
8/1/23 0:00,8206.748934194075,Все категории,МО_0293,M,3,rub,0
9/1/23 0:00,8167.051843403389,Все категории,МО_0293,M,3,rub,0
10/1/23 0:00,8987.95143559808,Все категории,МО_0293,M,3,rub,0
11/1/23 0:00,48437.528404645214,Все категории,МО_0293,M,3,rub,0
12/1/23 0:00,9645.68528704199,Все категории,МО_0293,M,3,rub,0
1/1/24 0:00,10390.34155513747,Все категории,МО_0293,M,3,rub,0
2/1/24 0:00,10828.63997936577,Все категории,МО_0293,M,3,rub,0
3/1/24 0:00,10894.151053631118,Все категории,МО_0293,M,3,rub,0
4/1/24 0:00,10071.619130834151,Все категории,МО_0293,M,3,rub,0
5/1/24 0:00,10218.054838089192,Все категории,МО_0293,M,3,rub,0
6/1/24 0:00,9253.073065707997,Все категории,МО_0293,M,3,rub,0
7/1/24 0:00,9468.815698036135,Все категории,МО_0293,M,3,rub,0
8/1/24 0:00,8963.353672914945,Все категории,МО_0293,M,3,rub,0
9/1/24 0:00,9649.12926681722,Все категории,МО_0293,M,3,rub,0
10/1/24 0:00,9372.296475715879,Все категории,МО_0293,M,3,rub,0
11/1/24 0:00,10358.607772459238,Все категории,МО_0293,M,3,rub,0
12/1/24 0:00,11528.75200883211,Все категории,МО_0293,M,3,rub,0
1/1/23 0:00,6615.168058782445,Все категории,МО_0294,M,3,rub,0
2/1/23 0:00,6294.981782753345,Все категории,МО_0294,M,3,rub,0
3/1/23 0:00,5651.151801629707,Все категории,МО_0294,M,3,rub,0
4/1/23 0:00,4830.287595252612,Все категории,МО_0294,M,3,rub,0
5/1/23 0:00,4523.223502765994,Все категории,МО_0294,M,3,rub,0
6/1/23 0:00,4704.696590638609,Все категории,МО_0294,M,3,rub,0
7/1/23 0:00,5002.782172713505,Все категории,МО_0294,M,3,rub,0
8/1/23 0:00,5846.049363181716,Все категории,МО_0294,M,3,rub,0
9/1/23 0:00,6705.794536284793,Все категории,МО_0294,M,3,rub,0
10/1/23 0:00,7310.343184916711,Все категории,МО_0294,M,3,rub,0
11/1/23 0:00,8310.176012291122,Все категории,МО_0294,M,3,rub,0
12/1/23 0:00,7420.040684396722,Все категории,МО_0294,M,3,rub,0
1/1/24 0:00,7459.736442843796,Все категории,МО_0294,M,3,rub,0
2/1/24 0:00,6007.5993111419775,Все категории,МО_0294,M,3,rub,0
3/1/24 0:00,5531.793921571114,Все категории,МО_0294,M,3,rub,0
4/1/24 0:00,5229.329323728463,Все категории,МО_0294,M,3,rub,0
5/1/24 0:00,4979.041030361007,Все категории,МО_0294,M,3,rub,0
6/1/24 0:00,4771.775381844529,Все категории,МО_0294,M,3,rub,0
7/1/24 0:00,5380.759169519172,Все категории,МО_0294,M,3,rub,0
8/1/24 0:00,6041.557338696997,Все категории,МО_0294,M,3,rub,0
9/1/24 0:00,6614.675999149716,Все категории,МО_0294,M,3,rub,0
10/1/24 0:00,7676.537678455551,Все категории,МО_0294,M,3,rub,0
11/1/24 0:00,8474.02927343631,Все категории,МО_0294,M,3,rub,0
12/1/24 0:00,7876.067409788687,Все категории,МО_0294,M,3,rub,0
1/1/23 0:00,7131.467346543261,Все категории,МО_0295,M,3,rub,0
2/1/23 0:00,6357.028099979735,Все категории,МО_0295,M,3,rub,0
3/1/23 0:00,5140.559850933799,Все категории,МО_0295,M,3,rub,0
4/1/23 0:00,5019.688118874462,Все категории,МО_0295,M,3,rub,0
5/1/23 0:00,4514.582166724812,Все категории,МО_0295,M,3,rub,0
6/1/23 0:00,4682.973499831861,Все категории,МО_0295,M,3,rub,0
7/1/23 0:00,5669.519422661109,Все категории,МО_0295,M,3,rub,0
8/1/23 0:00,5810.602049727076,Все категории,МО_0295,M,3,rub,0
9/1/23 0:00,6483.635711527607,Все категории,МО_0295,M,3,rub,0
10/1/23 0:00,7749.5434198392295,Все категории,МО_0295,M,3,rub,0
11/1/23 0:00,7482.742279477707,Все категории,МО_0295,M,3,rub,0
12/1/23 0:00,7501.206897452994,Все категории,МО_0295,M,3,rub,0
1/1/24 0:00,7417.3722018815015,Все категории,МО_0295,M,3,rub,0
2/1/24 0:00,6273.820453119007,Все категории,МО_0295,M,3,rub,0
3/1/24 0:00,5181.720668191641,Все категории,МО_0295,M,3,rub,0
4/1/24 0:00,5097.337791146868,Все категории,МО_0295,M,3,rub,0
5/1/24 0:00,4683.868574432581,Все категории,МО_0295,M,3,rub,0
6/1/24 0:00,5160.9610310167955,Все категории,МО_0295,M,3,rub,0
7/1/24 0:00,5136.537462749029,Все категории,МО_0295,M,3,rub,0
8/1/24 0:00,6195.750735552269,Все категории,МО_0295,M,3,rub,0
9/1/24 0:00,7256.635597365568,Все категории,МО_0295,M,3,rub,0
10/1/24 0:00,7239.0710919702215,Все категории,МО_0295,M,3,rub,0
11/1/24 0:00,7805.104158568074,Все категории,МО_0295,M,3,rub,0
12/1/24 0:00,7849.938551975437,Все категории,МО_0295,M,3,rub,0
1/1/23 0:00,4513.128267026037,Все категории,МО_0296,M,3,rub,0
2/1/23 0:00,4618.764949721094,Все категории,МО_0296,M,3,rub,0
3/1/23 0:00,4441.744333571715,Все категории,МО_0296,M,3,rub,0
4/1/23 0:00,4468.904677023385,Все категории,МО_0296,M,3,rub,0
5/1/23 0:00,4651.208100882123,Все категории,МО_0296,M,3,rub,0
6/1/23 0:00,4823.945106728705,Все категории,МО_0296,M,3,rub,0
7/1/23 0:00,5016.967415906073,Все категории,МО_0296,M,3,rub,0
8/1/23 0:00,4942.817583523929,Все категории,МО_0296,M,3,rub,0
9/1/23 0:00,4975.061210881525,Все категории,МО_0296,M,3,rub,0
10/1/23 0:00,4998.627346848929,Все категории,МО_0296,M,3,rub,0
11/1/23 0:00,4843.17979337554,Все категории,МО_0296,M,3,rub,0
12/1/23 0:00,4538.144057927651,Все категории,МО_0296,M,3,rub,0
1/1/24 0:00,4508.907171514672,Все категории,МО_0296,M,3,rub,0
2/1/24 0:00,3919.148879636298,Все категории,МО_0296,M,3,rub,0
3/1/24 0:00,4078.665569597653,Все категории,МО_0296,M,3,rub,0
4/1/24 0:00,4201.326577359366,Все категории,МО_0296,M,3,rub,0
5/1/24 0:00,4186.538728851757,Все категории,МО_0296,M,3,rub,0
6/1/24 0:00,4911.05479755003,Все категории,МО_0296,M,3,rub,0
7/1/24 0:00,4690.666600338967,Все категории,МО_0296,M,3,rub,0
8/1/24 0:00,4839.035049081264,Все категории,МО_0296,M,3,rub,0
9/1/24 0:00,4702.219940869294,Все категории,МО_0296,M,3,rub,0
10/1/24 0:00,4731.790998894673,Все категории,МО_0296,M,3,rub,0
11/1/24 0:00,4301.856595709658,Все категории,МО_0296,M,3,rub,0
12/1/24 0:00,4331.741892891066,Все категории,МО_0296,M,3,rub,0
1/1/23 0:00,8648.089043896889,Все категории,МО_0297,M,3,rub,0
2/1/23 0:00,8977.823255588928,Все категории,МО_0297,M,3,rub,0
3/1/23 0:00,8309.756283932551,Все категории,МО_0297,M,3,rub,0
4/1/23 0:00,8420.257419821155,Все категории,МО_0297,M,3,rub,0
5/1/23 0:00,8749.019709719641,Все категории,МО_0297,M,3,rub,0
6/1/23 0:00,8285.91917032297,Все категории,МО_0297,M,3,rub,0
7/1/23 0:00,8253.290691361397,Все категории,МО_0297,M,3,rub,0
8/1/23 0:00,8323.156074720846,Все категории,МО_0297,M,3,rub,0
9/1/23 0:00,8418.665191660391,Все категории,МО_0297,M,3,rub,0
10/1/23 0:00,8588.489572827682,Все категории,МО_0297,M,3,rub,0
11/1/23 0:00,8992.114664138076,Все категории,МО_0297,M,3,rub,0
12/1/23 0:00,10188.362362195154,Все категории,МО_0297,M,3,rub,0
1/1/24 0:00,10292.193228213566,Все категории,МО_0297,M,3,rub,0
2/1/24 0:00,11267.249528819557,Все категории,МО_0297,M,3,rub,0
3/1/24 0:00,10249.97060832081,Все категории,МО_0297,M,3,rub,0
4/1/24 0:00,10672.468328965297,Все категории,МО_0297,M,3,rub,0
5/1/24 0:00,9624.578770017439,Все категории,МО_0297,M,3,rub,0
6/1/24 0:00,9715.544358876134,Все категории,МО_0297,M,3,rub,0
7/1/24 0:00,9640.197197043872,Все категории,МО_0297,M,3,rub,0
8/1/24 0:00,8941.661149867392,Все категории,МО_0297,M,3,rub,0
9/1/24 0:00,9390.623789846499,Все категории,МО_0297,M,3,rub,0
10/1/24 0:00,9747.585066068958,Все категории,МО_0297,M,3,rub,0
11/1/24 0:00,10324.990705004211,Все категории,МО_0297,M,3,rub,0
12/1/24 0:00,11598.26817127105,Все категории,МО_0297,M,3,rub,0
1/1/23 0:00,8842.324357946472,Все категории,МО_0298,M,3,rub,0
2/1/23 0:00,9067.082531385307,Все категории,МО_0298,M,3,rub,0
3/1/23 0:00,9124.060647491506,Все категории,МО_0298,M,3,rub,0
4/1/23 0:00,8238.01067184322,Все категории,МО_0298,M,3,rub,0
5/1/23 0:00,8702.64366378122,Все категории,МО_0298,M,3,rub,0
6/1/23 0:00,7997.850605474472,Все категории,МО_0298,M,3,rub,0
7/1/23 0:00,8060.800358158448,Все категории,МО_0298,M,3,rub,0
8/1/23 0:00,8133.824782586758,Все категории,МО_0298,M,3,rub,0
9/1/23 0:00,8596.761490604498,Все категории,МО_0298,M,3,rub,0
10/1/23 0:00,8678.626023651754,Все категории,МО_0298,M,3,rub,0
11/1/23 0:00,8703.771604534317,Все категории,МО_0298,M,3,rub,0
12/1/23 0:00,9860.704479371885,Все категории,МО_0298,M,3,rub,0
1/1/24 0:00,10334.314215156452,Все категории,МО_0298,M,3,rub,0
2/1/24 0:00,10135.577261853408,Все категории,МО_0298,M,3,rub,0
3/1/24 0:00,10408.8093138566,Все категории,МО_0298,M,3,rub,0
4/1/24 0:00,9950.77008271858,Все категории,МО_0298,M,3,rub,0
5/1/24 0:00,9288.167240387935,Все категории,МО_0298,M,3,rub,0
6/1/24 0:00,9523.764516207284,Все категории,МО_0298,M,3,rub,0
7/1/24 0:00,9008.144007514906,Все категории,МО_0298,M,3,rub,0
8/1/24 0:00,9108.59528257133,Все категории,МО_0298,M,3,rub,0
9/1/24 0:00,9396.941831213195,Все категории,МО_0298,M,3,rub,0
10/1/24 0:00,10434.037550926718,Все категории,МО_0298,M,3,rub,0
11/1/24 0:00,10699.93951233966,Все категории,МО_0298,M,3,rub,0
12/1/24 0:00,11395.479942318567,Все категории,МО_0298,M,3,rub,0
1/1/23 0:00,9810.291600235381,Все категории,МО_0299,M,3,rub,0
2/1/23 0:00,10272.824982740674,Все категории,МО_0299,M,3,rub,0
3/1/23 0:00,10681.703795008367,Все категории,МО_0299,M,3,rub,0
4/1/23 0:00,10635.547596585597,Все категории,МО_0299,M,3,rub,0
5/1/23 0:00,10604.551867802285,Все категории,МО_0299,M,3,rub,0
6/1/23 0:00,10426.69479917078,Все категории,МО_0299,M,3,rub,0
7/1/23 0:00,9802.52365314039,Все категории,МО_0299,M,3,rub,0
8/1/23 0:00,9686.395200764058,Все категории,МО_0299,M,3,rub,0
9/1/23 0:00,9668.215019826905,Все категории,МО_0299,M,3,rub,0
10/1/23 0:00,9532.694726354914,Все категории,МО_0299,M,3,rub,0
11/1/23 0:00,9560.62126024875,Все категории,МО_0299,M,3,rub,0
12/1/23 0:00,9609.971008771101,Все категории,МО_0299,M,3,rub,0
1/1/24 0:00,9987.298510839537,Все категории,МО_0299,M,3,rub,0
2/1/24 0:00,10497.259361162827,Все категории,МО_0299,M,3,rub,0
3/1/24 0:00,10763.464299879826,Все категории,МО_0299,M,3,rub,0
4/1/24 0:00,10712.20392742463,Все категории,МО_0299,M,3,rub,0
5/1/24 0:00,10860.414653086735,Все категории,МО_0299,M,3,rub,0
6/1/24 0:00,10586.377659787067,Все категории,МО_0299,M,3,rub,0
7/1/24 0:00,10676.618811950775,Все категории,МО_0299,M,3,rub,0
8/1/24 0:00,10185.979396543511,Все категории,МО_0299,M,3,rub,0
9/1/24 0:00,10204.921138053329,Все категории,МО_0299,M,3,rub,0
10/1/24 0:00,10067.465594581741,Все категории,МО_0299,M,3,rub,0
11/1/24 0:00,9844.39275897218,Все категории,МО_0299,M,3,rub,0
12/1/24 0:00,10323.58989392272,Все категории,МО_0299,M,3,rub,0
1/1/23 0:00,8570.961385314782,Все категории,МО_0300,M,3,rub,0
2/1/23 0:00,9023.532942627467,Все категории,МО_0300,M,3,rub,0
3/1/23 0:00,8774.711162561767,Все категории,МО_0300,M,3,rub,0
4/1/23 0:00,8810.457669555984,Все категории,МО_0300,M,3,rub,0
5/1/23 0:00,8042.606632418168,Все категории,МО_0300,M,3,rub,0
6/1/23 0:00,8085.616245159133,Все категории,МО_0300,M,3,rub,0
7/1/23 0:00,8070.4825811910105,Все категории,МО_0300,M,3,rub,0
8/1/23 0:00,8204.130506876847,Все категории,МО_0300,M,3,rub,0
9/1/23 0:00,8063.410709174193,Все категории,МО_0300,M,3,rub,0
10/1/23 0:00,8710.606967672804,Все категории,МО_0300,M,3,rub,0
11/1/23 0:00,9327.714127596808,Все категории,МО_0300,M,3,rub,0
12/1/23 0:00,10311.477283740121,Все категории,МО_0300,M,3,rub,0
1/1/24 0:00,9825.771980938025,Все категории,МО_0300,M,3,rub,0
2/1/24 0:00,10173.094946626032,Все категории,МО_0300,M,3,rub,0
3/1/24 0:00,11272.449508880189,Все категории,МО_0300,M,3,rub,0
4/1/24 0:00,9977.051222203949,Все категории,МО_0300,M,3,rub,0
5/1/24 0:00,9136.65234805321,Все категории,МО_0300,M,3,rub,0
6/1/24 0:00,9172.126454032606,Все категории,МО_0300,M,3,rub,0
7/1/24 0:00,8431.499356247476,Все категории,МО_0300,M,3,rub,0
8/1/24 0:00,9287.203659615008,Все категории,МО_0300,M,3,rub,0
9/1/24 0:00,9762.565333783066,Все категории,МО_0300,M,3,rub,0
10/1/24 0:00,9783.126092039258,Все категории,МО_0300,M,3,rub,0
11/1/24 0:00,10562.857682957148,Все категории,МО_0300,M,3,rub,0
12/1/24 0:00,11687.891723845041,Все категории,МО_0300,M,3,rub,0
1/1/23 0:00,4316.077728005679,Все категории,МО_0301,M,3,rub,0
2/1/23 0:00,4265.391773452616,Все категории,МО_0301,M,3,rub,0
3/1/23 0:00,4441.0348450791325,Все категории,МО_0301,M,3,rub,0
4/1/23 0:00,4356.9835718421455,Все категории,МО_0301,M,3,rub,0
5/1/23 0:00,4572.164512915346,Все категории,МО_0301,M,3,rub,0
6/1/23 0:00,4512.454896658485,Все категории,МО_0301,M,3,rub,0
7/1/23 0:00,5029.6343447403815,Все категории,МО_0301,M,3,rub,0
8/1/23 0:00,5055.188758156427,Все категории,МО_0301,M,3,rub,0
9/1/23 0:00,5257.500823135646,Все категории,МО_0301,M,3,rub,0
10/1/23 0:00,5078.991400039304,Все категории,МО_0301,M,3,rub,0
11/1/23 0:00,4904.454495166485,Все категории,МО_0301,M,3,rub,0
12/1/23 0:00,4315.2067167299165,Все категории,МО_0301,M,3,rub,0
1/1/24 0:00,4547.089724492507,Все категории,МО_0301,M,3,rub,0
2/1/24 0:00,4220.988215952221,Все категории,МО_0301,M,3,rub,0
3/1/24 0:00,4195.293351030084,Все категории,МО_0301,M,3,rub,0
4/1/24 0:00,4489.807991708965,Все категории,МО_0301,M,3,rub,0
5/1/24 0:00,4215.247442859314,Все категории,МО_0301,M,3,rub,0
6/1/24 0:00,4843.260063397968,Все категории,МО_0301,M,3,rub,0
7/1/24 0:00,5037.225211801387,Все категории,МО_0301,M,3,rub,0
8/1/24 0:00,4980.429183675445,Все категории,МО_0301,M,3,rub,0
9/1/24 0:00,4586.720221228064,Все категории,МО_0301,M,3,rub,0
10/1/24 0:00,4245.153847997933,Все категории,МО_0301,M,3,rub,0
11/1/24 0:00,4824.712342540748,Все категории,МО_0301,M,3,rub,0
12/1/24 0:00,4393.076815481727,Все категории,МО_0301,M,3,rub,0
1/1/23 0:00,9750.716520595866,Все категории,МО_0302,M,3,rub,0
2/1/23 0:00,10419.884667574262,Все категории,МО_0302,M,3,rub,0
3/1/23 0:00,10219.675303636785,Все категории,МО_0302,M,3,rub,0
4/1/23 0:00,10409.945173030865,Все категории,МО_0302,M,3,rub,0
5/1/23 0:00,10570.253668365041,Все категории,МО_0302,M,3,rub,0
6/1/23 0:00,10074.149268189514,Все категории,МО_0302,M,3,rub,0
7/1/23 0:00,10054.849976508338,Все категории,МО_0302,M,3,rub,0
8/1/23 0:00,10074.701349825073,Все категории,МО_0302,M,3,rub,0
9/1/23 0:00,9749.00926208014,Все категории,МО_0302,M,3,rub,0
10/1/23 0:00,9916.432680032683,Все категории,МО_0302,M,3,rub,0
11/1/23 0:00,9990.308749000658,Все категории,МО_0302,M,3,rub,0
12/1/23 0:00,9978.167814083761,Все категории,МО_0302,M,3,rub,0
1/1/24 0:00,9791.453305583262,Все категории,МО_0302,M,3,rub,0
2/1/24 0:00,10320.46972611036,Все категории,МО_0302,M,3,rub,0
3/1/24 0:00,10944.233247301734,Все категории,МО_0302,M,3,rub,0
4/1/24 0:00,10551.20100323577,Все категории,МО_0302,M,3,rub,0
5/1/24 0:00,10772.667502123615,Все категории,МО_0302,M,3,rub,0
6/1/24 0:00,10751.167284588177,Все категории,МО_0302,M,3,rub,0
7/1/24 0:00,10757.854456885123,Все категории,МО_0302,M,3,rub,0
8/1/24 0:00,10102.110143139955,Все категории,МО_0302,M,3,rub,0
9/1/24 0:00,9935.097568569261,Все категории,МО_0302,M,3,rub,0
10/1/24 0:00,10016.120105883487,Все категории,МО_0302,M,3,rub,0
11/1/24 0:00,10195.655622773025,Все категории,МО_0302,M,3,rub,0
12/1/24 0:00,10310.468975873402,Все категории,МО_0302,M,3,rub,0
1/1/23 0:00,4964.542991256679,Все категории,МО_0303,M,3,rub,0
2/1/23 0:00,4378.277593122275,Все категории,МО_0303,M,3,rub,0
3/1/23 0:00,4519.047439935568,Все категории,МО_0303,M,3,rub,0
4/1/23 0:00,4625.837122259267,Все категории,МО_0303,M,3,rub,0
5/1/23 0:00,4547.912936093908,Все категории,МО_0303,M,3,rub,0
6/1/23 0:00,5012.898753088823,Все категории,МО_0303,M,3,rub,0
7/1/23 0:00,5013.2255954463735,Все категории,МО_0303,M,3,rub,0
8/1/23 0:00,5297.945651930421,Все категории,МО_0303,M,3,rub,0
9/1/23 0:00,5164.981216364884,Все категории,МО_0303,M,3,rub,0
10/1/23 0:00,5123.8850602057355,Все категории,МО_0303,M,3,rub,0
11/1/23 0:00,4702.949106145123,Все категории,МО_0303,M,3,rub,0
12/1/23 0:00,4494.803772691817,Все категории,МО_0303,M,3,rub,0
1/1/24 0:00,4716.55025284827,Все категории,МО_0303,M,3,rub,0
2/1/24 0:00,4429.949202760761,Все категории,МО_0303,M,3,rub,0
3/1/24 0:00,4019.449380711708,Все категории,МО_0303,M,3,rub,0
4/1/24 0:00,4299.246994101311,Все категории,МО_0303,M,3,rub,0
5/1/24 0:00,3880.6057794962385,Все категории,МО_0303,M,3,rub,0
6/1/24 0:00,4398.800262781783,Все категории,МО_0303,M,3,rub,0
7/1/24 0:00,4916.9233332179665,Все категории,МО_0303,M,3,rub,0
8/1/24 0:00,4766.534721833059,Все категории,МО_0303,M,3,rub,0
9/1/24 0:00,4845.700873096358,Все категории,МО_0303,M,3,rub,0
10/1/24 0:00,4072.567602980337,Все категории,МО_0303,M,3,rub,0
11/1/24 0:00,4482.570652693041,Все категории,МО_0303,M,3,rub,0
12/1/24 0:00,4443.19720646175,Все категории,МО_0303,M,3,rub,0
1/1/23 0:00,7102.695444408736,Все категории,МО_0304,M,3,rub,0
2/1/23 0:00,6431.250623770121,Все категории,МО_0304,M,3,rub,0
3/1/23 0:00,5404.277384042127,Все категории,МО_0304,M,3,rub,0
4/1/23 0:00,4895.579155069711,Все категории,МО_0304,M,3,rub,0
5/1/23 0:00,4457.991485580121,Все категории,МО_0304,M,3,rub,0
6/1/23 0:00,4755.7189696819205,Все категории,МО_0304,M,3,rub,0
7/1/23 0:00,4943.945430112949,Все категории,МО_0304,M,3,rub,0
8/1/23 0:00,5451.5493250782465,Все категории,МО_0304,M,3,rub,0
9/1/23 0:00,6394.774733412926,Все категории,МО_0304,M,3,rub,0
10/1/23 0:00,7860.718552979204,Все категории,МО_0304,M,3,rub,0
11/1/23 0:00,7688.179133164768,Все категории,МО_0304,M,3,rub,0
12/1/23 0:00,7704.12413593099,Все категории,МО_0304,M,3,rub,0
1/1/24 0:00,6912.441521516788,Все категории,МО_0304,M,3,rub,0
2/1/24 0:00,5830.208414546881,Все категории,МО_0304,M,3,rub,0
3/1/24 0:00,5726.162486523916,Все категории,МО_0304,M,3,rub,0
4/1/24 0:00,4572.5493387027,Все категории,МО_0304,M,3,rub,0
5/1/24 0:00,4654.299030350127,Все категории,МО_0304,M,3,rub,0
6/1/24 0:00,4842.07890230042,Все категории,МО_0304,M,3,rub,0
7/1/24 0:00,5311.351224265821,Все категории,МО_0304,M,3,rub,0
8/1/24 0:00,5770.483478152579,Все категории,МО_0304,M,3,rub,0
9/1/24 0:00,6279.999648247163,Все категории,МО_0304,M,3,rub,0
10/1/24 0:00,7253.520180819934,Все категории,МО_0304,M,3,rub,0
11/1/24 0:00,7633.573622386604,Все категории,МО_0304,M,3,rub,0
12/1/24 0:00,7493.507307027471,Все категории,МО_0304,M,3,rub,0
1/1/23 0:00,10091.019731351416,Все категории,МО_0305,M,3,rub,0
2/1/23 0:00,9934.09386452385,Все категории,МО_0305,M,3,rub,0
3/1/23 0:00,10460.074455162869,Все категории,МО_0305,M,3,rub,0
4/1/23 0:00,10531.920169092318,Все категории,МО_0305,M,3,rub,0
5/1/23 0:00,10662.736496219335,Все категории,МО_0305,M,3,rub,0
6/1/23 0:00,10273.647109962558,Все категории,МО_0305,M,3,rub,0
7/1/23 0:00,10237.601261482925,Все категории,МО_0305,M,3,rub,0
8/1/23 0:00,9823.72440973173,Все категории,МО_0305,M,3,rub,0
9/1/23 0:00,9792.6421372349,Все категории,МО_0305,M,3,rub,0
10/1/23 0:00,9385.687281529501,Все категории,МО_0305,M,3,rub,0
11/1/23 0:00,9264.38880408496,Все категории,МО_0305,M,3,rub,0
12/1/23 0:00,10052.241636979803,Все категории,МО_0305,M,3,rub,0
1/1/24 0:00,10348.77736283249,Все категории,МО_0305,M,3,rub,0
2/1/24 0:00,10652.075626584061,Все категории,МО_0305,M,3,rub,0
3/1/24 0:00,10665.85311668374,Все категории,МО_0305,M,3,rub,0
4/1/24 0:00,11212.611437971373,Все категории,МО_0305,M,3,rub,0
5/1/24 0:00,10744.010482618713,Все категории,МО_0305,M,3,rub,0
6/1/24 0:00,10768.899472549516,Все категории,МО_0305,M,3,rub,0
7/1/24 0:00,10571.243587520263,Все категории,МО_0305,M,3,rub,0
8/1/24 0:00,10576.34098740764,Все категории,МО_0305,M,3,rub,0
9/1/24 0:00,10000.177655966056,Все категории,МО_0305,M,3,rub,0
10/1/24 0:00,9896.497066822578,Все категории,МО_0305,M,3,rub,0
11/1/24 0:00,9825.495048879235,Все категории,МО_0305,M,3,rub,0
12/1/24 0:00,10668.46358621323,Все категории,МО_0305,M,3,rub,0
1/1/23 0:00,9007.80079414447,Все категории,МО_0306,M,3,rub,0
2/1/23 0:00,9176.734243970353,Все категории,МО_0306,M,3,rub,0
3/1/23 0:00,9852.536203397254,Все категории,МО_0306,M,3,rub,0
4/1/23 0:00,8795.426220526839,Все категории,МО_0306,M,3,rub,0
5/1/23 0:00,8052.271508777502,Все категории,МО_0306,M,3,rub,0
6/1/23 0:00,8034.691057985229,Все категории,МО_0306,M,3,rub,0
7/1/23 0:00,7704.4442690529395,Все категории,МО_0306,M,3,rub,0
8/1/23 0:00,7889.508421147873,Все категории,МО_0306,M,3,rub,0
9/1/23 0:00,8151.353414326419,Все категории,МО_0306,M,3,rub,0
10/1/23 0:00,8553.993191305,Все категории,МО_0306,M,3,rub,0
11/1/23 0:00,8896.581466756024,Все категории,МО_0306,M,3,rub,0
12/1/23 0:00,10325.523449817958,Все категории,МО_0306,M,3,rub,0
1/1/24 0:00,10364.785706462095,Все категории,МО_0306,M,3,rub,0
2/1/24 0:00,10384.511324027228,Все категории,МО_0306,M,3,rub,0
3/1/24 0:00,10601.090914292787,Все категории,МО_0306,M,3,rub,0
4/1/24 0:00,10202.293160827252,Все категории,МО_0306,M,3,rub,0
5/1/24 0:00,9750.266234751141,Все категории,МО_0306,M,3,rub,0
6/1/24 0:00,9527.626188591224,Все категории,МО_0306,M,3,rub,0
7/1/24 0:00,9198.669506462436,Все категории,МО_0306,M,3,rub,0
8/1/24 0:00,9407.587310862846,Все категории,МО_0306,M,3,rub,0
9/1/24 0:00,9745.98137795562,Все категории,МО_0306,M,3,rub,0
10/1/24 0:00,10103.586982919085,Все категории,МО_0306,M,3,rub,0
11/1/24 0:00,10642.482117716649,Все категории,МО_0306,M,3,rub,0
12/1/24 0:00,11902.586386609764,Все категории,МО_0306,M,3,rub,0
1/1/23 0:00,6839.719318277328,Все категории,МО_0307,M,3,rub,0
2/1/23 0:00,6286.015053599168,Все категории,МО_0307,M,3,rub,0
3/1/23 0:00,5540.902505795604,Все категории,МО_0307,M,3,rub,0
4/1/23 0:00,4809.420039986022,Все категории,МО_0307,M,3,rub,0
5/1/23 0:00,4552.470837629461,Все категории,МО_0307,M,3,rub,0
6/1/23 0:00,4727.3966893050765,Все категории,МО_0307,M,3,rub,0
7/1/23 0:00,5098.457336148235,Все категории,МО_0307,M,3,rub,0
8/1/23 0:00,5537.202616889023,Все категории,МО_0307,M,3,rub,0
9/1/23 0:00,6506.675048385026,Все категории,МО_0307,M,3,rub,0
10/1/23 0:00,7479.6017178347665,Все категории,МО_0307,M,3,rub,0
11/1/23 0:00,8175.5186907688085,Все категории,МО_0307,M,3,rub,0
12/1/23 0:00,7807.902379686574,Все категории,МО_0307,M,3,rub,0
1/1/24 0:00,6359.065147168074,Все категории,МО_0307,M,3,rub,0
2/1/24 0:00,6425.837276680581,Все категории,МО_0307,M,3,rub,0
3/1/24 0:00,5393.933989126271,Все категории,МО_0307,M,3,rub,0
4/1/24 0:00,5078.835586794504,Все категории,МО_0307,M,3,rub,0
5/1/24 0:00,4756.050570921817,Все категории,МО_0307,M,3,rub,0
6/1/24 0:00,4815.410249303712,Все категории,МО_0307,M,3,rub,0
7/1/24 0:00,5241.130691485112,Все категории,МО_0307,M,3,rub,0
8/1/24 0:00,5935.30063023667,Все категории,МО_0307,M,3,rub,0
9/1/24 0:00,7132.519818169489,Все категории,МО_0307,M,3,rub,0
10/1/24 0:00,7483.8264406384915,Все категории,МО_0307,M,3,rub,0
11/1/24 0:00,8214.721628389983,Все категории,МО_0307,M,3,rub,0
12/1/24 0:00,8024.961950690789,Все категории,МО_0307,M,3,rub,0
1/1/23 0:00,9074.424807441683,Все категории,МО_0308,M,3,rub,0
2/1/23 0:00,8580.403983492486,Все категории,МО_0308,M,3,rub,0
3/1/23 0:00,9278.749235569847,Все категории,МО_0308,M,3,rub,0
4/1/23 0:00,8591.243248893443,Все категории,МО_0308,M,3,rub,0
5/1/23 0:00,8554.82701854609,Все категории,МО_0308,M,3,rub,0
6/1/23 0:00,7849.6557016318375,Все категории,МО_0308,M,3,rub,0
7/1/23 0:00,7655.991861457283,Все категории,МО_0308,M,3,rub,0
8/1/23 0:00,8471.448783212443,Все категории,МО_0308,M,3,rub,0
9/1/23 0:00,8016.902879363596,Все категории,МО_0308,M,3,rub,0
10/1/23 0:00,9010.51424349934,Все категории,МО_0308,M,3,rub,0
11/1/23 0:00,9309.339866264423,Все категории,МО_0308,M,3,rub,0
12/1/23 0:00,9720.530392565532,Все категории,МО_0308,M,3,rub,0
1/1/24 0:00,10258.470587492167,Все категории,МО_0308,M,3,rub,0
2/1/24 0:00,10054.765753383568,Все категории,МО_0308,M,3,rub,0
3/1/24 0:00,10358.57983624676,Все категории,МО_0308,M,3,rub,0
4/1/24 0:00,9737.635117044196,Все категории,МО_0308,M,3,rub,0
5/1/24 0:00,9555.917106742238,Все категории,МО_0308,M,3,rub,0
6/1/24 0:00,9596.559444937797,Все категории,МО_0308,M,3,rub,0
7/1/24 0:00,9231.915277882777,Все категории,МО_0308,M,3,rub,0
8/1/24 0:00,8819.319966574623,Все категории,МО_0308,M,3,rub,0
9/1/24 0:00,9774.786932658775,Все категории,МО_0308,M,3,rub,0
10/1/24 0:00,10052.244598609288,Все категории,МО_0308,M,3,rub,0
11/1/24 0:00,10540.236858460621,Все категории,МО_0308,M,3,rub,0
12/1/24 0:00,11626.001228971767,Все категории,МО_0308,M,3,rub,0
1/1/23 0:00,9864.086985241704,Все категории,МО_0309,M,3,rub,0
2/1/23 0:00,9943.623527399417,Все категории,МО_0309,M,3,rub,0
3/1/23 0:00,10788.731237132302,Все категории,МО_0309,M,3,rub,0
4/1/23 0:00,10495.000198223763,Все категории,МО_0309,M,3,rub,0
5/1/23 0:00,10442.857867769197,Все категории,МО_0309,M,3,rub,0
6/1/23 0:00,10217.915667869542,Все категории,МО_0309,M,3,rub,0
7/1/23 0:00,10317.526342286847,Все категории,МО_0309,M,3,rub,0
8/1/23 0:00,9754.679814743175,Все категории,МО_0309,M,3,rub,0
9/1/23 0:00,9412.549514834938,Все категории,МО_0309,M,3,rub,0
10/1/23 0:00,9541.695239932991,Все категории,МО_0309,M,3,rub,0
11/1/23 0:00,10028.980410690992,Все категории,МО_0309,M,3,rub,0
12/1/23 0:00,10144.050380829949,Все категории,МО_0309,M,3,rub,0
1/1/24 0:00,10207.72113515478,Все категории,МО_0309,M,3,rub,0
2/1/24 0:00,10845.061595131465,Все категории,МО_0309,M,3,rub,0
3/1/24 0:00,10940.864718531866,Все категории,МО_0309,M,3,rub,0
4/1/24 0:00,10825.59170911911,Все категории,МО_0309,M,3,rub,0
5/1/24 0:00,10807.364437464756,Все категории,МО_0309,M,3,rub,0
6/1/24 0:00,10749.197231618633,Все категории,МО_0309,M,3,rub,0
7/1/24 0:00,10273.90291094823,Все категории,МО_0309,M,3,rub,0
8/1/24 0:00,10219.87978849345,Все категории,МО_0309,M,3,rub,0
9/1/24 0:00,10126.074371421228,Все категории,МО_0309,M,3,rub,0
10/1/24 0:00,9693.983121040079,Все категории,МО_0309,M,3,rub,0
11/1/24 0:00,10086.087957593183,Все категории,МО_0309,M,3,rub,0
12/1/24 0:00,10279.828708701782,Все категории,МО_0309,M,3,rub,0
1/1/23 0:00,7264.398343572122,Все категории,МО_0310,M,3,rub,0
2/1/23 0:00,5748.24683113391,Все категории,МО_0310,M,3,rub,0
3/1/23 0:00,5367.3849579203525,Все категории,МО_0310,M,3,rub,0
4/1/23 0:00,4834.069363347341,Все категории,МО_0310,M,3,rub,0
5/1/23 0:00,4886.058084821775,Все категории,МО_0310,M,3,rub,0
6/1/23 0:00,4786.439838059228,Все категории,МО_0310,M,3,rub,0
7/1/23 0:00,5587.156440095101,Все категории,МО_0310,M,3,rub,0
8/1/23 0:00,6027.324343738585,Все категории,МО_0310,M,3,rub,0
9/1/23 0:00,6569.774203009974,Все категории,МО_0310,M,3,rub,0
10/1/23 0:00,7471.658327003662,Все категории,МО_0310,M,3,rub,0
11/1/23 0:00,7662.541118461412,Все категории,МО_0310,M,3,rub,0
12/1/23 0:00,7903.743726424658,Все категории,МО_0310,M,3,rub,0
1/1/24 0:00,6689.738923643549,Все категории,МО_0310,M,3,rub,0
2/1/24 0:00,6060.103929850363,Все категории,МО_0310,M,3,rub,0
3/1/24 0:00,5617.173800739971,Все категории,МО_0310,M,3,rub,0
4/1/24 0:00,5238.258391646517,Все категории,МО_0310,M,3,rub,0
5/1/24 0:00,4357.525186254686,Все категории,МО_0310,M,3,rub,0
6/1/24 0:00,5126.932861604038,Все категории,МО_0310,M,3,rub,0
7/1/24 0:00,5233.191282543589,Все категории,МО_0310,M,3,rub,0
8/1/24 0:00,5509.4216525757165,Все категории,МО_0310,M,3,rub,0
9/1/24 0:00,5994.361456414676,Все категории,МО_0310,M,3,rub,0
10/1/24 0:00,7045.260929944817,Все категории,МО_0310,M,3,rub,0
11/1/24 0:00,7859.462544830298,Все категории,МО_0310,M,3,rub,0
12/1/24 0:00,7708.50890635562,Все категории,МО_0310,M,3,rub,0
1/1/23 0:00,7150.56070872756,Все категории,МО_0311,M,3,rub,0
2/1/23 0:00,6053.855259280022,Все категории,МО_0311,M,3,rub,0
3/1/23 0:00,5213.646090258413,Все категории,МО_0311,M,3,rub,0
4/1/23 0:00,4847.3655006588415,Все категории,МО_0311,M,3,rub,0
5/1/23 0:00,4708.30247186839,Все категории,МО_0311,M,3,rub,0
6/1/23 0:00,4839.249568176061,Все категории,МО_0311,M,3,rub,0
7/1/23 0:00,5038.256536909488,Все категории,МО_0311,M,3,rub,0
8/1/23 0:00,6085.278665744628,Все категории,МО_0311,M,3,rub,0
9/1/23 0:00,6514.513362952814,Все категории,МО_0311,M,3,rub,0
10/1/23 0:00,7147.35194248099,Все категории,МО_0311,M,3,rub,0
11/1/23 0:00,7605.03676058045,Все категории,МО_0311,M,3,rub,0
12/1/23 0:00,7972.150653900864,Все категории,МО_0311,M,3,rub,0
1/1/24 0:00,7018.509678054832,Все категории,МО_0311,M,3,rub,0
2/1/24 0:00,6091.499343349871,Все категории,МО_0311,M,3,rub,0
3/1/24 0:00,5723.8712490475755,Все категории,МО_0311,M,3,rub,0
4/1/24 0:00,5433.963308261106,Все категории,МО_0311,M,3,rub,0
5/1/24 0:00,4798.821311195404,Все категории,МО_0311,M,3,rub,0
6/1/24 0:00,5098.174056299231,Все категории,МО_0311,M,3,rub,0
7/1/24 0:00,5485.289118062414,Все категории,МО_0311,M,3,rub,0
8/1/24 0:00,5798.440852223654,Все категории,МО_0311,M,3,rub,0
9/1/24 0:00,6766.29554974114,Все категории,МО_0311,M,3,rub,0
10/1/24 0:00,7115.167974145199,Все категории,МО_0311,M,3,rub,0
11/1/24 0:00,7801.443098119322,Все категории,МО_0311,M,3,rub,0
12/1/24 0:00,7537.669717811448,Все категории,МО_0311,M,3,rub,0
1/1/23 0:00,9817.701205876228,Все категории,МО_0312,M,3,rub,0
2/1/23 0:00,10026.652729376327,Все категории,МО_0312,M,3,rub,0
3/1/23 0:00,10337.768723635321,Все категории,МО_0312,M,3,rub,0
4/1/23 0:00,10610.980643980138,Все категории,МО_0312,M,3,rub,0
5/1/23 0:00,10434.902041575073,Все категории,МО_0312,M,3,rub,0
6/1/23 0:00,9924.011821805321,Все категории,МО_0312,M,3,rub,0
7/1/23 0:00,9927.635270024799,Все категории,МО_0312,M,3,rub,0
8/1/23 0:00,9562.572051930736,Все категории,МО_0312,M,3,rub,0
9/1/23 0:00,9755.435875557743,Все категории,МО_0312,M,3,rub,0
10/1/23 0:00,9769.947264068684,Все категории,МО_0312,M,3,rub,0
11/1/23 0:00,9816.595926413936,Все категории,МО_0312,M,3,rub,0
12/1/23 0:00,9820.741543910523,Все категории,МО_0312,M,3,rub,0
1/1/24 0:00,10310.695964692473,Все категории,МО_0312,M,3,rub,0
2/1/24 0:00,10452.51308292059,Все категории,МО_0312,M,3,rub,0
3/1/24 0:00,10535.826344667417,Все категории,МО_0312,M,3,rub,0
4/1/24 0:00,11046.165116102484,Все категории,МО_0312,M,3,rub,0
5/1/24 0:00,11022.146271954301,Все категории,МО_0312,M,3,rub,0
6/1/24 0:00,10883.22519255622,Все категории,МО_0312,M,3,rub,0
7/1/24 0:00,10319.937966292822,Все категории,МО_0312,M,3,rub,0
8/1/24 0:00,10462.861291597681,Все категории,МО_0312,M,3,rub,0
9/1/24 0:00,9964.928771802983,Все категории,МО_0312,M,3,rub,0
10/1/24 0:00,10158.54016671835,Все категории,МО_0312,M,3,rub,0
11/1/24 0:00,10021.42396257615,Все категории,МО_0312,M,3,rub,0
12/1/24 0:00,10296.098918771331,Все категории,МО_0312,M,3,rub,0
1/1/23 0:00,8271.478682949066,Все категории,МО_0313,M,3,rub,0
2/1/23 0:00,8971.22438822855,Все категории,МО_0313,M,3,rub,0
3/1/23 0:00,8997.623405267841,Все категории,МО_0313,M,3,rub,0
4/1/23 0:00,8603.58526741853,Все категории,МО_0313,M,3,rub,0
5/1/23 0:00,8826.06707766257,Все категории,МО_0313,M,3,rub,0
6/1/23 0:00,7805.055568970675,Все категории,МО_0313,M,3,rub,0
7/1/23 0:00,7800.075204939867,Все категории,МО_0313,M,3,rub,0
8/1/23 0:00,7769.949790718507,Все категории,МО_0313,M,3,rub,0
9/1/23 0:00,8112.031705305357,Все категории,МО_0313,M,3,rub,0
10/1/23 0:00,8979.564077776877,Все категории,МО_0313,M,3,rub,0
11/1/23 0:00,9696.902717857804,Все категории,МО_0313,M,3,rub,0
12/1/23 0:00,9639.025434861845,Все категории,МО_0313,M,3,rub,0
1/1/24 0:00,10051.867150143204,Все категории,МО_0313,M,3,rub,0
2/1/24 0:00,10098.285953395472,Все категории,МО_0313,M,3,rub,0
3/1/24 0:00,10777.022689495236,Все категории,МО_0313,M,3,rub,0
4/1/24 0:00,10403.170637483528,Все категории,МО_0313,M,3,rub,0
5/1/24 0:00,9639.260699741251,Все категории,МО_0313,M,3,rub,0
6/1/24 0:00,8950.976927815092,Все категории,МО_0313,M,3,rub,0
7/1/24 0:00,8809.590304963904,Все категории,МО_0313,M,3,rub,0
8/1/24 0:00,9267.640016171918,Все категории,МО_0313,M,3,rub,0
9/1/24 0:00,9686.583678785366,Все категории,МО_0313,M,3,rub,0
10/1/24 0:00,9450.093176645805,Все категории,МО_0313,M,3,rub,0
11/1/24 0:00,10610.311124887974,Все категории,МО_0313,M,3,rub,0
12/1/24 0:00,11934.014242731795,Все категории,МО_0313,M,3,rub,0
1/1/23 0:00,9854.168236447502,Все категории,МО_0314,M,3,rub,0
2/1/23 0:00,10485.962760959568,Все категории,МО_0314,M,3,rub,0
3/1/23 0:00,10533.14459729809,Все категории,МО_0314,M,3,rub,0
4/1/23 0:00,10273.411285394493,Все категории,МО_0314,M,3,rub,0
5/1/23 0:00,10398.822362283865,Все категории,МО_0314,M,3,rub,0
6/1/23 0:00,10274.558963975098,Все категории,МО_0314,M,3,rub,0
7/1/23 0:00,9886.740239700626,Все категории,МО_0314,M,3,rub,0
8/1/23 0:00,9668.250382403046,Все категории,МО_0314,M,3,rub,0
9/1/23 0:00,10004.938515815244,Все категории,МО_0314,M,3,rub,0
10/1/23 0:00,9484.866312115333,Все категории,МО_0314,M,3,rub,0
11/1/23 0:00,9979.29226378965,Все категории,МО_0314,M,3,rub,0
12/1/23 0:00,9889.909861130425,Все категории,МО_0314,M,3,rub,0
1/1/24 0:00,10254.656903136527,Все категории,МО_0314,M,3,rub,0
2/1/24 0:00,10670.485966282293,Все категории,МО_0314,M,3,rub,0
3/1/24 0:00,10650.15895875765,Все категории,МО_0314,M,3,rub,0
4/1/24 0:00,11007.785633360478,Все категории,МО_0314,M,3,rub,0
5/1/24 0:00,10408.443973178528,Все категории,МО_0314,M,3,rub,0
6/1/24 0:00,10772.955452380793,Все категории,МО_0314,M,3,rub,0
7/1/24 0:00,9943.05302147218,Все категории,МО_0314,M,3,rub,0
8/1/24 0:00,10172.701270907291,Все категории,МО_0314,M,3,rub,0
9/1/24 0:00,10237.201697476334,Все категории,МО_0314,M,3,rub,0
10/1/24 0:00,10152.20199358142,Все категории,МО_0314,M,3,rub,0
11/1/24 0:00,9864.823435588742,Все категории,МО_0314,M,3,rub,0
12/1/24 0:00,10103.192197768112,Все категории,МО_0314,M,3,rub,0
1/1/23 0:00,6782.297273290861,Все категории,МО_0315,M,3,rub,0
2/1/23 0:00,6234.656114939065,Все категории,МО_0315,M,3,rub,0
3/1/23 0:00,5024.48886640564,Все категории,МО_0315,M,3,rub,0
4/1/23 0:00,4925.5201048661065,Все категории,МО_0315,M,3,rub,0
5/1/23 0:00,4760.916525921909,Все категории,МО_0315,M,3,rub,0
6/1/23 0:00,4740.806466169503,Все категории,МО_0315,M,3,rub,0
7/1/23 0:00,5310.2532317614505,Все категории,МО_0315,M,3,rub,0
8/1/23 0:00,5922.529388587697,Все категории,МО_0315,M,3,rub,0
9/1/23 0:00,6535.325884647792,Все категории,МО_0315,M,3,rub,0
10/1/23 0:00,6848.865721729406,Все категории,МО_0315,M,3,rub,0
11/1/23 0:00,7813.4213669593055,Все категории,МО_0315,M,3,rub,0
12/1/23 0:00,7351.009703494893,Все категории,МО_0315,M,3,rub,0
1/1/24 0:00,6894.5348845327735,Все категории,МО_0315,M,3,rub,0
2/1/24 0:00,6384.286633404678,Все категории,МО_0315,M,3,rub,0
3/1/24 0:00,5837.4519610014695,Все категории,МО_0315,M,3,rub,0
4/1/24 0:00,4980.032475467184,Все категории,МО_0315,M,3,rub,0
5/1/24 0:00,4865.383863832466,Все категории,МО_0315,M,3,rub,0
6/1/24 0:00,4580.231649614696,Все категории,МО_0315,M,3,rub,0
7/1/24 0:00,5314.546205740278,Все категории,МО_0315,M,3,rub,0
8/1/24 0:00,5926.408708031167,Все категории,МО_0315,M,3,rub,0
9/1/24 0:00,7099.735196014474,Все категории,МО_0315,M,3,rub,0
10/1/24 0:00,7329.536538495109,Все категории,МО_0315,M,3,rub,0
11/1/24 0:00,7790.000430378376,Все категории,МО_0315,M,3,rub,0
12/1/24 0:00,8063.222348406125,Все категории,МО_0315,M,3,rub,0
1/1/23 0:00,6946.107323657001,Все категории,МО_0316,M,3,rub,0
2/1/23 0:00,5919.90933583466,Все категории,МО_0316,M,3,rub,0
3/1/23 0:00,6035.5464012084585,Все категории,МО_0316,M,3,rub,0
4/1/23 0:00,4720.0297691348005,Все категории,МО_0316,M,3,rub,0
5/1/23 0:00,4689.823830488447,Все категории,МО_0316,M,3,rub,0
6/1/23 0:00,4861.739400666437,Все категории,МО_0316,M,3,rub,0
7/1/23 0:00,5255.795567497581,Все категории,МО_0316,M,3,rub,0
8/1/23 0:00,5825.383910943818,Все категории,МО_0316,M,3,rub,0
9/1/23 0:00,6629.291720272869,Все категории,МО_0316,M,3,rub,0
10/1/23 0:00,7331.157017124745,Все категории,МО_0316,M,3,rub,0
11/1/23 0:00,7432.550463746404,Все категории,МО_0316,M,3,rub,0
12/1/23 0:00,8322.556352952972,Все категории,МО_0316,M,3,rub,0
1/1/24 0:00,6994.0733093529725,Все категории,МО_0316,M,3,rub,0
2/1/24 0:00,6414.442116730465,Все категории,МО_0316,M,3,rub,0
3/1/24 0:00,5442.371720759168,Все категории,МО_0316,M,3,rub,0
4/1/24 0:00,4917.3426373832035,Все категории,МО_0316,M,3,rub,0
5/1/24 0:00,4672.8318310738005,Все категории,МО_0316,M,3,rub,0
6/1/24 0:00,4560.96816324796,Все категории,МО_0316,M,3,rub,0
7/1/24 0:00,5228.90475035023,Все категории,МО_0316,M,3,rub,0
8/1/24 0:00,5844.694617258136,Все категории,МО_0316,M,3,rub,0
9/1/24 0:00,7083.36703205862,Все категории,МО_0316,M,3,rub,0
10/1/24 0:00,7139.641894067708,Все категории,МО_0316,M,3,rub,0
11/1/24 0:00,7686.154033378686,Все категории,МО_0316,M,3,rub,0
12/1/24 0:00,7456.029801472489,Все категории,МО_0316,M,3,rub,0
1/1/23 0:00,7385.834971821686,Все категории,МО_0317,M,3,rub,0
2/1/23 0:00,5976.878557565449,Все категории,МО_0317,M,3,rub,0
3/1/23 0:00,5573.889206559914,Все категории,МО_0317,M,3,rub,0
4/1/23 0:00,5123.128440908154,Все категории,МО_0317,M,3,rub,0
5/1/23 0:00,4674.57432800723,Все категории,МО_0317,M,3,rub,0
6/1/23 0:00,4537.863510885786,Все категории,МО_0317,M,3,rub,0
7/1/23 0:00,4923.7012321636985,Все категории,МО_0317,M,3,rub,0
8/1/23 0:00,6075.1411011900955,Все категории,МО_0317,M,3,rub,0
9/1/23 0:00,6350.0622946571675,Все категории,МО_0317,M,3,rub,0
10/1/23 0:00,7517.335018744398,Все категории,МО_0317,M,3,rub,0
11/1/23 0:00,7807.465444350227,Все категории,МО_0317,M,3,rub,0
12/1/23 0:00,7752.7373883168,Все категории,МО_0317,M,3,rub,0
1/1/24 0:00,7190.251493520128,Все категории,МО_0317,M,3,rub,0
2/1/24 0:00,6033.504128297707,Все категории,МО_0317,M,3,rub,0
3/1/24 0:00,5304.6295065310005,Все категории,МО_0317,M,3,rub,0
4/1/24 0:00,5132.310268245341,Все категории,МО_0317,M,3,rub,0
5/1/24 0:00,4640.440224912545,Все категории,МО_0317,M,3,rub,0
6/1/24 0:00,4347.160221743519,Все категории,МО_0317,M,3,rub,0
7/1/24 0:00,5400.960979517211,Все категории,МО_0317,M,3,rub,0
8/1/24 0:00,5699.418780885214,Все категории,МО_0317,M,3,rub,0
9/1/24 0:00,6886.574688158843,Все категории,МО_0317,M,3,rub,0
10/1/24 0:00,7918.830247355876,Все категории,МО_0317,M,3,rub,0
11/1/24 0:00,7870.935449775436,Все категории,МО_0317,M,3,rub,0
12/1/24 0:00,8042.912962090249,Все категории,МО_0317,M,3,rub,0
1/1/23 0:00,4747.16555072746,Все категории,МО_0318,M,3,rub,0
2/1/23 0:00,4933.181238174371,Все категории,МО_0318,M,3,rub,0
3/1/23 0:00,4259.6535306939795,Все категории,МО_0318,M,3,rub,0
4/1/23 0:00,4522.14287758036,Все категории,МО_0318,M,3,rub,0
5/1/23 0:00,4798.666914108354,Все категории,МО_0318,M,3,rub,0
6/1/23 0:00,4761.240561868502,Все категории,МО_0318,M,3,rub,0
7/1/23 0:00,5271.118410392311,Все категории,МО_0318,M,3,rub,0
8/1/23 0:00,4984.2097732750935,Все категории,МО_0318,M,3,rub,0
9/1/23 0:00,5672.697862274206,Все категории,МО_0318,M,3,rub,0
10/1/23 0:00,5591.2484512429,Все категории,МО_0318,M,3,rub,0
11/1/23 0:00,4922.974736261433,Все категории,МО_0318,M,3,rub,0
12/1/23 0:00,4768.78071382361,Все категории,МО_0318,M,3,rub,0
1/1/24 0:00,4708.839097466888,Все категории,МО_0318,M,3,rub,0
2/1/24 0:00,4044.0745073960065,Все категории,МО_0318,M,3,rub,0
3/1/24 0:00,3961.7790556560217,Все категории,МО_0318,M,3,rub,0
4/1/24 0:00,4536.780702563677,Все категории,МО_0318,M,3,rub,0
5/1/24 0:00,4429.911013037884,Все категории,МО_0318,M,3,rub,0
6/1/24 0:00,4475.8826928747485,Все категории,МО_0318,M,3,rub,0
7/1/24 0:00,4688.852004962583,Все категории,МО_0318,M,3,rub,0
8/1/24 0:00,4257.04293824121,Все категории,МО_0318,M,3,rub,0
9/1/24 0:00,4771.535423027521,Все категории,МО_0318,M,3,rub,0
10/1/24 0:00,4560.537031214051,Все категории,МО_0318,M,3,rub,0
11/1/24 0:00,4786.08596388416,Все категории,МО_0318,M,3,rub,0
12/1/24 0:00,4591.52464955435,Все категории,МО_0318,M,3,rub,0
1/1/23 0:00,4848.608911571878,Все категории,МО_0319,M,3,rub,0
2/1/23 0:00,4647.760671393231,Все категории,МО_0319,M,3,rub,0
3/1/23 0:00,4167.956401703945,Все категории,МО_0319,M,3,rub,0
4/1/23 0:00,4659.596574903514,Все категории,МО_0319,M,3,rub,0
5/1/23 0:00,4788.178032840775,Все категории,МО_0319,M,3,rub,0
6/1/23 0:00,5115.568193806996,Все категории,МО_0319,M,3,rub,0
7/1/23 0:00,5531.959556301817,Все категории,МО_0319,M,3,rub,0
8/1/23 0:00,4679.769297166684,Все категории,МО_0319,M,3,rub,0
9/1/23 0:00,5016.700361921047,Все категории,МО_0319,M,3,rub,0
10/1/23 0:00,4845.15575158895,Все категории,МО_0319,M,3,rub,0
11/1/23 0:00,4896.079234487631,Все категории,МО_0319,M,3,rub,0
12/1/23 0:00,4641.932147060549,Все категории,МО_0319,M,3,rub,0
1/1/24 0:00,4384.842582496562,Все категории,МО_0319,M,3,rub,0
2/1/24 0:00,4517.653912517228,Все категории,МО_0319,M,3,rub,0
3/1/24 0:00,4003.714162947762,Все категории,МО_0319,M,3,rub,0
4/1/24 0:00,4044.4300778143233,Все категории,МО_0319,M,3,rub,0
5/1/24 0:00,4151.496241177242,Все категории,МО_0319,M,3,rub,0
6/1/24 0:00,4446.034009654718,Все категории,МО_0319,M,3,rub,0
7/1/24 0:00,4407.034884341949,Все категории,МО_0319,M,3,rub,0
8/1/24 0:00,4784.8193580370225,Все категории,МО_0319,M,3,rub,0
9/1/24 0:00,4777.520799289476,Все категории,МО_0319,M,3,rub,0
10/1/24 0:00,4552.911725024806,Все категории,МО_0319,M,3,rub,0
11/1/24 0:00,4775.495231114562,Все категории,МО_0319,M,3,rub,0
12/1/24 0:00,4355.701041303121,Все категории,МО_0319,M,3,rub,0
1/1/23 0:00,9182.7621808654,Все категории,МО_0320,M,3,rub,0
2/1/23 0:00,9000.031396069753,Все категории,МО_0320,M,3,rub,0
3/1/23 0:00,8966.558464697715,Все категории,МО_0320,M,3,rub,0
4/1/23 0:00,8564.253957175555,Все категории,МО_0320,M,3,rub,0
5/1/23 0:00,8371.327487367796,Все категории,МО_0320,M,3,rub,0
6/1/23 0:00,8256.59764548008,Все категории,МО_0320,M,3,rub,0
7/1/23 0:00,7835.782831174478,Все категории,МО_0320,M,3,rub,0
8/1/23 0:00,8108.900127177866,Все категории,МО_0320,M,3,rub,0
9/1/23 0:00,8051.667846126108,Все категории,МО_0320,M,3,rub,0
10/1/23 0:00,8906.492120293435,Все категории,МО_0320,M,3,rub,0
11/1/23 0:00,9116.339915084238,Все категории,МО_0320,M,3,rub,0
12/1/23 0:00,10098.573558765478,Все категории,МО_0320,M,3,rub,0
1/1/24 0:00,10291.084376601104,Все категории,МО_0320,M,3,rub,0
2/1/24 0:00,10943.089633209476,Все категории,МО_0320,M,3,rub,0
3/1/24 0:00,10010.211736411764,Все категории,МО_0320,M,3,rub,0
4/1/24 0:00,9623.37652544695,Все категории,МО_0320,M,3,rub,0
5/1/24 0:00,9492.835454549322,Все категории,МО_0320,M,3,rub,0
6/1/24 0:00,8954.062390839892,Все категории,МО_0320,M,3,rub,0
7/1/24 0:00,8789.508247459644,Все категории,МО_0320,M,3,rub,0
8/1/24 0:00,9393.861119437866,Все категории,МО_0320,M,3,rub,0
9/1/24 0:00,9527.061240981551,Все категории,МО_0320,M,3,rub,0
10/1/24 0:00,9910.735031415797,Все категории,МО_0320,M,3,rub,0
11/1/24 0:00,10589.433828412431,Все категории,МО_0320,M,3,rub,0
12/1/24 0:00,11166.594148090839,Все категории,МО_0320,M,3,rub,0
1/1/23 0:00,10229.25860158851,Все категории,МО_0321,M,3,rub,0
2/1/23 0:00,10029.538679667636,Все категории,МО_0321,M,3,rub,0
3/1/23 0:00,10125.969011426329,Все категории,МО_0321,M,3,rub,0
4/1/23 0:00,10667.115947978677,Все категории,МО_0321,M,3,rub,0
5/1/23 0:00,10414.831320309178,Все категории,МО_0321,M,3,rub,0
6/1/23 0:00,10729.74933029489,Все категории,МО_0321,M,3,rub,0
7/1/23 0:00,9971.396139698722,Все категории,МО_0321,M,3,rub,0
8/1/23 0:00,10025.826409049732,Все категории,МО_0321,M,3,rub,0
9/1/23 0:00,9920.342009242482,Все категории,МО_0321,M,3,rub,0
10/1/23 0:00,9571.768688979582,Все категории,МО_0321,M,3,rub,0
11/1/23 0:00,9622.31649388801,Все категории,МО_0321,M,3,rub,0
12/1/23 0:00,10125.65246229091,Все категории,МО_0321,M,3,rub,0
1/1/24 0:00,10378.564354696917,Все категории,МО_0321,M,3,rub,0
2/1/24 0:00,10257.739758216281,Все категории,МО_0321,M,3,rub,0
3/1/24 0:00,10537.88942212043,Все категории,МО_0321,M,3,rub,0
4/1/24 0:00,10345.1325174166,Все категории,МО_0321,M,3,rub,0
5/1/24 0:00,10973.175769972242,Все категории,МО_0321,M,3,rub,0
6/1/24 0:00,10622.858878177674,Все категории,МО_0321,M,3,rub,0
7/1/24 0:00,10412.444867055889,Все категории,МО_0321,M,3,rub,0
8/1/24 0:00,9879.044919929833,Все категории,МО_0321,M,3,rub,0
9/1/24 0:00,9845.174176088649,Все категории,МО_0321,M,3,rub,0
10/1/24 0:00,9931.241970226343,Все категории,МО_0321,M,3,rub,0
11/1/24 0:00,9989.124376567019,Все категории,МО_0321,M,3,rub,0
12/1/24 0:00,10366.727954696617,Все категории,МО_0321,M,3,rub,0
1/1/23 0:00,7136.350292226282,Все категории,МО_0322,M,3,rub,0
2/1/23 0:00,6776.490156699151,Все категории,МО_0322,M,3,rub,0
3/1/23 0:00,5445.558798159098,Все категории,МО_0322,M,3,rub,0
4/1/23 0:00,5152.978637298141,Все категории,МО_0322,M,3,rub,0
5/1/23 0:00,4548.439063516251,Все категории,МО_0322,M,3,rub,0
6/1/23 0:00,4484.069014684131,Все категории,МО_0322,M,3,rub,0
7/1/23 0:00,5127.071400749574,Все категории,МО_0322,M,3,rub,0
8/1/23 0:00,5506.370992809419,Все категории,МО_0322,M,3,rub,0
9/1/23 0:00,6682.387343666082,Все категории,МО_0322,M,3,rub,0
10/1/23 0:00,7172.91738745633,Все категории,МО_0322,M,3,rub,0
11/1/23 0:00,7187.443637449112,Все категории,МО_0322,M,3,rub,0
12/1/23 0:00,8185.806164267706,Все категории,МО_0322,M,3,rub,0
1/1/24 0:00,6905.790679217304,Все категории,МО_0322,M,3,rub,0
2/1/24 0:00,5865.982674585234,Все категории,МО_0322,M,3,rub,0
3/1/24 0:00,5717.478747809034,Все категории,МО_0322,M,3,rub,0
4/1/24 0:00,4844.355644706131,Все категории,МО_0322,M,3,rub,0
5/1/24 0:00,4970.844094258319,Все категории,МО_0322,M,3,rub,0
6/1/24 0:00,4712.379469223943,Все категории,МО_0322,M,3,rub,0
7/1/24 0:00,5149.969423025218,Все категории,МО_0322,M,3,rub,0
8/1/24 0:00,6023.135201098712,Все категории,МО_0322,M,3,rub,0
9/1/24 0:00,6921.393754912927,Все категории,МО_0322,M,3,rub,0
10/1/24 0:00,7723.518113374651,Все категории,МО_0322,M,3,rub,0
11/1/24 0:00,7837.475455406174,Все категории,МО_0322,M,3,rub,0
12/1/24 0:00,7894.018824414803,Все категории,МО_0322,M,3,rub,0
1/1/23 0:00,4889.740624675503,Все категории,МО_0323,M,3,rub,0
2/1/23 0:00,4602.690629938799,Все категории,МО_0323,M,3,rub,0
3/1/23 0:00,4460.051334420024,Все категории,МО_0323,M,3,rub,0
4/1/23 0:00,4208.608081559648,Все категории,МО_0323,M,3,rub,0
5/1/23 0:00,4780.947653386779,Все категории,МО_0323,M,3,rub,0
6/1/23 0:00,4816.933533989708,Все категории,МО_0323,M,3,rub,0
7/1/23 0:00,4874.174806561403,Все категории,МО_0323,M,3,rub,0
8/1/23 0:00,5429.055431307518,Все категории,МО_0323,M,3,rub,0
9/1/23 0:00,4762.651632549283,Все категории,МО_0323,M,3,rub,0
10/1/23 0:00,5459.157857583132,Все категории,МО_0323,M,3,rub,0
11/1/23 0:00,4848.627645619773,Все категории,МО_0323,M,3,rub,0
12/1/23 0:00,4713.055890102841,Все категории,МО_0323,M,3,rub,0
1/1/24 0:00,4349.694549018309,Все категории,МО_0323,M,3,rub,0
2/1/24 0:00,3948.1967255390323,Все категории,МО_0323,M,3,rub,0
3/1/24 0:00,4200.9583871084305,Все категории,МО_0323,M,3,rub,0
4/1/24 0:00,4332.453301178865,Все категории,МО_0323,M,3,rub,0
5/1/24 0:00,4519.906669008019,Все категории,МО_0323,M,3,rub,0
6/1/24 0:00,4482.2591077785055,Все категории,МО_0323,M,3,rub,0
7/1/24 0:00,4199.664412159956,Все категории,МО_0323,M,3,rub,0
8/1/24 0:00,4440.6189935410075,Все категории,МО_0323,M,3,rub,0
9/1/24 0:00,5337.712773433328,Все категории,МО_0323,M,3,rub,0
10/1/24 0:00,4483.777685007621,Все категории,МО_0323,M,3,rub,0
11/1/24 0:00,4909.449621223947,Все категории,МО_0323,M,3,rub,0
12/1/24 0:00,4169.3337913693385,Все категории,МО_0323,M,3,rub,0
1/1/23 0:00,4668.020165030914,Все категории,МО_0324,M,3,rub,0
2/1/23 0:00,4701.459573690676,Все категории,МО_0324,M,3,rub,0
3/1/23 0:00,4311.489600024838,Все категории,МО_0324,M,3,rub,0
4/1/23 0:00,4898.8842507962845,Все категории,МО_0324,M,3,rub,0
5/1/23 0:00,4657.442560669291,Все категории,МО_0324,M,3,rub,0
6/1/23 0:00,4918.83339078638,Все категории,МО_0324,M,3,rub,0
7/1/23 0:00,4909.888642871094,Все категории,МО_0324,M,3,rub,0
8/1/23 0:00,5263.587672520461,Все категории,МО_0324,M,3,rub,0
9/1/23 0:00,5535.245379068347,Все категории,МО_0324,M,3,rub,0
10/1/23 0:00,4995.454638481276,Все категории,МО_0324,M,3,rub,0
11/1/23 0:00,5292.5226767441,Все категории,МО_0324,M,3,rub,0
12/1/23 0:00,4499.115434027622,Все категории,МО_0324,M,3,rub,0
1/1/24 0:00,4609.238374308065,Все категории,МО_0324,M,3,rub,0
2/1/24 0:00,4397.641224912615,Все категории,МО_0324,M,3,rub,0
3/1/24 0:00,4010.292085547489,Все категории,МО_0324,M,3,rub,0
4/1/24 0:00,4306.335040376452,Все категории,МО_0324,M,3,rub,0
5/1/24 0:00,4371.247203967315,Все категории,МО_0324,M,3,rub,0
6/1/24 0:00,4337.808365103239,Все категории,МО_0324,M,3,rub,0
7/1/24 0:00,4770.884578817787,Все категории,МО_0324,M,3,rub,0
8/1/24 0:00,4831.665944408818,Все категории,МО_0324,M,3,rub,0
9/1/24 0:00,4799.764782569484,Все категории,МО_0324,M,3,rub,0
10/1/24 0:00,4719.315887962326,Все категории,МО_0324,M,3,rub,0
11/1/24 0:00,4550.8264609076095,Все категории,МО_0324,M,3,rub,0
12/1/24 0:00,4289.094406473744,Все категории,МО_0324,M,3,rub,0
1/1/23 0:00,9924.84692140373,Все категории,МО_0325,M,3,rub,0
2/1/23 0:00,10047.927926404085,Все категории,МО_0325,M,3,rub,0
3/1/23 0:00,10964.712711625747,Все категории,МО_0325,M,3,rub,0
4/1/23 0:00,10206.839717544693,Все категории,МО_0325,M,3,rub,0
5/1/23 0:00,10338.256828971978,Все категории,МО_0325,M,3,rub,0
6/1/23 0:00,10197.370357118127,Все категории,МО_0325,M,3,rub,0
7/1/23 0:00,10496.63352726785,Все категории,МО_0325,M,3,rub,0
8/1/23 0:00,9600.757753531587,Все категории,МО_0325,M,3,rub,0
9/1/23 0:00,9790.98335939139,Все категории,МО_0325,M,3,rub,0
10/1/23 0:00,9720.262286526175,Все категории,МО_0325,M,3,rub,0
11/1/23 0:00,9831.735765192085,Все категории,МО_0325,M,3,rub,0
12/1/23 0:00,10226.389491340457,Все категории,МО_0325,M,3,rub,0
1/1/24 0:00,10512.460924203291,Все категории,МО_0325,M,3,rub,0
2/1/24 0:00,10456.51871584505,Все категории,МО_0325,M,3,rub,0
3/1/24 0:00,10820.325327435501,Все категории,МО_0325,M,3,rub,0
4/1/24 0:00,10485.178414497477,Все категории,МО_0325,M,3,rub,0
5/1/24 0:00,10864.796149187458,Все категории,МО_0325,M,3,rub,0
6/1/24 0:00,10510.396734473385,Все категории,МО_0325,M,3,rub,0
7/1/24 0:00,10407.399801356683,Все категории,МО_0325,M,3,rub,0
8/1/24 0:00,,Все категории,МО_0325,M,3,rub,0
9/1/24 0:00,10145.60793994351,Все категории,МО_0325,M,3,rub,0
10/1/24 0:00,9692.121578684417,Все категории,МО_0325,M,3,rub,0
11/1/24 0:00,10154.420652777357,Все категории,МО_0325,M,3,rub,0
12/1/24 0:00,10091.713173072905,Все категории,МО_0325,M,3,rub,0
1/1/23 0:00,9730.369787087322,Все категории,МО_0326,M,3,rub,0
2/1/23 0:00,10415.961227580354,Все категории,МО_0326,M,3,rub,0
3/1/23 0:00,10520.27502601711,Все категории,МО_0326,M,3,rub,0
4/1/23 0:00,10742.72502662434,Все категории,МО_0326,M,3,rub,0
5/1/23 0:00,10791.303020665726,Все категории,МО_0326,M,3,rub,0
6/1/23 0:00,10143.041936129604,Все категории,МО_0326,M,3,rub,0
7/1/23 0:00,10383.563822023603,Все категории,МО_0326,M,3,rub,0
8/1/23 0:00,9572.88485597902,Все категории,МО_0326,M,3,rub,0
9/1/23 0:00,9853.881687651863,Все категории,МО_0326,M,3,rub,0
10/1/23 0:00,9577.130020019533,Все категории,МО_0326,M,3,rub,0
11/1/23 0:00,9586.32350648613,Все категории,МО_0326,M,3,rub,0
12/1/23 0:00,10099.98681462765,Все категории,МО_0326,M,3,rub,0
1/1/24 0:00,10455.663062913038,Все категории,МО_0326,M,3,rub,0
2/1/24 0:00,10746.177272251149,Все категории,МО_0326,M,3,rub,0
3/1/24 0:00,10824.83670715045,Все категории,МО_0326,M,3,rub,0
4/1/24 0:00,10912.22660032652,Все категории,МО_0326,M,3,rub,0
5/1/24 0:00,10958.148370186082,Все категории,МО_0326,M,3,rub,0
6/1/24 0:00,10743.705009343055,Все категории,МО_0326,M,3,rub,0
7/1/24 0:00,10559.98478866325,Все категории,МО_0326,M,3,rub,0
8/1/24 0:00,10260.737417802844,Все категории,МО_0326,M,3,rub,0
9/1/24 0:00,10234.855771499675,Все категории,МО_0326,M,3,rub,0
10/1/24 0:00,9705.575992012264,Все категории,МО_0326,M,3,rub,0
11/1/24 0:00,10097.804069297968,Все категории,МО_0326,M,3,rub,0
12/1/24 0:00,10060.00630228372,Все категории,МО_0326,M,3,rub,0
1/1/23 0:00,9952.052003049319,Все категории,МО_0327,M,3,rub,0
2/1/23 0:00,10517.950032969047,Все категории,МО_0327,M,3,rub,0
3/1/23 0:00,10299.180156055398,Все категории,МО_0327,M,3,rub,0
4/1/23 0:00,10525.38292809851,Все категории,МО_0327,M,3,rub,0
5/1/23 0:00,10619.327878195743,Все категории,МО_0327,M,3,rub,0
6/1/23 0:00,9883.732881157532,Все категории,МО_0327,M,3,rub,0
7/1/23 0:00,9972.212861728529,Все категории,МО_0327,M,3,rub,0
8/1/23 0:00,9929.747345746415,Все категории,МО_0327,M,3,rub,0
9/1/23 0:00,9161.441692527911,Все категории,МО_0327,M,3,rub,0
10/1/23 0:00,9484.971049636786,Все категории,МО_0327,M,3,rub,0
11/1/23 0:00,9983.768360600421,Все категории,МО_0327,M,3,rub,0
12/1/23 0:00,10178.774889391592,Все категории,МО_0327,M,3,rub,0
1/1/24 0:00,10337.0144095701,Все категории,МО_0327,M,3,rub,0
2/1/24 0:00,10739.071940164562,Все категории,МО_0327,M,3,rub,0
3/1/24 0:00,10824.889607288233,Все категории,МО_0327,M,3,rub,0
4/1/24 0:00,11005.031960638484,Все категории,МО_0327,M,3,rub,0
5/1/24 0:00,10775.046128309692,Все категории,МО_0327,M,3,rub,0
6/1/24 0:00,10703.394933794754,Все категории,МО_0327,M,3,rub,0
7/1/24 0:00,10314.981090212037,Все категории,МО_0327,M,3,rub,0
8/1/24 0:00,10480.479041358432,Все категории,МО_0327,M,3,rub,0
9/1/24 0:00,10374.746571952712,Все категории,МО_0327,M,3,rub,0
10/1/24 0:00,10307.2030599717,Все категории,МО_0327,M,3,rub,0
11/1/24 0:00,10042.049989025387,Все категории,МО_0327,M,3,rub,0
12/1/24 0:00,10146.91014803921,Все категории,МО_0327,M,3,rub,0
1/1/23 0:00,10153.15195005964,Все категории,МО_0328,M,3,rub,0
2/1/23 0:00,10289.488756352828,Все категории,МО_0328,M,3,rub,0
3/1/23 0:00,10465.851070795828,Все категории,МО_0328,M,3,rub,0
4/1/23 0:00,10366.423558763443,Все категории,МО_0328,M,3,rub,0
5/1/23 0:00,10549.297472914963,Все категории,МО_0328,M,3,rub,0
6/1/23 0:00,10079.857844590932,Все категории,МО_0328,M,3,rub,0
7/1/23 0:00,10205.491605851963,Все категории,МО_0328,M,3,rub,0
8/1/23 0:00,10133.253637674728,Все категории,МО_0328,M,3,rub,0
9/1/23 0:00,10029.837111444207,Все категории,МО_0328,M,3,rub,0
10/1/23 0:00,9810.126829628383,Все категории,МО_0328,M,3,rub,0
11/1/23 0:00,9500.106602280468,Все категории,МО_0328,M,3,rub,0
12/1/23 0:00,10016.075213221258,Все категории,МО_0328,M,3,rub,0
1/1/24 0:00,10708.50575336299,Все категории,МО_0328,M,3,rub,0
2/1/24 0:00,10369.538202736503,Все категории,МО_0328,M,3,rub,0
3/1/24 0:00,10765.669915302777,Все категории,МО_0328,M,3,rub,0
4/1/24 0:00,11195.536902719712,Все категории,МО_0328,M,3,rub,0
5/1/24 0:00,10977.949496056159,Все категории,МО_0328,M,3,rub,0
6/1/24 0:00,11221.682536116836,Все категории,МО_0328,M,3,rub,0
7/1/24 0:00,10294.269007586212,Все категории,МО_0328,M,3,rub,0
8/1/24 0:00,10018.662515928801,Все категории,МО_0328,M,3,rub,0
9/1/24 0:00,10313.213731006992,Все категории,МО_0328,M,3,rub,0
10/1/24 0:00,9789.664129560591,Все категории,МО_0328,M,3,rub,0
11/1/24 0:00,10084.585713140654,Все категории,МО_0328,M,3,rub,0
12/1/24 0:00,10328.755382183037,Все категории,МО_0328,M,3,rub,0
1/1/23 0:00,7266.70049200584,Все категории,МО_0329,M,3,rub,0
2/1/23 0:00,6342.325554264547,Все категории,МО_0329,M,3,rub,0
3/1/23 0:00,5550.4758055427155,Все категории,МО_0329,M,3,rub,0
4/1/23 0:00,4849.43198703282,Все категории,МО_0329,M,3,rub,0
5/1/23 0:00,4936.137698448459,Все категории,МО_0329,M,3,rub,0
6/1/23 0:00,5632.546847930505,Все категории,МО_0329,M,3,rub,0
7/1/23 0:00,5345.622325027901,Все категории,МО_0329,M,3,rub,0
8/1/23 0:00,5893.2141280752285,Все категории,МО_0329,M,3,rub,0
9/1/23 0:00,6340.602940490271,Все категории,МО_0329,M,3,rub,0
10/1/23 0:00,7214.0561572449315,Все категории,МО_0329,M,3,rub,0
11/1/23 0:00,7705.682243899272,Все категории,МО_0329,M,3,rub,0
12/1/23 0:00,7475.093917511347,Все категории,МО_0329,M,3,rub,0
1/1/24 0:00,7051.353919202391,Все категории,МО_0329,M,3,rub,0
2/1/24 0:00,6724.7545871815955,Все категории,МО_0329,M,3,rub,0
3/1/24 0:00,5797.853338199934,Все категории,МО_0329,M,3,rub,0
4/1/24 0:00,4956.032435666618,Все категории,МО_0329,M,3,rub,0
5/1/24 0:00,4534.214337887645,Все категории,МО_0329,M,3,rub,0
6/1/24 0:00,5119.3294041825475,Все категории,МО_0329,M,3,rub,0
7/1/24 0:00,5252.291796688473,Все категории,МО_0329,M,3,rub,0
8/1/24 0:00,5544.212749464205,Все категории,МО_0329,M,3,rub,0
9/1/24 0:00,6954.476747427368,Все категории,МО_0329,M,3,rub,0
10/1/24 0:00,7803.3887328207475,Все категории,МО_0329,M,3,rub,0
11/1/24 0:00,7138.267384147343,Все категории,МО_0329,M,3,rub,0
12/1/24 0:00,7478.098192646174,Все категории,МО_0329,M,3,rub,0
1/1/23 0:00,6940.991255970372,Все категории,МО_0330,M,3,rub,0
2/1/23 0:00,6372.903827423865,Все категории,МО_0330,M,3,rub,0
3/1/23 0:00,5338.641366546621,Все категории,МО_0330,M,3,rub,0
4/1/23 0:00,4766.790088963912,Все категории,МО_0330,M,3,rub,0
5/1/23 0:00,4840.750604149208,Все категории,МО_0330,M,3,rub,0
6/1/23 0:00,4705.800299357348,Все категории,МО_0330,M,3,rub,0
7/1/23 0:00,5313.808825254227,Все категории,МО_0330,M,3,rub,0
8/1/23 0:00,5614.5083637525295,Все категории,МО_0330,M,3,rub,0
9/1/23 0:00,6326.803061628183,Все категории,МО_0330,M,3,rub,0
10/1/23 0:00,7627.357013164514,Все категории,МО_0330,M,3,rub,0
11/1/23 0:00,7850.735457265183,Все категории,МО_0330,M,3,rub,0
12/1/23 0:00,7923.705181315029,Все категории,МО_0330,M,3,rub,0
1/1/24 0:00,6907.163331070522,Все категории,МО_0330,M,3,rub,0
2/1/24 0:00,6067.03839257063,Все категории,МО_0330,M,3,rub,0
3/1/24 0:00,5824.247541872185,Все категории,МО_0330,M,3,rub,0
4/1/24 0:00,4692.851843197997,Все категории,МО_0330,M,3,rub,0
5/1/24 0:00,5003.018601589748,Все категории,МО_0330,M,3,rub,0
6/1/24 0:00,5115.877491655522,Все категории,МО_0330,M,3,rub,0
7/1/24 0:00,5446.810813511365,Все категории,МО_0330,M,3,rub,0
8/1/24 0:00,5779.414339577812,Все категории,МО_0330,M,3,rub,0
9/1/24 0:00,6541.898607672121,Все категории,МО_0330,M,3,rub,0
10/1/24 0:00,7427.047423756002,Все категории,МО_0330,M,3,rub,0
11/1/24 0:00,7468.579592043614,Все категории,МО_0330,M,3,rub,0
12/1/24 0:00,7437.188837887919,Все категории,МО_0330,M,3,rub,0
1/1/23 0:00,9068.35298524981,Все категории,МО_0331,M,3,rub,0
2/1/23 0:00,9230.932149973201,Все категории,МО_0331,M,3,rub,0
3/1/23 0:00,8694.93378589193,Все категории,МО_0331,M,3,rub,0
4/1/23 0:00,8888.551981379302,Все категории,МО_0331,M,3,rub,0
5/1/23 0:00,8487.996321671013,Все категории,МО_0331,M,3,rub,0
6/1/23 0:00,8456.558074116238,Все категории,МО_0331,M,3,rub,0
7/1/23 0:00,8069.688692804765,Все категории,МО_0331,M,3,rub,0
8/1/23 0:00,8241.375934546826,Все категории,МО_0331,M,3,rub,0
9/1/23 0:00,8369.331329687751,Все категории,МО_0331,M,3,rub,0
10/1/23 0:00,8965.705679095287,Все категории,МО_0331,M,3,rub,0
11/1/23 0:00,8924.961898274392,Все категории,МО_0331,M,3,rub,0
12/1/23 0:00,9807.932059862398,Все категории,МО_0331,M,3,rub,0
1/1/24 0:00,10260.269911576132,Все категории,МО_0331,M,3,rub,0
2/1/24 0:00,10378.818669319973,Все категории,МО_0331,M,3,rub,0
3/1/24 0:00,10501.775900985609,Все категории,МО_0331,M,3,rub,0
4/1/24 0:00,10252.40063136843,Все категории,МО_0331,M,3,rub,0
5/1/24 0:00,9784.42250875978,Все категории,МО_0331,M,3,rub,0
6/1/24 0:00,9284.41640895687,Все категории,МО_0331,M,3,rub,0
7/1/24 0:00,8961.780376888457,Все категории,МО_0331,M,3,rub,0
8/1/24 0:00,9528.863570242413,Все категории,МО_0331,M,3,rub,0
9/1/24 0:00,9628.752257647215,Все категории,МО_0331,M,3,rub,0
10/1/24 0:00,9751.786800588432,Все категории,МО_0331,M,3,rub,0
11/1/24 0:00,10651.012382244151,Все категории,МО_0331,M,3,rub,0
12/1/24 0:00,10789.19095588118,Все категории,МО_0331,M,3,rub,0
1/1/23 0:00,8904.081330146426,Все категории,МО_0332,M,3,rub,0
2/1/23 0:00,8999.132313167947,Все категории,МО_0332,M,3,rub,0
3/1/23 0:00,8819.752151342704,Все категории,МО_0332,M,3,rub,0
4/1/23 0:00,9134.135069081283,Все категории,МО_0332,M,3,rub,0
5/1/23 0:00,8087.658398228809,Все категории,МО_0332,M,3,rub,0
6/1/23 0:00,8255.15162381149,Все категории,МО_0332,M,3,rub,0
7/1/23 0:00,8470.944869214509,Все категории,МО_0332,M,3,rub,0
8/1/23 0:00,8245.997390504706,Все категории,МО_0332,M,3,rub,0
9/1/23 0:00,8242.597305176954,Все категории,МО_0332,M,3,rub,0
10/1/23 0:00,8414.756462861036,Все категории,МО_0332,M,3,rub,0
11/1/23 0:00,8904.917996134305,Все категории,МО_0332,M,3,rub,0
12/1/23 0:00,9723.02938484199,Все категории,МО_0332,M,3,rub,0
1/1/24 0:00,10062.731086481572,Все категории,МО_0332,M,3,rub,0
2/1/24 0:00,10231.724658263916,Все категории,МО_0332,M,3,rub,0
3/1/24 0:00,10261.90375516284,Все категории,МО_0332,M,3,rub,0
4/1/24 0:00,10028.319932227287,Все категории,МО_0332,M,3,rub,0
5/1/24 0:00,9811.7458804986,Все категории,МО_0332,M,3,rub,0
6/1/24 0:00,8993.587016087426,Все категории,МО_0332,M,3,rub,0
7/1/24 0:00,8976.171889862935,Все категории,МО_0332,M,3,rub,0
8/1/24 0:00,9176.260036893547,Все категории,МО_0332,M,3,rub,0
9/1/24 0:00,9472.540210304844,Все категории,МО_0332,M,3,rub,0
10/1/24 0:00,10623.85194558935,Все категории,МО_0332,M,3,rub,0
11/1/24 0:00,10787.98452739705,Все категории,МО_0332,M,3,rub,0
12/1/24 0:00,10831.256683210753,Все категории,МО_0332,M,3,rub,0
1/1/23 0:00,4810.335815652094,Все категории,МО_0333,M,3,rub,0
2/1/23 0:00,4682.797937853023,Все категории,МО_0333,M,3,rub,0
3/1/23 0:00,4463.962302113737,Все категории,МО_0333,M,3,rub,0
4/1/23 0:00,4257.69053252221,Все категории,МО_0333,M,3,rub,0
5/1/23 0:00,5066.158345611079,Все категории,МО_0333,M,3,rub,0
6/1/23 0:00,4556.408250082079,Все категории,МО_0333,M,3,rub,0
7/1/23 0:00,5143.1730947876595,Все категории,МО_0333,M,3,rub,0
8/1/23 0:00,5144.248905836987,Все категории,МО_0333,M,3,rub,0
9/1/23 0:00,5271.08797385882,Все категории,МО_0333,M,3,rub,0
10/1/23 0:00,5476.3324708490845,Все категории,МО_0333,M,3,rub,0
11/1/23 0:00,4992.272978581564,Все категории,МО_0333,M,3,rub,0
12/1/23 0:00,4511.0384694228305,Все категории,МО_0333,M,3,rub,0
1/1/24 0:00,4688.709775797126,Все категории,МО_0333,M,3,rub,0
2/1/24 0:00,4158.09743631167,Все категории,МО_0333,M,3,rub,0
3/1/24 0:00,4265.123265462008,Все категории,МО_0333,M,3,rub,0
4/1/24 0:00,3993.797521660506,Все категории,МО_0333,M,3,rub,0
5/1/24 0:00,4149.6168782807945,Все категории,МО_0333,M,3,rub,0
6/1/24 0:00,4538.507338380559,Все категории,МО_0333,M,3,rub,0
7/1/24 0:00,4773.29073083225,Все категории,МО_0333,M,3,rub,0
8/1/24 0:00,4405.0751340526795,Все категории,МО_0333,M,3,rub,0
9/1/24 0:00,4938.494999678043,Все категории,МО_0333,M,3,rub,0
10/1/24 0:00,4545.4251914357155,Все категории,МО_0333,M,3,rub,0
11/1/24 0:00,4873.4093789038525,Все категории,МО_0333,M,3,rub,0
12/1/24 0:00,4292.470220566781,Все категории,МО_0333,M,3,rub,0
1/1/23 0:00,8599.80872323734,Все категории,МО_0334,M,3,rub,0
2/1/23 0:00,9073.46026563628,Все категории,МО_0334,M,3,rub,0
3/1/23 0:00,8729.784873589491,Все категории,МО_0334,M,3,rub,0
4/1/23 0:00,9048.046252541491,Все категории,МО_0334,M,3,rub,0
5/1/23 0:00,8373.230526823505,Все категории,МО_0334,M,3,rub,0
6/1/23 0:00,8045.358630181827,Все категории,МО_0334,M,3,rub,0
7/1/23 0:00,8075.177441033354,Все категории,МО_0334,M,3,rub,0
8/1/23 0:00,7746.657480873515,Все категории,МО_0334,M,3,rub,0
9/1/23 0:00,7937.410233552637,Все категории,МО_0334,M,3,rub,0
10/1/23 0:00,8813.278396808084,Все категории,МО_0334,M,3,rub,0
11/1/23 0:00,8975.291850547143,Все категории,МО_0334,M,3,rub,0
12/1/23 0:00,9524.271939165563,Все категории,МО_0334,M,3,rub,0
1/1/24 0:00,10533.401575086384,Все категории,МО_0334,M,3,rub,0
2/1/24 0:00,10620.982064104926,Все категории,МО_0334,M,3,rub,0
3/1/24 0:00,9980.297416243659,Все категории,МО_0334,M,3,rub,0
4/1/24 0:00,9874.013580122626,Все категории,МО_0334,M,3,rub,0
5/1/24 0:00,9411.307784522318,Все категории,МО_0334,M,3,rub,0
6/1/24 0:00,9844.719648075094,Все категории,МО_0334,M,3,rub,0
7/1/24 0:00,9414.218240412909,Все категории,МО_0334,M,3,rub,0
8/1/24 0:00,9104.643292731906,Все категории,МО_0334,M,3,rub,0
9/1/24 0:00,9694.391334448357,Все категории,МО_0334,M,3,rub,0
10/1/24 0:00,9653.52718524549,Все категории,МО_0334,M,3,rub,0
11/1/24 0:00,10499.064822960312,Все категории,МО_0334,M,3,rub,0
12/1/24 0:00,11404.290951666999,Все категории,МО_0334,M,3,rub,0
1/1/23 0:00,4818.532240177101,Все категории,МО_0335,M,3,rub,0
2/1/23 0:00,4534.612524735666,Все категории,МО_0335,M,3,rub,0
3/1/23 0:00,4548.0285671511165,Все категории,МО_0335,M,3,rub,0
4/1/23 0:00,4541.755182784493,Все категории,МО_0335,M,3,rub,0
5/1/23 0:00,4602.0469919383495,Все категории,МО_0335,M,3,rub,0
6/1/23 0:00,4736.135769747415,Все категории,МО_0335,M,3,rub,0
7/1/23 0:00,4871.093104366668,Все категории,МО_0335,M,3,rub,0
8/1/23 0:00,5152.457175508211,Все категории,МО_0335,M,3,rub,0
9/1/23 0:00,5221.251060320368,Все категории,МО_0335,M,3,rub,0
10/1/23 0:00,5078.47328473893,Все категории,МО_0335,M,3,rub,0
11/1/23 0:00,4576.248312380389,Все категории,МО_0335,M,3,rub,0
12/1/23 0:00,4412.821165969554,Все категории,МО_0335,M,3,rub,0
1/1/24 0:00,4525.834228470088,Все категории,МО_0335,M,3,rub,0
2/1/24 0:00,4619.083275338763,Все категории,МО_0335,M,3,rub,0
3/1/24 0:00,4262.747709839912,Все категории,МО_0335,M,3,rub,0
4/1/24 0:00,4173.743261826036,Все категории,МО_0335,M,3,rub,0
5/1/24 0:00,4418.927836042617,Все категории,МО_0335,M,3,rub,0
6/1/24 0:00,4276.7260412991955,Все категории,МО_0335,M,3,rub,0
7/1/24 0:00,5003.205315382116,Все категории,МО_0335,M,3,rub,0
8/1/24 0:00,4841.412679841165,Все категории,МО_0335,M,3,rub,0
9/1/24 0:00,4658.639253396146,Все категории,МО_0335,M,3,rub,0
10/1/24 0:00,4696.196614948984,Все категории,МО_0335,M,3,rub,0
11/1/24 0:00,4452.463584886064,Все категории,МО_0335,M,3,rub,0
12/1/24 0:00,4664.795967616713,Все категории,МО_0335,M,3,rub,0
1/1/23 0:00,4663.404800693319,Все категории,МО_0336,M,3,rub,0
2/1/23 0:00,4592.299515658845,Все категории,МО_0336,M,3,rub,0
3/1/23 0:00,4622.702563044609,Все категории,МО_0336,M,3,rub,0
4/1/23 0:00,4359.50443102887,Все категории,МО_0336,M,3,rub,0
5/1/23 0:00,4684.998268788104,Все категории,МО_0336,M,3,rub,0
6/1/23 0:00,4873.199109913178,Все категории,МО_0336,M,3,rub,0
7/1/23 0:00,4604.010038479893,Все категории,МО_0336,M,3,rub,0
8/1/23 0:00,5157.807939749296,Все категории,МО_0336,M,3,rub,0
9/1/23 0:00,5103.40598591679,Все категории,МО_0336,M,3,rub,0
10/1/23 0:00,5061.1363751817835,Все категории,МО_0336,M,3,rub,0
11/1/23 0:00,4862.685487997988,Все категории,МО_0336,M,3,rub,0
12/1/23 0:00,4699.325986498242,Все категории,МО_0336,M,3,rub,0
1/1/24 0:00,4743.26155583698,Все категории,МО_0336,M,3,rub,0
2/1/24 0:00,4045.6297503674355,Все категории,МО_0336,M,3,rub,0
3/1/24 0:00,4158.62946646235,Все категории,МО_0336,M,3,rub,0
4/1/24 0:00,4404.944455683427,Все категории,МО_0336,M,3,rub,0
5/1/24 0:00,4475.984673298056,Все категории,МО_0336,M,3,rub,0
6/1/24 0:00,4632.048088633489,Все категории,МО_0336,M,3,rub,0
7/1/24 0:00,5377.9672761932525,Все категории,МО_0336,M,3,rub,0
8/1/24 0:00,4946.0220296442385,Все категории,МО_0336,M,3,rub,0
9/1/24 0:00,5097.463944456918,Все категории,МО_0336,M,3,rub,0
10/1/24 0:00,4663.373534250956,Все категории,МО_0336,M,3,rub,0
11/1/24 0:00,4349.947388716782,Все категории,МО_0336,M,3,rub,0
12/1/24 0:00,4300.557761201624,Все категории,МО_0336,M,3,rub,0
1/1/23 0:00,9086.660280147138,Все категории,МО_0337,M,3,rub,0
2/1/23 0:00,9164.014959070024,Все категории,МО_0337,M,3,rub,0
3/1/23 0:00,9082.280509366712,Все категории,МО_0337,M,3,rub,0
4/1/23 0:00,8654.24684207224,Все категории,МО_0337,M,3,rub,0
5/1/23 0:00,8279.725289238853,Все категории,МО_0337,M,3,rub,0
6/1/23 0:00,8038.55980839283,Все категории,МО_0337,M,3,rub,0
7/1/23 0:00,8107.382577712545,Все категории,МО_0337,M,3,rub,0
8/1/23 0:00,8187.689154730715,Все категории,МО_0337,M,3,rub,0
9/1/23 0:00,8005.064590341596,Все категории,МО_0337,M,3,rub,0
10/1/23 0:00,8907.371767264001,Все категории,МО_0337,M,3,rub,0
11/1/23 0:00,9096.99315442005,Все категории,МО_0337,M,3,rub,0
12/1/23 0:00,9983.277422157782,Все категории,МО_0337,M,3,rub,0
1/1/24 0:00,10213.288406372223,Все категории,МО_0337,M,3,rub,0
2/1/24 0:00,10957.81847872043,Все категории,МО_0337,M,3,rub,0
3/1/24 0:00,10233.693272452407,Все категории,МО_0337,M,3,rub,0
4/1/24 0:00,10113.173204531891,Все категории,МО_0337,M,3,rub,0
5/1/24 0:00,9847.539859283213,Все категории,МО_0337,M,3,rub,0
6/1/24 0:00,9092.290809278962,Все категории,МО_0337,M,3,rub,0
7/1/24 0:00,9141.779871049814,Все категории,МО_0337,M,3,rub,0
8/1/24 0:00,9146.875395880923,Все категории,МО_0337,M,3,rub,0
9/1/24 0:00,9382.50945875424,Все категории,МО_0337,M,3,rub,0
10/1/24 0:00,9922.622542149413,Все категории,МО_0337,M,3,rub,0
11/1/24 0:00,11076.502927034475,Все категории,МО_0337,M,3,rub,0
12/1/24 0:00,11166.154281015808,Все категории,МО_0337,M,3,rub,0
1/1/23 0:00,10009.882736981945,Все категории,МО_0338,M,3,rub,0
2/1/23 0:00,10242.406697596178,Все категории,МО_0338,M,3,rub,0
3/1/23 0:00,10110.822541195332,Все категории,МО_0338,M,3,rub,0
4/1/23 0:00,10608.208728698837,Все категории,МО_0338,M,3,rub,0
5/1/23 0:00,10168.307008327487,Все категории,МО_0338,M,3,rub,0
6/1/23 0:00,10431.25468522994,Все категории,МО_0338,M,3,rub,0
7/1/23 0:00,9975.188782445086,Все категории,МО_0338,M,3,rub,0
8/1/23 0:00,9859.269376109774,Все категории,МО_0338,M,3,rub,0
9/1/23 0:00,9459.862535584965,Все категории,МО_0338,M,3,rub,0
10/1/23 0:00,9695.795786578987,Все категории,МО_0338,M,3,rub,0
11/1/23 0:00,9949.103625153339,Все категории,МО_0338,M,3,rub,0
12/1/23 0:00,9816.900218035644,Все категории,МО_0338,M,3,rub,0
1/1/24 0:00,10136.080442414208,Все категории,МО_0338,M,3,rub,0
2/1/24 0:00,10647.627969600213,Все категории,МО_0338,M,3,rub,0
3/1/24 0:00,10882.3080696051,Все категории,МО_0338,M,3,rub,0
4/1/24 0:00,10366.310106453491,Все категории,МО_0338,M,3,rub,0
5/1/24 0:00,11289.285820815616,Все категории,МО_0338,M,3,rub,0
6/1/24 0:00,10792.115170500712,Все категории,МО_0338,M,3,rub,0
7/1/24 0:00,10592.890772459743,Все категории,МО_0338,M,3,rub,0
8/1/24 0:00,10189.664396347995,Все категории,МО_0338,M,3,rub,0
9/1/24 0:00,9697.192209392226,Все категории,МО_0338,M,3,rub,0
10/1/24 0:00,10162.85251650073,Все категории,МО_0338,M,3,rub,0
11/1/24 0:00,10010.551535532135,Все категории,МО_0338,M,3,rub,0
12/1/24 0:00,10455.449804904543,Все категории,МО_0338,M,3,rub,0
1/1/23 0:00,4659.544871147347,Все категории,МО_0339,M,3,rub,0
2/1/23 0:00,4611.321909070692,Все категории,МО_0339,M,3,rub,0
3/1/23 0:00,4321.2441674591255,Все категории,МО_0339,M,3,rub,0
4/1/23 0:00,4723.812306358875,Все категории,МО_0339,M,3,rub,0
5/1/23 0:00,4372.177290704561,Все категории,МО_0339,M,3,rub,0
6/1/23 0:00,5377.950295674448,Все категории,МО_0339,M,3,rub,0
7/1/23 0:00,5565.178412933304,Все категории,МО_0339,M,3,rub,0
8/1/23 0:00,5526.263042136031,Все категории,МО_0339,M,3,rub,0
9/1/23 0:00,5451.932918468058,Все категории,МО_0339,M,3,rub,0
10/1/23 0:00,5007.142062097399,Все категории,МО_0339,M,3,rub,0
11/1/23 0:00,5145.5728513681415,Все категории,МО_0339,M,3,rub,0
12/1/23 0:00,4616.56892722476,Все категории,МО_0339,M,3,rub,0
1/1/24 0:00,4104.902342097262,Все категории,МО_0339,M,3,rub,0
2/1/24 0:00,4626.370566749556,Все категории,МО_0339,M,3,rub,0
3/1/24 0:00,4476.020653587491,Все категории,МО_0339,M,3,rub,0
4/1/24 0:00,4253.872578954561,Все категории,МО_0339,M,3,rub,0
5/1/24 0:00,4109.991087419483,Все категории,МО_0339,M,3,rub,0
6/1/24 0:00,4396.104511784624,Все категории,МО_0339,M,3,rub,0
7/1/24 0:00,4278.379571205086,Все категории,МО_0339,M,3,rub,0
8/1/24 0:00,5028.546064511192,Все категории,МО_0339,M,3,rub,0
9/1/24 0:00,4446.115582216653,Все категории,МО_0339,M,3,rub,0
10/1/24 0:00,4803.929683618593,Все категории,МО_0339,M,3,rub,0
11/1/24 0:00,4382.523507671279,Все категории,МО_0339,M,3,rub,0
12/1/24 0:00,4067.894018673161,Все категории,МО_0339,M,3,rub,0
1/1/23 0:00,7038.513242873569,Все категории,МО_0340,M,3,rub,0
2/1/23 0:00,6106.310921846622,Все категории,МО_0340,M,3,rub,0
3/1/23 0:00,5635.740910162097,Все категории,МО_0340,M,3,rub,0
4/1/23 0:00,4684.478544912067,Все категории,МО_0340,M,3,rub,0
5/1/23 0:00,4561.677535195046,Все категории,МО_0340,M,3,rub,0
6/1/23 0:00,4358.042813854218,Все категории,МО_0340,M,3,rub,0
7/1/23 0:00,4764.786916788207,Все категории,МО_0340,M,3,rub,0
8/1/23 0:00,6307.518593051673,Все категории,МО_0340,M,3,rub,0
9/1/23 0:00,7258.929118040263,Все категории,МО_0340,M,3,rub,0
10/1/23 0:00,7427.873945109946,Все категории,МО_0340,M,3,rub,0
11/1/23 0:00,7519.9032273872,Все категории,МО_0340,M,3,rub,0
12/1/23 0:00,7546.0385938315685,Все категории,МО_0340,M,3,rub,0
1/1/24 0:00,7306.802219242929,Все категории,МО_0340,M,3,rub,0
2/1/24 0:00,6135.546960744467,Все категории,МО_0340,M,3,rub,0
3/1/24 0:00,5568.3925015664745,Все категории,МО_0340,M,3,rub,0
4/1/24 0:00,4985.0756314886485,Все категории,МО_0340,M,3,rub,0
5/1/24 0:00,4651.689632446106,Все категории,МО_0340,M,3,rub,0
6/1/24 0:00,4751.598269176467,Все категории,МО_0340,M,3,rub,0
7/1/24 0:00,5324.716761537798,Все категории,МО_0340,M,3,rub,0
8/1/24 0:00,5712.970564989144,Все категории,МО_0340,M,3,rub,0
9/1/24 0:00,6882.332066165226,Все категории,МО_0340,M,3,rub,0
10/1/24 0:00,7349.758580674985,Все категории,МО_0340,M,3,rub,0
11/1/24 0:00,7905.835138913928,Все категории,МО_0340,M,3,rub,0
12/1/24 0:00,8168.776934703823,Все категории,МО_0340,M,3,rub,0
1/1/23 0:00,8849.870872697797,Все категории,МО_0341,M,3,rub,0
2/1/23 0:00,9306.1334313316,Все категории,МО_0341,M,3,rub,0
3/1/23 0:00,8503.406021987723,Все категории,МО_0341,M,3,rub,0
4/1/23 0:00,8588.031999289224,Все категории,МО_0341,M,3,rub,0
5/1/23 0:00,8380.055416463729,Все категории,МО_0341,M,3,rub,0
6/1/23 0:00,8562.10076521585,Все категории,МО_0341,M,3,rub,0
7/1/23 0:00,7480.070745702991,Все категории,МО_0341,M,3,rub,0
8/1/23 0:00,7960.752932240834,Все категории,МО_0341,M,3,rub,0
9/1/23 0:00,8618.941921221218,Все категории,МО_0341,M,3,rub,0
10/1/23 0:00,8503.334098009056,Все категории,МО_0341,M,3,rub,0
11/1/23 0:00,9217.283924181198,Все категории,МО_0341,M,3,rub,0
12/1/23 0:00,9942.275871957674,Все категории,МО_0341,M,3,rub,0
1/1/24 0:00,10329.293484130496,Все категории,МО_0341,M,3,rub,0
2/1/24 0:00,10957.812537244534,Все категории,МО_0341,M,3,rub,0
3/1/24 0:00,10503.221206446082,Все категории,МО_0341,M,3,rub,0
4/1/24 0:00,10467.902634057704,Все категории,МО_0341,M,3,rub,0
5/1/24 0:00,9566.081051201809,Все категории,МО_0341,M,3,rub,0
6/1/24 0:00,9128.760223066829,Все категории,МО_0341,M,3,rub,0
7/1/24 0:00,9099.95179840816,Все категории,МО_0341,M,3,rub,0
8/1/24 0:00,8905.212575347105,Все категории,МО_0341,M,3,rub,0
9/1/24 0:00,9667.473617844022,Все категории,МО_0341,M,3,rub,0
10/1/24 0:00,9938.663970094978,Все категории,МО_0341,M,3,rub,0
11/1/24 0:00,10499.33483651367,Все категории,МО_0341,M,3,rub,0
12/1/24 0:00,11539.818558923485,Все категории,МО_0341,M,3,rub,0
1/1/23 0:00,6659.964311637017,Все категории,МО_0342,M,3,rub,0
2/1/23 0:00,6382.085199218965,Все категории,МО_0342,M,3,rub,0
3/1/23 0:00,5346.635917728114,Все категории,МО_0342,M,3,rub,0
4/1/23 0:00,5161.992636920573,Все категории,МО_0342,M,3,rub,0
5/1/23 0:00,4628.6882799376535,Все категории,МО_0342,M,3,rub,0
6/1/23 0:00,4917.52392071023,Все категории,МО_0342,M,3,rub,0
7/1/23 0:00,5237.316139189879,Все категории,МО_0342,M,3,rub,0
8/1/23 0:00,6047.051076539176,Все категории,МО_0342,M,3,rub,0
9/1/23 0:00,6707.9021679923935,Все категории,МО_0342,M,3,rub,0
10/1/23 0:00,6924.007554759086,Все категории,МО_0342,M,3,rub,0
11/1/23 0:00,8091.856304194364,Все категории,МО_0342,M,3,rub,0
12/1/23 0:00,7609.925454724052,Все категории,МО_0342,M,3,rub,0
1/1/24 0:00,7282.275631718489,Все категории,МО_0342,M,3,rub,0
2/1/24 0:00,6438.429527657677,Все категории,МО_0342,M,3,rub,0
3/1/24 0:00,5347.714102304648,Все категории,МО_0342,M,3,rub,0
4/1/24 0:00,4808.41256184675,Все категории,МО_0342,M,3,rub,0
5/1/24 0:00,4885.1364926281,Все категории,МО_0342,M,3,rub,0
6/1/24 0:00,4794.161329554154,Все категории,МО_0342,M,3,rub,0
7/1/24 0:00,5463.46856388655,Все категории,МО_0342,M,3,rub,0
8/1/24 0:00,5898.432367503136,Все категории,МО_0342,M,3,rub,0
9/1/24 0:00,7041.525062381452,Все категории,МО_0342,M,3,rub,0
10/1/24 0:00,7617.611006029503,Все категории,МО_0342,M,3,rub,0
11/1/24 0:00,7956.7881490468635,Все категории,МО_0342,M,3,rub,0
12/1/24 0:00,7614.0882247983145,Все категории,МО_0342,M,3,rub,0
1/1/23 0:00,7036.844615057874,Все категории,МО_0343,M,3,rub,0
2/1/23 0:00,6490.820173776585,Все категории,МО_0343,M,3,rub,0
3/1/23 0:00,5438.114708686275,Все категории,МО_0343,M,3,rub,0
4/1/23 0:00,5033.954181572935,Все категории,МО_0343,M,3,rub,0
5/1/23 0:00,4710.704278853253,Все категории,МО_0343,M,3,rub,0
6/1/23 0:00,4818.742060595338,Все категории,МО_0343,M,3,rub,0
7/1/23 0:00,5570.936180274928,Все категории,МО_0343,M,3,rub,0
8/1/23 0:00,6158.811706450866,Все категории,МО_0343,M,3,rub,0
9/1/23 0:00,6699.711973202,Все категории,МО_0343,M,3,rub,0
10/1/23 0:00,7464.12931400206,Все категории,МО_0343,M,3,rub,0
11/1/23 0:00,7556.677426032619,Все категории,МО_0343,M,3,rub,0
12/1/23 0:00,7584.00808622249,Все категории,МО_0343,M,3,rub,0
1/1/24 0:00,7143.755857768911,Все категории,МО_0343,M,3,rub,0
2/1/24 0:00,6479.862770319466,Все категории,МО_0343,M,3,rub,0
3/1/24 0:00,5683.515083897299,Все категории,МО_0343,M,3,rub,0
4/1/24 0:00,4771.155195334338,Все категории,МО_0343,M,3,rub,0
5/1/24 0:00,4948.390298372595,Все категории,МО_0343,M,3,rub,0
6/1/24 0:00,4835.4674362166525,Все категории,МО_0343,M,3,rub,0
7/1/24 0:00,5058.889692009322,Все категории,МО_0343,M,3,rub,0
8/1/24 0:00,6266.826225725924,Все категории,МО_0343,M,3,rub,0
9/1/24 0:00,7166.515431491233,Все категории,МО_0343,M,3,rub,0
10/1/24 0:00,7569.147944144895,Все категории,МО_0343,M,3,rub,0
11/1/24 0:00,8091.856324476803,Все категории,МО_0343,M,3,rub,0
12/1/24 0:00,7969.794126175666,Все категории,МО_0343,M,3,rub,0
1/1/23 0:00,5051.304048539139,Все категории,МО_0344,M,3,rub,0
2/1/23 0:00,4725.701527679373,Все категории,МО_0344,M,3,rub,0
3/1/23 0:00,4203.46324527562,Все категории,МО_0344,M,3,rub,0
4/1/23 0:00,5002.246471989954,Все категории,МО_0344,M,3,rub,0
5/1/23 0:00,4893.769754044937,Все категории,МО_0344,M,3,rub,0
6/1/23 0:00,4685.874857494647,Все категории,МО_0344,M,3,rub,0
7/1/23 0:00,4726.336408217611,Все категории,МО_0344,M,3,rub,0
8/1/23 0:00,5223.2380122154755,Все категории,МО_0344,M,3,rub,0
9/1/23 0:00,5044.422908837331,Все категории,МО_0344,M,3,rub,0
10/1/23 0:00,5112.009069613187,Все категории,МО_0344,M,3,rub,0
11/1/23 0:00,5037.851548992615,Все категории,МО_0344,M,3,rub,0
12/1/23 0:00,4509.284544092736,Все категории,МО_0344,M,3,rub,0
1/1/24 0:00,4195.667436444477,Все категории,МО_0344,M,3,rub,0
2/1/24 0:00,4374.986869349182,Все категории,МО_0344,M,3,rub,0
3/1/24 0:00,4119.055085282671,Все категории,МО_0344,M,3,rub,0
4/1/24 0:00,4291.779753083814,Все категории,МО_0344,M,3,rub,0
5/1/24 0:00,4085.784488051733,Все категории,МО_0344,M,3,rub,0
6/1/24 0:00,4470.139911087887,Все категории,МО_0344,M,3,rub,0
7/1/24 0:00,4856.797192811473,Все категории,МО_0344,M,3,rub,0
8/1/24 0:00,4943.993830597936,Все категории,МО_0344,M,3,rub,0
9/1/24 0:00,4631.025629899803,Все категории,МО_0344,M,3,rub,0
10/1/24 0:00,4466.832324111995,Все категории,МО_0344,M,3,rub,0
11/1/24 0:00,4574.958161516903,Все категории,МО_0344,M,3,rub,0
12/1/24 0:00,4492.9622922946655,Все категории,МО_0344,M,3,rub,0
1/1/23 0:00,9003.414405869486,Все категории,МО_0345,M,3,rub,0
2/1/23 0:00,8914.81737517608,Все категории,МО_0345,M,3,rub,0
3/1/23 0:00,9053.600380113006,Все категории,МО_0345,M,3,rub,0
4/1/23 0:00,9111.625818472783,Все категории,МО_0345,M,3,rub,0
5/1/23 0:00,8424.78712959477,Все категории,МО_0345,M,3,rub,0
6/1/23 0:00,7695.61909380536,Все категории,МО_0345,M,3,rub,0
7/1/23 0:00,7981.583477682073,Все категории,МО_0345,M,3,rub,0
8/1/23 0:00,8488.638224337432,Все категории,МО_0345,M,3,rub,0
9/1/23 0:00,7937.830016707347,Все категории,МО_0345,M,3,rub,0
10/1/23 0:00,8713.73647284247,Все категории,МО_0345,M,3,rub,0
11/1/23 0:00,9213.5526135561,Все категории,МО_0345,M,3,rub,0
12/1/23 0:00,9872.175797067172,Все категории,МО_0345,M,3,rub,0
1/1/24 0:00,10332.313260404784,Все категории,МО_0345,M,3,rub,0
2/1/24 0:00,10818.728156511072,Все категории,МО_0345,M,3,rub,0
3/1/24 0:00,10389.24644956935,Все категории,МО_0345,M,3,rub,0
4/1/24 0:00,10452.051586219191,Все категории,МО_0345,M,3,rub,0
5/1/24 0:00,9635.88546975544,Все категории,МО_0345,M,3,rub,0
6/1/24 0:00,9236.301666110423,Все категории,МО_0345,M,3,rub,0
7/1/24 0:00,8979.689662093111,Все категории,МО_0345,M,3,rub,0
8/1/24 0:00,8731.15156287535,Все категории,МО_0345,M,3,rub,0
9/1/24 0:00,9607.414143506601,Все категории,МО_0345,M,3,rub,0
10/1/24 0:00,10693.423798184076,Все категории,МО_0345,M,3,rub,0
11/1/24 0:00,10861.37195514431,Все категории,МО_0345,M,3,rub,0
12/1/24 0:00,11605.11798595684,Все категории,МО_0345,M,3,rub,0
1/1/23 0:00,4614.512661148491,Все категории,МО_0346,M,3,rub,0
2/1/23 0:00,4501.433607820097,Все категории,МО_0346,M,3,rub,0
3/1/23 0:00,4718.6618639637,Все категории,МО_0346,M,3,rub,0
4/1/23 0:00,5001.967827440014,Все категории,МО_0346,M,3,rub,0
5/1/23 0:00,4998.198110843562,Все категории,МО_0346,M,3,rub,0
6/1/23 0:00,5004.2676373939075,Все категории,МО_0346,M,3,rub,0
7/1/23 0:00,4984.77935804672,Все категории,МО_0346,M,3,rub,0
8/1/23 0:00,5146.73633602456,Все категории,МО_0346,M,3,rub,0
9/1/23 0:00,4925.968447974388,Все категории,МО_0346,M,3,rub,0
10/1/23 0:00,4677.128473088663,Все категории,МО_0346,M,3,rub,0
11/1/23 0:00,4588.115857727498,Все категории,МО_0346,M,3,rub,0
12/1/23 0:00,4650.387732157659,Все категории,МО_0346,M,3,rub,0
1/1/24 0:00,4372.164592982124,Все категории,МО_0346,M,3,rub,0
2/1/24 0:00,3987.4044677138813,Все категории,МО_0346,M,3,rub,0
3/1/24 0:00,4222.498492298748,Все категории,МО_0346,M,3,rub,0
4/1/24 0:00,4193.246279184188,Все категории,МО_0346,M,3,rub,0
5/1/24 0:00,4120.76007305276,Все категории,МО_0346,M,3,rub,0
6/1/24 0:00,4443.844560800449,Все категории,МО_0346,M,3,rub,0
7/1/24 0:00,4611.641937518763,Все категории,МО_0346,M,3,rub,0
8/1/24 0:00,4650.826705469436,Все категории,МО_0346,M,3,rub,0
9/1/24 0:00,5045.666563601918,Все категории,МО_0346,M,3,rub,0
10/1/24 0:00,4305.7340976731175,Все категории,МО_0346,M,3,rub,0
11/1/24 0:00,4139.269900044056,Все категории,МО_0346,M,3,rub,0
12/1/24 0:00,4369.396447545057,Все категории,МО_0346,M,3,rub,0
1/1/23 0:00,4733.4966989907425,Все категории,МО_0347,M,3,rub,0
2/1/23 0:00,4649.796019769265,Все категории,МО_0347,M,3,rub,0
3/1/23 0:00,4372.541881159999,Все категории,МО_0347,M,3,rub,0
4/1/23 0:00,4321.05907399007,Все категории,МО_0347,M,3,rub,0
5/1/23 0:00,4638.143907282132,Все категории,МО_0347,M,3,rub,0
6/1/23 0:00,4701.821268592692,Все категории,МО_0347,M,3,rub,0
7/1/23 0:00,5377.29350991975,Все категории,МО_0347,M,3,rub,0
8/1/23 0:00,5011.150274336212,Все категории,МО_0347,M,3,rub,0
9/1/23 0:00,5101.512186110729,Все категории,МО_0347,M,3,rub,0
10/1/23 0:00,5690.8728127706,Все категории,МО_0347,M,3,rub,0
11/1/23 0:00,4806.991198035784,Все категории,МО_0347,M,3,rub,0
12/1/23 0:00,4769.628603257606,Все категории,МО_0347,M,3,rub,0
1/1/24 0:00,4582.172824309028,Все категории,МО_0347,M,3,rub,0
2/1/24 0:00,4451.239858710512,Все категории,МО_0347,M,3,rub,0
3/1/24 0:00,4292.063179094301,Все категории,МО_0347,M,3,rub,0
4/1/24 0:00,4302.037545249423,Все категории,МО_0347,M,3,rub,0
5/1/24 0:00,4391.613886150004,Все категории,МО_0347,M,3,rub,0
6/1/24 0:00,4398.348586692563,Все категории,МО_0347,M,3,rub,0
7/1/24 0:00,4763.142085332678,Все категории,МО_0347,M,3,rub,0
8/1/24 0:00,5308.499093921975,Все категории,МО_0347,M,3,rub,0
9/1/24 0:00,5117.829154582758,Все категории,МО_0347,M,3,rub,0
10/1/24 0:00,4808.035711230586,Все категории,МО_0347,M,3,rub,0
11/1/24 0:00,4771.214377992159,Все категории,МО_0347,M,3,rub,0
12/1/24 0:00,4182.887519638806,Все категории,МО_0347,M,3,rub,0
1/1/23 0:00,9845.696714373664,Все категории,МО_0348,M,3,rub,0
2/1/23 0:00,10372.952714287841,Все категории,МО_0348,M,3,rub,0
3/1/23 0:00,10711.193702621898,Все категории,МО_0348,M,3,rub,0
4/1/23 0:00,10338.01003615707,Все категории,МО_0348,M,3,rub,0
5/1/23 0:00,10359.191829144114,Все категории,МО_0348,M,3,rub,0
6/1/23 0:00,10760.394707300235,Все категории,МО_0348,M,3,rub,0
7/1/23 0:00,10096.30934834365,Все категории,МО_0348,M,3,rub,0
8/1/23 0:00,10223.734821881324,Все категории,МО_0348,M,3,rub,0
9/1/23 0:00,9748.179963497516,Все категории,МО_0348,M,3,rub,0
10/1/23 0:00,9719.831925079616,Все категории,МО_0348,M,3,rub,0
11/1/23 0:00,9706.867581361554,Все категории,МО_0348,M,3,rub,0
12/1/23 0:00,10166.477862265056,Все категории,МО_0348,M,3,rub,0
1/1/24 0:00,10542.347824173505,Все категории,МО_0348,M,3,rub,0
2/1/24 0:00,10335.087675084262,Все категории,МО_0348,M,3,rub,0
3/1/24 0:00,10702.709997158108,Все категории,МО_0348,M,3,rub,0
4/1/24 0:00,11084.483987935622,Все категории,МО_0348,M,3,rub,0
5/1/24 0:00,10815.226674461974,Все категории,МО_0348,M,3,rub,0
6/1/24 0:00,10573.776402804211,Все категории,МО_0348,M,3,rub,0
7/1/24 0:00,10659.329990568334,Все категории,МО_0348,M,3,rub,0
8/1/24 0:00,10446.988813951166,Все категории,МО_0348,M,3,rub,0
9/1/24 0:00,9973.689832286338,Все категории,МО_0348,M,3,rub,0
10/1/24 0:00,10069.308666342878,Все категории,МО_0348,M,3,rub,0
11/1/24 0:00,9882.583396020596,Все категории,МО_0348,M,3,rub,0
12/1/24 0:00,10158.7469495616,Все категории,МО_0348,M,3,rub,0
1/1/23 0:00,9921.737187378498,Все категории,МО_0349,M,3,rub,0
2/1/23 0:00,10184.560089719258,Все категории,МО_0349,M,3,rub,0
3/1/23 0:00,10198.171804496662,Все категории,МО_0349,M,3,rub,0
4/1/23 0:00,10349.3658005351,Все категории,МО_0349,M,3,rub,0
5/1/23 0:00,10239.421294526463,Все категории,МО_0349,M,3,rub,0
6/1/23 0:00,10395.218264507166,Все категории,МО_0349,M,3,rub,0
7/1/23 0:00,9688.038081987217,Все категории,МО_0349,M,3,rub,0
8/1/23 0:00,9660.188644275506,Все категории,МО_0349,M,3,rub,0
9/1/23 0:00,9352.882830274248,Все категории,МО_0349,M,3,rub,0
10/1/23 0:00,9753.489643175148,Все категории,МО_0349,M,3,rub,0
11/1/23 0:00,9420.505785051948,Все категории,МО_0349,M,3,rub,0
12/1/23 0:00,9982.956660240143,Все категории,МО_0349,M,3,rub,0
1/1/24 0:00,10601.920896304924,Все категории,МО_0349,M,3,rub,0
2/1/24 0:00,10910.366590868303,Все категории,МО_0349,M,3,rub,0
3/1/24 0:00,10396.069893003114,Все категории,МО_0349,M,3,rub,0
4/1/24 0:00,10948.614439496776,Все категории,МО_0349,M,3,rub,0
5/1/24 0:00,10630.918183851862,Все категории,МО_0349,M,3,rub,0
6/1/24 0:00,10426.82696011773,Все категории,МО_0349,M,3,rub,0
7/1/24 0:00,10422.587457203335,Все категории,МО_0349,M,3,rub,0
8/1/24 0:00,10473.105017125567,Все категории,МО_0349,M,3,rub,0
9/1/24 0:00,10185.209595546728,Все категории,МО_0349,M,3,rub,0
10/1/24 0:00,9884.243290951288,Все категории,МО_0349,M,3,rub,0
11/1/24 0:00,10268.121858964378,Все категории,МО_0349,M,3,rub,0
12/1/24 0:00,9888.481099141998,Все категории,МО_0349,M,3,rub,0
1/1/23 0:00,6764.882719484325,Все категории,МО_0350,M,3,rub,0
2/1/23 0:00,5987.770429222743,Все категории,МО_0350,M,3,rub,0
3/1/23 0:00,5467.021135472214,Все категории,МО_0350,M,3,rub,0
4/1/23 0:00,4888.30539572501,Все категории,МО_0350,M,3,rub,0
5/1/23 0:00,4675.444219658094,Все категории,МО_0350,M,3,rub,0
6/1/23 0:00,4761.391549289734,Все категории,МО_0350,M,3,rub,0
7/1/23 0:00,5204.496558046959,Все категории,МО_0350,M,3,rub,0
8/1/23 0:00,5997.962879991754,Все категории,МО_0350,M,3,rub,0
9/1/23 0:00,6718.477892822034,Все категории,МО_0350,M,3,rub,0
10/1/23 0:00,7316.679115161318,Все категории,МО_0350,M,3,rub,0
11/1/23 0:00,7897.737697120509,Все категории,МО_0350,M,3,rub,0
12/1/23 0:00,7893.231615936888,Все категории,МО_0350,M,3,rub,0
1/1/24 0:00,6900.692172416221,Все категории,МО_0350,M,3,rub,0
2/1/24 0:00,6248.232850885639,Все категории,МО_0350,M,3,rub,0
3/1/24 0:00,5778.113935903881,Все категории,МО_0350,M,3,rub,0
4/1/24 0:00,4772.395547452744,Все категории,МО_0350,M,3,rub,0
5/1/24 0:00,5114.967830156102,Все категории,МО_0350,M,3,rub,0
6/1/24 0:00,4599.568754240006,Все категории,МО_0350,M,3,rub,0
7/1/24 0:00,5190.406929421061,Все категории,МО_0350,M,3,rub,0
8/1/24 0:00,5719.074851277493,Все категории,МО_0350,M,3,rub,0
9/1/24 0:00,7377.28336902031,Все категории,МО_0350,M,3,rub,0
10/1/24 0:00,7340.424125705371,Все категории,МО_0350,M,3,rub,0
11/1/24 0:00,7709.6498658587925,Все категории,МО_0350,M,3,rub,0
12/1/24 0:00,7615.081915599825,Все категории,МО_0350,M,3,rub,0
1/1/23 0:00,9916.071028590128,Все категории,МО_0351,M,3,rub,0
2/1/23 0:00,10111.525232878374,Все категории,МО_0351,M,3,rub,0
3/1/23 0:00,10369.701689185875,Все категории,МО_0351,M,3,rub,0
4/1/23 0:00,9783.140254809729,Все категории,МО_0351,M,3,rub,0
5/1/23 0:00,10471.834117707884,Все категории,МО_0351,M,3,rub,0
6/1/23 0:00,10304.70774512314,Все категории,МО_0351,M,3,rub,0
7/1/23 0:00,10288.390225796564,Все категории,МО_0351,M,3,rub,0
8/1/23 0:00,10119.112273314191,Все категории,МО_0351,M,3,rub,0
9/1/23 0:00,9671.5568032151,Все категории,МО_0351,M,3,rub,0
10/1/23 0:00,9831.281605817647,Все категории,МО_0351,M,3,rub,0
11/1/23 0:00,9553.542949980014,Все категории,МО_0351,M,3,rub,0
12/1/23 0:00,10130.914269816989,Все категории,МО_0351,M,3,rub,0
1/1/24 0:00,10143.115556219063,Все категории,МО_0351,M,3,rub,0
2/1/24 0:00,10304.191679812626,Все категории,МО_0351,M,3,rub,0
3/1/24 0:00,10738.487147320297,Все категории,МО_0351,M,3,rub,0
4/1/24 0:00,11192.614822530697,Все категории,МО_0351,M,3,rub,0
5/1/24 0:00,10882.609995396193,Все категории,МО_0351,M,3,rub,0
6/1/24 0:00,11003.071751717407,Все категории,МО_0351,M,3,rub,0
7/1/24 0:00,10291.00349778381,Все категории,МО_0351,M,3,rub,0
8/1/24 0:00,10435.377780757004,Все категории,МО_0351,M,3,rub,0
9/1/24 0:00,9933.374509475821,Все категории,МО_0351,M,3,rub,0
10/1/24 0:00,10071.9194012133,Все категории,МО_0351,M,3,rub,0
11/1/24 0:00,10168.321044565453,Все категории,МО_0351,M,3,rub,0
12/1/24 0:00,10480.061589081131,Все категории,МО_0351,M,3,rub,0
1/1/23 0:00,8961.797746503787,Все категории,МО_0352,M,3,rub,0
2/1/23 0:00,8854.307158324915,Все категории,МО_0352,M,3,rub,0
3/1/23 0:00,9213.197674550796,Все категории,МО_0352,M,3,rub,0
4/1/23 0:00,9174.521080753799,Все категории,МО_0352,M,3,rub,0
5/1/23 0:00,8227.72678823905,Все категории,МО_0352,M,3,rub,0
6/1/23 0:00,7649.10535447069,Все категории,МО_0352,M,3,rub,0
7/1/23 0:00,8052.804368095937,Все категории,МО_0352,M,3,rub,0
8/1/23 0:00,7904.833982785192,Все категории,МО_0352,M,3,rub,0
9/1/23 0:00,8218.014040597442,Все категории,МО_0352,M,3,rub,0
10/1/23 0:00,8852.450189231347,Все категории,МО_0352,M,3,rub,0
11/1/23 0:00,9150.182279610823,Все категории,МО_0352,M,3,rub,0
12/1/23 0:00,9764.742816740792,Все категории,МО_0352,M,3,rub,0
1/1/24 0:00,10241.468772156533,Все категории,МО_0352,M,3,rub,0
2/1/24 0:00,10926.294016983418,Все категории,МО_0352,M,3,rub,0
3/1/24 0:00,10372.207419532713,Все категории,МО_0352,M,3,rub,0
4/1/24 0:00,9693.061197245397,Все категории,МО_0352,M,3,rub,0
5/1/24 0:00,9329.183655953047,Все категории,МО_0352,M,3,rub,0
6/1/24 0:00,9372.900066078888,Все категории,МО_0352,M,3,rub,0
7/1/24 0:00,8856.55597051043,Все категории,МО_0352,M,3,rub,0
8/1/24 0:00,8798.14387648055,Все категории,МО_0352,M,3,rub,0
9/1/24 0:00,9711.66503954587,Все категории,МО_0352,M,3,rub,0
10/1/24 0:00,10262.98668882248,Все категории,МО_0352,M,3,rub,0
11/1/24 0:00,10595.416238214184,Все категории,МО_0352,M,3,rub,0
12/1/24 0:00,11469.066763800449,Все категории,МО_0352,M,3,rub,0
1/1/23 0:00,8944.978191935608,Все категории,МО_0353,M,3,rub,0
2/1/23 0:00,9217.945140150845,Все категории,МО_0353,M,3,rub,0
3/1/23 0:00,9137.348770345267,Все категории,МО_0353,M,3,rub,0
4/1/23 0:00,8055.111338677263,Все категории,МО_0353,M,3,rub,0
5/1/23 0:00,8312.903116536378,Все категории,МО_0353,M,3,rub,0
6/1/23 0:00,8208.60325584571,Все категории,МО_0353,M,3,rub,0
7/1/23 0:00,7835.989144073255,Все категории,МО_0353,M,3,rub,0
8/1/23 0:00,7992.4389210943955,Все категории,МО_0353,M,3,rub,0
9/1/23 0:00,8438.315168596353,Все категории,МО_0353,M,3,rub,0
10/1/23 0:00,8727.131206078042,Все категории,МО_0353,M,3,rub,0
11/1/23 0:00,9705.601138055781,Все категории,МО_0353,M,3,rub,0
12/1/23 0:00,10182.324993845914,Все категории,МО_0353,M,3,rub,0
1/1/24 0:00,,Все категории,МО_0353,M,3,rub,0
2/1/24 0:00,10393.05896579265,Все категории,МО_0353,M,3,rub,0
3/1/24 0:00,9513.559095432865,Все категории,МО_0353,M,3,rub,0
4/1/24 0:00,9961.0793137402,Все категории,МО_0353,M,3,rub,0
5/1/24 0:00,9285.23776586863,Все категории,МО_0353,M,3,rub,0
6/1/24 0:00,9395.985677014283,Все категории,МО_0353,M,3,rub,0
7/1/24 0:00,9203.896562178483,Все категории,МО_0353,M,3,rub,0
8/1/24 0:00,9414.824800615603,Все категории,МО_0353,M,3,rub,0
9/1/24 0:00,9935.972712038749,Все категории,МО_0353,M,3,rub,0
10/1/24 0:00,10046.46531489603,Все категории,МО_0353,M,3,rub,0
11/1/24 0:00,11471.641835447297,Все категории,МО_0353,M,3,rub,0
12/1/24 0:00,11448.026181299601,Все категории,МО_0353,M,3,rub,0
1/1/23 0:00,4412.083425832372,Все категории,МО_0354,M,3,rub,0
2/1/23 0:00,4430.484745190633,Все категории,МО_0354,M,3,rub,0
3/1/23 0:00,4409.035008469335,Все категории,МО_0354,M,3,rub,0
4/1/23 0:00,4659.942346375977,Все категории,МО_0354,M,3,rub,0
5/1/23 0:00,4425.209304750344,Все категории,МО_0354,M,3,rub,0
6/1/23 0:00,4735.702364335803,Все категории,МО_0354,M,3,rub,0
7/1/23 0:00,4936.120003751545,Все категории,МО_0354,M,3,rub,0
8/1/23 0:00,4980.2037633412365,Все категории,МО_0354,M,3,rub,0
9/1/23 0:00,5326.887077300155,Все категории,МО_0354,M,3,rub,0
10/1/23 0:00,5192.206716202525,Все категории,МО_0354,M,3,rub,0
11/1/23 0:00,5145.578107407994,Все категории,МО_0354,M,3,rub,0
12/1/23 0:00,4562.676205749601,Все категории,МО_0354,M,3,rub,0
1/1/24 0:00,4711.395780242181,Все категории,МО_0354,M,3,rub,0
2/1/24 0:00,4008.4825002104703,Все категории,МО_0354,M,3,rub,0
3/1/24 0:00,3946.6770296456048,Все категории,МО_0354,M,3,rub,0
4/1/24 0:00,4009.6607397126736,Все категории,МО_0354,M,3,rub,0
5/1/24 0:00,4371.650635104335,Все категории,МО_0354,M,3,rub,0
6/1/24 0:00,4807.358429512675,Все категории,МО_0354,M,3,rub,0
7/1/24 0:00,4547.258428884756,Все категории,МО_0354,M,3,rub,0
8/1/24 0:00,4683.48352816226,Все категории,МО_0354,M,3,rub,0
9/1/24 0:00,4765.466161668151,Все категории,МО_0354,M,3,rub,0
10/1/24 0:00,4873.118736295531,Все категории,МО_0354,M,3,rub,0
11/1/24 0:00,4463.477202149228,Все категории,МО_0354,M,3,rub,0
12/1/24 0:00,4253.702370721152,Все категории,МО_0354,M,3,rub,0
1/1/23 0:00,4404.329641681388,Все категории,МО_0355,M,3,rub,0
2/1/23 0:00,4428.347721088461,Все категории,МО_0355,M,3,rub,0
3/1/23 0:00,4764.374549647283,Все категории,МО_0355,M,3,rub,0
4/1/23 0:00,4544.615015153216,Все категории,МО_0355,M,3,rub,0
5/1/23 0:00,4471.336455842855,Все категории,МО_0355,M,3,rub,0
6/1/23 0:00,5113.2542600515235,Все категории,МО_0355,M,3,rub,0
7/1/23 0:00,4832.53385220239,Все категории,МО_0355,M,3,rub,0
8/1/23 0:00,5467.7906180396385,Все категории,МО_0355,M,3,rub,0
9/1/23 0:00,5486.972297662633,Все категории,МО_0355,M,3,rub,0
10/1/23 0:00,5042.456201172375,Все категории,МО_0355,M,3,rub,0
11/1/23 0:00,4503.62168875494,Все категории,МО_0355,M,3,rub,0
12/1/23 0:00,5201.4406142682055,Все категории,МО_0355,M,3,rub,0
1/1/24 0:00,4523.208705364625,Все категории,МО_0355,M,3,rub,0
2/1/24 0:00,4222.461466417813,Все категории,МО_0355,M,3,rub,0
3/1/24 0:00,4437.537375115692,Все категории,МО_0355,M,3,rub,0
4/1/24 0:00,4412.8108079103,Все категории,МО_0355,M,3,rub,0
5/1/24 0:00,4665.649208172169,Все категории,МО_0355,M,3,rub,0
6/1/24 0:00,4379.3988011023475,Все категории,МО_0355,M,3,rub,0
7/1/24 0:00,4761.464471139913,Все категории,МО_0355,M,3,rub,0
8/1/24 0:00,4520.322475351665,Все категории,МО_0355,M,3,rub,0
9/1/24 0:00,4980.413801395181,Все категории,МО_0355,M,3,rub,0
10/1/24 0:00,4730.095795623758,Все категории,МО_0355,M,3,rub,0
11/1/24 0:00,4636.036654545789,Все категории,МО_0355,M,3,rub,0
12/1/24 0:00,4336.827592980709,Все категории,МО_0355,M,3,rub,0
1/1/23 0:00,9847.572170062831,Все категории,МО_0356,M,3,rub,0
2/1/23 0:00,10002.950480616428,Все категории,МО_0356,M,3,rub,0
3/1/23 0:00,10562.971127766335,Все категории,МО_0356,M,3,rub,0
4/1/23 0:00,10816.132847817591,Все категории,МО_0356,M,3,rub,0
5/1/23 0:00,10344.061883778782,Все категории,МО_0356,M,3,rub,0
6/1/23 0:00,10415.712997855664,Все категории,МО_0356,M,3,rub,0
7/1/23 0:00,10164.369245039159,Все категории,МО_0356,M,3,rub,0
8/1/23 0:00,9859.216246245958,Все категории,МО_0356,M,3,rub,0
9/1/23 0:00,9416.01098097733,Все категории,МО_0356,M,3,rub,0
10/1/23 0:00,9423.558468486008,Все категории,МО_0356,M,3,rub,0
11/1/23 0:00,9614.994546035732,Все категории,МО_0356,M,3,rub,0
12/1/23 0:00,9558.823231490445,Все категории,МО_0356,M,3,rub,0
1/1/24 0:00,10552.948880621669,Все категории,МО_0356,M,3,rub,0
2/1/24 0:00,10629.134681443858,Все категории,МО_0356,M,3,rub,0
3/1/24 0:00,10771.963324523605,Все категории,МО_0356,M,3,rub,0
4/1/24 0:00,10417.009558958127,Все категории,МО_0356,M,3,rub,0
5/1/24 0:00,10454.877062741461,Все категории,МО_0356,M,3,rub,0
6/1/24 0:00,10678.131801248124,Все категории,МО_0356,M,3,rub,0
7/1/24 0:00,10866.172468674476,Все категории,МО_0356,M,3,rub,0
8/1/24 0:00,10077.163629660614,Все категории,МО_0356,M,3,rub,0
9/1/24 0:00,10239.15821961783,Все категории,МО_0356,M,3,rub,0
10/1/24 0:00,9930.855951325055,Все категории,МО_0356,M,3,rub,0
11/1/24 0:00,10135.541792160388,Все категории,МО_0356,M,3,rub,0
12/1/24 0:00,10596.655134756342,Все категории,МО_0356,M,3,rub,0
1/1/23 0:00,4630.015650068695,Все категории,МО_0357,M,3,rub,0
2/1/23 0:00,4402.212914979284,Все категории,МО_0357,M,3,rub,0
3/1/23 0:00,4822.038236373479,Все категории,МО_0357,M,3,rub,0
4/1/23 0:00,4534.317651611325,Все категории,МО_0357,M,3,rub,0
5/1/23 0:00,4900.025099206897,Все категории,МО_0357,M,3,rub,0
6/1/23 0:00,4644.884003925745,Все категории,МО_0357,M,3,rub,0
7/1/23 0:00,5338.610017488132,Все категории,МО_0357,M,3,rub,0
8/1/23 0:00,5163.208613913356,Все категории,МО_0357,M,3,rub,0
9/1/23 0:00,5227.513013549231,Все категории,МО_0357,M,3,rub,0
10/1/23 0:00,5061.557231055759,Все категории,МО_0357,M,3,rub,0
11/1/23 0:00,4732.8881565108695,Все категории,МО_0357,M,3,rub,0
12/1/23 0:00,4638.432366620838,Все категории,МО_0357,M,3,rub,0
1/1/24 0:00,4339.36627491561,Все категории,МО_0357,M,3,rub,0
2/1/24 0:00,4502.306847722144,Все категории,МО_0357,M,3,rub,0
3/1/24 0:00,4187.652537004798,Все категории,МО_0357,M,3,rub,0
4/1/24 0:00,3953.3817706206664,Все категории,МО_0357,M,3,rub,0
5/1/24 0:00,4017.6971334464442,Все категории,МО_0357,M,3,rub,0
6/1/24 0:00,4152.4268097501235,Все категории,МО_0357,M,3,rub,0
7/1/24 0:00,4833.30331557401,Все категории,МО_0357,M,3,rub,0
8/1/24 0:00,4528.096404167146,Все категории,МО_0357,M,3,rub,0
9/1/24 0:00,4890.0403218948895,Все категории,МО_0357,M,3,rub,0
10/1/24 0:00,4767.973869840121,Все категории,МО_0357,M,3,rub,0
11/1/24 0:00,4556.587278200844,Все категории,МО_0357,M,3,rub,0
12/1/24 0:00,4465.498516043171,Все категории,МО_0357,M,3,rub,0
1/1/23 0:00,9928.513726306915,Все категории,МО_0358,M,3,rub,0
2/1/23 0:00,9641.243809318446,Все категории,МО_0358,M,3,rub,0
3/1/23 0:00,10330.219031983093,Все категории,МО_0358,M,3,rub,0
4/1/23 0:00,10588.269990393594,Все категории,МО_0358,M,3,rub,0
5/1/23 0:00,10808.703048293668,Все категории,МО_0358,M,3,rub,0
6/1/23 0:00,10654.409812443679,Все категории,МО_0358,M,3,rub,0
7/1/23 0:00,9805.875146067698,Все категории,МО_0358,M,3,rub,0
8/1/23 0:00,9788.911006180928,Все категории,МО_0358,M,3,rub,0
9/1/23 0:00,9408.571679418761,Все категории,МО_0358,M,3,rub,0
10/1/23 0:00,9970.61654936982,Все категории,МО_0358,M,3,rub,0
11/1/23 0:00,9966.212030224951,Все категории,МО_0358,M,3,rub,0
12/1/23 0:00,10046.823136931127,Все категории,МО_0358,M,3,rub,0
1/1/24 0:00,10294.05576287774,Все категории,МО_0358,M,3,rub,0
2/1/24 0:00,10846.661567672314,Все категории,МО_0358,M,3,rub,0
3/1/24 0:00,11042.732232994247,Все категории,МО_0358,M,3,rub,0
4/1/24 0:00,11138.47816219234,Все категории,МО_0358,M,3,rub,0
5/1/24 0:00,10942.776830366232,Все категории,МО_0358,M,3,rub,0
6/1/24 0:00,10604.306105852984,Все категории,МО_0358,M,3,rub,0
7/1/24 0:00,10607.774945336969,Все категории,МО_0358,M,3,rub,0
8/1/24 0:00,10387.109426346808,Все категории,МО_0358,M,3,rub,0
9/1/24 0:00,10025.488512549877,Все категории,МО_0358,M,3,rub,0
10/1/24 0:00,9956.441639395427,Все категории,МО_0358,M,3,rub,0
11/1/24 0:00,10356.452094114667,Все категории,МО_0358,M,3,rub,0
12/1/24 0:00,10692.334075867155,Все категории,МО_0358,M,3,rub,0
1/1/23 0:00,6765.843405778361,Все категории,МО_0359,M,3,rub,0
2/1/23 0:00,6123.536089812197,Все категории,МО_0359,M,3,rub,0
3/1/23 0:00,5526.962463242111,Все категории,МО_0359,M,3,rub,0
4/1/23 0:00,5024.986548575067,Все категории,МО_0359,M,3,rub,0
5/1/23 0:00,4604.749946733639,Все категории,МО_0359,M,3,rub,0
6/1/23 0:00,5169.983899120319,Все категории,МО_0359,M,3,rub,0
7/1/23 0:00,5288.3722516257985,Все категории,МО_0359,M,3,rub,0
8/1/23 0:00,5995.864545875179,Все категории,МО_0359,M,3,rub,0
9/1/23 0:00,7165.255693111789,Все категории,МО_0359,M,3,rub,0
10/1/23 0:00,7268.632411547391,Все категории,МО_0359,M,3,rub,0
11/1/23 0:00,7744.393364803286,Все категории,МО_0359,M,3,rub,0
12/1/23 0:00,7263.253027275483,Все категории,МО_0359,M,3,rub,0
1/1/24 0:00,7007.4140472111885,Все категории,МО_0359,M,3,rub,0
2/1/24 0:00,5900.975570529533,Все категории,МО_0359,M,3,rub,0
3/1/24 0:00,5683.203285101302,Все категории,МО_0359,M,3,rub,0
4/1/24 0:00,5072.119041231891,Все категории,МО_0359,M,3,rub,0
5/1/24 0:00,4706.2915910630245,Все категории,МО_0359,M,3,rub,0
6/1/24 0:00,4833.214627836891,Все категории,МО_0359,M,3,rub,0
7/1/24 0:00,5425.36588612597,Все категории,МО_0359,M,3,rub,0
8/1/24 0:00,5676.772273042199,Все категории,МО_0359,M,3,rub,0
9/1/24 0:00,6814.516379374901,Все категории,МО_0359,M,3,rub,0
10/1/24 0:00,7702.238625290803,Все категории,МО_0359,M,3,rub,0
11/1/24 0:00,7324.430882921504,Все категории,МО_0359,M,3,rub,0
12/1/24 0:00,7943.533593722036,Все категории,МО_0359,M,3,rub,0
1/1/23 0:00,4332.54316913451,Все категории,МО_0360,M,3,rub,0
2/1/23 0:00,4530.0495196591455,Все категории,МО_0360,M,3,rub,0
3/1/23 0:00,4238.136323979405,Все категории,МО_0360,M,3,rub,0
4/1/23 0:00,4859.614177646511,Все категории,МО_0360,M,3,rub,0
5/1/23 0:00,4379.015906021214,Все категории,МО_0360,M,3,rub,0
6/1/23 0:00,4426.102277862069,Все категории,МО_0360,M,3,rub,0
7/1/23 0:00,5009.315201216263,Все категории,МО_0360,M,3,rub,0
8/1/23 0:00,4988.781531663749,Все категории,МО_0360,M,3,rub,0
9/1/23 0:00,4744.404857513502,Все категории,МО_0360,M,3,rub,0
10/1/23 0:00,5162.3065401005,Все категории,МО_0360,M,3,rub,0
11/1/23 0:00,4393.975578609335,Все категории,МО_0360,M,3,rub,0
12/1/23 0:00,4404.596034385716,Все категории,МО_0360,M,3,rub,0
1/1/24 0:00,4310.685396679326,Все категории,МО_0360,M,3,rub,0
2/1/24 0:00,4467.029805520984,Все категории,МО_0360,M,3,rub,0
3/1/24 0:00,4513.471538785516,Все категории,МО_0360,M,3,rub,0
4/1/24 0:00,4502.063426256419,Все категории,МО_0360,M,3,rub,0
5/1/24 0:00,4336.2780297681775,Все категории,МО_0360,M,3,rub,0
6/1/24 0:00,4009.4875179420624,Все категории,МО_0360,M,3,rub,0
7/1/24 0:00,4778.727335985955,Все категории,МО_0360,M,3,rub,0
8/1/24 0:00,5162.420372097207,Все категории,МО_0360,M,3,rub,0
9/1/24 0:00,5123.745839523859,Все категории,МО_0360,M,3,rub,0
10/1/24 0:00,4846.419447435681,Все категории,МО_0360,M,3,rub,0
11/1/24 0:00,4307.3989538583255,Все категории,МО_0360,M,3,rub,0
12/1/24 0:00,4255.427587072244,Все категории,МО_0360,M,3,rub,0
1/1/23 0:00,5189.039173449298,Все категории,МО_0361,M,3,rub,0
2/1/23 0:00,4245.145600152996,Все категории,МО_0361,M,3,rub,0
3/1/23 0:00,4241.432729984722,Все категории,МО_0361,M,3,rub,0
4/1/23 0:00,4742.309702527189,Все категории,МО_0361,M,3,rub,0
5/1/23 0:00,4540.885833907205,Все категории,МО_0361,M,3,rub,0
6/1/23 0:00,4530.9928527328575,Все категории,МО_0361,M,3,rub,0
7/1/23 0:00,5371.086260582087,Все категории,МО_0361,M,3,rub,0
8/1/23 0:00,5211.822724968352,Все категории,МО_0361,M,3,rub,0
9/1/23 0:00,5018.375131018476,Все категории,МО_0361,M,3,rub,0
10/1/23 0:00,4748.382253184836,Все категории,МО_0361,M,3,rub,0
11/1/23 0:00,5377.264014707521,Все категории,МО_0361,M,3,rub,0
12/1/23 0:00,,Все категории,МО_0361,M,3,rub,0
1/1/24 0:00,4757.509099586138,Все категории,МО_0361,M,3,rub,0
2/1/24 0:00,4487.493351934923,Все категории,МО_0361,M,3,rub,0
3/1/24 0:00,4121.627474749673,Все категории,МО_0361,M,3,rub,0
4/1/24 0:00,4152.662366863684,Все категории,МО_0361,M,3,rub,0
5/1/24 0:00,4697.337307030472,Все категории,МО_0361,M,3,rub,0
6/1/24 0:00,4870.295977962442,Все категории,МО_0361,M,3,rub,0
7/1/24 0:00,4266.465844628316,Все категории,МО_0361,M,3,rub,0
8/1/24 0:00,4930.1324802981535,Все категории,МО_0361,M,3,rub,0
9/1/24 0:00,4788.108844520042,Все категории,МО_0361,M,3,rub,0
10/1/24 0:00,4497.07221169331,Все категории,МО_0361,M,3,rub,0
11/1/24 0:00,4631.573568249018,Все категории,МО_0361,M,3,rub,0
12/1/24 0:00,4083.607374149682,Все категории,МО_0361,M,3,rub,0
1/1/23 0:00,9805.227030310713,Все категории,МО_0362,M,3,rub,0
2/1/23 0:00,10016.915824826492,Все категории,МО_0362,M,3,rub,0
3/1/23 0:00,10293.886403180662,Все категории,МО_0362,M,3,rub,0
4/1/23 0:00,10483.631658296184,Все категории,МО_0362,M,3,rub,0
5/1/23 0:00,10249.558771438695,Все категории,МО_0362,M,3,rub,0
6/1/23 0:00,10630.298805436427,Все категории,МО_0362,M,3,rub,0
7/1/23 0:00,10176.797616857113,Все категории,МО_0362,M,3,rub,0
8/1/23 0:00,10217.847862029163,Все категории,МО_0362,M,3,rub,0
9/1/23 0:00,9676.902413252703,Все категории,МО_0362,M,3,rub,0
10/1/23 0:00,9566.514439963406,Все категории,МО_0362,M,3,rub,0
11/1/23 0:00,10115.933581705907,Все категории,МО_0362,M,3,rub,0
12/1/23 0:00,9861.94613802981,Все категории,МО_0362,M,3,rub,0
1/1/24 0:00,10223.396627413033,Все категории,МО_0362,M,3,rub,0
2/1/24 0:00,10704.301491417942,Все категории,МО_0362,M,3,rub,0
3/1/24 0:00,10514.880822471676,Все категории,МО_0362,M,3,rub,0
4/1/24 0:00,11039.39915181831,Все категории,МО_0362,M,3,rub,0
5/1/24 0:00,10970.533793914934,Все категории,МО_0362,M,3,rub,0
6/1/24 0:00,10953.19535985559,Все категории,МО_0362,M,3,rub,0
7/1/24 0:00,10633.88511084123,Все категории,МО_0362,M,3,rub,0
8/1/24 0:00,10488.131537272635,Все категории,МО_0362,M,3,rub,0
9/1/24 0:00,10041.58542665609,Все категории,МО_0362,M,3,rub,0
10/1/24 0:00,9855.121946909196,Все категории,МО_0362,M,3,rub,0
11/1/24 0:00,10560.737967372555,Все категории,МО_0362,M,3,rub,0
12/1/24 0:00,10031.306058564769,Все категории,МО_0362,M,3,rub,0
1/1/23 0:00,4386.502338949063,Все категории,МО_0363,M,3,rub,0
2/1/23 0:00,4687.357529581243,Все категории,МО_0363,M,3,rub,0
3/1/23 0:00,4872.184913398868,Все категории,МО_0363,M,3,rub,0
4/1/23 0:00,4567.08095798044,Все категории,МО_0363,M,3,rub,0
5/1/23 0:00,4877.560795154589,Все категории,МО_0363,M,3,rub,0
6/1/23 0:00,4350.273462231306,Все категории,МО_0363,M,3,rub,0
7/1/23 0:00,4853.278054574869,Все категории,МО_0363,M,3,rub,0
8/1/23 0:00,4637.518682786782,Все категории,МО_0363,M,3,rub,0
9/1/23 0:00,5318.635621612258,Все категории,МО_0363,M,3,rub,0
10/1/23 0:00,4654.019045813276,Все категории,МО_0363,M,3,rub,0
11/1/23 0:00,4553.601356788221,Все категории,МО_0363,M,3,rub,0
12/1/23 0:00,4759.591560312835,Все категории,МО_0363,M,3,rub,0
1/1/24 0:00,4678.366672192685,Все категории,МО_0363,M,3,rub,0
2/1/24 0:00,4257.423604759753,Все категории,МО_0363,M,3,rub,0
3/1/24 0:00,4352.723785770246,Все категории,МО_0363,M,3,rub,0
4/1/24 0:00,4376.661095952988,Все категории,МО_0363,M,3,rub,0
5/1/24 0:00,4322.82329754386,Все категории,МО_0363,M,3,rub,0
6/1/24 0:00,4285.741447062707,Все категории,МО_0363,M,3,rub,0
7/1/24 0:00,4820.492892238129,Все категории,МО_0363,M,3,rub,0
8/1/24 0:00,4945.764884398257,Все категории,МО_0363,M,3,rub,0
9/1/24 0:00,5037.437300284253,Все категории,МО_0363,M,3,rub,0
10/1/24 0:00,4809.995000685669,Все категории,МО_0363,M,3,rub,0
11/1/24 0:00,4311.92471267928,Все категории,МО_0363,M,3,rub,0
12/1/24 0:00,4522.105055733614,Все категории,МО_0363,M,3,rub,0
1/1/23 0:00,9896.855687934194,Все категории,МО_0364,M,3,rub,0
2/1/23 0:00,10080.370038432706,Все категории,МО_0364,M,3,rub,0
3/1/23 0:00,10336.210106379207,Все категории,МО_0364,M,3,rub,0
4/1/23 0:00,10354.690209983048,Все категории,МО_0364,M,3,rub,0
5/1/23 0:00,10647.47597893639,Все категории,МО_0364,M,3,rub,0
6/1/23 0:00,10012.981752531665,Все категории,МО_0364,M,3,rub,0
7/1/23 0:00,9878.641500157562,Все категории,МО_0364,M,3,rub,0
8/1/23 0:00,9793.01389222032,Все категории,МО_0364,M,3,rub,0
9/1/23 0:00,10026.368451763903,Все категории,МО_0364,M,3,rub,0
10/1/23 0:00,9878.200227916615,Все категории,МО_0364,M,3,rub,0
11/1/23 0:00,9451.057450448205,Все категории,МО_0364,M,3,rub,0
12/1/23 0:00,10249.938061574208,Все категории,МО_0364,M,3,rub,0
1/1/24 0:00,10540.585853136494,Все категории,МО_0364,M,3,rub,0
2/1/24 0:00,10306.394774679517,Все категории,МО_0364,M,3,rub,0
3/1/24 0:00,10248.351114799769,Все категории,МО_0364,M,3,rub,0
4/1/24 0:00,10867.756526997353,Все категории,МО_0364,M,3,rub,0
5/1/24 0:00,11089.453032850492,Все категории,МО_0364,M,3,rub,0
6/1/24 0:00,11023.9475936002,Все категории,МО_0364,M,3,rub,0
7/1/24 0:00,10265.904645651728,Все категории,МО_0364,M,3,rub,0
8/1/24 0:00,10583.374253241398,Все категории,МО_0364,M,3,rub,0
9/1/24 0:00,9625.201383464406,Все категории,МО_0364,M,3,rub,0
10/1/24 0:00,9953.096499553862,Все категории,МО_0364,M,3,rub,0
11/1/24 0:00,10040.222119191636,Все категории,МО_0364,M,3,rub,0
12/1/24 0:00,10583.45001359413,Все категории,МО_0364,M,3,rub,0
1/1/23 0:00,7343.347899108673,Все категории,МО_0365,M,3,rub,0
2/1/23 0:00,6429.158992390401,Все категории,МО_0365,M,3,rub,0
3/1/23 0:00,5163.31624548815,Все категории,МО_0365,M,3,rub,0
4/1/23 0:00,5101.13762409368,Все категории,МО_0365,M,3,rub,0
5/1/23 0:00,4798.698335159594,Все категории,МО_0365,M,3,rub,0
6/1/23 0:00,4484.73484607063,Все категории,МО_0365,M,3,rub,0
7/1/23 0:00,4787.202118249526,Все категории,МО_0365,M,3,rub,0
8/1/23 0:00,6118.605582087346,Все категории,МО_0365,M,3,rub,0
9/1/23 0:00,6630.527819090384,Все категории,МО_0365,M,3,rub,0
10/1/23 0:00,7029.554560860997,Все категории,МО_0365,M,3,rub,0
11/1/23 0:00,7707.389489810789,Все категории,МО_0365,M,3,rub,0
12/1/23 0:00,7748.678682651107,Все категории,МО_0365,M,3,rub,0
1/1/24 0:00,7032.545363957586,Все категории,МО_0365,M,3,rub,0
2/1/24 0:00,5886.1100292095625,Все категории,МО_0365,M,3,rub,0
3/1/24 0:00,5947.811485824388,Все категории,МО_0365,M,3,rub,0
4/1/24 0:00,5192.044425480202,Все категории,МО_0365,M,3,rub,0
5/1/24 0:00,4695.327776395452,Все категории,МО_0365,M,3,rub,0
6/1/24 0:00,4795.725319893107,Все категории,МО_0365,M,3,rub,0
7/1/24 0:00,5338.82814709557,Все категории,МО_0365,M,3,rub,0
8/1/24 0:00,5678.174538826735,Все категории,МО_0365,M,3,rub,0
9/1/24 0:00,6846.8962078891855,Все категории,МО_0365,M,3,rub,0
10/1/24 0:00,7101.466609472588,Все категории,МО_0365,M,3,rub,0
11/1/24 0:00,7843.4991201847,Все категории,МО_0365,M,3,rub,0
12/1/24 0:00,7375.899294503594,Все категории,МО_0365,M,3,rub,0
1/1/23 0:00,8601.237688267565,Все категории,МО_0366,M,3,rub,0
2/1/23 0:00,9511.021078556072,Все категории,МО_0366,M,3,rub,0
3/1/23 0:00,8989.026487179295,Все категории,МО_0366,M,3,rub,0
4/1/23 0:00,8764.44057116914,Все категории,МО_0366,M,3,rub,0
5/1/23 0:00,7882.794499748894,Все категории,МО_0366,M,3,rub,0
6/1/23 0:00,7938.589410827744,Все категории,МО_0366,M,3,rub,0
7/1/23 0:00,8043.603473327739,Все категории,МО_0366,M,3,rub,0
8/1/23 0:00,8030.397018932631,Все категории,МО_0366,M,3,rub,0
9/1/23 0:00,7734.112738027036,Все категории,МО_0366,M,3,rub,0
10/1/23 0:00,8760.23808358062,Все категории,МО_0366,M,3,rub,0
11/1/23 0:00,9378.89861198613,Все категории,МО_0366,M,3,rub,0
12/1/23 0:00,10230.328038937823,Все категории,МО_0366,M,3,rub,0
1/1/24 0:00,10072.326331080229,Все категории,МО_0366,M,3,rub,0
2/1/24 0:00,9774.896325364753,Все категории,МО_0366,M,3,rub,0
3/1/24 0:00,10057.560646744627,Все категории,МО_0366,M,3,rub,0
4/1/24 0:00,9733.451347730697,Все категории,МО_0366,M,3,rub,0
5/1/24 0:00,9886.05457316064,Все категории,МО_0366,M,3,rub,0
6/1/24 0:00,8603.280280617419,Все категории,МО_0366,M,3,rub,0
7/1/24 0:00,9039.375757256512,Все категории,МО_0366,M,3,rub,0
8/1/24 0:00,9623.26635437584,Все категории,МО_0366,M,3,rub,0
9/1/24 0:00,9530.317553228258,Все категории,МО_0366,M,3,rub,0
10/1/24 0:00,10328.411026545786,Все категории,МО_0366,M,3,rub,0
11/1/24 0:00,10198.203968293343,Все категории,МО_0366,M,3,rub,0
12/1/24 0:00,10835.026713576788,Все категории,МО_0366,M,3,rub,0
1/1/23 0:00,9286.538731329802,Все категории,МО_0367,M,3,rub,0
2/1/23 0:00,9080.379821419889,Все категории,МО_0367,M,3,rub,0
3/1/23 0:00,9000.912924486684,Все категории,МО_0367,M,3,rub,0
4/1/23 0:00,8422.746069658759,Все категории,МО_0367,M,3,rub,0
5/1/23 0:00,8398.45130712131,Все категории,МО_0367,M,3,rub,0
6/1/23 0:00,7808.926708460542,Все категории,МО_0367,M,3,rub,0
7/1/23 0:00,8220.630636452117,Все категории,МО_0367,M,3,rub,0
8/1/23 0:00,8664.591704818073,Все категории,МО_0367,M,3,rub,0
9/1/23 0:00,8371.05478492571,Все категории,МО_0367,M,3,rub,0
10/1/23 0:00,8541.70429463526,Все категории,МО_0367,M,3,rub,0
11/1/23 0:00,8597.36553626835,Все категории,МО_0367,M,3,rub,0
12/1/23 0:00,9358.73247923629,Все категории,МО_0367,M,3,rub,0
1/1/24 0:00,10762.786445505884,Все категории,МО_0367,M,3,rub,0
2/1/24 0:00,10137.118701113604,Все категории,МО_0367,M,3,rub,0
3/1/24 0:00,10248.20666668188,Все категории,МО_0367,M,3,rub,0
4/1/24 0:00,10258.845157950569,Все категории,МО_0367,M,3,rub,0
5/1/24 0:00,10109.671730914823,Все категории,МО_0367,M,3,rub,0
6/1/24 0:00,9278.11172820864,Все категории,МО_0367,M,3,rub,0
7/1/24 0:00,9051.231323762939,Все категории,МО_0367,M,3,rub,0
8/1/24 0:00,9240.153624768549,Все категории,МО_0367,M,3,rub,0
9/1/24 0:00,9350.52536186475,Все категории,МО_0367,M,3,rub,0
10/1/24 0:00,9882.785146679997,Все категории,МО_0367,M,3,rub,0
11/1/24 0:00,10846.277968752998,Все категории,МО_0367,M,3,rub,0
12/1/24 0:00,11431.840990882944,Все категории,МО_0367,M,3,rub,0
1/1/23 0:00,10328.187698694848,Все категории,МО_0368,M,3,rub,0
2/1/23 0:00,10267.89151239346,Все категории,МО_0368,M,3,rub,0
3/1/23 0:00,10639.451184392667,Все категории,МО_0368,M,3,rub,0
4/1/23 0:00,10276.081573634474,Все категории,МО_0368,M,3,rub,0
5/1/23 0:00,10570.310097965663,Все категории,МО_0368,M,3,rub,0
6/1/23 0:00,10153.16108640775,Все категории,МО_0368,M,3,rub,0
7/1/23 0:00,10156.905167849258,Все категории,МО_0368,M,3,rub,0
8/1/23 0:00,9994.300824508511,Все категории,МО_0368,M,3,rub,0
9/1/23 0:00,9717.620924976718,Все категории,МО_0368,M,3,rub,0
10/1/23 0:00,10149.16296360522,Все категории,МО_0368,M,3,rub,0
11/1/23 0:00,10049.300661975687,Все категории,МО_0368,M,3,rub,0
12/1/23 0:00,10214.309483260558,Все категории,МО_0368,M,3,rub,0
1/1/24 0:00,10417.951718331167,Все категории,МО_0368,M,3,rub,0
2/1/24 0:00,10930.006942563501,Все категории,МО_0368,M,3,rub,0
3/1/24 0:00,10473.063764705767,Все категории,МО_0368,M,3,rub,0
4/1/24 0:00,11185.858911628795,Все категории,МО_0368,M,3,rub,0
5/1/24 0:00,10630.434909975309,Все категории,МО_0368,M,3,rub,0
6/1/24 0:00,10558.782083623204,Все категории,МО_0368,M,3,rub,0
7/1/24 0:00,10564.217361440067,Все категории,МО_0368,M,3,rub,0
8/1/24 0:00,10474.1375085056,Все категории,МО_0368,M,3,rub,0
9/1/24 0:00,9834.257154646659,Все категории,МО_0368,M,3,rub,0
10/1/24 0:00,9924.374713841402,Все категории,МО_0368,M,3,rub,0
11/1/24 0:00,10144.118630551708,Все категории,МО_0368,M,3,rub,0
12/1/24 0:00,10303.847827138026,Все категории,МО_0368,M,3,rub,0
1/1/23 0:00,4916.315819407295,Все категории,МО_0369,M,3,rub,0
2/1/23 0:00,5410.865036508838,Все категории,МО_0369,M,3,rub,0
3/1/23 0:00,4587.151379918991,Все категории,МО_0369,M,3,rub,0
4/1/23 0:00,4360.71875820233,Все категории,МО_0369,M,3,rub,0
5/1/23 0:00,4348.603053198814,Все категории,МО_0369,M,3,rub,0
6/1/23 0:00,4729.247735333539,Все категории,МО_0369,M,3,rub,0
7/1/23 0:00,4747.504530469248,Все категории,МО_0369,M,3,rub,0
8/1/23 0:00,5213.515230048422,Все категории,МО_0369,M,3,rub,0
9/1/23 0:00,5232.019505358488,Все категории,МО_0369,M,3,rub,0
10/1/23 0:00,4913.243495011107,Все категории,МО_0369,M,3,rub,0
11/1/23 0:00,5360.499279278045,Все категории,МО_0369,M,3,rub,0
12/1/23 0:00,4471.34041005229,Все категории,МО_0369,M,3,rub,0
1/1/24 0:00,4410.051098487636,Все категории,МО_0369,M,3,rub,0
2/1/24 0:00,4430.758234384783,Все категории,МО_0369,M,3,rub,0
3/1/24 0:00,4423.34380161116,Все категории,МО_0369,M,3,rub,0
4/1/24 0:00,4541.582613352477,Все категории,МО_0369,M,3,rub,0
5/1/24 0:00,4464.266382558999,Все категории,МО_0369,M,3,rub,0
6/1/24 0:00,4771.0885166329,Все категории,МО_0369,M,3,rub,0
7/1/24 0:00,4532.964786570828,Все категории,МО_0369,M,3,rub,0
8/1/24 0:00,5021.762385663824,Все категории,МО_0369,M,3,rub,0
9/1/24 0:00,5040.134246581117,Все категории,МО_0369,M,3,rub,0
10/1/24 0:00,5107.637953306822,Все категории,МО_0369,M,3,rub,0
11/1/24 0:00,4205.476353139976,Все категории,МО_0369,M,3,rub,0
12/1/24 0:00,4174.946074268957,Все категории,МО_0369,M,3,rub,0
1/1/23 0:00,9117.018745417681,Все категории,МО_0370,M,3,rub,0
2/1/23 0:00,8360.670497426952,Все категории,МО_0370,M,3,rub,0
3/1/23 0:00,9106.495613736217,Все категории,МО_0370,M,3,rub,0
4/1/23 0:00,8991.454526416164,Все категории,МО_0370,M,3,rub,0
5/1/23 0:00,8229.560502309096,Все категории,МО_0370,M,3,rub,0
6/1/23 0:00,7978.416483838659,Все категории,МО_0370,M,3,rub,0
7/1/23 0:00,7681.514221660291,Все категории,МО_0370,M,3,rub,0
8/1/23 0:00,7859.818127082082,Все категории,МО_0370,M,3,rub,0
9/1/23 0:00,8129.379591157472,Все категории,МО_0370,M,3,rub,0
10/1/23 0:00,8529.439988336208,Все категории,МО_0370,M,3,rub,0
11/1/23 0:00,9073.292679120163,Все категории,МО_0370,M,3,rub,0
12/1/23 0:00,9764.112186987535,Все категории,МО_0370,M,3,rub,0
1/1/24 0:00,10185.401810923315,Все категории,МО_0370,M,3,rub,0
2/1/24 0:00,11059.651861233708,Все категории,МО_0370,M,3,rub,0
3/1/24 0:00,10241.03023140412,Все категории,МО_0370,M,3,rub,0
4/1/24 0:00,10163.521667938441,Все категории,МО_0370,M,3,rub,0
5/1/24 0:00,9504.043881670092,Все категории,МО_0370,M,3,rub,0
6/1/24 0:00,9170.187955943682,Все категории,МО_0370,M,3,rub,0
7/1/24 0:00,8705.105531955409,Все категории,МО_0370,M,3,rub,0
8/1/24 0:00,8795.752137405632,Все категории,МО_0370,M,3,rub,0
9/1/24 0:00,9189.409836220433,Все категории,МО_0370,M,3,rub,0
10/1/24 0:00,10109.94760587581,Все категории,МО_0370,M,3,rub,0
11/1/24 0:00,11064.599558348324,Все категории,МО_0370,M,3,rub,0
12/1/24 0:00,10775.16393289565,Все категории,МО_0370,M,3,rub,0
1/1/23 0:00,6820.274259091851,Все категории,МО_0371,M,3,rub,0
2/1/23 0:00,5859.118471353492,Все категории,МО_0371,M,3,rub,0
3/1/23 0:00,5392.612570682881,Все категории,МО_0371,M,3,rub,0
4/1/23 0:00,5144.815954259949,Все категории,МО_0371,M,3,rub,0
5/1/23 0:00,4618.674347528371,Все категории,МО_0371,M,3,rub,0
6/1/23 0:00,4785.679734647092,Все категории,МО_0371,M,3,rub,0
7/1/23 0:00,5511.494501875473,Все категории,МО_0371,M,3,rub,0
8/1/23 0:00,5978.266781716774,Все категории,МО_0371,M,3,rub,0
9/1/23 0:00,6478.472190912549,Все категории,МО_0371,M,3,rub,0
10/1/23 0:00,7447.56576717235,Все категории,МО_0371,M,3,rub,0
11/1/23 0:00,7518.784275200381,Все категории,МО_0371,M,3,rub,0
12/1/23 0:00,7766.192150488961,Все категории,МО_0371,M,3,rub,0
1/1/24 0:00,7202.8469904537415,Все категории,МО_0371,M,3,rub,0
2/1/24 0:00,5929.787639281593,Все категории,МО_0371,M,3,rub,0
3/1/24 0:00,5554.492362016787,Все категории,МО_0371,M,3,rub,0
4/1/24 0:00,4964.2185174532515,Все категории,МО_0371,M,3,rub,0
5/1/24 0:00,4863.557266972654,Все категории,МО_0371,M,3,rub,0
6/1/24 0:00,5016.751592155806,Все категории,МО_0371,M,3,rub,0
7/1/24 0:00,5364.078871427403,Все категории,МО_0371,M,3,rub,0
8/1/24 0:00,5869.01559505122,Все категории,МО_0371,M,3,rub,0
9/1/24 0:00,7016.198762976003,Все категории,МО_0371,M,3,rub,0
10/1/24 0:00,7232.668924127214,Все категории,МО_0371,M,3,rub,0
11/1/24 0:00,7460.970802124063,Все категории,МО_0371,M,3,rub,0
12/1/24 0:00,6801.541146140762,Все категории,МО_0371,M,3,rub,0
1/1/23 0:00,8875.941383019634,Все категории,МО_0372,M,3,rub,0
2/1/23 0:00,8832.456437179579,Все категории,МО_0372,M,3,rub,0
3/1/23 0:00,9080.782902713092,Все категории,МО_0372,M,3,rub,0
4/1/23 0:00,8209.9240675378,Все категории,МО_0372,M,3,rub,0
5/1/23 0:00,8212.098652164328,Все категории,МО_0372,M,3,rub,0
6/1/23 0:00,8196.881305594148,Все категории,МО_0372,M,3,rub,0
7/1/23 0:00,7691.7300178775995,Все категории,МО_0372,M,3,rub,0
8/1/23 0:00,8082.389695304328,Все категории,МО_0372,M,3,rub,0
9/1/23 0:00,8113.675625151791,Все категории,МО_0372,M,3,rub,0
10/1/23 0:00,8697.404921474796,Все категории,МО_0372,M,3,rub,0
11/1/23 0:00,9443.439932839912,Все категории,МО_0372,M,3,rub,0
12/1/23 0:00,10129.254239668491,Все категории,МО_0372,M,3,rub,0
1/1/24 0:00,10300.818951757374,Все категории,МО_0372,M,3,rub,0
2/1/24 0:00,10202.770004310756,Все категории,МО_0372,M,3,rub,0
3/1/24 0:00,10221.431173407986,Все категории,МО_0372,M,3,rub,0
4/1/24 0:00,10253.192877868589,Все категории,МО_0372,M,3,rub,0
5/1/24 0:00,9378.185129278532,Все категории,МО_0372,M,3,rub,0
6/1/24 0:00,9284.10370149939,Все категории,МО_0372,M,3,rub,0
7/1/24 0:00,9056.332977215157,Все категории,МО_0372,M,3,rub,0
8/1/24 0:00,9191.774676243764,Все категории,МО_0372,M,3,rub,0
9/1/24 0:00,9244.07854074446,Все категории,МО_0372,M,3,rub,0
10/1/24 0:00,9511.015136802629,Все категории,МО_0372,M,3,rub,0
11/1/24 0:00,10881.758462193313,Все категории,МО_0372,M,3,rub,0
12/1/24 0:00,11702.093162443347,Все категории,МО_0372,M,3,rub,0
1/1/23 0:00,8429.044167016149,Все категории,МО_0373,M,3,rub,0
2/1/23 0:00,9153.600930135079,Все категории,МО_0373,M,3,rub,0
3/1/23 0:00,9269.442752992243,Все категории,МО_0373,M,3,rub,0
4/1/23 0:00,8867.188935354041,Все категории,МО_0373,M,3,rub,0
5/1/23 0:00,8269.084184493766,Все категории,МО_0373,M,3,rub,0
6/1/23 0:00,7856.496467909783,Все категории,МО_0373,M,3,rub,0
7/1/23 0:00,7952.371251343414,Все категории,МО_0373,M,3,rub,0
8/1/23 0:00,8043.332058576409,Все категории,МО_0373,M,3,rub,0
9/1/23 0:00,8274.147460140317,Все категории,МО_0373,M,3,rub,0
10/1/23 0:00,8659.04904645542,Все категории,МО_0373,M,3,rub,0
11/1/23 0:00,8979.875531012642,Все категории,МО_0373,M,3,rub,0
12/1/23 0:00,9969.440206560206,Все категории,МО_0373,M,3,rub,0
1/1/24 0:00,10418.408238620124,Все категории,МО_0373,M,3,rub,0
2/1/24 0:00,10518.169866179323,Все категории,МО_0373,M,3,rub,0
3/1/24 0:00,10397.418838439706,Все категории,МО_0373,M,3,rub,0
4/1/24 0:00,10578.863289453126,Все категории,МО_0373,M,3,rub,0
5/1/24 0:00,9490.511454783198,Все категории,МО_0373,M,3,rub,0
6/1/24 0:00,9699.639395422206,Все категории,МО_0373,M,3,rub,0
7/1/24 0:00,8962.238947854941,Все категории,МО_0373,M,3,rub,0
8/1/24 0:00,9532.22723290576,Все категории,МО_0373,M,3,rub,0
9/1/24 0:00,9887.414553233319,Все категории,МО_0373,M,3,rub,0
10/1/24 0:00,9966.379807599678,Все категории,МО_0373,M,3,rub,0
11/1/24 0:00,11260.426110817758,Все категории,МО_0373,M,3,rub,0
12/1/24 0:00,11529.567958150907,Все категории,МО_0373,M,3,rub,0
1/1/23 0:00,4508.633921257169,Все категории,МО_0374,M,3,rub,0
2/1/23 0:00,4472.308710791816,Все категории,МО_0374,M,3,rub,0
3/1/23 0:00,4753.73819471161,Все категории,МО_0374,M,3,rub,0
4/1/23 0:00,4737.69131911344,Все категории,МО_0374,M,3,rub,0
5/1/23 0:00,4400.763518457462,Все категории,МО_0374,M,3,rub,0
6/1/23 0:00,4773.43407991695,Все категории,МО_0374,M,3,rub,0
7/1/23 0:00,5026.92146237957,Все категории,МО_0374,M,3,rub,0
8/1/23 0:00,4965.413700860522,Все категории,МО_0374,M,3,rub,0
9/1/23 0:00,5755.099012415563,Все категории,МО_0374,M,3,rub,0
10/1/23 0:00,5087.445869065394,Все категории,МО_0374,M,3,rub,0
11/1/23 0:00,4839.051641203416,Все категории,МО_0374,M,3,rub,0
12/1/23 0:00,4923.418714492845,Все категории,МО_0374,M,3,rub,0
1/1/24 0:00,4356.18708521152,Все категории,МО_0374,M,3,rub,0
2/1/24 0:00,4513.098631816633,Все категории,МО_0374,M,3,rub,0
3/1/24 0:00,3891.9353835506877,Все категории,МО_0374,M,3,rub,0
4/1/24 0:00,4164.990589401156,Все категории,МО_0374,M,3,rub,0
5/1/24 0:00,4604.958205545213,Все категории,МО_0374,M,3,rub,0
6/1/24 0:00,4896.588462093335,Все категории,МО_0374,M,3,rub,0
7/1/24 0:00,4508.510471825846,Все категории,МО_0374,M,3,rub,0
8/1/24 0:00,4587.731911896703,Все категории,МО_0374,M,3,rub,0
9/1/24 0:00,4955.849430080354,Все категории,МО_0374,M,3,rub,0
10/1/24 0:00,4590.2800202810695,Все категории,МО_0374,M,3,rub,0
11/1/24 0:00,4510.375787827204,Все категории,МО_0374,M,3,rub,0
12/1/24 0:00,4564.37160183006,Все категории,МО_0374,M,3,rub,0
1/1/23 0:00,9790.01195206186,Все категории,МО_0375,M,3,rub,0
2/1/23 0:00,9785.837682140625,Все категории,МО_0375,M,3,rub,0
3/1/23 0:00,10130.232832969956,Все категории,МО_0375,M,3,rub,0
4/1/23 0:00,10500.720068161561,Все категории,МО_0375,M,3,rub,0
5/1/23 0:00,10077.22098034487,Все категории,МО_0375,M,3,rub,0
6/1/23 0:00,10239.998904940136,Все категории,МО_0375,M,3,rub,0
7/1/23 0:00,9800.19997120147,Все категории,МО_0375,M,3,rub,0
8/1/23 0:00,10186.298176012664,Все категории,МО_0375,M,3,rub,0
9/1/23 0:00,10137.54950439643,Все категории,МО_0375,M,3,rub,0
10/1/23 0:00,9469.544236658241,Все категории,МО_0375,M,3,rub,0
11/1/23 0:00,9816.637246159888,Все категории,МО_0375,M,3,rub,0
12/1/23 0:00,9786.820624864224,Все категории,МО_0375,M,3,rub,0
1/1/24 0:00,10196.641577616372,Все категории,МО_0375,M,3,rub,0
2/1/24 0:00,10938.778186012709,Все категории,МО_0375,M,3,rub,0
3/1/24 0:00,10678.284787921597,Все категории,МО_0375,M,3,rub,0
4/1/24 0:00,10821.38178442269,Все категории,МО_0375,M,3,rub,0
5/1/24 0:00,10640.797199401193,Все категории,МО_0375,M,3,rub,0
6/1/24 0:00,10926.253907867975,Все категории,МО_0375,M,3,rub,0
7/1/24 0:00,9786.260253327599,Все категории,МО_0375,M,3,rub,0
8/1/24 0:00,10128.859996740124,Все категории,МО_0375,M,3,rub,0
9/1/24 0:00,10054.55463089156,Все категории,МО_0375,M,3,rub,0
10/1/24 0:00,9894.93662635263,Все категории,МО_0375,M,3,rub,0
11/1/24 0:00,10300.725822773571,Все категории,МО_0375,M,3,rub,0
12/1/24 0:00,10593.973129146954,Все категории,МО_0375,M,3,rub,0
1/1/23 0:00,6588.865484282657,Все категории,МО_0376,M,3,rub,0
2/1/23 0:00,6728.917308378805,Все категории,МО_0376,M,3,rub,0
3/1/23 0:00,5148.3213252122,Все категории,МО_0376,M,3,rub,0
4/1/23 0:00,5188.808238924559,Все категории,МО_0376,M,3,rub,0
5/1/23 0:00,4730.24089394982,Все категории,МО_0376,M,3,rub,0
6/1/23 0:00,4699.145600800892,Все категории,МО_0376,M,3,rub,0
7/1/23 0:00,5115.381636208853,Все категории,МО_0376,M,3,rub,0
8/1/23 0:00,5861.902099457463,Все категории,МО_0376,M,3,rub,0
9/1/23 0:00,6734.375616337985,Все категории,МО_0376,M,3,rub,0
10/1/23 0:00,7132.946841899574,Все категории,МО_0376,M,3,rub,0
11/1/23 0:00,7699.44941309014,Все категории,МО_0376,M,3,rub,0
12/1/23 0:00,7404.839553065516,Все категории,МО_0376,M,3,rub,0
1/1/24 0:00,6721.160116109207,Все категории,МО_0376,M,3,rub,0
2/1/24 0:00,6061.651702055749,Все категории,МО_0376,M,3,rub,0
3/1/24 0:00,5267.743396997605,Все категории,МО_0376,M,3,rub,0
4/1/24 0:00,4904.49739864837,Все категории,МО_0376,M,3,rub,0
5/1/24 0:00,4841.778047429032,Все категории,МО_0376,M,3,rub,0
6/1/24 0:00,4876.155798294305,Все категории,МО_0376,M,3,rub,0
7/1/24 0:00,5695.067652213207,Все категории,МО_0376,M,3,rub,0
8/1/24 0:00,5437.919442822255,Все категории,МО_0376,M,3,rub,0
9/1/24 0:00,6887.1821351612825,Все категории,МО_0376,M,3,rub,0
10/1/24 0:00,7491.637769536078,Все категории,МО_0376,M,3,rub,0
11/1/24 0:00,8126.523623367422,Все категории,МО_0376,M,3,rub,0
12/1/24 0:00,7953.5574072992795,Все категории,МО_0376,M,3,rub,0
1/1/23 0:00,6925.865921267008,Все категории,МО_0377,M,3,rub,0
2/1/23 0:00,6231.274213460709,Все категории,МО_0377,M,3,rub,0
3/1/23 0:00,5290.10603307184,Все категории,МО_0377,M,3,rub,0
4/1/23 0:00,5050.594788765438,Все категории,МО_0377,M,3,rub,0
5/1/23 0:00,4361.552099488444,Все категории,МО_0377,M,3,rub,0
6/1/23 0:00,4946.111966136565,Все категории,МО_0377,M,3,rub,0
7/1/23 0:00,5195.016222302411,Все категории,МО_0377,M,3,rub,0
8/1/23 0:00,5756.514507857903,Все категории,МО_0377,M,3,rub,0
9/1/23 0:00,6616.6358155228545,Все категории,МО_0377,M,3,rub,0
10/1/23 0:00,7353.399883976401,Все категории,МО_0377,M,3,rub,0
11/1/23 0:00,8185.780554009908,Все категории,МО_0377,M,3,rub,0
12/1/23 0:00,8691.108048041326,Все категории,МО_0377,M,3,rub,0
1/1/24 0:00,7408.719297388334,Все категории,МО_0377,M,3,rub,0
2/1/24 0:00,6123.058690497193,Все категории,МО_0377,M,3,rub,0
3/1/24 0:00,5656.426493310062,Все категории,МО_0377,M,3,rub,0
4/1/24 0:00,5123.7776218880035,Все категории,МО_0377,M,3,rub,0
5/1/24 0:00,4585.855125436953,Все категории,МО_0377,M,3,rub,0
6/1/24 0:00,4614.007462557044,Все категории,МО_0377,M,3,rub,0
7/1/24 0:00,5249.303745138994,Все категории,МО_0377,M,3,rub,0
8/1/24 0:00,6135.692550791722,Все категории,МО_0377,M,3,rub,0
9/1/24 0:00,6337.067063211638,Все категории,МО_0377,M,3,rub,0
10/1/24 0:00,7276.8255056972885,Все категории,МО_0377,M,3,rub,0
11/1/24 0:00,8047.91046504078,Все категории,МО_0377,M,3,rub,0
12/1/24 0:00,7741.764533743279,Все категории,МО_0377,M,3,rub,0
1/1/23 0:00,9280.698730815548,Все категории,МО_0378,M,3,rub,0
2/1/23 0:00,8677.543985858878,Все категории,МО_0378,M,3,rub,0
3/1/23 0:00,9629.128520324963,Все категории,МО_0378,M,3,rub,0
4/1/23 0:00,8317.325286492296,Все категории,МО_0378,M,3,rub,0
5/1/23 0:00,7878.590026543963,Все категории,МО_0378,M,3,rub,0
6/1/23 0:00,8067.779364904073,Все категории,МО_0378,M,3,rub,0
7/1/23 0:00,7667.625959408337,Все категории,МО_0378,M,3,rub,0
8/1/23 0:00,7974.486124503651,Все категории,МО_0378,M,3,rub,0
9/1/23 0:00,8232.171719299144,Все категории,МО_0378,M,3,rub,0
10/1/23 0:00,8654.987282168873,Все категории,МО_0378,M,3,rub,0
11/1/23 0:00,9044.82926312223,Все категории,МО_0378,M,3,rub,0
12/1/23 0:00,9972.42187225823,Все категории,МО_0378,M,3,rub,0
1/1/24 0:00,10174.946935914993,Все категории,МО_0378,M,3,rub,0
2/1/24 0:00,10806.95066745527,Все категории,МО_0378,M,3,rub,0
3/1/24 0:00,10306.9312911823,Все категории,МО_0378,M,3,rub,0
4/1/24 0:00,9772.194663931716,Все категории,МО_0378,M,3,rub,0
5/1/24 0:00,9192.542451379411,Все категории,МО_0378,M,3,rub,0
6/1/24 0:00,9285.763057953121,Все категории,МО_0378,M,3,rub,0
7/1/24 0:00,8819.495556832859,Все категории,МО_0378,M,3,rub,0
8/1/24 0:00,8854.369137924386,Все категории,МО_0378,M,3,rub,0
9/1/24 0:00,9680.227314642729,Все категории,МО_0378,M,3,rub,0
10/1/24 0:00,9532.231482653246,Все категории,МО_0378,M,3,rub,0
11/1/24 0:00,11176.701345599931,Все категории,МО_0378,M,3,rub,0
12/1/24 0:00,11423.073229099384,Все категории,МО_0378,M,3,rub,0
1/1/23 0:00,8882.946816716796,Все категории,МО_0379,M,3,rub,0
2/1/23 0:00,8776.139189596028,Все категории,МО_0379,M,3,rub,0
3/1/23 0:00,9181.20946790025,Все категории,МО_0379,M,3,rub,0
4/1/23 0:00,8709.316793433276,Все категории,МО_0379,M,3,rub,0
5/1/23 0:00,8202.516270886117,Все категории,МО_0379,M,3,rub,0
6/1/23 0:00,8130.64614526908,Все категории,МО_0379,M,3,rub,0
7/1/23 0:00,7542.526826509342,Все категории,МО_0379,M,3,rub,0
8/1/23 0:00,7601.533982825229,Все категории,МО_0379,M,3,rub,0
9/1/23 0:00,7977.747329681703,Все категории,МО_0379,M,3,rub,0
10/1/23 0:00,8797.739061101562,Все категории,МО_0379,M,3,rub,0
11/1/23 0:00,9275.419379580244,Все категории,МО_0379,M,3,rub,0
12/1/23 0:00,10158.524079553454,Все категории,МО_0379,M,3,rub,0
1/1/24 0:00,9992.64111954,Все категории,МО_0379,M,3,rub,0
2/1/24 0:00,10636.79903985887,Все категории,МО_0379,M,3,rub,0
3/1/24 0:00,10327.514670421338,Все категории,МО_0379,M,3,rub,0
4/1/24 0:00,9778.529751842763,Все категории,МО_0379,M,3,rub,0
5/1/24 0:00,9782.382843544287,Все категории,МО_0379,M,3,rub,0
6/1/24 0:00,9315.366052823114,Все категории,МО_0379,M,3,rub,0
7/1/24 0:00,8990.488962434863,Все категории,МО_0379,M,3,rub,0
8/1/24 0:00,9231.945933558176,Все категории,МО_0379,M,3,rub,0
9/1/24 0:00,9491.301552173465,Все категории,МО_0379,M,3,rub,0
10/1/24 0:00,10008.135412659494,Все категории,МО_0379,M,3,rub,0
11/1/24 0:00,10581.29456679603,Все категории,МО_0379,M,3,rub,0
12/1/24 0:00,10932.011605834565,Все категории,МО_0379,M,3,rub,0
1/1/23 0:00,9911.939388393721,Все категории,МО_0380,M,3,rub,0
2/1/23 0:00,10016.066297983303,Все категории,МО_0380,M,3,rub,0
3/1/23 0:00,10187.275218218452,Все категории,МО_0380,M,3,rub,0
4/1/23 0:00,10448.210546056342,Все категории,МО_0380,M,3,rub,0
5/1/23 0:00,10614.558711091237,Все категории,МО_0380,M,3,rub,0
6/1/23 0:00,10339.349862864918,Все категории,МО_0380,M,3,rub,0
7/1/23 0:00,9970.411698483382,Все категории,МО_0380,M,3,rub,0
8/1/23 0:00,9745.618504577144,Все категории,МО_0380,M,3,rub,0
9/1/23 0:00,9832.170525805728,Все категории,МО_0380,M,3,rub,0
10/1/23 0:00,9219.400425012991,Все категории,МО_0380,M,3,rub,0
11/1/23 0:00,9923.351832955057,Все категории,МО_0380,M,3,rub,0
12/1/23 0:00,9609.617361798972,Все категории,МО_0380,M,3,rub,0
1/1/24 0:00,9973.549741189172,Все категории,МО_0380,M,3,rub,0
2/1/24 0:00,10443.287258457209,Все категории,МО_0380,M,3,rub,0
3/1/24 0:00,11256.530780792858,Все категории,МО_0380,M,3,rub,0
4/1/24 0:00,11254.78203619871,Все категории,МО_0380,M,3,rub,0
5/1/24 0:00,10997.585473807118,Все категории,МО_0380,M,3,rub,0
6/1/24 0:00,10755.051687192365,Все категории,МО_0380,M,3,rub,0
7/1/24 0:00,10064.34702980711,Все категории,МО_0380,M,3,rub,0
8/1/24 0:00,10251.047385092663,Все категории,МО_0380,M,3,rub,0
9/1/24 0:00,9953.84611255938,Все категории,МО_0380,M,3,rub,0
10/1/24 0:00,9864.1930254085,Все категории,МО_0380,M,3,rub,0
11/1/24 0:00,10155.744567479824,Все категории,МО_0380,M,3,rub,0
12/1/24 0:00,10245.335417960094,Все категории,МО_0380,M,3,rub,0
1/1/23 0:00,4920.0702410752965,Все категории,МО_0381,M,3,rub,0
2/1/23 0:00,4136.354551184641,Все категории,МО_0381,M,3,rub,0
3/1/23 0:00,4508.857307138556,Все категории,МО_0381,M,3,rub,0
4/1/23 0:00,4329.455819408027,Все категории,МО_0381,M,3,rub,0
5/1/23 0:00,4545.7752330651765,Все категории,МО_0381,M,3,rub,0
6/1/23 0:00,4880.560966220811,Все категории,МО_0381,M,3,rub,0
7/1/23 0:00,4705.66084541279,Все категории,МО_0381,M,3,rub,0
8/1/23 0:00,5135.044215112845,Все категории,МО_0381,M,3,rub,0
9/1/23 0:00,5061.077221097997,Все категории,МО_0381,M,3,rub,0
10/1/23 0:00,4864.983773587661,Все категории,МО_0381,M,3,rub,0
11/1/23 0:00,4741.154848111276,Все категории,МО_0381,M,3,rub,0
12/1/23 0:00,4603.11387162957,Все категории,МО_0381,M,3,rub,0
1/1/24 0:00,4269.36884191364,Все категории,МО_0381,M,3,rub,0
2/1/24 0:00,4292.9207074927535,Все категории,МО_0381,M,3,rub,0
3/1/24 0:00,4171.953329627181,Все категории,МО_0381,M,3,rub,0
4/1/24 0:00,4132.293549236844,Все категории,МО_0381,M,3,rub,0
5/1/24 0:00,4731.168369385912,Все категории,МО_0381,M,3,rub,0
6/1/24 0:00,4621.830508150846,Все категории,МО_0381,M,3,rub,0
7/1/24 0:00,4597.423328881465,Все категории,МО_0381,M,3,rub,0
8/1/24 0:00,4831.562278435785,Все категории,МО_0381,M,3,rub,0
9/1/24 0:00,4576.137279912825,Все категории,МО_0381,M,3,rub,0
10/1/24 0:00,4633.229509592087,Все категории,МО_0381,M,3,rub,0
11/1/24 0:00,4498.776615769892,Все категории,МО_0381,M,3,rub,0
12/1/24 0:00,4104.651743522564,Все категории,МО_0381,M,3,rub,0
1/1/23 0:00,4802.927040401181,Все категории,МО_0382,M,3,rub,0
2/1/23 0:00,4443.009490415607,Все категории,МО_0382,M,3,rub,0
3/1/23 0:00,4412.846068104606,Все категории,МО_0382,M,3,rub,0
4/1/23 0:00,4397.168123943372,Все категории,МО_0382,M,3,rub,0
5/1/23 0:00,5379.710715599929,Все категории,МО_0382,M,3,rub,0
6/1/23 0:00,4650.143535025733,Все категории,МО_0382,M,3,rub,0
7/1/23 0:00,4487.060294927104,Все категории,МО_0382,M,3,rub,0
8/1/23 0:00,4701.493613641574,Все категории,МО_0382,M,3,rub,0
9/1/23 0:00,5313.025205532681,Все категории,МО_0382,M,3,rub,0
10/1/23 0:00,5375.842780738142,Все категории,МО_0382,M,3,rub,0
11/1/23 0:00,4691.34588139806,Все категории,МО_0382,M,3,rub,0
12/1/23 0:00,4945.153871329348,Все категории,МО_0382,M,3,rub,0
1/1/24 0:00,4604.054506515463,Все категории,МО_0382,M,3,rub,0
2/1/24 0:00,4250.933426434574,Все категории,МО_0382,M,3,rub,0
3/1/24 0:00,4175.653476617194,Все категории,МО_0382,M,3,rub,0
4/1/24 0:00,4299.24845622405,Все категории,МО_0382,M,3,rub,0
5/1/24 0:00,4565.613348594795,Все категории,МО_0382,M,3,rub,0
6/1/24 0:00,4617.6853481729395,Все категории,МО_0382,M,3,rub,0
7/1/24 0:00,4530.313748271276,Все категории,МО_0382,M,3,rub,0
8/1/24 0:00,4754.856394355587,Все категории,МО_0382,M,3,rub,0
9/1/24 0:00,5318.862332354797,Все категории,МО_0382,M,3,rub,0
10/1/24 0:00,4795.382201109757,Все категории,МО_0382,M,3,rub,0
11/1/24 0:00,4774.43499137798,Все категории,МО_0382,M,3,rub,0
12/1/24 0:00,4488.213987550115,Все категории,МО_0382,M,3,rub,0
1/1/23 0:00,9951.386377612878,Все категории,МО_0383,M,3,rub,0
2/1/23 0:00,10200.315987919408,Все категории,МО_0383,M,3,rub,0
3/1/23 0:00,10585.591708794545,Все категории,МО_0383,M,3,rub,0
4/1/23 0:00,10650.614241218622,Все категории,МО_0383,M,3,rub,0
5/1/23 0:00,10515.221360037027,Все категории,МО_0383,M,3,rub,0
6/1/23 0:00,10159.096088314593,Все категории,МО_0383,M,3,rub,0
7/1/23 0:00,10154.895425328254,Все категории,МО_0383,M,3,rub,0
8/1/23 0:00,9844.417687415535,Все категории,МО_0383,M,3,rub,0
9/1/23 0:00,9648.267182067404,Все категории,МО_0383,M,3,rub,0
10/1/23 0:00,10204.412660528642,Все категории,МО_0383,M,3,rub,0
11/1/23 0:00,9470.317415821874,Все категории,МО_0383,M,3,rub,0
12/1/23 0:00,10169.72305573985,Все категории,МО_0383,M,3,rub,0
1/1/24 0:00,10084.416405264132,Все категории,МО_0383,M,3,rub,0
2/1/24 0:00,10578.975951845514,Все категории,МО_0383,M,3,rub,0
3/1/24 0:00,11346.595484164647,Все категории,МО_0383,M,3,rub,0
4/1/24 0:00,10675.990493870753,Все категории,МО_0383,M,3,rub,0
5/1/24 0:00,10687.432710083709,Все категории,МО_0383,M,3,rub,0
6/1/24 0:00,10674.892045980374,Все категории,МО_0383,M,3,rub,0
7/1/24 0:00,10270.753413521468,Все категории,МО_0383,M,3,rub,0
8/1/24 0:00,10401.248510584432,Все категории,МО_0383,M,3,rub,0
9/1/24 0:00,9956.77139688841,Все категории,МО_0383,M,3,rub,0
10/1/24 0:00,10158.643442743838,Все категории,МО_0383,M,3,rub,0
11/1/24 0:00,9858.752784728322,Все категории,МО_0383,M,3,rub,0
12/1/24 0:00,9975.260632188443,Все категории,МО_0383,M,3,rub,0
1/1/23 0:00,9851.906812151106,Все категории,МО_0384,M,3,rub,0
2/1/23 0:00,9863.830324828286,Все категории,МО_0384,M,3,rub,0
3/1/23 0:00,10717.858506075157,Все категории,МО_0384,M,3,rub,0
4/1/23 0:00,10182.276910666038,Все категории,МО_0384,M,3,rub,0
5/1/23 0:00,10245.025364221354,Все категории,МО_0384,M,3,rub,0
6/1/23 0:00,10386.60628284329,Все категории,МО_0384,M,3,rub,0
7/1/23 0:00,9959.406107091321,Все категории,МО_0384,M,3,rub,0
8/1/23 0:00,9562.765482284081,Все категории,МО_0384,M,3,rub,0
9/1/23 0:00,10112.201196679396,Все категории,МО_0384,M,3,rub,0
10/1/23 0:00,9480.262871604287,Все категории,МО_0384,M,3,rub,0
11/1/23 0:00,9728.09698334068,Все категории,МО_0384,M,3,rub,0
12/1/23 0:00,9934.970141514688,Все категории,МО_0384,M,3,rub,0
1/1/24 0:00,10406.711182714836,Все категории,МО_0384,M,3,rub,0
2/1/24 0:00,10649.27452621841,Все категории,МО_0384,M,3,rub,0
3/1/24 0:00,10601.653403881892,Все категории,МО_0384,M,3,rub,0
4/1/24 0:00,10812.773607405652,Все категории,МО_0384,M,3,rub,0
5/1/24 0:00,10794.184776941303,Все категории,МО_0384,M,3,rub,0
6/1/24 0:00,10839.793120252585,Все категории,МО_0384,M,3,rub,0
7/1/24 0:00,10205.004964314101,Все категории,МО_0384,M,3,rub,0
8/1/24 0:00,10639.855810245086,Все категории,МО_0384,M,3,rub,0
9/1/24 0:00,9912.135188237768,Все категории,МО_0384,M,3,rub,0
10/1/24 0:00,10024.877293649193,Все категории,МО_0384,M,3,rub,0
11/1/24 0:00,9892.171255501926,Все категории,МО_0384,M,3,rub,0
12/1/24 0:00,10077.261415753072,Все категории,МО_0384,M,3,rub,0
1/1/23 0:00,8415.234091518068,Все категории,МО_0385,M,3,rub,0
2/1/23 0:00,7801.665122568917,Все категории,МО_0385,M,3,rub,0
3/1/23 0:00,10231.203448114753,Все категории,МО_0385,M,3,rub,0
4/1/23 0:00,8407.946763597662,Все категории,МО_0385,M,3,rub,0
5/1/23 0:00,8472.446946394146,Все категории,МО_0385,M,3,rub,0
6/1/23 0:00,9285.575281419322,Все категории,МО_0385,M,3,rub,0
7/1/23 0:00,11480.761327238502,Все категории,МО_0385,M,3,rub,0
8/1/23 0:00,10124.705816349151,Все категории,МО_0385,M,3,rub,0
9/1/23 0:00,9467.513392675737,Все категории,МО_0385,M,3,rub,0
10/1/23 0:00,7556.041727996283,Все категории,МО_0385,M,3,rub,0
11/1/23 0:00,7703.16372781147,Все категории,МО_0385,M,3,rub,0
12/1/23 0:00,7424.312606652684,Все категории,МО_0385,M,3,rub,0
1/1/24 0:00,10893.974985559911,Все категории,МО_0385,M,3,rub,0
2/1/24 0:00,9784.176236517142,Все категории,МО_0385,M,3,rub,0
3/1/24 0:00,8100.017908677106,Все категории,МО_0385,M,3,rub,0
4/1/24 0:00,8688.22916162085,Все категории,МО_0385,M,3,rub,0
5/1/24 0:00,8559.98262363154,Все категории,МО_0385,M,3,rub,0
6/1/24 0:00,8623.82134731499,Все категории,МО_0385,M,3,rub,0
7/1/24 0:00,10599.34311880961,Все категории,МО_0385,M,3,rub,0
8/1/24 0:00,9389.731496936569,Все категории,МО_0385,M,3,rub,0
9/1/24 0:00,13131.250011872267,Все категории,МО_0385,M,3,rub,0
10/1/24 0:00,11300.62643938069,Все категории,МО_0385,M,3,rub,0
11/1/24 0:00,11127.944178133877,Все категории,МО_0385,M,3,rub,0
12/1/24 0:00,9946.543853497104,Все категории,МО_0385,M,3,rub,0
1/1/23 0:00,5647.741630527411,Все категории,МО_0386,M,3,rub,0
2/1/23 0:00,7434.9698294853615,Все категории,МО_0386,M,3,rub,0
3/1/23 0:00,6111.547964315064,Все категории,МО_0386,M,3,rub,0
4/1/23 0:00,5988.470897091566,Все категории,МО_0386,M,3,rub,0
5/1/23 0:00,5949.413872880887,Все категории,МО_0386,M,3,rub,0
6/1/23 0:00,7753.490903935798,Все категории,МО_0386,M,3,rub,0
7/1/23 0:00,4942.668439009522,Все категории,МО_0386,M,3,rub,0
8/1/23 0:00,8253.510484021606,Все категории,МО_0386,M,3,rub,0
9/1/23 0:00,6166.228021423294,Все категории,МО_0386,M,3,rub,0
10/1/23 0:00,5130.19754952531,Все категории,МО_0386,M,3,rub,0
11/1/23 0:00,5581.654830146566,Все категории,МО_0386,M,3,rub,0
12/1/23 0:00,4767.510480571049,Все категории,МО_0386,M,3,rub,0
1/1/24 0:00,6564.190336643279,Все категории,МО_0386,M,3,rub,0
2/1/24 0:00,4982.387390464998,Все категории,МО_0386,M,3,rub,0
3/1/24 0:00,5899.327331987197,Все категории,МО_0386,M,3,rub,0
4/1/24 0:00,6825.151948424968,Все категории,МО_0386,M,3,rub,0
5/1/24 0:00,5277.377386923825,Все категории,МО_0386,M,3,rub,0
6/1/24 0:00,5736.720256289015,Все категории,МО_0386,M,3,rub,0
7/1/24 0:00,5040.286439934784,Все категории,МО_0386,M,3,rub,0
8/1/24 0:00,5909.976662314562,Все категории,МО_0386,M,3,rub,0
9/1/24 0:00,9328.870291935518,Все категории,МО_0386,M,3,rub,0
10/1/24 0:00,7118.923271744733,Все категории,МО_0386,M,3,rub,0
11/1/24 0:00,6005.088504441031,Все категории,МО_0386,M,3,rub,0
12/1/24 0:00,5571.655019690368,Все категории,МО_0386,M,3,rub,0
1/1/23 0:00,4084.9562766752724,Все категории,МО_0387,M,3,rub,0
2/1/23 0:00,4719.764534742196,Все категории,МО_0387,M,3,rub,0
3/1/23 0:00,3834.0900829391444,Все категории,МО_0387,M,3,rub,0
4/1/23 0:00,3921.8848866848775,Все категории,МО_0387,M,3,rub,0
5/1/23 0:00,4911.886838096519,Все категории,МО_0387,M,3,rub,0
6/1/23 0:00,3983.398239689382,Все категории,МО_0387,M,3,rub,0
7/1/23 0:00,5354.210227807052,Все категории,МО_0387,M,3,rub,0
8/1/23 0:00,4779.375926930362,Все категории,МО_0387,M,3,rub,0
9/1/23 0:00,3587.8977873314298,Все категории,МО_0387,M,3,rub,0
10/1/23 0:00,4687.017458494772,Все категории,МО_0387,M,3,rub,0
11/1/23 0:00,3489.6494081000287,Все категории,МО_0387,M,3,rub,0
12/1/23 0:00,4880.632671467613,Все категории,МО_0387,M,3,rub,0
1/1/24 0:00,4190.685530104528,Все категории,МО_0387,M,3,rub,0
2/1/24 0:00,5754.100118324288,Все категории,МО_0387,M,3,rub,0
3/1/24 0:00,5194.738000793147,Все категории,МО_0387,M,3,rub,0
4/1/24 0:00,3862.1601526716086,Все категории,МО_0387,M,3,rub,0
5/1/24 0:00,3431.5699045958995,Все категории,МО_0387,M,3,rub,0
6/1/24 0:00,4238.317432701823,Все категории,МО_0387,M,3,rub,0
7/1/24 0:00,3996.1916957021626,Все категории,МО_0387,M,3,rub,0
8/1/24 0:00,6298.508023293031,Все категории,МО_0387,M,3,rub,0
9/1/24 0:00,4712.439150549441,Все категории,МО_0387,M,3,rub,0
10/1/24 0:00,5303.592364649882,Все категории,МО_0387,M,3,rub,0
11/1/24 0:00,4305.178635214902,Все категории,МО_0387,M,3,rub,0
12/1/24 0:00,4281.572859246895,Все категории,МО_0387,M,3,rub,0
1/1/23 0:00,6048.822713078936,Все категории,МО_0388,M,3,rub,0
2/1/23 0:00,5054.874500574519,Все категории,МО_0388,M,3,rub,0
3/1/23 0:00,7732.99537098706,Все категории,МО_0388,M,3,rub,0
4/1/23 0:00,5885.481096668018,Все категории,МО_0388,M,3,rub,0
5/1/23 0:00,5752.707336321034,Все категории,МО_0388,M,3,rub,0
6/1/23 0:00,3982.9840468414404,Все категории,МО_0388,M,3,rub,0
7/1/23 0:00,6553.758882873261,Все категории,МО_0388,M,3,rub,0
8/1/23 0:00,5895.5484288609005,Все категории,МО_0388,M,3,rub,0
9/1/23 0:00,5759.602435293964,Все категории,МО_0388,M,3,rub,0
10/1/23 0:00,5265.437594314245,Все категории,МО_0388,M,3,rub,0
11/1/23 0:00,5122.883626421776,Все категории,МО_0388,M,3,rub,0
12/1/23 0:00,5344.69569523311,Все категории,МО_0388,M,3,rub,0
1/1/24 0:00,6187.889513223303,Все категории,МО_0388,M,3,rub,0
2/1/24 0:00,6519.650484633334,Все категории,МО_0388,M,3,rub,0
3/1/24 0:00,5855.986246576458,Все категории,МО_0388,M,3,rub,0
4/1/24 0:00,7090.468632359194,Все категории,МО_0388,M,3,rub,0
5/1/24 0:00,6086.982512164016,Все категории,МО_0388,M,3,rub,0
6/1/24 0:00,5645.298819754237,Все категории,МО_0388,M,3,rub,0
7/1/24 0:00,6138.872895826175,Все категории,МО_0388,M,3,rub,0
8/1/24 0:00,4735.738609578719,Все категории,МО_0388,M,3,rub,0
9/1/24 0:00,5875.477589446746,Все категории,МО_0388,M,3,rub,0
10/1/24 0:00,4438.252157855213,Все категории,МО_0388,M,3,rub,0
11/1/24 0:00,4786.699435652841,Все категории,МО_0388,M,3,rub,0
12/1/24 0:00,4173.42884644221,Все категории,МО_0388,M,3,rub,0
1/1/23 0:00,4485.770838292319,Все категории,МО_0389,M,3,rub,0
2/1/23 0:00,5007.358304463304,Все категории,МО_0389,M,3,rub,0
3/1/23 0:00,6365.473373654067,Все категории,МО_0389,M,3,rub,0
4/1/23 0:00,4638.857508081593,Все категории,МО_0389,M,3,rub,0
5/1/23 0:00,3794.387553606739,Все категории,МО_0389,M,3,rub,0
6/1/23 0:00,3796.5353972197818,Все категории,МО_0389,M,3,rub,0
7/1/23 0:00,4133.387106795369,Все категории,МО_0389,M,3,rub,0
8/1/23 0:00,3774.1131621502027,Все категории,МО_0389,M,3,rub,0
9/1/23 0:00,3879.5367282339043,Все категории,МО_0389,M,3,rub,0
10/1/23 0:00,5009.81339016854,Все категории,МО_0389,M,3,rub,0
11/1/23 0:00,5171.11810272745,Все категории,МО_0389,M,3,rub,0
12/1/23 0:00,3533.229186677435,Все категории,МО_0389,M,3,rub,0
1/1/24 0:00,4037.9874928335676,Все категории,МО_0389,M,3,rub,0
2/1/24 0:00,4240.876741582221,Все категории,МО_0389,M,3,rub,0
3/1/24 0:00,4893.485632900482,Все категории,МО_0389,M,3,rub,0
4/1/24 0:00,5182.673642275367,Все категории,МО_0389,M,3,rub,0
5/1/24 0:00,6382.7562119106315,Все категории,МО_0389,M,3,rub,0
6/1/24 0:00,3889.860163279145,Все категории,МО_0389,M,3,rub,0
7/1/24 0:00,3883.1207803899,Все категории,МО_0389,M,3,rub,0
8/1/24 0:00,4533.005250778208,Все категории,МО_0389,M,3,rub,0
9/1/24 0:00,3807.9701902031056,Все категории,МО_0389,M,3,rub,0
10/1/24 0:00,4231.11817170867,Все категории,МО_0389,M,3,rub,0
11/1/24 0:00,4165.805999387486,Все категории,МО_0389,M,3,rub,0
12/1/24 0:00,3052.613230209651,Все категории,МО_0389,M,3,rub,0
1/1/23 0:00,7909.511104330913,Все категории,МО_0390,M,3,rub,0
2/1/23 0:00,6444.121220547297,Все категории,МО_0390,M,3,rub,0
3/1/23 0:00,5320.90543951297,Все категории,МО_0390,M,3,rub,0
4/1/23 0:00,6245.530642970707,Все категории,МО_0390,M,3,rub,0
5/1/23 0:00,4845.1802653317045,Все категории,МО_0390,M,3,rub,0
6/1/23 0:00,5673.301013760627,Все категории,МО_0390,M,3,rub,0
7/1/23 0:00,7662.128011083903,Все категории,МО_0390,M,3,rub,0
8/1/23 0:00,6813.455396476586,Все категории,МО_0390,M,3,rub,0
9/1/23 0:00,8140.615595454476,Все категории,МО_0390,M,3,rub,0
10/1/23 0:00,5221.216359574302,Все категории,МО_0390,M,3,rub,0
11/1/23 0:00,6621.547381321697,Все категории,МО_0390,M,3,rub,0
12/1/23 0:00,6231.45271052459,Все категории,МО_0390,M,3,rub,0
1/1/24 0:00,7544.045694908694,Все категории,МО_0390,M,3,rub,0
2/1/24 0:00,7122.502444618149,Все категории,МО_0390,M,3,rub,0
3/1/24 0:00,7072.354338665799,Все категории,МО_0390,M,3,rub,0
4/1/24 0:00,8180.820469497036,Все категории,МО_0390,M,3,rub,0
5/1/24 0:00,6274.12360796698,Все категории,МО_0390,M,3,rub,0
6/1/24 0:00,8311.756333028185,Все категории,МО_0390,M,3,rub,0
7/1/24 0:00,5955.605849308911,Все категории,МО_0390,M,3,rub,0
8/1/24 0:00,6012.669314007359,Все категории,МО_0390,M,3,rub,0
9/1/24 0:00,7935.937964130699,Все категории,МО_0390,M,3,rub,0
10/1/24 0:00,5596.005953545637,Все категории,МО_0390,M,3,rub,0
11/1/24 0:00,7482.845543497767,Все категории,МО_0390,M,3,rub,0
12/1/24 0:00,6794.635061833119,Все категории,МО_0390,M,3,rub,0
1/1/23 0:00,5749.907881563917,Все категории,МО_0391,M,3,rub,0
2/1/23 0:00,6023.486597440642,Все категории,МО_0391,M,3,rub,0
3/1/23 0:00,4923.673859223581,Все категории,МО_0391,M,3,rub,0
4/1/23 0:00,4779.29368444899,Все категории,МО_0391,M,3,rub,0
5/1/23 0:00,5623.639067641184,Все категории,МО_0391,M,3,rub,0
6/1/23 0:00,5205.379872221881,Все категории,МО_0391,M,3,rub,0
7/1/23 0:00,4974.892268193029,Все категории,МО_0391,M,3,rub,0
8/1/23 0:00,5336.570236333219,Все категории,МО_0391,M,3,rub,0
9/1/23 0:00,7042.821125406106,Все категории,МО_0391,M,3,rub,0
10/1/23 0:00,5310.047696027392,Все категории,МО_0391,M,3,rub,0
11/1/23 0:00,5363.730888187329,Все категории,МО_0391,M,3,rub,0
12/1/23 0:00,4464.132063809668,Все категории,МО_0391,M,3,rub,0
1/1/24 0:00,5665.6609000880435,Все категории,МО_0391,M,3,rub,0
2/1/24 0:00,6158.350947782736,Все категории,МО_0391,M,3,rub,0
3/1/24 0:00,6164.962914228568,Все категории,МО_0391,M,3,rub,0
4/1/24 0:00,5400.309988463161,Все категории,МО_0391,M,3,rub,0
5/1/24 0:00,6044.746787542676,Все категории,МО_0391,M,3,rub,0
6/1/24 0:00,5834.394052081952,Все категории,МО_0391,M,3,rub,0
7/1/24 0:00,6249.136772385298,Все категории,МО_0391,M,3,rub,0
8/1/24 0:00,6262.917820685608,Все категории,МО_0391,M,3,rub,0
9/1/24 0:00,7016.900674441643,Все категории,МО_0391,M,3,rub,0
10/1/24 0:00,5532.277656608003,Все категории,МО_0391,M,3,rub,0
11/1/24 0:00,4718.089873217153,Все категории,МО_0391,M,3,rub,0
12/1/24 0:00,6370.954198701577,Все категории,МО_0391,M,3,rub,0
1/1/23 0:00,11148.866665729764,Все категории,МО_0392,M,3,rub,0
2/1/23 0:00,12631.092812498979,Все категории,МО_0392,M,3,rub,0
3/1/23 0:00,10613.196620270273,Все категории,МО_0392,M,3,rub,0
4/1/23 0:00,10187.533319337997,Все категории,МО_0392,M,3,rub,0
5/1/23 0:00,8044.699595421096,Все категории,МО_0392,M,3,rub,0
6/1/23 0:00,10293.392244004428,Все категории,МО_0392,M,3,rub,0
7/1/23 0:00,8877.770169584162,Все категории,МО_0392,M,3,rub,0
8/1/23 0:00,9708.056711691079,Все категории,МО_0392,M,3,rub,0
9/1/23 0:00,9250.032832568917,Все категории,МО_0392,M,3,rub,0
10/1/23 0:00,9674.43747305387,Все категории,МО_0392,M,3,rub,0
11/1/23 0:00,8830.482912641015,Все категории,МО_0392,M,3,rub,0
12/1/23 0:00,10386.79789006842,Все категории,МО_0392,M,3,rub,0
1/1/24 0:00,6114.549823636498,Все категории,МО_0392,M,3,rub,0
2/1/24 0:00,9706.925750680894,Все категории,МО_0392,M,3,rub,0
3/1/24 0:00,11582.479411943932,Все категории,МО_0392,M,3,rub,0
4/1/24 0:00,13031.251533127443,Все категории,МО_0392,M,3,rub,0
5/1/24 0:00,11051.37780219072,Все категории,МО_0392,M,3,rub,0
6/1/24 0:00,12654.591742013528,Все категории,МО_0392,M,3,rub,0
7/1/24 0:00,9892.395407740867,Все категории,МО_0392,M,3,rub,0
8/1/24 0:00,9408.92788918289,Все категории,МО_0392,M,3,rub,0
9/1/24 0:00,9932.999228101049,Все категории,МО_0392,M,3,rub,0
10/1/24 0:00,9009.214745362815,Все категории,МО_0392,M,3,rub,0
11/1/24 0:00,7968.176645025081,Все категории,МО_0392,M,3,rub,0
12/1/24 0:00,8356.139188410292,Все категории,МО_0392,M,3,rub,0
1/1/23 0:00,4393.956828466167,Все категории,МО_0393,M,3,rub,0
2/1/23 0:00,4055.4685001455664,Все категории,МО_0393,M,3,rub,0
3/1/23 0:00,3833.070755145458,Все категории,МО_0393,M,3,rub,0
4/1/23 0:00,4413.974659021779,Все категории,МО_0393,M,3,rub,0
5/1/23 0:00,4560.749319169749,Все категории,МО_0393,M,3,rub,0
6/1/23 0:00,3440.4530234176405,Все категории,МО_0393,M,3,rub,0
7/1/23 0:00,3417.3673455785083,Все категории,МО_0393,M,3,rub,0
8/1/23 0:00,4901.846194614629,Все категории,МО_0393,M,3,rub,0
9/1/23 0:00,3545.239632589146,Все категории,МО_0393,M,3,rub,0
10/1/23 0:00,4824.226737417083,Все категории,МО_0393,M,3,rub,0
11/1/23 0:00,5712.525513906408,Все категории,МО_0393,M,3,rub,0
12/1/23 0:00,5687.379035148685,Все категории,МО_0393,M,3,rub,0
1/1/24 0:00,4899.8385986535495,Все категории,МО_0393,M,3,rub,0
2/1/24 0:00,4760.870654451769,Все категории,МО_0393,M,3,rub,0
3/1/24 0:00,5850.077603739712,Все категории,МО_0393,M,3,rub,0
4/1/24 0:00,2883.0759586852687,Все категории,МО_0393,M,3,rub,0
5/1/24 0:00,3783.9534749185596,Все категории,МО_0393,M,3,rub,0
6/1/24 0:00,4629.523895225138,Все категории,МО_0393,M,3,rub,0
7/1/24 0:00,3940.9827531293363,Все категории,МО_0393,M,3,rub,0
8/1/24 0:00,5116.149787404116,Все категории,МО_0393,M,3,rub,0
9/1/24 0:00,4331.754393968078,Все категории,МО_0393,M,3,rub,0
10/1/24 0:00,4532.569577141474,Все категории,МО_0393,M,3,rub,0
11/1/24 0:00,4301.327272478955,Все категории,МО_0393,M,3,rub,0
12/1/24 0:00,4124.676742145521,Все категории,МО_0393,M,3,rub,0
1/1/23 0:00,7890.377438653544,Все категории,МО_0394,M,3,rub,0
2/1/23 0:00,10094.643136608356,Все категории,МО_0394,M,3,rub,0
3/1/23 0:00,9652.001344302542,Все категории,МО_0394,M,3,rub,0
4/1/23 0:00,10455.945284107298,Все категории,МО_0394,M,3,rub,0
5/1/23 0:00,7655.407126794709,Все категории,МО_0394,M,3,rub,0
6/1/23 0:00,7211.744015246112,Все категории,МО_0394,M,3,rub,0
7/1/23 0:00,9509.961110161596,Все категории,МО_0394,M,3,rub,0
8/1/23 0:00,14888.54746123692,Все категории,МО_0394,M,3,rub,0
9/1/23 0:00,11652.797559904184,Все категории,МО_0394,M,3,rub,0
10/1/23 0:00,8752.778066067493,Все категории,МО_0394,M,3,rub,0
11/1/23 0:00,9911.763869558992,Все категории,МО_0394,M,3,rub,0
12/1/23 0:00,10107.74650322364,Все категории,МО_0394,M,3,rub,0
1/1/24 0:00,7217.946398285717,Все категории,МО_0394,M,3,rub,0
2/1/24 0:00,10745.29568892887,Все категории,МО_0394,M,3,rub,0
3/1/24 0:00,8534.081880372107,Все категории,МО_0394,M,3,rub,0
4/1/24 0:00,8746.522130049447,Все категории,МО_0394,M,3,rub,0
5/1/24 0:00,9100.401782190647,Все категории,МО_0394,M,3,rub,0
6/1/24 0:00,11048.705959232844,Все категории,МО_0394,M,3,rub,0
7/1/24 0:00,8496.805988340193,Все категории,МО_0394,M,3,rub,0
8/1/24 0:00,7461.2778856642135,Все категории,МО_0394,M,3,rub,0
9/1/24 0:00,10115.39238548058,Все категории,МО_0394,M,3,rub,0
10/1/24 0:00,7000.5546147415635,Все категории,МО_0394,M,3,rub,0
11/1/24 0:00,8889.581401078276,Все категории,МО_0394,M,3,rub,0
12/1/24 0:00,10828.648031828745,Все категории,МО_0394,M,3,rub,0
1/1/23 0:00,7379.158165086509,Все категории,МО_0395,M,3,rub,0
2/1/23 0:00,9461.016640191796,Все категории,МО_0395,M,3,rub,0
3/1/23 0:00,5979.40311488202,Все категории,МО_0395,M,3,rub,0
4/1/23 0:00,6962.501169097065,Все категории,МО_0395,M,3,rub,0
5/1/23 0:00,6243.59724178306,Все категории,МО_0395,M,3,rub,0
6/1/23 0:00,7885.568154204894,Все категории,МО_0395,M,3,rub,0
7/1/23 0:00,6943.502811381272,Все категории,МО_0395,M,3,rub,0
8/1/23 0:00,9252.06273189429,Все категории,МО_0395,M,3,rub,0
9/1/23 0:00,6662.3373546771,Все категории,МО_0395,M,3,rub,0
10/1/23 0:00,8871.992646949133,Все категории,МО_0395,M,3,rub,0
11/1/23 0:00,7724.103973550873,Все категории,МО_0395,M,3,rub,0
12/1/23 0:00,6863.834298621901,Все категории,МО_0395,M,3,rub,0
1/1/24 0:00,7293.424641678218,Все категории,МО_0395,M,3,rub,0
2/1/24 0:00,6853.910253624564,Все категории,МО_0395,M,3,rub,0
3/1/24 0:00,6889.165055467581,Все категории,МО_0395,M,3,rub,0
4/1/24 0:00,6358.473676962714,Все категории,МО_0395,M,3,rub,0
5/1/24 0:00,6001.6611658467855,Все категории,МО_0395,M,3,rub,0
6/1/24 0:00,6496.434022297454,Все категории,МО_0395,M,3,rub,0
7/1/24 0:00,5444.309091750706,Все категории,МО_0395,M,3,rub,0
8/1/24 0:00,8111.73714155925,Все категории,МО_0395,M,3,rub,0
9/1/24 0:00,5994.354889636388,Все категории,МО_0395,M,3,rub,0
10/1/24 0:00,6953.07066366339,Все категории,МО_0395,M,3,rub,0
11/1/24 0:00,7787.981033970153,Все категории,МО_0395,M,3,rub,0
12/1/24 0:00,7822.818324478976,Все категории,МО_0395,M,3,rub,0
1/1/23 0:00,5323.141581708472,Все категории,МО_0396,M,3,rub,0
2/1/23 0:00,4928.491934244443,Все категории,МО_0396,M,3,rub,0
3/1/23 0:00,5961.48205835026,Все категории,МО_0396,M,3,rub,0
4/1/23 0:00,4350.13363781506,Все категории,МО_0396,M,3,rub,0
5/1/23 0:00,3693.4679849336235,Все категории,МО_0396,M,3,rub,0
6/1/23 0:00,5818.904226715668,Все категории,МО_0396,M,3,rub,0
7/1/23 0:00,4869.383414252905,Все категории,МО_0396,M,3,rub,0
8/1/23 0:00,4119.041399419308,Все категории,МО_0396,M,3,rub,0
9/1/23 0:00,5254.828942689076,Все категории,МО_0396,M,3,rub,0
10/1/23 0:00,6409.224498239106,Все категории,МО_0396,M,3,rub,0
11/1/23 0:00,4319.856883384373,Все категории,МО_0396,M,3,rub,0
12/1/23 0:00,7224.431269308783,Все категории,МО_0396,M,3,rub,0
1/1/24 0:00,4381.625208976582,Все категории,МО_0396,M,3,rub,0
2/1/24 0:00,4954.430651263227,Все категории,МО_0396,M,3,rub,0
3/1/24 0:00,4058.5996947289523,Все категории,МО_0396,M,3,rub,0
4/1/24 0:00,4951.641576687865,Все категории,МО_0396,M,3,rub,0
5/1/24 0:00,4922.713221398631,Все категории,МО_0396,M,3,rub,0
6/1/24 0:00,4121.177728545747,Все категории,МО_0396,M,3,rub,0
7/1/24 0:00,8063.956229148736,Все категории,МО_0396,M,3,rub,0
8/1/24 0:00,4978.362295025256,Все категории,МО_0396,M,3,rub,0
9/1/24 0:00,4996.586240957875,Все категории,МО_0396,M,3,rub,0
10/1/24 0:00,6162.669019011404,Все категории,МО_0396,M,3,rub,0
11/1/24 0:00,6854.109490664999,Все категории,МО_0396,M,3,rub,0
12/1/24 0:00,6025.706000138079,Все категории,МО_0396,M,3,rub,0
1/1/23 0:00,4112.528265102585,Все категории,МО_0397,M,3,rub,0
2/1/23 0:00,6153.180377803176,Все категории,МО_0397,M,3,rub,0
3/1/23 0:00,4197.799032715348,Все категории,МО_0397,M,3,rub,0
4/1/23 0:00,4809.733831203666,Все категории,МО_0397,M,3,rub,0
5/1/23 0:00,5540.362050146891,Все категории,МО_0397,M,3,rub,0
6/1/23 0:00,6080.609738905403,Все категории,МО_0397,M,3,rub,0
7/1/23 0:00,5598.5446643841815,Все категории,МО_0397,M,3,rub,0
8/1/23 0:00,7418.968033546546,Все категории,МО_0397,M,3,rub,0
9/1/23 0:00,6596.492747937945,Все категории,МО_0397,M,3,rub,0
10/1/23 0:00,6446.114241219789,Все категории,МО_0397,M,3,rub,0
11/1/23 0:00,4763.299145594808,Все категории,МО_0397,M,3,rub,0
12/1/23 0:00,7202.598973018318,Все категории,МО_0397,M,3,rub,0
1/1/24 0:00,4834.530838482628,Все категории,МО_0397,M,3,rub,0
2/1/24 0:00,6975.086196151561,Все категории,МО_0397,M,3,rub,0
3/1/24 0:00,7265.723124334149,Все категории,МО_0397,M,3,rub,0
4/1/24 0:00,5859.243059046076,Все категории,МО_0397,M,3,rub,0
5/1/24 0:00,6471.073671572752,Все категории,МО_0397,M,3,rub,0
6/1/24 0:00,3581.981103874183,Все категории,МО_0397,M,3,rub,0
7/1/24 0:00,5654.188024185019,Все категории,МО_0397,M,3,rub,0
8/1/24 0:00,6969.212700552261,Все категории,МО_0397,M,3,rub,0
9/1/24 0:00,6798.681585366303,Все категории,МО_0397,M,3,rub,0
10/1/24 0:00,4873.489899313126,Все категории,МО_0397,M,3,rub,0
11/1/24 0:00,5481.026249829966,Все категории,МО_0397,M,3,rub,0
12/1/24 0:00,3815.538922891614,Все категории,МО_0397,M,3,rub,0
1/1/23 0:00,7362.806252215073,Все категории,МО_0398,M,3,rub,0
2/1/23 0:00,7396.597291704342,Все категории,МО_0398,M,3,rub,0
3/1/23 0:00,5826.82760412488,Все категории,МО_0398,M,3,rub,0
4/1/23 0:00,6906.24536956218,Все категории,МО_0398,M,3,rub,0
5/1/23 0:00,6342.962571569904,Все категории,МО_0398,M,3,rub,0
6/1/23 0:00,6959.183486181595,Все категории,МО_0398,M,3,rub,0
7/1/23 0:00,5739.35369361912,Все категории,МО_0398,M,3,rub,0
8/1/23 0:00,7508.738998693174,Все категории,МО_0398,M,3,rub,0
9/1/23 0:00,5293.604954998177,Все категории,МО_0398,M,3,rub,0
10/1/23 0:00,5040.880279383806,Все категории,МО_0398,M,3,rub,0
11/1/23 0:00,6347.779016043292,Все категории,МО_0398,M,3,rub,0
12/1/23 0:00,6115.598286496242,Все категории,МО_0398,M,3,rub,0
1/1/24 0:00,6473.485803544779,Все категории,МО_0398,M,3,rub,0
2/1/24 0:00,5619.177025110277,Все категории,МО_0398,M,3,rub,0
3/1/24 0:00,8301.875673674307,Все категории,МО_0398,M,3,rub,0
4/1/24 0:00,6542.540116533441,Все категории,МО_0398,M,3,rub,0
5/1/24 0:00,6785.87344847635,Все категории,МО_0398,M,3,rub,0
6/1/24 0:00,6912.704666746485,Все категории,МО_0398,M,3,rub,0
7/1/24 0:00,7923.808812461417,Все категории,МО_0398,M,3,rub,0
8/1/24 0:00,7456.575501288968,Все категории,МО_0398,M,3,rub,0
9/1/24 0:00,7235.3587864493475,Все категории,МО_0398,M,3,rub,0
10/1/24 0:00,7407.313815225905,Все категории,МО_0398,M,3,rub,0
11/1/24 0:00,4917.016983268705,Все категории,МО_0398,M,3,rub,0
12/1/24 0:00,4828.336256017029,Все категории,МО_0398,M,3,rub,0
1/1/23 0:00,4831.302441596495,Все категории,МО_0399,M,3,rub,0
2/1/23 0:00,4546.032738873746,Все категории,МО_0399,M,3,rub,0
3/1/23 0:00,5075.235556279533,Все категории,МО_0399,M,3,rub,0
4/1/23 0:00,3942.8496306982474,Все категории,МО_0399,M,3,rub,0
5/1/23 0:00,4800.831285755346,Все категории,МО_0399,M,3,rub,0
6/1/23 0:00,3926.640760490301,Все категории,МО_0399,M,3,rub,0
7/1/23 0:00,5016.780784991772,Все категории,МО_0399,M,3,rub,0
8/1/23 0:00,3490.0261296201325,Все категории,МО_0399,M,3,rub,0
9/1/23 0:00,4749.587097238367,Все категории,МО_0399,M,3,rub,0
10/1/23 0:00,3538.884113670791,Все категории,МО_0399,M,3,rub,0
11/1/23 0:00,4116.381205906666,Все категории,МО_0399,M,3,rub,0
12/1/23 0:00,4993.817874306902,Все категории,МО_0399,M,3,rub,0
1/1/24 0:00,4582.531660188106,Все категории,МО_0399,M,3,rub,0
2/1/24 0:00,3540.979409415769,Все категории,МО_0399,M,3,rub,0
3/1/24 0:00,4204.831082588608,Все категории,МО_0399,M,3,rub,0
4/1/24 0:00,3794.4376954253235,Все категории,МО_0399,M,3,rub,0
5/1/24 0:00,3729.1748825488376,Все категории,МО_0399,M,3,rub,0
6/1/24 0:00,4887.066761084147,Все категории,МО_0399,M,3,rub,0
7/1/24 0:00,5149.010248689161,Все категории,МО_0399,M,3,rub,0
8/1/24 0:00,4941.865382143496,Все категории,МО_0399,M,3,rub,0
9/1/24 0:00,4934.272249421015,Все категории,МО_0399,M,3,rub,0
10/1/24 0:00,4403.390158546783,Все категории,МО_0399,M,3,rub,0
11/1/24 0:00,4184.951293312263,Все категории,МО_0399,M,3,rub,0
12/1/24 0:00,3717.313275268211,Все категории,МО_0399,M,3,rub,0
