mo,federal_district,subject,pop_2023,pop_2024,pop_change,small,mo_type
Абазинский муниципальный район,Северо-Кавказский,Карачаево-Черкесская Республика,17867,18121,0.014216152683718564,False,муниципальный район
Абанский муниципальный район,Сибирский,Красноярский край,18068,17763,-0.01688067301306173,False,муниципальный район
Абатский муниципальный район,Уральский,Тюменская обл.,18783,18641,-0.007560027684608395,False,муниципальный район
Абзелиловский муниципальный район,Приволжский,респ. Башкортостан,44334,43983,-0.007917174177831887,False,муниципальный район
Абыйский муниципальный район,Дальневосточный,респ. Саха (Якутия),3786,3737,-0.012942419440042263,False,муниципальный район
Агинский муниципальный район,Дальневосточный,Забайкальский край,15742,15564,-0.01130733070766099,False,муниципальный район
Агрызский муниципальный район,Приволжский,респ. Татарстан,34692,34401,-0.008388101003113158,False,муниципальный район
Адамовский муниципальный район,Приволжский,Оренбургская обл.,19557,18976,-0.029708032929385952,False,муниципальный район
Азнакаевский муниципальный район,Приволжский,респ. Татарстан,57623,57093,-0.009197716189715877,False,муниципальный район
Азовский немецкий национальный муниципальный район,Сибирский,Омская обл.,25205,25339,0.005316405475104036,False,муниципальный район
Акбулакский муниципальный район,Приволжский,Оренбургская обл.,19217,19016,-0.010459488994119748,False,муниципальный район
Аксубаевский муниципальный район,Приволжский,респ. Татарстан,26484,26162,-0.012158284247092532,False,муниципальный район
Актанышский муниципальный район,Приволжский,респ. Татарстан,27710,27287,-0.015265247203175791,False,муниципальный район
Алагирский муниципальный район,Северо-Кавказский,Республика Северная Осетия — Алания,38381,38308,-0.0019019827518824695,False,муниципальный район
Аларский муниципальный район,Сибирский,Иркутская обл.,22197,22320,0.00554128936342746,False,муниципальный район
Алданский муниципальный район,Дальневосточный,респ. Саха (Якутия),39279,38998,-0.007153949947809268,False,муниципальный район
Александро-Невский муниципальный район,Центральный,Рязанская обл.,10529,10428,-0.009592553898755796,False,муниципальный район
Александрово-Гайский муниципальный район,Приволжский,Саратовская обл.,14481,14280,-0.013880256888336495,False,муниципальный район
Аликовский муниципальный округ,Приволжский,Чувашская респ.,13788,13550,-0.01726138671308386,False,муниципальный округ
Алькеевский муниципальный район,Приволжский,респ. Татарстан,18228,18063,-0.009052007899934211,False,муниципальный район
Альменевский муниципальный округ,Уральский,Курганская обл.,7642,7380,-0.034284218790892385,False,муниципальный округ
Альметьевский муниципальный район,Приволжский,респ. Татарстан,213275,212359,-0.004294924393388855,False,муниципальный район
Альшеевский муниципальный район,Приволжский,респ. Башкортостан,36055,35536,-0.01439467480238521,False,муниципальный район
Амгинский муниципальный район,Дальневосточный,респ. Саха (Якутия),16894,16705,-0.011187403812004226,False,муниципальный район
Амурский муниципальный район,Дальневосточный,Хабаровский край,56707,55970,-0.012996631809124137,False,муниципальный район
Анабарский национальный (долгано-эвенкийский) муниципальный район,Дальневосточный,респ. Саха (Якутия),3454,3456,0.0005790387955992848,False,муниципальный район
Анадырский муниципальный район,Дальневосточный,Чукотский автономный округ,8605,8790,0.02149912841371293,False,муниципальный район
Андроповский муниципальный округ,Северо-Кавказский,Ставропольский край,33526,33305,-0.006591898824792719,False,муниципальный округ
Антроповский муниципальный район,Центральный,Костромская обл.,5105,4987,-0.023114593535749295,False,муниципальный район
Анучинский муниципальный округ,Дальневосточный,Приморский край,12391,12237,-0.012428375433782612,False,муниципальный округ
Апанасенковский муниципальный округ,Северо-Кавказский,Ставропольский край,29621,29279,-0.011545862732520895,False,муниципальный округ
Апастовский муниципальный район,Приволжский,респ. Татарстан,18786,18676,-0.0058554242521026145,False,муниципальный район
Аргаяшский муниципальный район,Уральский,Челябинская обл.,39396,39383,-0.00032998273936435396,False,муниципальный район
Ардатовский муниципальный округ,Приволжский,Нижегородская обл.,22414,22161,-0.011287588114571201,False,муниципальный округ
Ардатовский муниципальный район,Приволжский,респ. Мордовия,23935,23694,-0.010068936703572229,False,муниципальный район
Ардонский муниципальный район,Северо-Кавказский,Республика Северная Осетия — Алания,31288,31295,0.0002237279468166875,False,муниципальный район
Арзгирский муниципальный округ,Северо-Кавказский,Ставропольский край,22874,22666,-0.009093293695899285,False,муниципальный округ
Аркадакский муниципальный район,Приволжский,Саратовская обл.,19480,19018,-0.023716632443531838,False,муниципальный район
Армизонский муниципальный район,Уральский,Тюменская обл.,9353,9306,-0.005025125628140725,False,муниципальный район
Аромашевский муниципальный район,Уральский,Тюменская обл.,10350,10235,-0.011111111111111072,False,муниципальный район
Арсеньевский муниципальный район,Центральный,Тульская обл.,9214,9159,-0.005969177338832177,False,муниципальный район
Арский муниципальный район,Приволжский,респ. Татарстан,50166,49659,-0.01010644659729698,False,муниципальный район
Архангельский муниципальный район,Приволжский,респ. Башкортостан,16847,16616,-0.01371164005460912,False,муниципальный район
Архаринский муниципальный округ,Дальневосточный,Амурская обл.,12629,12372,-0.020349988122575047,False,муниципальный округ
Асекеевский муниципальный район,Приволжский,Оренбургская обл.,16050,15753,-0.01850467289719626,False,муниципальный район
Асиновский муниципальный район,Сибирский,Томская обл.,33514,33342,-0.005132183565077275,False,муниципальный район
Аскинский муниципальный район,Приволжский,респ. Башкортостан,17773,17418,-0.01997411804422433,False,муниципальный район
Аткарский муниципальный район,Приволжский,Саратовская обл.,33991,33425,-0.016651466564678863,False,муниципальный район
Атнинский муниципальный район,Приволжский,респ. Татарстан,12371,12245,-0.010185110338695291,False,муниципальный район
Атюрьевский муниципальный район,Приволжский,респ. Мордовия,9088,9012,-0.008362676056338003,False,муниципальный район
Атяшевский муниципальный район,Приволжский,респ. Мордовия,17467,17246,-0.0126524302971317,False,муниципальный район
Аургазинский муниципальный район,Приволжский,респ. Башкортостан,30429,29757,-0.02208419599723943,False,муниципальный район
Ахтубинский муниципальный район,Южный,Астраханская обл.,57400,57030,-0.006445993031358843,False,муниципальный район
Ашинский муниципальный район,Уральский,Челябинская обл.,54979,54113,-0.015751468742610797,False,муниципальный район
Бабаевский муниципальный округ,Северо-Западный,Вологодская обл.,19014,18827,-0.009834858525297197,False,муниципальный округ
Бабушкинский муниципальный округ,Северо-Западный,Вологодская обл.,9641,9515,-0.013069183694637498,False,муниципальный округ
Бабынинский муниципальный район,Центральный,Калужская обл.,20704,20665,-0.0018836939721792456,False,муниципальный район
Бавлинский муниципальный район,Приволжский,респ. Татарстан,32711,32711,0.0,False,муниципальный район
Баганский муниципальный район,Сибирский,Новосибирская обл.,14189,13948,-0.01698498837127349,False,муниципальный район
Баевский муниципальный район,Сибирский,Алтайский край,7994,7821,-0.021641230923192367,False,муниципальный район
Базарно-Карабулакский муниципальный район,Приволжский,Саратовская обл.,25590,24991,-0.023407581086361873,False,муниципальный район
Базарносызганский муниципальный район,Приволжский,Ульяновская обл.,7417,7275,-0.019145206956990735,False,муниципальный район
Бай-Тайгинский муниципальный район,Сибирский,респ. Тыва,10548,10431,-0.011092150170648463,False,муниципальный район
Байкаловский муниципальный район,Уральский,Свердловская обл.,14502,14422,-0.005516480485450281,False,муниципальный район
Баймакский муниципальный район,Приволжский,респ. Башкортостан,54122,53399,-0.013358708103913375,False,муниципальный район
Бакалинский муниципальный район,Приволжский,респ. Башкортостан,25010,24813,-0.00787684926029586,False,муниципальный район
Бакчарский муниципальный район,Сибирский,Томская обл.,11228,11191,-0.003295333095831854,False,муниципальный район
Балаганский муниципальный район,Сибирский,Иркутская обл.,8643,8577,-0.007636237417563363,False,муниципальный район
Балаковский муниципальный район,Приволжский,Саратовская обл.,201570,200241,-0.00659324304211939,False,муниципальный район
Балахнинский муниципальный округ,Приволжский,Нижегородская обл.,72780,72219,-0.00770816158285248,False,муниципальный округ
Балахтинский муниципальный район,Сибирский,Красноярский край,18078,17854,-0.012390751189290894,False,муниципальный район
Балашовский муниципальный район,Приволжский,Саратовская обл.,100539,99921,-0.0061468683794349,False,муниципальный район
Балейский муниципальный район,Дальневосточный,Забайкальский край,15537,15274,-0.016927334749308076,False,муниципальный район
Балтайский муниципальный район,Приволжский,Саратовская обл.,9964,9850,-0.011441188277800052,False,муниципальный район
Балтасинский муниципальный район,Приволжский,респ. Татарстан,32861,32840,-0.0006390554152339023,False,муниципальный район
Балтачевский муниципальный район,Приволжский,респ. Башкортостан,18156,17837,-0.017569949328045786,False,муниципальный район
Барабинский муниципальный район,Сибирский,Новосибирская обл.,38921,38628,-0.0075280696796073965,False,муниципальный район
Барун-Хемчикский муниципальный район,Сибирский,респ. Тыва,11881,11626,-0.02146283982829733,False,муниципальный район
Барышский муниципальный район,Приволжский,Ульяновская обл.,35618,34969,-0.01822112415071031,False,муниципальный район
Барятинский муниципальный район,Центральный,Калужская обл.,5393,5446,0.009827554236973901,False,муниципальный район
Батыревский муниципальный округ,Приволжский,Чувашская респ.,31190,30773,-0.013369669765950665,False,муниципальный округ
Башмаковский муниципальный район,Приволжский,Пензенская обл.,19237,19102,-0.0070177262566928356,False,муниципальный район
Баяндаевский муниципальный район,Сибирский,Иркутская обл.,11607,11534,-0.0062893081761006275,False,муниципальный район
Бежаницкий муниципальный район,Северо-Западный,Псковская обл.,10091,9802,-0.028639381627192595,False,муниципальный район
Безенчукский муниципальный район,Приволжский,Самарская обл.,36495,35844,-0.017838060008220302,False,муниципальный район
Бейский муниципальный район,Сибирский,респ. Хакасия,17492,17067,-0.024296821404070412,False,муниципальный район
Бековский муниципальный район,Приволжский,Пензенская обл.,13678,13474,-0.014914461178534899,False,муниципальный район
Белебеевский муниципальный район,Приволжский,респ. Башкортостан,95852,94978,-0.009118223928556546,False,муниципальный район
Белевский муниципальный район,Центральный,Тульская обл.,18707,18494,-0.011386112150531869,False,муниципальный район
Белинский муниципальный район,Приволжский,Пензенская обл.,24016,23699,-0.013199533644237205,False,муниципальный район
Беловский муниципальный округ,Сибирский,Кемеровская обл.,25274,24823,-0.017844425100894235,False,муниципальный округ
Белогорский муниципальный округ,Дальневосточный,Амурская обл.,17256,17004,-0.014603616133518793,False,муниципальный округ
Белокатайский муниципальный район,Приволжский,респ. Башкортостан,17583,17369,-0.012170846840698357,False,муниципальный район
Беломорский муниципальный округ,Северо-Западный,Республика Карелия,12546,12305,-0.019209309740156222,False,муниципальный округ
Белорецкий муниципальный район,Приволжский,респ. Башкортостан,97873,96915,-0.009788194905642977,False,муниципальный район
Белохолуницкий муниципальный район,Приволжский,Кировская обл.,15331,15062,-0.017546148326919364,False,муниципальный район
Белоярский муниципальный район,Уральский,Тюменская обл.,28798,28479,-0.011077158135981646,False,муниципальный район
Беляевский муниципальный район,Приволжский,Оренбургская обл.,13393,13156,-0.017695811244680004,False,муниципальный район
Бердюжский муниципальный район,Уральский,Тюменская обл.,10877,10693,-0.01691642916245284,False,муниципальный район
Бессоновский муниципальный район,Приволжский,Пензенская обл.,45314,44901,-0.009114181047799819,False,муниципальный район
Бижбулякский муниципальный район,Приволжский,респ. Башкортостан,21362,20951,-0.01923977155697032,False,муниципальный район
Бийский муниципальный район,Сибирский,Алтайский край,31796,31583,-0.00669895584350233,False,муниципальный район
Бикинский муниципальный район,Дальневосточный,Хабаровский край,21445,21147,-0.013896013056656553,False,муниципальный район
Билибинский муниципальный район,Дальневосточный,Чукотский автономный округ,7267,7279,0.0016513003990643593,False,муниципальный район
Бирилюсский муниципальный район,Сибирский,Красноярский край,8136,7924,-0.026057030481809296,False,муниципальный район
Биробиджанский муниципальный район,Дальневосточный,Еврейская автономная обл.,10103,9980,-0.012174601603484159,False,муниципальный район
Бирский муниципальный район,Приволжский,респ. Башкортостан,61865,61478,-0.006255556453568234,False,муниципальный район
Благоварский муниципальный район,Приволжский,респ. Башкортостан,24138,23850,-0.011931394481730084,False,муниципальный район
Благовещенский муниципальный округ,Дальневосточный,Амурская обл.,36180,35810,-0.010226644555002773,False,муниципальный округ
Богатовский муниципальный район,Приволжский,Самарская обл.,13077,13052,-0.001911753460273724,False,муниципальный район
Богородицкий муниципальный район,Центральный,Тульская обл.,49571,49454,-0.0023602509531782667,False,муниципальный район
Боградский муниципальный район,Сибирский,респ. Хакасия,11181,11030,-0.013505053215275953,False,муниципальный район
Богучанский муниципальный район,Сибирский,Красноярский край,42460,42225,-0.005534620819594882,False,муниципальный район
Бокситогорский муниципальный район,Северо-Западный,Ленинградская обл.,50977,50855,-0.002393236165329493,False,муниципальный район
Болотнинский муниципальный район,Сибирский,Новосибирская обл.,25450,25205,-0.009626719056974431,False,муниципальный район
Болховский муниципальный район,Центральный,Орловская обл.,15224,14977,-0.01622438255386227,False,муниципальный район
Большеберезниковский муниципальный район,Приволжский,респ. Мордовия,11743,11711,-0.0027250276760623082,False,муниципальный район
Большеболдинский муниципальный округ,Приволжский,Нижегородская обл.,10295,10172,-0.01194754735308401,False,муниципальный округ
Большеглушицкий муниципальный район,Приволжский,Самарская обл.,18041,17856,-0.010254420486669247,False,муниципальный район
Большемурашкинский муниципальный округ,Приволжский,Нижегородская обл.,10307,10258,-0.004754050645192631,False,муниципальный округ
Большемуртинский муниципальный район,Сибирский,Красноярский край,13706,13529,-0.012914052239894946,False,муниципальный район
Большереченский муниципальный район,Сибирский,Омская обл.,21790,21499,-0.013354749885268524,False,муниципальный район
Большесельский муниципальный район,Центральный,Ярославская обл.,9264,9122,-0.015328151986183092,False,муниципальный район
Большеуковский муниципальный район,Сибирский,Омская обл.,5942,5838,-0.017502524402558062,False,муниципальный район
Большеулуйский муниципальный район,Сибирский,Красноярский край,6846,6681,-0.024101665205959688,False,муниципальный район
Большечерниговский муниципальный район,Приволжский,Самарская обл.,17336,17085,-0.014478541762805719,False,муниципальный район
Бондарский муниципальный округ,Центральный,Тамбовская обл.,8332,8210,-0.014642342774843997,False,муниципальный округ
Борзинский муниципальный район,Дальневосточный,Забайкальский край,44344,43803,-0.012200072163088604,False,муниципальный район
Борисоглебский муниципальный район,Центральный,Ярославская обл.,11911,11831,-0.0067164805641843905,False,муниципальный район
Боровичский муниципальный район,Северо-Западный,Новгородская обл.,60848,60283,-0.00928543255324743,False,муниципальный район
Боровский муниципальный район,Центральный,Калужская обл.,82143,82139,-4.869556748599013e-05,False,муниципальный район
Борский муниципальный район,Приволжский,Самарская обл.,22484,22166,-0.014143390855719584,False,муниципальный район
Боханский муниципальный район,Сибирский,Иркутская обл.,25072,25159,0.0034700063816208715,False,муниципальный район
Братский муниципальный район,Сибирский,Иркутская обл.,47876,47236,-0.013367866989723476,False,муниципальный район
Брединский муниципальный район,Уральский,Челябинская обл.,23586,23380,-0.008733994742643914,False,муниципальный район
Брейтовский муниципальный район,Центральный,Ярославская обл.,5367,5332,-0.006521334078628649,False,муниципальный район
Бугульминский муниципальный район,Приволжский,респ. Татарстан,100110,99177,-0.009319748276895412,False,муниципальный район
Бугурусланский муниципальный район,Приволжский,Оренбургская обл.,16658,16252,-0.024372673790371002,False,муниципальный район
Будённовский муниципальный округ,Северо-Кавказский,Ставропольский край,107390,106466,-0.008604153086879562,False,муниципальный округ
Буздякский муниципальный район,Приволжский,респ. Башкортостан,25725,25432,-0.011389698736637532,False,муниципальный район
Буинский муниципальный район,Приволжский,респ. Татарстан,39524,39135,-0.009842121242789159,False,муниципальный район
Буйский муниципальный район,Центральный,Костромская обл.,8754,8634,-0.013708019191226883,False,муниципальный район
Булунский муниципальный район,Дальневосточный,респ. Саха (Якутия),7997,8126,0.016131049143428777,False,муниципальный район
Бураевский муниципальный район,Приволжский,респ. Башкортостан,21217,20840,-0.017768770325682248,False,муниципальный район
Бурейский муниципальный округ,Дальневосточный,Амурская обл.,16940,16565,-0.02213695395513582,False,муниципальный округ
Бурзянский муниципальный район,Приволжский,респ. Башкортостан,17298,17061,-0.013701005896635476,False,муниципальный район
Бурлинский муниципальный район,Сибирский,Алтайский край,7728,7601,-0.016433747412008315,False,муниципальный район
Бутурлинский муниципальный округ,Приволжский,Нижегородская обл.,12996,12910,-0.006617420744844615,False,муниципальный округ
Быковский муниципальный район,Южный,Волгоградская обл.,24781,24854,0.0029458052540252133,False,муниципальный район
Быстроистокский муниципальный район,Сибирский,Алтайский край,7216,7120,-0.013303769401330379,False,муниципальный район
Вагайский муниципальный район,Уральский,Тюменская обл.,17943,17835,-0.006019060357799644,False,муниципальный район
Вадинский муниципальный район,Приволжский,Пензенская обл.,7239,7153,-0.011880093935626501,False,муниципальный район
Вадский муниципальный округ,Приволжский,Нижегородская обл.,13408,13290,-0.008800715990453511,False,муниципальный округ
Валдайский муниципальный район,Северо-Западный,Новгородская обл.,21976,21712,-0.012013105205678887,False,муниципальный район
Ванинский муниципальный район,Дальневосточный,Хабаровский край,34071,33535,-0.01573185406944322,False,муниципальный район
Варгашинский муниципальный округ,Уральский,Курганская обл.,15728,15485,-0.015450152594099653,False,муниципальный округ
Варнавинский муниципальный округ,Приволжский,Нижегородская обл.,9755,9653,-0.010456176319835975,False,муниципальный округ
Варненский муниципальный район,Уральский,Челябинская обл.,24152,24054,-0.004057634978469671,False,муниципальный район
Вачский муниципальный округ,Приволжский,Нижегородская обл.,16832,16730,-0.006059885931558928,False,муниципальный округ
Велижский муниципальный район,Центральный,Смоленская обл.,8985,8848,-0.015247634947134103,False,муниципальный район
Великоустюгский муниципальный округ,Северо-Западный,Вологодская обл.,49825,49167,-0.013206221776216776,False,муниципальный округ
Вельский муниципальный район,Северо-Западный,Архангельская обл.,45261,44862,-0.008815536554649728,False,муниципальный район
Венгеровский муниципальный район,Сибирский,Новосибирская обл.,14978,14721,-0.017158499132060356,False,муниципальный район
Веневский муниципальный район,Центральный,Тульская обл.,34066,33948,-0.0034638642634885475,False,муниципальный район
Верхнебуреинский муниципальный район,Дальневосточный,Хабаровский край,24861,24441,-0.016893930252202205,False,муниципальный район
Верхневилюйский муниципальный район,Дальневосточный,респ. Саха (Якутия),20889,20721,-0.008042510412178627,False,муниципальный район
Верхнекетский муниципальный район,Сибирский,Томская обл.,14588,14438,-0.010282423910063065,False,муниципальный район
Верхнеколымский муниципальный район,Дальневосточный,респ. Саха (Якутия),3748,3687,-0.016275346851654215,False,муниципальный район
Верхнетоемский муниципальный округ,Северо-Западный,Архангельская обл.,11299,10925,-0.03310027436056284,False,муниципальный округ
Верхнеуральский муниципальный район,Уральский,Челябинская обл.,31736,31251,-0.015282329216032231,False,муниципальный район
Верхнеуслонский муниципальный район,Приволжский,респ. Татарстан,17493,17641,0.00846052706797007,False,муниципальный район
Верховажский муниципальный округ,Северо-Западный,Вологодская обл.,12561,12428,-0.010588328954701076,False,муниципальный округ
Верховский муниципальный район,Центральный,Орловская обл.,14730,14493,-0.016089613034623196,False,муниципальный район
Верхошижемский муниципальный район,Приволжский,Кировская обл.,6931,6778,-0.0220747366902323,False,муниципальный район
Верхоянский муниципальный район,Дальневосточный,респ. Саха (Якутия),10009,9998,-0.001099010890198815,False,муниципальный район
Ветлужский муниципальный округ,Приволжский,Нижегородская обл.,12663,12521,-0.011213772407802303,False,муниципальный округ
Вешкаймский муниципальный район,Приволжский,Ульяновская обл.,14559,14314,-0.01682807885156945,False,муниципальный район
Викуловский муниципальный район,Уральский,Тюменская обл.,14843,14670,-0.011655325742774392,False,муниципальный район
Вилюйский муниципальный район,Дальневосточный,респ. Саха (Якутия),25121,25157,0.0014330639703834525,False,муниципальный район
Виноградовский муниципальный округ,Северо-Западный,Архангельская обл.,12647,12371,-0.02182335731794105,False,муниципальный округ
Вичугский муниципальный район,Центральный,Ивановская обл.,15953,15732,-0.013853193756660165,False,муниципальный район
Вожегодский муниципальный округ,Северо-Западный,Вологодская обл.,13814,13654,-0.011582452584334768,False,муниципальный округ
Вознесенский муниципальный округ,Приволжский,Нижегородская обл.,14537,14309,-0.015684116392653213,False,муниципальный округ
Вологодский муниципальный округ,Северо-Западный,Вологодская обл.,52745,52112,-0.012001137548582785,False,муниципальный округ
Володарский муниципальный округ,Приволжский,Нижегородская обл.,47967,47925,-0.0008756019763587197,False,муниципальный округ
Волосовский муниципальный район,Северо-Западный,Ленинградская обл.,50211,50257,0.0009161339148791026,False,муниципальный район
Волховский муниципальный район,Северо-Западный,Ленинградская обл.,79417,78679,-0.00929272070211673,False,муниципальный район
Волчихинский муниципальный район,Сибирский,Алтайский край,14900,14744,-0.010469798657718132,False,муниципальный район
Вольский муниципальный район,Приволжский,Саратовская обл.,81103,80407,-0.008581680085816834,False,муниципальный район
Воскресенский муниципальный округ,Приволжский,Нижегородская обл.,16216,16072,-0.008880118401578652,False,муниципальный округ
Воскресенский муниципальный район,Приволжский,Саратовская обл.,10951,10854,-0.00885763857181987,False,муниципальный район
Вохомский муниципальный район,Центральный,Костромская обл.,6698,6543,-0.023141236189907488,False,муниципальный район
Всеволожский муниципальный район,Северо-Западный,Ленинградская обл.,554288,571142,0.030406575642986988,False,муниципальный район
Вурнарский муниципальный округ,Приволжский,Чувашская респ.,28773,28415,-0.012442220136933968,False,муниципальный округ
Выборгский муниципальный район,Северо-Западный,Ленинградская обл.,195374,194689,-0.0035060960004913433,False,муниципальный район
Высокогорский муниципальный район,Приволжский,респ. Татарстан,58283,60647,0.04056071238611603,False,муниципальный район
Вытегорский муниципальный район,Северо-Западный,Вологодская обл.,22200,21919,-0.012657657657657695,False,муниципальный район
Вязниковский муниципальный район,Центральный,Владимирская обл.,68662,66875,-0.02602604060470126,False,муниципальный район
Вятскополянский муниципальный район,Приволжский,Кировская обл.,22790,22503,-0.012593242650285164,False,муниципальный район
Гаврилов-Ямский муниципальный район,Центральный,Ярославская обл.,24165,23809,-0.014732050486240378,False,муниципальный район
Гаврилово-Посадский муниципальный район,Центральный,Ивановская обл.,12202,11865,-0.02761842320930996,False,муниципальный район
Гавриловский муниципальный округ,Центральный,Тамбовская обл.,9362,9164,-0.02114932706686601,False,муниципальный округ
Гагаринский муниципальный район,Центральный,Смоленская обл.,40165,39257,-0.022606747167932317,False,муниципальный район
Гагинский муниципальный округ,Приволжский,Нижегородская обл.,9817,9681,-0.01385351940511359,False,муниципальный округ
Галичский муниципальный район,Центральный,Костромская обл.,6412,6258,-0.024017467248908297,False,муниципальный район
Гатчинский муниципальный район,Северо-Западный,Ленинградская обл.,261898,261522,-0.0014356734301139706,False,муниципальный район
Гафурийский муниципальный район,Приволжский,респ. Башкортостан,30022,29525,-0.016554526680434334,False,муниципальный район
Гдовский муниципальный район,Северо-Западный,Псковская обл.,8832,8544,-0.03260869565217395,False,муниципальный район
Гиагинский муниципальный район,Южный,Республика Адыгея,31933,31872,-0.0019102495850686907,False,муниципальный район
Глазуновский муниципальный район,Центральный,Орловская обл.,10245,10168,-0.0075158613958028475,False,муниципальный район
Глинковский муниципальный район,Центральный,Смоленская обл.,3446,3397,-0.014219384793964007,False,муниципальный район
Горномарийский муниципальный район,Приволжский,респ. Марий Эл,19891,19578,-0.015735759891408185,False,муниципальный район
Горный муниципальный район,Дальневосточный,респ. Саха (Якутия),12004,11936,-0.00566477840719759,False,муниципальный район
Городецкий муниципальный округ,Приволжский,Нижегородская обл.,80699,80149,-0.006815450005576262,False,муниципальный округ
Городовиковский муниципальный район,Южный,Республика Калмыкия,13530,13573,0.0031781226903178084,False,муниципальный район
Гороховецкий муниципальный район,Центральный,Владимирская обл.,20260,19901,-0.0177196446199408,False,муниципальный район
Горьковский муниципальный район,Сибирский,Омская обл.,18361,18069,-0.01590327324219809,False,муниципальный район
Грачёвский муниципальный округ,Северо-Кавказский,Ставропольский край,37986,37958,-0.0007371136734586337,False,муниципальный округ
Грязинский муниципальный район,Центральный,Липецкая обл.,77162,77383,0.0028641040926880024,False,муниципальный район
Грязовецкий муниципальный округ,Северо-Западный,Вологодская обл.,32078,31660,-0.013030737577155671,False,муниципальный округ
Гурьевский муниципальный округ,Сибирский,Кемеровская обл.,36708,36402,-0.008336057535142216,False,муниципальный округ
Гусь-Хрустальный муниципальный район,Центральный,Владимирская обл.,39472,38749,-0.01831678151601135,False,муниципальный район
Давлекановский муниципальный район,Приволжский,респ. Башкортостан,36195,35565,-0.017405719021964305,False,муниципальный район
Далматовский муниципальный округ,Уральский,Курганская обл.,22530,22136,-0.01748779405237466,False,муниципальный округ
Дальнеконстантиновский муниципальный округ,Приволжский,Нижегородская обл.,20408,20224,-0.009016072128577024,False,муниципальный округ
Дальнереченский муниципальный район,Дальневосточный,Приморский край,8026,7793,-0.02903065038624475,False,муниципальный район
Данковский муниципальный район,Центральный,Липецкая обл.,31727,31514,-0.006713524758092504,False,муниципальный район
Даровской муниципальный район,Приволжский,Кировская обл.,8318,8117,-0.02416446261120464,False,муниципальный район
Дедовичский муниципальный район,Северо-Западный,Псковская обл.,11661,11451,-0.018008747105737077,False,муниципальный район
Демидовский муниципальный район,Центральный,Смоленская обл.,10837,10717,-0.011073175232998111,False,муниципальный район
Дергачевский муниципальный район,Приволжский,Саратовская обл.,16058,15660,-0.024785153817411865,False,муниципальный район
Дзун-Хемчикский муниципальный район,Сибирский,респ. Тыва,19185,18916,-0.014021370862653093,False,муниципальный район
Дивеевский муниципальный округ,Приволжский,Нижегородская обл.,15033,14998,-0.002328211268542546,False,муниципальный округ
Дигорский муниципальный район,Северо-Кавказский,Республика Северная Осетия — Алания,18505,18652,0.007943798973250482,False,муниципальный район
Дновский муниципальный район,Северо-Западный,Псковская обл.,10696,10547,-0.013930441286462258,False,муниципальный район
Добринский муниципальный район,Центральный,Липецкая обл.,32556,32283,-0.008385551050497653,False,муниципальный район
Добровский муниципальный район,Центральный,Липецкая обл.,26851,26993,0.00528844363338421,False,муниципальный район
Доволенский муниципальный район,Сибирский,Новосибирская обл.,12894,12663,-0.01791530944625408,False,муниципальный район
Долгоруковский муниципальный район,Центральный,Липецкая обл.,16041,15713,-0.020447603017268223,False,муниципальный район
Должанский муниципальный район,Центральный,Орловская обл.,8684,8587,-0.01116996775679413,False,муниципальный район
Домбаровский муниципальный район,Приволжский,Оренбургская обл.,11377,11105,-0.02390788432803026,False,муниципальный район
Дорогобужский муниципальный район,Центральный,Смоленская обл.,23997,23563,-0.01808559403258736,False,муниципальный район
Дрожжановский муниципальный район,Приволжский,респ. Татарстан,20429,20085,-0.016838807577463366,False,муниципальный район
Дуванский муниципальный район,Приволжский,респ. Башкортостан,30827,30750,-0.002497810361047126,False,муниципальный район
Дульдургинский муниципальный район,Дальневосточный,Забайкальский край,13754,13633,-0.00879744074451072,False,муниципальный район
Думиничский муниципальный район,Центральный,Калужская обл.,13299,13284,-0.0011279043537107958,False,муниципальный район
Духовницкий муниципальный район,Приволжский,Саратовская обл.,10078,9856,-0.02202818019448305,False,муниципальный район
Духовщинский муниципальный район,Центральный,Смоленская обл.,13909,13641,-0.019268099791501903,False,муниципальный район
Дюртюлинский муниципальный район,Приволжский,респ. Башкортостан,59679,59179,-0.00837815647045026,False,муниципальный район
Егорьевский муниципальный район,Сибирский,Алтайский край,10811,10678,-0.012302284710017597,False,муниципальный район
Екатериновский муниципальный район,Приволжский,Саратовская обл.,16522,16296,-0.01367873138845177,False,муниципальный район
Елабужский муниципальный район,Приволжский,респ. Татарстан,85667,85471,-0.0022879288407438025,False,муниципальный район
Еланский муниципальный район,Южный,Волгоградская обл.,28360,27976,-0.013540197461212933,False,муниципальный район
Елизовский муниципальный район,Дальневосточный,Камчатский край,59658,59889,0.0038720708035804297,False,муниципальный район
Елховский муниципальный район,Приволжский,Самарская обл.,9309,9128,-0.01944354925341063,False,муниципальный район
Ельниковский муниципальный район,Приволжский,респ. Мордовия,9271,9068,-0.02189623557329301,False,муниципальный район
Ельнинский муниципальный район,Центральный,Смоленская обл.,11170,10930,-0.0214861235452104,False,муниципальный район
Ельцовский муниципальный район,Сибирский,Алтайский край,4762,4672,-0.018899622007559902,False,муниципальный район
Еманжелинский муниципальный район,Уральский,Челябинская обл.,47327,47326,-2.11295877617923e-05,False,муниципальный район
Емельяновский муниципальный район,Сибирский,Красноярский край,54015,55572,0.02882532629825052,False,муниципальный район
Енисейский муниципальный район,Сибирский,Красноярский край,21466,21238,-0.010621447871051903,False,муниципальный район
Енотаевский муниципальный район,Южный,Астраханская обл.,25035,25039,0.0001597763131615526,False,муниципальный район
Ермаковский муниципальный район,Сибирский,Красноярский край,17583,17423,-0.009099698572484827,False,муниципальный район
Ермекеевский муниципальный район,Приволжский,респ. Башкортостан,14689,14369,-0.021785009190550708,False,муниципальный район
Ермишинский муниципальный район,Центральный,Рязанская обл.,6511,6377,-0.020580555982184,False,муниципальный район
Ершичский муниципальный район,Центральный,Смоленская обл.,5172,5052,-0.023201856148491906,False,муниципальный район
Ершовский муниципальный район,Приволжский,Саратовская обл.,31635,30920,-0.022601548917338343,False,муниципальный район
Еткульский муниципальный район,Уральский,Челябинская обл.,29706,29743,0.0012455396216253245,False,муниципальный район
Жердевский муниципальный округ,Центральный,Тамбовская обл.,25142,24844,-0.011852676795799821,False,муниципальный округ
Жигаловский муниципальный район,Сибирский,Иркутская обл.,8975,9747,0.08601671309192205,False,муниципальный район
Жиздринский муниципальный район,Центральный,Калужская обл.,9857,9807,-0.005072537283149048,False,муниципальный район
Жирновский муниципальный район,Южный,Волгоградская обл.,36278,35986,-0.008048955289707282,False,муниципальный район
Жуковский муниципальный район,Центральный,Калужская обл.,61283,60240,-0.017019401791687705,False,муниципальный район
Забайкальский муниципальный район,Дальневосточный,Забайкальский край,19646,19300,-0.017611727578133007,False,муниципальный район
Завитинский муниципальный округ,Дальневосточный,Амурская обл.,11783,11590,-0.01637952983111257,False,муниципальный округ
Заволжский муниципальный район,Центральный,Ивановская обл.,12422,12153,-0.021655127998711943,False,муниципальный район
Завьяловский муниципальный район,Сибирский,Алтайский край,15697,15469,-0.014525068484423809,False,муниципальный район
Задонский муниципальный район,Центральный,Липецкая обл.,33711,33205,-0.01500993740915424,False,муниципальный район
Заинский муниципальный район,Приволжский,респ. Татарстан,52812,52217,-0.01126637885329096,False,муниципальный район
Заларинский муниципальный район,Сибирский,Иркутская обл.,26414,26236,-0.006738850609525282,False,муниципальный район
Залегощенский муниципальный район,Центральный,Орловская обл.,11725,11724,-8.528784648187404e-05,False,муниципальный район
Залесовский муниципальный округ,Сибирский,Алтайский край,11444,11281,-0.014243271583362471,False,муниципальный округ
Заокский муниципальный район,Центральный,Тульская обл.,26703,26774,0.002658877279706484,False,муниципальный район
Захаровский муниципальный район,Центральный,Рязанская обл.,7831,7676,-0.019793129868471482,False,муниципальный район
Звениговский муниципальный район,Приволжский,респ. Марий Эл,38830,38471,-0.009245428792171051,False,муниципальный район
Звериноголовский муниципальный округ,Уральский,Курганская обл.,6675,6573,-0.015280898876404492,False,муниципальный округ
Здвинский муниципальный район,Сибирский,Новосибирская обл.,11954,11725,-0.019156767609168512,False,муниципальный район
Зеленодольский муниципальный район,Приволжский,респ. Татарстан,169710,169798,0.0005185316127511719,False,муниципальный район
Зеленчукский муниципальный район,Северо-Кавказский,Карачаево-Черкесская Республика,53819,53555,-0.0049053308311191035,False,муниципальный район
Земетчинский муниципальный район,Приволжский,Пензенская обл.,18759,18592,-0.008902393517778107,False,муниципальный район
Зианчуринский муниципальный район,Приволжский,респ. Башкортостан,23890,23381,-0.02130598576810383,False,муниципальный район
Зилаирский муниципальный район,Приволжский,респ. Башкортостан,14560,14231,-0.022596153846153877,False,муниципальный район
Зиминский муниципальный район,Сибирский,Иркутская обл.,12168,12070,-0.008053911900065769,False,муниципальный район
Змеиногорский муниципальный район,Сибирский,Алтайский край,16142,15905,-0.014682195514806096,False,муниципальный район
Знаменский муниципальный округ,Центральный,Тамбовская обл.,13969,13674,-0.021118190278473725,False,муниципальный округ
Зональный муниципальный район,Сибирский,Алтайский край,16392,16341,-0.0031112737920937494,False,муниципальный район
Зубово-Полянский муниципальный район,Приволжский,респ. Мордовия,45860,45470,-0.008504143044047119,False,муниципальный район
Зуевский муниципальный район,Приволжский,Кировская обл.,16810,16435,-0.02230814991076735,False,муниципальный район
Зырянский муниципальный район,Сибирский,Томская обл.,11065,11051,-0.001265250790781769,False,муниципальный район
Ибресинский муниципальный округ,Приволжский,Чувашская респ.,20179,19914,-0.013132464443233016,False,муниципальный округ
Ивановский муниципальный округ,Дальневосточный,Амурская обл.,21126,20785,-0.016141247751585763,False,муниципальный округ
Ивановский муниципальный район,Центральный,Ивановская обл.,40427,40478,0.0012615331337966218,False,муниципальный район
Ивантеевский муниципальный район,Приволжский,Саратовская обл.,12481,12313,-0.01346045989904654,False,муниципальный район
Иглинский муниципальный район,Приволжский,респ. Башкортостан,70277,71099,0.011696572135976302,False,муниципальный район
Идринский муниципальный район,Сибирский,Красноярский край,10498,10295,-0.01933701657458564,False,муниципальный район
Ижморский муниципальный округ,Сибирский,Кемеровская обл.,9939,9689,-0.025153435959352044,False,муниципальный округ
Измалковский муниципальный район,Центральный,Липецкая обл.,14930,14799,-0.008774279973208343,False,муниципальный район
Износковский муниципальный район,Центральный,Калужская обл.,6403,6363,-0.006247071685147598,False,муниципальный район
Икрянинский муниципальный район,Южный,Астраханская обл.,48058,47744,-0.006533771692538215,False,муниципальный район
Иланский муниципальный район,Сибирский,Красноярский край,22954,22528,-0.01855885684412306,False,муниципальный район
Илекский муниципальный район,Приволжский,Оренбургская обл.,25508,25229,-0.010937745021169842,False,муниципальный район
Илишевский муниципальный район,Приволжский,респ. Башкортостан,30701,30405,-0.009641379759616986,False,муниципальный район
Иловлинский муниципальный район,Южный,Волгоградская обл.,31190,30650,-0.017313241423533188,False,муниципальный район
Ильинский муниципальный район,Центральный,Ивановская обл.,7306,7336,0.004106214070626946,False,муниципальный район
Инжавинский муниципальный округ,Центральный,Тамбовская обл.,17225,17016,-0.012133526850507947,False,муниципальный округ
Инзенский муниципальный район,Приволжский,Ульяновская обл.,26271,25875,-0.015073655361425131,False,муниципальный район
Инсарский муниципальный район,Приволжский,респ. Мордовия,11686,11516,-0.014547321581379391,False,муниципальный район
Ирафский муниципальный район,Северо-Кавказский,Республика Северная Осетия — Алания,15607,15561,-0.0029473953995001745,False,муниципальный район
Ирбейский муниципальный район,Сибирский,Красноярский край,12871,12610,-0.020278144666304065,False,муниципальный район
Иркутский муниципальный район,Сибирский,Иркутская обл.,165480,167989,0.015161953106115567,False,муниципальный район
Исаклинский муниципальный район,Приволжский,Самарская обл.,12390,12310,-0.006456820016142006,False,муниципальный район
Исетский муниципальный район,Уральский,Тюменская обл.,26041,25979,-0.002380860950040309,False,муниципальный район
Исилькульский муниципальный район,Сибирский,Омская обл.,35753,35262,-0.013733113305177236,False,муниципальный район
Искитимский муниципальный район,Сибирский,Новосибирская обл.,58772,58382,-0.006635812972163646,False,муниципальный район
Иссинский муниципальный район,Приволжский,Пензенская обл.,8420,8268,-0.018052256532066546,False,муниципальный район
Ичалковский муниципальный район,Приволжский,респ. Мордовия,17147,16897,-0.014579809879279204,False,муниципальный район
Ишимбайский муниципальный район,Приволжский,респ. Башкортостан,83847,82948,-0.01072191014586088,False,муниципальный район
Ишимский муниципальный район,Уральский,Тюменская обл.,28364,28178,-0.006557608235791879,False,муниципальный район
Каа-Хемский муниципальный район,Сибирский,респ. Тыва,12100,11974,-0.010413223140495864,False,муниципальный район
Кавалеровский муниципальный округ,Дальневосточный,Приморский край,21082,20727,-0.016839009581633646,False,муниципальный округ
Кадомский муниципальный район,Центральный,Рязанская обл.,7386,7264,-0.016517736257784965,False,муниципальный район
Кадошкинский муниципальный район,Приволжский,респ. Мордовия,6680,6593,-0.013023952095808422,False,муниципальный район
Кадуйский муниципальный округ,Северо-Западный,Вологодская обл.,16512,16433,-0.004784399224806224,False,муниципальный округ
Кадыйский муниципальный район,Центральный,Костромская обл.,5895,5744,-0.025614927905004192,False,муниципальный район
Казанский муниципальный район,Уральский,Тюменская обл.,20047,19959,-0.004389684242031233,False,муниципальный район
Казачинский муниципальный район,Сибирский,Красноярский край,8657,8558,-0.01143583227445999,False,муниципальный район
Казачинско-Ленский муниципальный район,Сибирский,Иркутская обл.,15129,14910,-0.014475510608764619,False,муниципальный район
Кайбицкий муниципальный район,Приволжский,респ. Татарстан,12622,12423,-0.015766122643004254,False,муниципальный район
Каларский муниципальный округ,Дальневосточный,Забайкальский край,7377,7207,-0.023044598075098288,False,муниципальный округ
Калачевский муниципальный район,Южный,Волгоградская обл.,51061,50507,-0.010849767924639209,False,муниципальный район
Калачинский муниципальный район,Сибирский,Омская обл.,36093,35486,-0.016817665475299948,False,муниципальный район
Калевальский муниципальный район,Северо-Западный,Республика Карелия,5939,5888,-0.008587304259976447,False,муниципальный район
Калманский муниципальный район,Сибирский,Алтайский край,11723,11641,-0.006994796553783211,False,муниципальный район
Калтасинский муниципальный район,Приволжский,респ. Башкортостан,21551,21101,-0.020880701591573514,False,муниципальный район
Камешкирский муниципальный район,Приволжский,Пензенская обл.,10012,9895,-0.011685976827806588,False,муниципальный район
Камешковский муниципальный район,Центральный,Владимирская обл.,30510,30466,-0.0014421501147164895,False,муниципальный район
Камско-Устьинский муниципальный район,Приволжский,респ. Татарстан,14305,14157,-0.010346032855644838,False,муниципальный район
Камызякский муниципальный район,Южный,Астраханская обл.,47368,46892,-0.010048978213139659,False,муниципальный район
Камышлинский муниципальный район,Приволжский,Самарская обл.,10541,10431,-0.010435442557632069,False,муниципальный район
Камышловский муниципальный район,Уральский,Свердловская обл.,20495,20537,0.002049280312271362,False,муниципальный район
Кандалакшский муниципальный район,Северо-Западный,Мурманская обл.,39935,39330,-0.015149618129460363,False,муниципальный район
Карагинский муниципальный район,Дальневосточный,Камчатский край,3403,3457,0.015868351454598972,False,муниципальный район
Караидельский муниципальный район,Приволжский,респ. Башкортостан,23589,23105,-0.020518038068591316,False,муниципальный район
Карасукский муниципальный район,Сибирский,Новосибирская обл.,38488,38279,-0.0054302639783828655,False,муниципальный район
Каратузский муниципальный район,Сибирский,Красноярский край,13367,13157,-0.015710331413181677,False,муниципальный район
Каргапольский муниципальный округ,Уральский,Курганская обл.,19014,25283,0.3297044283159778,False,муниципальный округ
Каргасокский муниципальный район,Сибирский,Томская обл.,17507,17438,-0.003941280630604949,False,муниципальный район
Каргатский муниципальный район,Сибирский,Новосибирская обл.,14171,14001,-0.011996330534189581,False,муниципальный район
Кардымовский муниципальный район,Центральный,Смоленская обл.,10709,10664,-0.004202073022691155,False,муниципальный район
Кармаскалинский муниципальный район,Приволжский,респ. Башкортостан,51986,51575,-0.007905974685492256,False,муниципальный район
Карсунский муниципальный район,Приволжский,Ульяновская обл.,19865,19556,-0.015554996224515505,False,муниципальный район
Карталинский муниципальный район,Уральский,Челябинская обл.,43633,43290,-0.007861022620493707,False,муниципальный район
Карымский муниципальный район,Дальневосточный,Забайкальский край,33677,33483,-0.005760608130177869,False,муниципальный район
Касимовский муниципальный район,Центральный,Рязанская обл.,27244,26914,-0.012112758772573784,False,муниципальный район
Каслинский муниципальный район,Уральский,Челябинская обл.,29604,29118,-0.016416700445885724,False,муниципальный район
Катав-Ивановский муниципальный район,Уральский,Челябинская обл.,26591,26222,-0.013876875634613262,False,муниципальный район
Катайский муниципальный округ,Уральский,Курганская обл.,18844,18565,-0.014805773721078275,False,муниципальный округ
Катангский муниципальный район,Сибирский,Иркутская обл.,3025,3016,-0.002975206611570247,False,муниципальный район
Качугский муниципальный район,Сибирский,Иркутская обл.,15159,15044,-0.007586252391318715,False,муниципальный район
Кваркенский муниципальный район,Приволжский,Оренбургская обл.,14901,14438,-0.031071740151667693,False,муниципальный район
Кежемский муниципальный район,Сибирский,Красноярский край,16917,16559,-0.021162144588284026,False,муниципальный район
Кемеровский муниципальный округ,Сибирский,Кемеровская обл.,45809,45263,-0.011919055207491924,False,муниципальный округ
Кемский муниципальный район,Северо-Западный,Республика Карелия,12715,12493,-0.01745969327565866,False,муниципальный район
Кетовский муниципальный округ,Уральский,Курганская обл.,55058,55102,0.000799157252352023,False,муниципальный округ
Кигинский муниципальный район,Приволжский,респ. Башкортостан,16478,16339,-0.008435489743900959,False,муниципальный район
Кизильский муниципальный район,Уральский,Челябинская обл.,19751,19276,-0.02404941521948256,False,муниципальный район
Киквидзенский муниципальный район,Южный,Волгоградская обл.,14639,14536,-0.0070359997267572805,False,муниципальный район
Килемарский муниципальный район,Приволжский,респ. Марий Эл,11211,11082,-0.011506556061011475,False,муниципальный район
Кильмезский муниципальный район,Приволжский,Кировская обл.,9726,9573,-0.015731030228254173,False,муниципальный район
Кимовский муниципальный район,Центральный,Тульская обл.,38612,38587,-0.0006474671086709183,False,муниципальный район
Кингисеппский муниципальный район,Северо-Западный,Ленинградская обл.,83838,83361,-0.005689544120804357,False,муниципальный район
Кинель-Черкасский муниципальный район,Приволжский,Самарская обл.,41008,40596,-0.010046820132657008,False,муниципальный район
Кинельский муниципальный район,Приволжский,Самарская обл.,30535,30309,-0.007401342721467197,False,муниципальный район
Кинешемский муниципальный район,Центральный,Ивановская обл.,17748,17408,-0.019157088122605415,False,муниципальный район
Киреевский муниципальный район,Центральный,Тульская обл.,73476,73376,-0.001360988622135073,False,муниципальный район
Киренский муниципальный район,Сибирский,Иркутская обл.,15876,15936,0.0037792894935753107,False,муниципальный район
Киржачский муниципальный район,Центральный,Владимирская обл.,38094,37950,-0.0037801228539927623,False,муниципальный район
Киришский муниципальный район,Северо-Западный,Ленинградская обл.,59877,58942,-0.01561534479015314,False,муниципальный район
Кирово-Чепецкий муниципальный район,Приволжский,Кировская обл.,19871,19898,0.001358764027980408,False,муниципальный район
Кичменгско-Городецкий муниципальный округ,Северо-Западный,Вологодская обл.,14475,14278,-0.013609671848013871,False,муниципальный округ
Клепиковский муниципальный район,Центральный,Рязанская обл.,20955,20755,-0.00954426151276544,False,муниципальный район
Клетский муниципальный район,Южный,Волгоградская обл.,16093,15893,-0.012427763623935828,False,муниципальный район
Ключевский муниципальный район,Сибирский,Алтайский край,12620,12366,-0.02012678288431058,False,муниципальный район
Клявлинский муниципальный район,Приволжский,Самарская обл.,14206,13967,-0.01682387723497114,False,муниципальный район
Княгининский муниципальный округ,Приволжский,Нижегородская обл.,10869,10775,-0.008648449719385387,False,муниципальный округ
Кобяйский муниципальный район,Дальневосточный,респ. Саха (Якутия),11188,11053,-0.012066499821237087,False,муниципальный район
Ковдорский муниципальный округ,Северо-Западный,Мурманская обл.,16762,16803,0.0024460088294953053,False,муниципальный округ
Ковернинский муниципальный округ,Приволжский,Нижегородская обл.,17245,17091,-0.008930124673818485,False,муниципальный округ
Ковылкинский муниципальный район,Приволжский,респ. Мордовия,36267,35879,-0.010698431080596649,False,муниципальный район
Кожевниковский муниципальный район,Сибирский,Томская обл.,20307,20183,-0.006106268774314305,False,муниципальный район
Козельский муниципальный район,Центральный,Калужская обл.,38126,38129,7.868646068298624e-05,False,муниципальный район
Козловский муниципальный округ,Приволжский,Чувашская респ.,15100,14831,-0.017814569536423797,False,муниципальный округ
Козульский муниципальный район,Сибирский,Красноярский край,12001,11808,-0.01608199316723602,False,муниципальный район
Кологривский муниципальный округ,Центральный,Костромская обл.,4100,3925,-0.04268292682926833,False,муниципальный округ
Колосовский муниципальный район,Сибирский,Омская обл.,8999,8763,-0.026225136126236226,False,муниципальный район
Колпашевский муниципальный район,Сибирский,Томская обл.,32570,32143,-0.013110224132637405,False,муниципальный район
Колпнянский муниципальный район,Центральный,Орловская обл.,12459,12286,-0.013885544586242915,False,муниципальный район
Колыванский муниципальный район,Сибирский,Новосибирская обл.,24523,24293,-0.009378950373119088,False,муниципальный район
Колышлейский муниципальный район,Приволжский,Пензенская обл.,20763,20513,-0.012040649231806588,False,муниципальный район
Кольский муниципальный район,Северо-Западный,Мурманская обл.,33510,33201,-0.009221128021486114,False,муниципальный район
Кольчугинский муниципальный район,Центральный,Владимирская обл.,48256,47188,-0.02213196286472152,False,муниципальный район
Комсомольский муниципальный округ,Приволжский,Чувашская респ.,20626,20409,-0.010520702026568407,False,муниципальный округ
Кондинский муниципальный район,Уральский,Тюменская обл.,30495,30387,-0.003541564190850943,False,муниципальный район
Кондопожский муниципальный район,Северо-Западный,Республика Карелия,31671,31368,-0.009567111868902134,False,муниципальный район
Коношский муниципальный район,Северо-Западный,Архангельская обл.,18209,17807,-0.022076994892635482,False,муниципальный район
Кораблинский муниципальный район,Центральный,Рязанская обл.,21903,21723,-0.008218052321599778,False,муниципальный район
Коркинский муниципальный округ,Уральский,Челябинская обл.,56058,55417,-0.011434585607763337,False,муниципальный округ
Кормиловский муниципальный район,Сибирский,Омская обл.,23330,23179,-0.006472353193313296,False,муниципальный район
Косихинский муниципальный район,Сибирский,Алтайский край,13533,13314,-0.016182664597650165,False,муниципальный район
Костромской муниципальный район,Центральный,Костромская обл.,41653,40577,-0.025832473051160765,False,муниципальный район
Котельниковский муниципальный район,Южный,Волгоградская обл.,36949,36842,-0.0028958835151153828,False,муниципальный район
Котельничский муниципальный район,Приволжский,Кировская обл.,10408,9945,-0.04448501152959261,False,муниципальный район
Котласский муниципальный округ,Северо-Западный,Архангельская обл.,17228,17119,-0.006326909681913184,False,муниципальный округ
Котовский муниципальный район,Южный,Волгоградская обл.,29296,28608,-0.02348443473511741,False,муниципальный район
Коченевский муниципальный район,Сибирский,Новосибирская обл.,45134,45219,0.0018832808968849424,False,муниципальный район
Кочковский муниципальный район,Сибирский,Новосибирская обл.,11625,11493,-0.011354838709677462,False,муниципальный район
Кочубеевский муниципальный округ,Северо-Кавказский,Ставропольский край,78120,77707,-0.005286738351254483,False,муниципальный округ
Кош-Агачский муниципальный район,Сибирский,респ. Алтай,18512,18620,0.00583405358686262,False,муниципальный район
Кошехабльский муниципальный район,Южный,Республика Адыгея,30153,30319,0.005505256525055513,False,муниципальный район
Кошкинский муниципальный район,Приволжский,Самарская обл.,21056,20672,-0.018237082066869248,False,муниципальный район
Крапивинский муниципальный округ,Сибирский,Кемеровская обл.,21743,21713,-0.0013797544037161824,False,муниципальный округ
Красноармейский муниципальный округ,Приволжский,Чувашская респ.,12585,12470,-0.009137862534763563,False,муниципальный округ
Краснобаковский муниципальный округ,Приволжский,Нижегородская обл.,18758,18535,-0.01188826100863627,False,муниципальный округ
Красноборский муниципальный округ,Северо-Западный,Архангельская обл.,10234,10008,-0.02208325190541338,False,муниципальный округ
Красногвардейский муниципальный округ,Северо-Кавказский,Ставропольский край,35811,35678,-0.0037139426433219214,False,муниципальный округ
Краснозерский муниципальный район,Сибирский,Новосибирская обл.,27773,27453,-0.011521981780866275,False,муниципальный район
Краснозоренский муниципальный район,Центральный,Орловская обл.,5146,5084,-0.012048192771084376,False,муниципальный район
Краснокамский муниципальный район,Приволжский,респ. Башкортостан,25683,25332,-0.013666627730405279,False,муниципальный район
Краснокутский муниципальный район,Приволжский,Саратовская обл.,30757,30318,-0.014273173586500598,False,муниципальный район
Краснооктябрьский муниципальный округ,Приволжский,Нижегородская обл.,8726,8617,-0.012491404996561983,False,муниципальный округ
Краснопартизанский муниципальный район,Приволжский,Саратовская обл.,9070,8776,-0.03241455347298783,False,муниципальный район
Красносельский муниципальный район,Центральный,Костромская обл.,16115,16012,-0.006391560657772244,False,муниципальный район
Краснослободский муниципальный район,Приволжский,респ. Мордовия,21734,21456,-0.01279101868040855,False,муниципальный район
Краснотуранский муниципальный район,Сибирский,Красноярский край,12990,12848,-0.010931485758275628,False,муниципальный район
Красночетайский муниципальный округ,Приволжский,Чувашская респ.,13739,13525,-0.015576097241429498,False,муниципальный округ
Красночикойский муниципальный район,Дальневосточный,Забайкальский край,16105,15817,-0.017882645141260478,False,муниципальный район
Кривошеинский муниципальный район,Сибирский,Томская обл.,12088,12022,-0.005459960291197885,False,муниципальный район
Кромской муниципальный район,Центральный,Орловская обл.,20502,20537,0.0017071505219004024,False,муниципальный район
Крутинский муниципальный район,Сибирский,Омская обл.,12896,12735,-0.012484491315136514,False,муниципальный район
Крутихинский муниципальный район,Сибирский,Алтайский край,8062,7856,-0.02555197221533123,False,муниципальный район
Кстовский муниципальный округ,Приволжский,Нижегородская обл.,122131,121424,-0.005788866053663688,False,муниципальный округ
Кугарчинский муниципальный район,Приволжский,респ. Башкортостан,26845,26359,-0.018103929968336763,False,муниципальный район
Куженерский муниципальный район,Приволжский,респ. Марий Эл,11637,11382,-0.021912864140242294,False,муниципальный район
Кузоватовский муниципальный район,Приволжский,Ульяновская обл.,18158,17939,-0.012060799647538256,False,муниципальный район
Куйтунский муниципальный район,Сибирский,Иркутская обл.,27222,26931,-0.010689883182719906,False,муниципальный район
Кукморский муниципальный район,Приволжский,респ. Татарстан,51290,51202,-0.0017157340612204974,False,муниципальный район
Кулундинский муниципальный район,Сибирский,Алтайский край,20480,20371,-0.005322265625000044,False,муниципальный район
Куменский муниципальный район,Приволжский,Кировская обл.,14363,14038,-0.02262758476641369,False,муниципальный район
Кумылженский муниципальный район,Южный,Волгоградская обл.,17758,17511,-0.013909224011713017,False,муниципальный район
Кунашакский муниципальный район,Уральский,Челябинская обл.,27737,27505,-0.008364278761221478,False,муниципальный район
Купинский муниципальный район,Сибирский,Новосибирская обл.,25707,25382,-0.01264247092231685,False,муниципальный район
Курагинский муниципальный район,Сибирский,Красноярский край,39701,39269,-0.010881338001561658,False,муниципальный район
Куркинский муниципальный район,Центральный,Тульская обл.,10690,10641,-0.004583723105706317,False,муниципальный район
Курманаевский муниципальный район,Приволжский,Оренбургская обл.,14428,14152,-0.019129470474078203,False,муниципальный район
Курский муниципальный округ,Северо-Кавказский,Ставропольский край,52548,52260,-0.005480703356930849,False,муниципальный округ
Куртамышский муниципальный округ,Уральский,Курганская обл.,24519,24231,-0.011745992903462565,False,муниципальный округ
Курьинский муниципальный район,Сибирский,Алтайский край,8155,8051,-0.012752912323727772,False,муниципальный район
Кусинский муниципальный район,Уральский,Челябинская обл.,25198,24970,-0.009048337169616616,False,муниципальный район
Кушнаренковский муниципальный район,Приволжский,респ. Башкортостан,26704,26370,-0.012507489514679504,False,муниципальный район
Кызылский муниципальный район,Сибирский,респ. Тыва,36061,36340,0.00773689026926605,False,муниципальный район
Кыринский муниципальный район,Дальневосточный,Забайкальский край,10238,9949,-0.028228169564368022,False,муниципальный район
Кытмановский муниципальный район,Сибирский,Алтайский край,9765,9548,-0.022222222222222254,False,муниципальный район
Кыштовский муниципальный район,Сибирский,Новосибирская обл.,9149,8984,-0.0180347578970379,False,муниципальный район
Лаганский муниципальный район,Южный,Республика Калмыкия,18310,18650,0.01856908793009282,False,муниципальный район
Лазовский муниципальный округ,Дальневосточный,Приморский край,12150,11848,-0.024855967078189267,False,муниципальный округ
Лаишевский муниципальный район,Приволжский,респ. Татарстан,67057,71646,0.06843431707353442,False,муниципальный район
Лахденпохский муниципальный район,Северо-Западный,Республика Карелия,10709,10502,-0.01932953590437947,False,муниципальный район
Лебедянский муниципальный район,Центральный,Липецкая обл.,39264,38865,-0.010161980440097751,False,муниципальный район
Лебяжьевский муниципальный округ,Уральский,Курганская обл.,11131,10941,-0.017069445692210916,False,муниципальный округ
Лев-Толстовский муниципальный район,Центральный,Липецкая обл.,16391,16181,-0.01281190897443718,False,муниципальный район
Левокумский муниципальный округ,Северо-Кавказский,Ставропольский край,34905,34715,-0.005443346225469159,False,муниципальный округ
Лежневский муниципальный район,Центральный,Ивановская обл.,15124,14905,-0.014480296217931787,False,муниципальный район
Лениногорский муниципальный район,Приволжский,респ. Татарстан,78468,77755,-0.009086506601417188,False,муниципальный район
Лиманский муниципальный район,Южный,Астраханская обл.,27946,27717,-0.008194374865812648,False,муниципальный район
Ловозерский муниципальный район,Северо-Западный,Мурманская обл.,8695,8770,0.008625646923519303,False,муниципальный район
Лодейнопольский муниципальный район,Северо-Западный,Ленинградская обл.,27548,27168,-0.013794104835196719,False,муниципальный район
Локтевский муниципальный район,Сибирский,Алтайский край,19707,19183,-0.026589536712843143,False,муниципальный район
Ломоносовский муниципальный район,Северо-Западный,Ленинградская обл.,85329,90576,0.061491403860352234,False,муниципальный район
Лопатинский муниципальный район,Приволжский,Пензенская обл.,11418,11327,-0.007969872131721845,False,муниципальный район
Лоухский муниципальный район,Северо-Западный,Республика Карелия,10289,10092,-0.019146661483137373,False,муниципальный район
Лужский муниципальный район,Северо-Западный,Ленинградская обл.,75307,74392,-0.012150264915612108,False,муниципальный район
Лукояновский муниципальный округ,Приволжский,Нижегородская обл.,26082,25751,-0.01269074457480257,False,муниципальный округ
Лунинский муниципальный район,Приволжский,Пензенская обл.,15887,15623,-0.01661736010574688,False,муниципальный район
Лухский муниципальный район,Центральный,Ивановская обл.,7523,7399,-0.01648278612255749,False,муниципальный район
Лысковский муниципальный округ,Приволжский,Нижегородская обл.,34467,34099,-0.010676879333855527,False,муниципальный округ
Лысогорский муниципальный район,Приволжский,Саратовская обл.,17441,17228,-0.012212602488389401,False,муниципальный район
Любимский муниципальный район,Центральный,Ярославская обл.,9827,9732,-0.009667243309250062,False,муниципальный район
Любинский муниципальный район,Сибирский,Омская обл.,38401,38168,-0.006067550324210358,False,муниципальный район
Любытинский муниципальный район,Северо-Западный,Новгородская обл.,7179,7088,-0.012675860147652873,False,муниципальный район
Людиновский муниципальный район,Центральный,Калужская обл.,38508,38134,-0.00971226758076249,False,муниципальный район
Лямбирский муниципальный район,Приволжский,респ. Мордовия,33732,33537,-0.005780860903592977,False,муниципальный район
Магдагачинский муниципальный район,Дальневосточный,Амурская обл.,16847,16478,-0.02190300943788215,False,муниципальный район
Мазановский муниципальный район,Дальневосточный,Амурская обл.,9373,9173,-0.02133788541555537,False,муниципальный район
Майкопский муниципальный район,Южный,Республика Адыгея,58793,59156,0.006174204412089823,False,муниципальный район
Майминский муниципальный район,Сибирский,респ. Алтай,30665,30941,0.009000489157019453,False,муниципальный район
Майнский муниципальный район,Приволжский,Ульяновская обл.,20084,19862,-0.011053574985062764,False,муниципальный район
Майский муниципальный район,Северо-Кавказский,Кабардино-Балкарская Республика,37828,37609,-0.005789362377075169,False,муниципальный район
Макарьевский муниципальный район,Центральный,Костромская обл.,10096,9933,-0.016145007923930255,False,муниципальный район
Малмыжский муниципальный район,Приволжский,Кировская обл.,20133,19801,-0.016490339244027208,False,муниципальный район
Малоархангельский муниципальный район,Центральный,Орловская обл.,9363,9312,-0.005446972124319105,False,муниципальный район
Маловишерский муниципальный район,Северо-Западный,Новгородская обл.,13275,13111,-0.012354048964218434,False,муниципальный район
Малодербетовский муниципальный район,Южный,Республика Калмыкия,9207,9256,0.00532203758010219,False,муниципальный район
Малокарачаевский муниципальный район,Северо-Кавказский,Карачаево-Черкесская Республика,42803,42682,-0.002826904656215712,False,муниципальный район
Малосердобинский муниципальный район,Приволжский,Пензенская обл.,8054,7959,-0.01179538117705492,False,муниципальный район
Малоярославецкий муниципальный район,Центральный,Калужская обл.,68087,69194,0.016258610307400723,False,муниципальный район
Мамадышский муниципальный район,Приволжский,респ. Татарстан,39955,39698,-0.0064322362657990295,False,муниципальный район
Мамонтовский муниципальный район,Сибирский,Алтайский край,17803,17582,-0.012413638150873485,False,муниципальный район
Манский муниципальный район,Сибирский,Красноярский край,13588,13436,-0.011186340889019708,False,муниципальный район
Мантуровский муниципальный округ,Центральный,Костромская обл.,15431,15147,-0.01840451040114055,False,муниципальный округ
Мари-Турекский муниципальный район,Приволжский,респ. Марий Эл,17406,17046,-0.020682523267838704,False,муниципальный район
Мариинский муниципальный округ,Сибирский,Кемеровская обл.,50952,50597,-0.006967341811901395,False,муниципальный округ
Мариинско-Посадский муниципальный округ,Приволжский,Чувашская респ.,18877,18507,-0.019600572124807925,False,муниципальный округ
Марксовский муниципальный район,Приволжский,Саратовская обл.,57899,57354,-0.009412943228725879,False,муниципальный район
Марьяновский муниципальный район,Сибирский,Омская обл.,25346,25313,-0.001301980588653051,False,муниципальный район
Маслянинский муниципальный район,Сибирский,Новосибирская обл.,23583,23528,-0.002332188440826055,False,муниципальный район
Матвеевский муниципальный район,Приволжский,Оренбургская обл.,9034,8826,-0.023024131060438324,False,муниципальный район
Мегино-Кангаласский муниципальный район,Дальневосточный,респ. Саха (Якутия),33110,32932,-0.0053760193295077086,False,муниципальный район
Медведевский муниципальный район,Приволжский,респ. Марий Эл,67681,67769,0.0013002171953724329,False,муниципальный район
Медвежьегорский муниципальный район,Северо-Западный,Республика Карелия,23931,23603,-0.01370607162258164,False,муниципальный район
Медынский муниципальный район,Центральный,Калужская обл.,12234,12187,-0.0038417524930521862,False,муниципальный район
Междуреченский муниципальный округ,Северо-Западный,Вологодская обл.,4918,4834,-0.017080113867425806,False,муниципальный округ
Межевской муниципальный округ,Центральный,Костромская обл.,2809,2703,-0.037735849056603765,True,муниципальный округ
Мезенский муниципальный округ,Северо-Западный,Архангельская обл.,7248,7098,-0.020695364238410563,False,муниципальный округ
Меленковский муниципальный район,Центральный,Владимирская обл.,31820,31240,-0.018227529855436853,False,муниципальный район
Мелеузовский муниципальный район,Приволжский,респ. Башкортостан,80565,79609,-0.011866194997827817,False,муниципальный район
Менделеевский муниципальный район,Приволжский,респ. Татарстан,30523,30286,-0.007764636503620248,False,муниципальный район
Мензелинский муниципальный район,Приволжский,респ. Татарстан,26732,26385,-0.012980697291635535,False,муниципальный район
Мечетлинский муниципальный район,Приволжский,респ. Башкортостан,22158,21838,-0.014441736618828416,False,муниципальный район
Мещовский муниципальный район,Центральный,Калужская обл.,11300,11280,-0.001769911504424737,False,муниципальный район
Милославский муниципальный район,Центральный,Рязанская обл.,10730,10602,-0.011929170549860202,False,муниципальный район
Мирнинский муниципальный район,Дальневосточный,респ. Саха (Якутия),71308,71704,0.005553374095473185,False,муниципальный район
Мишкинский муниципальный округ,Уральский,Курганская обл.,12737,12441,-0.02323938132998349,False,муниципальный округ
Миякинский муниципальный район,Приволжский,респ. Башкортостан,23590,23086,-0.02136498516320473,False,муниципальный район
Могойтуйский муниципальный район,Дальневосточный,Забайкальский край,22661,22380,-0.012400158863245192,False,муниципальный район
Моздокский муниципальный район,Северо-Кавказский,Республика Северная Осетия — Алания,82698,81353,-0.016263996710924045,False,муниципальный район
Мокроусовский муниципальный округ,Уральский,Курганская обл.,9164,8983,-0.019751200349192533,False,муниципальный округ
Мокшанский муниципальный район,Приволжский,Пензенская обл.,23972,23532,-0.018354747205072575,False,муниципальный район
Молчановский муниципальный район,Сибирский,Томская обл.,12177,12103,-0.006077030467274369,False,муниципальный район
Монастырщинский муниципальный район,Центральный,Смоленская обл.,7915,7769,-0.018445988629185117,False,муниципальный район
Моргаушский муниципальный округ,Приволжский,Чувашская респ.,30826,30685,-0.004574060857717499,False,муниципальный округ
Мордовский муниципальный округ,Центральный,Тамбовская обл.,13553,13380,-0.01276470154209397,False,муниципальный округ
Моркинский муниципальный район,Приволжский,респ. Марий Эл,26138,25758,-0.014538220215777775,False,муниципальный район
Мосальский муниципальный район,Центральный,Калужская обл.,9077,9032,-0.004957585105210938,False,муниципальный район
Москаленский муниципальный район,Сибирский,Омская обл.,26599,26392,-0.0077822474529117835,False,муниципальный район
Мотыгинский муниципальный район,Сибирский,Красноярский край,12208,12009,-0.016300786369593756,False,муниципальный район
Мошковский муниципальный район,Сибирский,Новосибирская обл.,40629,40479,-0.003691944177804052,False,муниципальный район
Муезерский муниципальный район,Северо-Западный,Республика Карелия,7903,7695,-0.026319119321776552,False,муниципальный район
Муромцевский муниципальный район,Сибирский,Омская обл.,17328,16992,-0.01939058171745156,False,муниципальный район
Муслюмовский муниципальный район,Приволжский,респ. Татарстан,18828,18692,-0.0072232844699383625,False,муниципальный район
Мучкапский муниципальный округ,Центральный,Тамбовская обл.,10953,10669,-0.025928969232173804,False,муниципальный округ
Мышкинский муниципальный район,Центральный,Ярославская обл.,9153,9051,-0.011143887250081974,False,муниципальный район
Нагайбакский муниципальный район,Уральский,Челябинская обл.,17105,16951,-0.009003215434083556,False,муниципальный район
Нагорский муниципальный район,Приволжский,Кировская обл.,6480,6225,-0.03935185185185186,False,муниципальный район
Надеждинский муниципальный район,Дальневосточный,Приморский край,40669,41960,0.031744080257690044,False,муниципальный район
Называевский муниципальный район,Сибирский,Омская обл.,18133,17786,-0.019136381183477602,False,муниципальный район
Намский муниципальный район,Дальневосточный,респ. Саха (Якутия),24860,25069,0.008407079646017612,False,муниципальный район
Нанайский муниципальный район,Дальневосточный,Хабаровский край,14430,13922,-0.03520443520443517,False,муниципальный район
Наримановский муниципальный район,Южный,Астраханская обл.,47916,47528,-0.008097503965272534,False,муниципальный район
Наровчатский муниципальный район,Приволжский,Пензенская обл.,9855,9756,-0.010045662100456654,False,муниципальный район
Неверкинский муниципальный район,Приволжский,Пензенская обл.,13276,13081,-0.014688159084061514,False,муниципальный район
Нейский муниципальный округ,Центральный,Костромская обл.,10065,9904,-0.015996025832091365,False,муниципальный округ
Некоузский муниципальный район,Центральный,Ярославская обл.,11617,11435,-0.015666695360247895,False,муниципальный район
Некрасовский муниципальный район,Центральный,Ярославская обл.,19651,19480,-0.008701847234237392,False,муниципальный район
Немецкий национальный муниципальный район,Сибирский,Алтайский край,14938,14809,-0.008635694202704491,False,муниципальный район
Нерчинский муниципальный район,Дальневосточный,Забайкальский край,26642,26450,-0.00720666616620369,False,муниципальный район
Нерюнгринский муниципальный район,Дальневосточный,респ. Саха (Якутия),69032,68431,-0.008706107312550726,False,муниципальный район
Нефтегорский муниципальный район,Приволжский,Самарская обл.,32051,31958,-0.0029016255343047304,False,муниципальный район
Нефтеюганский муниципальный район,Уральский,Тюменская обл.,47014,47486,0.01003956268345596,False,муниципальный район
Нехаевский муниципальный район,Южный,Волгоградская обл.,13014,12813,-0.015444905486399207,False,муниципальный район
Нижневартовский муниципальный район,Уральский,Тюменская обл.,38507,38693,0.004830290596514963,False,муниципальный район
Нижнеилимский муниципальный район,Сибирский,Иркутская обл.,42534,41873,-0.015540508769455008,False,муниципальный район
Нижнеингашский муниципальный район,Сибирский,Красноярский край,23928,23480,-0.018722835172183205,False,муниципальный район
Нижнекамский муниципальный район,Приволжский,респ. Татарстан,277053,276414,-0.0023064179055992673,False,муниципальный район
Нижнеколымский муниципальный район,Дальневосточный,респ. Саха (Якутия),4211,4175,-0.008549038233198747,False,муниципальный район
Нижнеломовский муниципальный район,Приволжский,Пензенская обл.,35895,35595,-0.008357709987463435,False,муниципальный район
Нижнеомский муниципальный район,Сибирский,Омская обл.,12382,12230,-0.012275884348247446,False,муниципальный район
Нижнесергинский муниципальный район,Уральский,Свердловская обл.,37577,37356,-0.0058812571519812895,False,муниципальный район
Нижнетавдинский муниципальный район,Уральский,Тюменская обл.,27046,27122,0.0028100273607927218,False,муниципальный район
Нижнеудинский муниципальный район,Сибирский,Иркутская обл.,52307,51698,-0.01164280115472116,False,муниципальный район
Никифоровский муниципальный округ,Центральный,Тамбовская обл.,15725,15378,-0.022066772655008005,False,муниципальный округ
Новгородский муниципальный район,Северо-Западный,Новгородская обл.,64063,64120,0.0008897491531774104,False,муниципальный район
Новичихинский муниципальный район,Сибирский,Алтайский край,7533,7406,-0.016859153059869958,False,муниципальный район
Новоаннинский муниципальный район,Южный,Волгоградская обл.,31911,31431,-0.015041835103882684,False,муниципальный район
Новобурасский муниципальный район,Приволжский,Саратовская обл.,14983,14824,-0.010612026963892407,False,муниципальный район
Нововаршавский муниципальный район,Сибирский,Омская обл.,20645,20369,-0.013368854444175349,False,муниципальный район
Новодеревеньковский муниципальный район,Центральный,Орловская обл.,9076,9028,-0.005288673424416079,False,муниципальный район
Новодугинский муниципальный район,Центральный,Смоленская обл.,7264,7059,-0.028221365638766538,False,муниципальный район
Новониколаевский муниципальный район,Южный,Волгоградская обл.,19675,19463,-0.010775095298602322,False,муниципальный район
Новоорский муниципальный район,Приволжский,Оренбургская обл.,23850,23447,-0.016897274633123738,False,муниципальный район
Новоселицкий муниципальный округ,Северо-Кавказский,Ставропольский край,24624,24490,-0.0054418453541260625,False,муниципальный округ
Новоселовский муниципальный район,Сибирский,Красноярский край,10848,10619,-0.021109882005899694,False,муниципальный район
Новосергиевский муниципальный район,Приволжский,Оренбургская обл.,29332,28827,-0.01721669166780304,False,муниципальный район
Новосибирский муниципальный район,Сибирский,Новосибирская обл.,166514,170131,0.021721897257888312,False,муниципальный район
Новосильский муниципальный район,Центральный,Орловская обл.,6700,6534,-0.024776119402985075,False,муниципальный район
Новосокольнический муниципальный район,Северо-Западный,Псковская обл.,11644,11427,-0.018636207488835432,False,муниципальный район
Новоспасский муниципальный район,Приволжский,Ульяновская обл.,20134,19921,-0.010579119896692135,False,муниципальный район
Новоторъяльский муниципальный район,Приволжский,респ. Марий Эл,13597,13402,-0.014341398837978914,False,муниципальный район
Новоузенский муниципальный район,Приволжский,Саратовская обл.,26669,26367,-0.011324009149199399,False,муниципальный район
Новошешминский муниципальный район,Приволжский,респ. Татарстан,12798,12574,-0.017502734802312903,False,муниципальный район
Нолинский муниципальный район,Приволжский,Кировская обл.,15594,15213,-0.024432474028472484,False,муниципальный район
Нукутский муниципальный район,Сибирский,Иркутская обл.,15036,14902,-0.008911944666134652,False,муниципальный район
Нуримановский муниципальный район,Приволжский,респ. Башкортостан,20228,19945,-0.01399050820644654,False,муниципальный район
Нурлатский муниципальный район,Приволжский,респ. Татарстан,52133,51661,-0.009053766328429247,False,муниципальный район
Нюксенский муниципальный округ,Северо-Западный,Вологодская обл.,8521,8427,-0.011031569064663738,False,муниципальный округ
Нюрбинский муниципальный район,Дальневосточный,респ. Саха (Якутия),22997,22761,-0.010262208114101834,False,муниципальный район
Нязепетровский муниципальный район,Уральский,Челябинская обл.,13873,13666,-0.014921069703741074,False,муниципальный район
Няндомский муниципальный округ,Северо-Западный,Архангельская обл.,22889,22613,-0.012058193892262703,False,муниципальный округ
Облученский муниципальный район,Дальневосточный,Еврейская автономная обл.,23573,23265,-0.013065795613625752,False,муниципальный район
Одесский муниципальный район,Сибирский,Омская обл.,16029,15856,-0.010792937800237046,False,муниципальный район
Одоевский муниципальный район,Центральный,Тульская обл.,11780,11804,0.0020373514431240025,False,муниципальный район
Озинский муниципальный район,Приволжский,Саратовская обл.,14637,14262,-0.02562000409920062,False,муниципальный район
Оймяконский муниципальный район,Дальневосточный,респ. Саха (Якутия),7600,7566,-0.004473684210526296,False,муниципальный район
Оконешниковский муниципальный район,Сибирский,Омская обл.,11914,11776,-0.01158301158301156,False,муниципальный район
Октябрьский муниципальный округ,Дальневосточный,Приморский край,22935,22743,-0.008371484630477433,False,муниципальный округ
Окуловский муниципальный район,Северо-Западный,Новгородская обл.,18528,18071,-0.024665371329879116,False,муниципальный район
Олекминский муниципальный район,Дальневосточный,респ. Саха (Якутия),20691,20525,-0.008022811850563083,False,муниципальный район
Оловяннинский муниципальный район,Дальневосточный,Забайкальский край,30332,29773,-0.018429381511275267,False,муниципальный район
Олонецкий муниципальный район,Северо-Западный,Республика Карелия,18662,18460,-0.010824134605079805,False,муниципальный район
Ольгинский муниципальный округ,Дальневосточный,Приморский край,7511,7209,-0.040207695380109154,False,муниципальный округ
Ольховский муниципальный район,Южный,Волгоградская обл.,15994,15780,-0.013380017506564923,False,муниципальный район
Ольхонский муниципальный район,Сибирский,Иркутская обл.,10459,10483,0.002294674443063416,False,муниципальный район
Олюторский муниципальный район,Дальневосточный,Камчатский край,3569,3523,-0.012888764359764604,False,муниципальный район
Омский муниципальный район,Сибирский,Омская обл.,100896,100576,-0.0031715826197272756,False,муниципальный район
Омутинский муниципальный район,Уральский,Тюменская обл.,18444,18399,-0.0024398178269355864,False,муниципальный район
Омутнинский муниципальный район,Приволжский,Кировская обл.,33878,33193,-0.020219611547316885,False,муниципальный район
Онгудайский муниципальный район,Сибирский,респ. Алтай,14049,14025,-0.0017083066410420455,False,муниципальный район
Онежский муниципальный район,Северо-Западный,Архангельская обл.,24068,23456,-0.025427954129965125,False,муниципальный район
Орджоникидзевский муниципальный район,Сибирский,респ. Хакасия,9758,9604,-0.015781922525107572,False,муниципальный район
Ордынский муниципальный район,Сибирский,Новосибирская обл.,33811,33623,-0.005560320605719982,False,муниципальный район
Оричевский муниципальный район,Приволжский,Кировская обл.,24751,24539,-0.008565310492505307,False,муниципальный район
Оршанский муниципальный район,Приволжский,респ. Марий Эл,12379,12182,-0.01591404798448981,False,муниципальный район
Осинский муниципальный район,Сибирский,Иркутская обл.,20829,20704,-0.006001248259637992,False,муниципальный район
Островский муниципальный округ,Центральный,Костромская обл.,8974,8787,-0.020837976376197886,False,муниципальный округ
Охотский муниципальный округ,Дальневосточный,Хабаровский край,6508,6326,-0.027965580823601677,False,муниципальный округ
Павинский муниципальный округ,Центральный,Костромская обл.,3003,2935,-0.022644022644022654,False,муниципальный округ
Павловский муниципальный округ,Приволжский,Нижегородская обл.,92555,91822,-0.007919615363837673,False,муниципальный округ
Павлоградский муниципальный район,Сибирский,Омская обл.,17572,17473,-0.005633963123150454,False,муниципальный район
Палехский муниципальный район,Центральный,Ивановская обл.,8663,8518,-0.016737850629112372,False,муниципальный район
Палласовский муниципальный район,Южный,Волгоградская обл.,38309,37911,-0.010389203581403827,False,муниципальный район
Панкрушихинский муниципальный район,Сибирский,Алтайский край,9268,9099,-0.018234786361674526,False,муниципальный район
Парабельский муниципальный район,Сибирский,Томская обл.,11443,11379,-0.005592938914620316,False,муниципальный район
Параньгинский муниципальный район,Приволжский,респ. Марий Эл,13181,13008,-0.013124952583263738,False,муниципальный район
Парфеньевский муниципальный округ,Центральный,Костромская обл.,4385,4283,-0.02326111744583803,False,муниципальный округ
Парфинский муниципальный район,Северо-Западный,Новгородская обл.,11684,11516,-0.014378637452927112,False,муниципальный район
Пачелмский муниципальный район,Приволжский,Пензенская обл.,13098,12972,-0.009619789280806201,False,муниципальный район
Первомайский муниципальный округ,Центральный,Тамбовская обл.,23980,23709,-0.011301084236864045,False,муниципальный округ
Переволоцкий муниципальный район,Приволжский,Оренбургская обл.,20555,20288,-0.012989540257844823,False,муниципальный район
Перелюбский муниципальный район,Приволжский,Саратовская обл.,11193,10960,-0.02081658179219159,False,муниципальный район
Перемышльский муниципальный район,Центральный,Калужская обл.,14373,14402,0.0020176720239337698,False,муниципальный район
Пестравский муниципальный район,Приволжский,Самарская обл.,14590,14513,-0.0052775873886223845,False,муниципальный район
Пестречинский муниципальный район,Приволжский,респ. Татарстан,64944,66372,0.021988174427198803,False,муниципальный район
Пестяковский муниципальный район,Центральный,Ивановская обл.,4854,4744,-0.022661722290894137,False,муниципальный район
Петровск-Забайкальский муниципальный район,Дальневосточный,Забайкальский край,14792,14576,-0.01460248783126017,False,муниципальный район
Петровский муниципальный округ,Центральный,Тамбовская обл.,13775,13536,-0.017350272232304897,False,муниципальный округ
Петровский муниципальный район,Приволжский,Саратовская обл.,36538,36094,-0.012151732442936103,False,муниципальный район
Петуховский муниципальный округ,Уральский,Курганская обл.,13881,13666,-0.015488797637057794,False,муниципальный округ
Петушинский муниципальный район,Центральный,Владимирская обл.,58851,58074,-0.013202834276392905,False,муниципальный район
Печенгский муниципальный округ,Северо-Западный,Мурманская обл.,30591,29632,-0.03134908960151683,False,муниципальный округ
Пий-Хемский муниципальный район,Сибирский,респ. Тыва,10501,10364,-0.01304637653556806,False,муниципальный район
Пильнинский муниципальный округ,Приволжский,Нижегородская обл.,18304,18104,-0.010926573426573438,False,муниципальный округ
Пировский муниципальный округ,Сибирский,Красноярский край,5857,5747,-0.01878094587672874,False,муниципальный округ
Пителинский муниципальный район,Центральный,Рязанская обл.,4629,4600,-0.0062648520198747,False,муниципальный район
Питерский муниципальный район,Приволжский,Саратовская обл.,14646,14503,-0.009763758022668267,False,муниципальный район
Питкярантский муниципальный округ,Северо-Западный,Республика Карелия,14735,14495,-0.016287750254496136,False,муниципальный округ
Пичаевский муниципальный округ,Центральный,Тамбовская обл.,10795,10656,-0.012876331635016225,False,муниципальный округ
Плавский муниципальный район,Центральный,Тульская обл.,29516,29592,0.0025748746442606496,False,муниципальный район
Пластовский муниципальный район,Уральский,Челябинская обл.,24387,24231,-0.006396850781153929,False,муниципальный район
Плесецкий муниципальный округ,Северо-Западный,Архангельская обл.,33589,33077,-0.015243085533954592,False,муниципальный округ
Плюсский муниципальный район,Северо-Западный,Псковская обл.,6386,6131,-0.03993109927967431,False,муниципальный район
Пограничный муниципальный округ,Дальневосточный,Приморский край,18359,18096,-0.014325398986872906,False,муниципальный округ
Поддорский муниципальный район,Северо-Западный,Новгородская обл.,3266,3220,-0.014084507042253502,False,муниципальный район
Подосиновский муниципальный район,Приволжский,Кировская обл.,11490,11195,-0.025674499564839026,False,муниципальный район
Подпорожский муниципальный район,Северо-Западный,Ленинградская обл.,25508,25067,-0.01728869374313946,False,муниципальный район
Пожарский муниципальный округ,Дальневосточный,Приморский край,24402,24093,-0.012662896483894737,False,муниципальный округ
Покровский муниципальный район,Центральный,Орловская обл.,11950,11873,-0.006443514644351445,False,муниципальный район
Половинский муниципальный округ,Уральский,Курганская обл.,7907,7740,-0.021120526116099714,False,муниципальный округ
Полтавский муниципальный район,Сибирский,Омская обл.,18394,18147,-0.013428291834293837,False,муниципальный район
Поназыревский муниципальный округ,Центральный,Костромская обл.,4760,4593,-0.035084033613445365,False,муниципальный округ
Порецкий муниципальный округ,Приволжский,Чувашская респ.,10452,10342,-0.010524301569077688,False,муниципальный округ
Порховский муниципальный район,Северо-Западный,Псковская обл.,15065,14635,-0.028542980418187813,False,муниципальный район
Поспелихинский муниципальный район,Сибирский,Алтайский край,19641,19439,-0.010284608726643274,False,муниципальный район
Похвистневский муниципальный район,Приволжский,Самарская обл.,25962,25635,-0.012595331638548646,False,муниципальный район
Починковский муниципальный округ,Приволжский,Нижегородская обл.,25730,25420,-0.012048192771084376,False,муниципальный округ
Починковский муниципальный район,Центральный,Смоленская обл.,24591,24335,-0.01041031271603432,False,муниципальный район
Пошехонский муниципальный район,Центральный,Ярославская обл.,10386,10190,-0.018871557866358524,False,муниципальный район
Правобережный муниципальный район,Северо-Кавказский,Республика Северная Осетия — Алания,55510,55684,0.0031345703476850506,False,муниципальный район
Предгорный муниципальный округ,Северо-Кавказский,Ставропольский край,110643,109591,-0.009508057446020124,False,муниципальный округ
Приаргунский муниципальный округ,Дальневосточный,Забайкальский край,15487,15082,-0.026150965325757114,False,муниципальный округ
Приморский муниципальный округ,Северо-Западный,Архангельская обл.,28793,28908,0.003994026325843114,False,муниципальный округ
Приозерский муниципальный район,Северо-Западный,Ленинградская обл.,57047,56730,-0.005556821568180603,False,муниципальный район
Прионежский муниципальный район,Северо-Западный,Республика Карелия,21994,21969,-0.0011366736382649734,False,муниципальный район
Притобольный муниципальный округ,Уральский,Курганская обл.,9866,9619,-0.025035475369957427,False,муниципальный округ
Прокопьевский муниципальный округ,Сибирский,Кемеровская обл.,43450,43200,-0.005753739930955071,False,муниципальный округ
Промышленновский муниципальный округ,Сибирский,Кемеровская обл.,45666,45477,-0.004138746551044514,False,муниципальный округ
Пронский муниципальный район,Центральный,Рязанская обл.,30144,29852,-0.009686836518046693,False,муниципальный район
Пряжинский муниципальный район,Северо-Западный,Республика Карелия,12259,12023,-0.019251162411289657,False,муниципальный район
Псковский муниципальный район,Северо-Западный,Псковская обл.,43640,44749,0.025412465627864256,False,муниципальный район
Пугачевский муниципальный район,Приволжский,Саратовская обл.,54901,54377,-0.00954445274220872,False,муниципальный район
Пудожский муниципальный район,Северо-Западный,Республика Карелия,14351,13907,-0.030938610549787526,False,муниципальный район
Пустошкинский муниципальный район,Северо-Западный,Псковская обл.,7404,7174,-0.03106428957320362,False,муниципальный район
Путятинский муниципальный округ,Центральный,Рязанская обл.,6884,6799,-0.012347472399767523,False,муниципальный округ
Пучежский муниципальный район,Центральный,Ивановская обл.,10712,10538,-0.016243465272591462,False,муниципальный район
Пушкиногорский муниципальный район,Северо-Западный,Псковская обл.,7278,7103,-0.024045067326188496,False,муниципальный район
Пыщугский муниципальный округ,Центральный,Костромская обл.,3350,3269,-0.024179104477611957,False,муниципальный округ
Радищевский муниципальный район,Приволжский,Ульяновская обл.,11360,11246,-0.010035211267605648,False,муниципальный район
Ребрихинский муниципальный район,Сибирский,Алтайский край,18967,18726,-0.012706279327252545,False,муниципальный район
Ржаксинский муниципальный округ,Центральный,Тамбовская обл.,14175,14028,-0.010370370370370363,False,муниципальный округ
Ровенский муниципальный район,Приволжский,Саратовская обл.,16490,16346,-0.008732565191024833,False,муниципальный район
Родинский муниципальный район,Сибирский,Алтайский край,14551,14369,-0.012507731427393254,False,муниципальный район
Родниковский муниципальный район,Центральный,Ивановская обл.,30074,29807,-0.008878100684977075,False,муниципальный район
Ромненский муниципальный округ,Дальневосточный,Амурская обл.,7325,7209,-0.01583617747440269,False,муниципальный округ
Ромодановский муниципальный район,Приволжский,респ. Мордовия,19042,18857,-0.009715366032979733,False,муниципальный район
Рославльский муниципальный район,Центральный,Смоленская обл.,60842,59934,-0.014923901252424265,False,муниципальный район
Ростовский муниципальный район,Центральный,Ярославская обл.,58436,57986,-0.007700732425217294,False,муниципальный район
Ртищевский муниципальный район,Приволжский,Саратовская обл.,50716,50179,-0.010588374477482398,False,муниципальный район
Рузаевский муниципальный район,Приволжский,респ. Мордовия,59259,58820,-0.007408157410688676,False,муниципальный район
Русско-Полянский муниципальный район,Сибирский,Омская обл.,15831,15619,-0.013391447160634229,False,муниципальный район
Рыбно-Слободский муниципальный район,Приволжский,респ. Татарстан,24078,23892,-0.007724894094193857,False,муниципальный район
Рыбновский муниципальный район,Центральный,Рязанская обл.,38973,38941,-0.0008210812613861362,False,муниципальный район
Ряжский муниципальный округ,Центральный,Рязанская обл.,27032,26812,-0.00813850251553716,False,муниципальный округ
Рязанский муниципальный район,Центральный,Рязанская обл.,62396,63439,0.01671581511635356,False,муниципальный район
Сабинский муниципальный район,Приволжский,респ. Татарстан,30407,30381,-0.0008550662676357623,False,муниципальный район
Савинский муниципальный район,Центральный,Ивановская обл.,9969,9719,-0.025077740997091036,False,муниципальный район
Сакмарский муниципальный район,Приволжский,Оренбургская обл.,29265,29252,-0.0004442166410387749,False,муниципальный район
Салаватский муниципальный район,Приволжский,респ. Башкортостан,23700,23304,-0.016708860759493627,False,муниципальный район
Самойловский муниципальный район,Приволжский,Саратовская обл.,16177,15904,-0.01687581133708349,False,муниципальный район
Сампурский муниципальный округ,Центральный,Тамбовская обл.,11783,11610,-0.014682169226852282,False,муниципальный округ
Сапожковский муниципальный район,Центральный,Рязанская обл.,9059,8943,-0.01280494535820731,False,муниципальный район
Сараевский муниципальный район,Центральный,Рязанская обл.,14601,14373,-0.015615368810355412,False,муниципальный район
Саракташский муниципальный район,Приволжский,Оренбургская обл.,40080,39786,-0.00733532934131742,False,муниципальный район
Саргатский муниципальный район,Сибирский,Омская обл.,16047,15815,-0.014457531002679658,False,муниципальный район
Сармановский муниципальный район,Приволжский,респ. Татарстан,34003,33666,-0.009910890215569235,False,муниципальный район
Сарпинский муниципальный район,Южный,Республика Калмыкия,11043,11466,0.03830480847595763,False,муниципальный район
Саткинский муниципальный район,Уральский,Челябинская обл.,74658,74031,-0.008398296230812452,False,муниципальный район
Сафакулевский муниципальный округ,Уральский,Курганская обл.,10481,10385,-0.009159431351970282,False,муниципальный округ
Сафоновский муниципальный район,Центральный,Смоленская обл.,50411,49887,-0.010394556743567818,False,муниципальный район
Саянский муниципальный район,Сибирский,Красноярский край,9177,9056,-0.013185136754930826,False,муниципальный район
Свердловский муниципальный район,Центральный,Орловская обл.,13382,13337,-0.00336272604991783,False,муниципальный район
Светлинский муниципальный район,Приволжский,Оренбургская обл.,9948,9689,-0.02603538399678329,False,муниципальный район
Светлоярский муниципальный район,Южный,Волгоградская обл.,33712,33189,-0.015513763644992906,False,муниципальный район
Свободненский муниципальный район,Дальневосточный,Амурская обл.,11506,11318,-0.016339301234138737,False,муниципальный район
Себежский муниципальный район,Северо-Западный,Псковская обл.,18606,18348,-0.01386649467913581,False,муниципальный район
Северо-Енисейский муниципальный район,Сибирский,Красноярский край,8492,8308,-0.021667451719265207,False,муниципальный район
Сегежский муниципальный округ,Северо-Западный,Республика Карелия,31609,31219,-0.012338258091050047,False,муниципальный округ
Седельниковский муниципальный район,Сибирский,Омская обл.,8285,8137,-0.017863608931804498,False,муниципальный район
Селемджинский муниципальный район,Дальневосточный,Амурская обл.,7262,7107,-0.021343982374001702,False,муниципальный район
Селивановский муниципальный район,Центральный,Владимирская обл.,16791,16758,-0.0019653385742361973,False,муниципальный район
Сенгилеевский муниципальный район,Приволжский,Ульяновская обл.,19311,19008,-0.015690539070995824,False,муниципальный район
Серафимовичский муниципальный район,Южный,Волгоградская обл.,22132,21811,-0.014503885776251613,False,муниципальный район
Сергачский муниципальный округ,Приволжский,Нижегородская обл.,27151,26797,-0.013038193805016363,False,муниципальный округ
Сергиевский муниципальный район,Приволжский,Самарская обл.,44027,43600,-0.009698594044563524,False,муниципальный район
Сердобский муниципальный район,Приволжский,Пензенская обл.,44853,44283,-0.012708180054845863,False,муниципальный район
Сернурский муниципальный район,Приволжский,респ. Марий Эл,21572,21264,-0.014277767476358227,False,муниципальный район
Серышевский муниципальный округ,Дальневосточный,Амурская обл.,21122,20859,-0.012451472398447128,False,муниципальный округ
Сеченовский муниципальный округ,Приволжский,Нижегородская обл.,13644,13501,-0.010480797420111432,False,муниципальный округ
Сковородинский муниципальный округ,Дальневосточный,Амурская обл.,20152,19790,-0.01796347757046446,False,муниципальный округ
Сладковский муниципальный район,Уральский,Тюменская обл.,10860,10763,-0.00893186003683244,False,муниципальный район
Сланцевский муниципальный район,Северо-Западный,Ленинградская обл.,45192,44406,-0.017392458842272918,False,муниципальный район
Слободо-Туринский муниципальный район,Уральский,Свердловская обл.,11755,11664,-0.007741386643981274,False,муниципальный район
Слободской муниципальный район,Приволжский,Кировская обл.,31977,32057,0.0025017981674329004,False,муниципальный район
Слюдянский муниципальный район,Сибирский,Иркутская обл.,38631,38424,-0.005358390929564361,False,муниципальный район
Смидовичский муниципальный район,Дальневосточный,Еврейская автономная обл.,22154,21982,-0.007763834973368189,False,муниципальный район
Собинский муниципальный район,Центральный,Владимирская обл.,49313,48500,-0.016486524851459072,False,муниципальный район
Соболевский муниципальный район,Дальневосточный,Камчатский край,1988,1979,-0.00452716297786715,True,муниципальный район
Советско-Гаванский муниципальный район,Дальневосточный,Хабаровский край,36866,36352,-0.013942385938262913,False,муниципальный район
Сокольский муниципальный округ,Северо-Западный,Вологодская обл.,45129,44621,-0.011256619911808374,False,муниципальный округ
Солигаличский муниципальный округ,Центральный,Костромская обл.,7721,7528,-0.024996762077451162,False,муниципальный округ
Солнечный муниципальный район,Дальневосточный,Хабаровский край,27089,26843,-0.009081176861456708,False,муниципальный район
Солонешенский муниципальный район,Сибирский,Алтайский край,7292,7152,-0.019199122325836537,False,муниципальный район
Солтонский муниципальный район,Сибирский,Алтайский край,6150,6045,-0.017073170731707332,False,муниципальный район
Сорокинский муниципальный район,Уральский,Тюменская обл.,9391,9230,-0.01714407411351293,False,муниципальный район
Сортавальский муниципальный район,Северо-Западный,Республика Карелия,23825,23603,-0.009317943336831114,False,муниципальный район
Сосновоборский муниципальный район,Приволжский,Пензенская обл.,13770,13512,-0.018736383442265803,False,муниципальный район
Сосновский муниципальный район,Уральский,Челябинская обл.,88372,93044,0.05286742407097278,False,муниципальный район
Спас-Деменский муниципальный район,Центральный,Калужская обл.,7326,7334,0.001092001092001027,False,муниципальный район
Спасский муниципальный округ,Приволжский,Нижегородская обл.,9479,9400,-0.00833421246966981,False,муниципальный округ
Среднеахтубинский муниципальный район,Южный,Волгоградская обл.,61206,61526,0.005228245596836878,False,муниципальный район
Среднеколымский муниципальный район,Дальневосточный,респ. Саха (Якутия),6741,6714,-0.004005340453938633,False,муниципальный район
Сретенский муниципальный район,Дальневосточный,Забайкальский край,18184,17869,-0.01732292124945012,False,муниципальный район
Ставропольский муниципальный район,Приволжский,Самарская обл.,84781,88162,0.03987921822106366,False,муниципальный район
Становлянский муниципальный район,Центральный,Липецкая обл.,16432,16521,0.005416260954235641,False,муниципальный район
Старожиловский муниципальный район,Центральный,Рязанская обл.,15692,15533,-0.010132551618659225,False,муниципальный район
Старокулаткинский муниципальный район,Приволжский,Ульяновская обл.,9804,9545,-0.026417788657690733,False,муниципальный район
Старомайнский муниципальный район,Приволжский,Ульяновская обл.,14818,14556,-0.017681198542313425,False,муниципальный район
Старополтавский муниципальный район,Южный,Волгоградская обл.,16794,16630,-0.009765392402048323,False,муниципальный район
Старорусский муниципальный район,Северо-Западный,Новгородская обл.,37988,37508,-0.012635569127092738,False,муниципальный район
Старошайговский муниципальный район,Приволжский,респ. Мордовия,11515,11300,-0.018671298306556672,False,муниципальный район
Староюрьевский муниципальный округ,Центральный,Тамбовская обл.,11234,11015,-0.019494392024212215,False,муниципальный округ
Степновский муниципальный округ,Северо-Кавказский,Ставропольский край,20544,20369,-0.008518302180685389,False,муниципальный округ
Стерлибашевский муниципальный район,Приволжский,респ. Башкортостан,16744,16360,-0.022933588150979456,False,муниципальный район
Стерлитамакский муниципальный район,Приволжский,респ. Башкортостан,47644,47531,-0.0023717571992275532,False,муниципальный район
Суворовский муниципальный район,Центральный,Тульская обл.,35043,34424,-0.017664012784293637,False,муниципальный район
Судиславский муниципальный район,Центральный,Костромская обл.,10893,10748,-0.013311300835398887,False,муниципальный район
Судогодский муниципальный район,Центральный,Владимирская обл.,34595,34005,-0.017054487642722882,False,муниципальный район
Суздальский муниципальный район,Центральный,Владимирская обл.,46468,46532,0.001377291899802069,False,муниципальный район
Сузунский муниципальный район,Сибирский,Новосибирская обл.,31331,31042,-0.009224091155724312,False,муниципальный район
Сунский муниципальный район,Приволжский,Кировская обл.,5002,4826,-0.035185925629748094,False,муниципальный район
Сунтарский муниципальный район,Дальневосточный,респ. Саха (Якутия),22352,22228,-0.005547602004294938,False,муниципальный район
Суоярвский муниципальный округ,Северо-Западный,Республика Карелия,12418,12070,-0.02802383636656469,False,муниципальный округ
Сургутский муниципальный район,Уральский,Тюменская обл.,127611,129992,0.018658266136931667,False,муниципальный район
Суровикинский муниципальный район,Южный,Волгоградская обл.,32730,33010,0.008554842652001238,False,муниципальный район
Сурский муниципальный район,Приволжский,Ульяновская обл.,14721,14437,-0.01929216765165409,False,муниципальный район
Сусанинский муниципальный район,Центральный,Костромская обл.,5670,5566,-0.01834215167548503,False,муниципальный район
Сухиничский муниципальный район,Центральный,Калужская обл.,22423,22227,-0.008741024840565492,False,муниципальный район
Сухобузимский муниципальный район,Сибирский,Красноярский край,19135,18911,-0.011706297360857043,False,муниципальный район
Сызранский муниципальный район,Приволжский,Самарская обл.,23643,23295,-0.014718944296409076,False,муниципальный район
Сычевский муниципальный район,Центральный,Смоленская обл.,12064,11980,-0.00696286472148544,False,муниципальный район
Сямженский муниципальный округ,Северо-Западный,Вологодская обл.,8049,8005,-0.005466517579823527,False,муниципальный округ
Таборинский муниципальный район,Уральский,Свердловская обл.,2756,2677,-0.028664731494920215,True,муниципальный район
Табунский муниципальный район,Сибирский,Алтайский край,7082,7060,-0.003106467099689314,False,муниципальный район
Таврический муниципальный район,Сибирский,Омская обл.,33534,33312,-0.00662014671676503,False,муниципальный район
Таймырский Долгано-Ненецкий муниципальный район,Сибирский,Красноярский край,29889,29609,-0.009367994914517008,False,муниципальный район
Тайшетский муниципальный район,Сибирский,Иркутская обл.,70728,69773,-0.013502431851600494,False,муниципальный район
Тальменский муниципальный район,Сибирский,Алтайский край,42586,42346,-0.005635654910064347,False,муниципальный район
Тамалинский муниципальный район,Приволжский,Пензенская обл.,12852,12659,-0.015017117958294413,False,муниципальный район
Тандинский муниципальный район,Сибирский,респ. Тыва,15234,15098,-0.008927399238545353,False,муниципальный район
Тарногский муниципальный округ,Северо-Западный,Вологодская обл.,10460,10381,-0.007552581261950242,False,муниципальный округ
Тарский муниципальный район,Сибирский,Омская обл.,40239,39838,-0.009965456398021821,False,муниципальный район
Тарусский муниципальный район,Центральный,Калужская обл.,16395,16375,-0.0012198841110094838,False,муниципальный район
Тасеевский муниципальный район,Сибирский,Красноярский край,10129,9952,-0.01747457794451579,False,муниципальный район
Татарский муниципальный район,Сибирский,Новосибирская обл.,36987,36645,-0.009246492010706486,False,муниципальный район
Татищевский муниципальный район,Приволжский,Саратовская обл.,27921,27609,-0.01117438487160205,False,муниципальный район
Таттинский муниципальный район,Дальневосточный,респ. Саха (Якутия),16858,16750,-0.006406453909123311,False,муниципальный район
Татышлинский муниципальный район,Приволжский,респ. Башкортостан,21097,20679,-0.019813243589135943,False,муниципальный район
Тахтамукайский муниципальный район,Южный,Республика Адыгея,127291,131043,0.029475768121862478,False,муниципальный район
Ташлинский муниципальный район,Приволжский,Оренбургская обл.,20103,19856,-0.012286723374620667,False,муниципальный район
Таштагольский муниципальный район,Сибирский,Кемеровская обл.,49596,48876,-0.014517299782240478,False,муниципальный район
Таштыпский муниципальный район,Сибирский,респ. Хакасия,15416,15165,-0.016281785158277162,False,муниципальный район
Тевризский муниципальный район,Сибирский,Омская обл.,12174,11958,-0.017742730409068486,False,муниципальный район
Тегульдетский муниципальный район,Сибирский,Томская обл.,6436,6463,0.004195152268489766,False,муниципальный район
Тейковский муниципальный район,Центральный,Ивановская обл.,10198,9988,-0.020592272994704897,False,муниципальный район
Темкинский муниципальный район,Центральный,Смоленская обл.,4250,4146,-0.024470588235294133,False,муниципальный район
Темниковский муниципальный район,Приволжский,респ. Мордовия,12876,12696,-0.01397949673811738,False,муниципальный район
Теньгушевский муниципальный район,Приволжский,респ. Мордовия,9175,8971,-0.022234332425068115,False,муниципальный район
Тепло-Огаревский муниципальный район,Центральный,Тульская обл.,11154,11101,-0.004751658597812458,False,муниципальный район
Тербунский муниципальный район,Центральный,Липецкая обл.,20572,20466,-0.00515263464903748,False,муниципальный район
Тереньгульский муниципальный район,Приволжский,Ульяновская обл.,15597,15507,-0.0057703404500865085,False,муниципальный район
Тернейский муниципальный округ,Дальневосточный,Приморский край,9876,9728,-0.014985824220332122,False,муниципальный округ
Тетюшский муниципальный район,Приволжский,респ. Татарстан,20066,19798,-0.01335592544602815,False,муниципальный район
Теучежский муниципальный район,Южный,Республика Адыгея,22196,22260,0.002883402414849412,False,муниципальный район
Тигильский муниципальный район,Дальневосточный,Камчатский край,3668,3662,-0.0016357688113413094,False,муниципальный район
Тисульский муниципальный округ,Сибирский,Кемеровская обл.,18309,17957,-0.019225517505052192,False,муниципальный округ
Тихвинский муниципальный район,Северо-Западный,Ленинградская обл.,66266,65782,-0.00730389641746898,False,муниципальный район
Тогульский муниципальный район,Сибирский,Алтайский край,6346,6187,-0.0250551528521904,False,муниципальный район
Тогучинский муниципальный район,Сибирский,Новосибирская обл.,53998,53463,-0.0099077743620134,False,муниципальный район
Тоджинский муниципальный район,Сибирский,респ. Тыва,6681,6694,0.001945816494536734,False,муниципальный район
Токарёвский муниципальный округ,Центральный,Тамбовская обл.,15179,15011,-0.011067922788062456,False,муниципальный округ
Томпонский муниципальный район,Дальневосточный,респ. Саха (Якутия),11064,10897,-0.015093998553868393,False,муниципальный район
Томский муниципальный район,Сибирский,Томская обл.,88838,89298,0.005177964384610156,False,муниципальный район
Тонкинский муниципальный округ,Приволжский,Нижегородская обл.,7107,7029,-0.010975094976783506,False,муниципальный округ
Тоншаевский муниципальный округ,Приволжский,Нижегородская обл.,14521,14347,-0.01198264582329045,False,муниципальный округ
Топкинский муниципальный округ,Сибирский,Кемеровская обл.,40738,40525,-0.005228533555893811,False,муниципальный округ
Топчихинский муниципальный район,Сибирский,Алтайский край,18383,18142,-0.013109938530163734,False,муниципальный район
Торбеевский муниципальный район,Приволжский,респ. Мордовия,18328,18231,-0.005292448712352682,False,муниципальный район
Тосненский муниципальный район,Северо-Западный,Ленинградская обл.,133109,130546,-0.019254896363130936,False,муниципальный район
Тотемский муниципальный округ,Северо-Западный,Вологодская обл.,22064,21923,-0.006390500362581597,False,муниципальный округ
Тоцкий муниципальный район,Приволжский,Оренбургская обл.,31220,30816,-0.012940422805893692,False,муниципальный район
Третьяковский муниципальный район,Сибирский,Алтайский край,10228,10094,-0.013101290574892399,False,муниципальный район
Троснянский муниципальный район,Центральный,Орловская обл.,7739,7678,-0.00788215531722447,False,муниципальный район
Труновский муниципальный округ,Северо-Кавказский,Ставропольский край,32451,32211,-0.007395765924008479,False,муниципальный округ
Тужинский муниципальный район,Приволжский,Кировская обл.,5621,5475,-0.025974025974025983,False,муниципальный район
Туймазинский муниципальный район,Приволжский,респ. Башкортостан,131554,130733,-0.006240783252504656,False,муниципальный район
Туркменский муниципальный округ,Северо-Кавказский,Ставропольский край,22217,22025,-0.008642030877256124,False,муниципальный округ
Турковский муниципальный район,Приволжский,Саратовская обл.,9644,9477,-0.01731646619659888,False,муниципальный район
Турочакский муниципальный район,Сибирский,респ. Алтай,10960,10794,-0.015145985401459838,False,муниципальный район
Туруханский муниципальный район,Сибирский,Красноярский край,12491,12684,0.015451124809862993,False,муниципальный район
Тутаевский муниципальный район,Центральный,Ярославская обл.,52624,52373,-0.0047696868349041965,False,муниципальный район
Тындинский муниципальный округ,Дальневосточный,Амурская обл.,13606,13370,-0.017345288843157447,False,муниципальный округ
Тюкалинский муниципальный район,Сибирский,Омская обл.,19472,19114,-0.018385373870172583,False,муниципальный район
Тюльганский муниципальный район,Приволжский,Оренбургская обл.,17316,17089,-0.01310926310926308,False,муниципальный район
Тюлячинский муниципальный район,Приволжский,респ. Татарстан,13562,13489,-0.005382686919333413,False,муниципальный район
Тюменский муниципальный район,Уральский,Тюменская обл.,140102,143580,0.024824770524332296,False,муниципальный район
Тюменцевский муниципальный район,Сибирский,Алтайский край,11012,10801,-0.019160915365056264,False,муниципальный район
Тюхтетский муниципальный округ,Сибирский,Красноярский край,7685,7536,-0.019388418998048107,False,муниципальный округ
Тяжинский муниципальный округ,Сибирский,Кемеровская обл.,18850,18381,-0.024880636604774575,False,муниципальный округ
Убинский муниципальный район,Сибирский,Новосибирская обл.,11475,11277,-0.017254901960784275,False,муниципальный район
Уватский муниципальный район,Уральский,Тюменская обл.,18622,18683,0.0032756954140265027,False,муниципальный район
Увельский муниципальный район,Уральский,Челябинская обл.,31033,30982,-0.0016434118518996454,False,муниципальный район
Угличский муниципальный район,Центральный,Ярославская обл.,46689,46215,-0.010152284263959421,False,муниципальный район
Угловский муниципальный район,Сибирский,Алтайский край,8920,8700,-0.024663677130044803,False,муниципальный район
Угранский муниципальный район,Центральный,Смоленская обл.,6699,6524,-0.02612330198537094,False,муниципальный район
Ужурский муниципальный район,Сибирский,Красноярский край,27593,27453,-0.005073750588917458,False,муниципальный район
Узловский муниципальный район,Центральный,Тульская обл.,75528,75414,-0.0015093740069908046,False,муниципальный район
Уйский муниципальный район,Уральский,Челябинская обл.,21213,20981,-0.010936689765709717,False,муниципальный район
Улаганский муниципальный район,Сибирский,респ. Алтай,11798,11926,0.010849296490930582,False,муниципальный район
Улуг-Хемский муниципальный район,Сибирский,респ. Тыва,20131,19940,-0.009487854552679975,False,муниципальный район
Ульчский муниципальный район,Дальневосточный,Хабаровский край,14304,13977,-0.02286073825503354,False,муниципальный район
Умётский муниципальный округ,Центральный,Тамбовская обл.,9537,9405,-0.01384083044982698,False,муниципальный округ
Упоровский муниципальный район,Уральский,Тюменская обл.,19348,19403,0.0028426710771138897,False,муниципальный район
Уренский муниципальный округ,Приволжский,Нижегородская обл.,28080,27897,-0.006517094017093994,False,муниципальный округ
Уржумский муниципальный район,Приволжский,Кировская обл.,19810,19396,-0.02089853609288239,False,муниципальный район
Урицкий муниципальный район,Центральный,Орловская обл.,17312,17284,-0.0016173752310536527,False,муниципальный район
Урмарский муниципальный округ,Приволжский,Чувашская респ.,20427,20067,-0.01762373329416944,False,муниципальный округ
Урупский муниципальный район,Северо-Кавказский,Карачаево-Черкесская Республика,24282,24072,-0.008648381517173176,False,муниципальный район
Усвятский муниципальный район,Северо-Западный,Псковская обл.,4747,4720,-0.0056878028228354305,False,муниципальный район
Усманский муниципальный район,Центральный,Липецкая обл.,49307,49178,-0.0026162613827651615,False,муниципальный район
Усольский муниципальный район,Сибирский,Иркутская обл.,48406,47850,-0.011486179399248009,False,муниципальный район
Усть-Абаканский муниципальный район,Сибирский,респ. Хакасия,47052,46354,-0.014834651024398515,False,муниципальный район
Усть-Алданский муниципальный район,Дальневосточный,респ. Саха (Якутия),22249,22012,-0.010652164142208598,False,муниципальный район
Усть-Большерецкий муниципальный район,Дальневосточный,Камчатский край,6185,6069,-0.018755052546483464,False,муниципальный район
Усть-Джегутинский муниципальный район,Северо-Кавказский,Карачаево-Черкесская Республика,50777,50870,0.0018315379010180877,False,муниципальный район
Усть-Илимский муниципальный район,Сибирский,Иркутская обл.,13031,12734,-0.022791804159312368,False,муниципальный район
Усть-Ишимский муниципальный район,Сибирский,Омская обл.,9400,9157,-0.02585106382978719,False,муниципальный район
Усть-Калманский муниципальный район,Сибирский,Алтайский край,10944,10802,-0.012975146198830445,False,муниципальный район
Усть-Камчатский муниципальный район,Дальневосточный,Камчатский край,8744,8450,-0.033623055809698044,False,муниципальный район
Усть-Канский муниципальный район,Сибирский,респ. Алтай,14297,14207,-0.006295026928726299,False,муниципальный район
Усть-Коксинский муниципальный район,Сибирский,респ. Алтай,15691,15634,-0.0036326556624817208,False,муниципальный район
Усть-Кубинский муниципальный округ,Северо-Западный,Вологодская обл.,7373,7282,-0.01234233012342334,False,муниципальный округ
Усть-Кутский муниципальный район,Сибирский,Иркутская обл.,42502,41633,-0.020446096654275103,False,муниципальный район
Усть-Майский муниципальный район,Дальневосточный,респ. Саха (Якутия),7159,7343,0.025701913675094223,False,муниципальный район
Усть-Пристанский муниципальный район,Сибирский,Алтайский край,9282,9078,-0.02197802197802201,False,муниципальный район
Усть-Таркский муниципальный район,Сибирский,Новосибирская обл.,10803,10681,-0.011293159307599776,False,муниципальный район
Усть-Удинский муниципальный район,Сибирский,Иркутская обл.,13343,13291,-0.003897174548452398,False,муниципальный район
Усть-Янский муниципальный район,Дальневосточный,респ. Саха (Якутия),6809,6725,-0.01233661330591862,False,муниципальный район
Устьянский муниципальный округ,Северо-Западный,Архангельская обл.,23609,23280,-0.01393536363251302,False,муниципальный округ
Устюженский муниципальный округ,Северо-Западный,Вологодская обл.,15333,15130,-0.013239418248222834,False,муниципальный округ
Уфимский муниципальный район,Приволжский,респ. Башкортостан,114453,117125,0.023345827544931197,False,муниципальный район
Ухоловский муниципальный район,Центральный,Рязанская обл.,8264,8122,-0.01718296224588578,False,муниципальный район
Учалинский муниципальный район,Приволжский,респ. Башкортостан,69195,68451,-0.010752221981357057,False,муниципальный район
Уярский муниципальный район,Сибирский,Красноярский край,18047,17912,-0.007480467667756452,False,муниципальный район
Ферзиковский муниципальный район,Центральный,Калужская обл.,17806,18112,0.01718521846568577,False,муниципальный район
Фурмановский муниципальный район,Центральный,Ивановская обл.,33904,33630,-0.008081642284096247,False,муниципальный район
Хабаровский муниципальный район,Дальневосточный,Хабаровский край,82008,82380,0.004536142815334987,False,муниципальный район
Хабарский муниципальный район,Сибирский,Алтайский край,12392,12199,-0.015574564234990262,False,муниципальный район
Хабезский муниципальный район,Северо-Кавказский,Карачаево-Черкесская Республика,30929,31020,0.0029422225096187304,False,муниципальный район
Хайбуллинский муниципальный район,Приволжский,респ. Башкортостан,29895,29249,-0.021608964709817657,False,муниципальный район
Хангаласский муниципальный район,Дальневосточный,респ. Саха (Якутия),34435,34331,-0.00302018295339046,False,муниципальный район
Ханкайский муниципальный округ,Дальневосточный,Приморский край,17419,17049,-0.0212411734313106,False,муниципальный округ
Ханты-Мансийский муниципальный район,Уральский,Тюменская обл.,18866,19022,0.008268843422029049,False,муниципальный район
Харабалинский муниципальный район,Южный,Астраханская обл.,39706,39434,-0.006850350073036804,False,муниципальный район
Харовский муниципальный округ,Северо-Западный,Вологодская обл.,12976,12814,-0.012484586929716435,False,муниципальный округ
Хасанский муниципальный округ,Дальневосточный,Приморский край,24798,24400,-0.016049681425921447,False,муниципальный округ
Хвалынский муниципальный район,Приволжский,Саратовская обл.,20954,20628,-0.015557888708599754,False,муниципальный район
Хвастовичский муниципальный район,Центральный,Калужская обл.,9675,9685,0.001033591731266048,False,муниципальный район
Хворостянский муниципальный район,Приволжский,Самарская обл.,15910,15789,-0.007605279698302936,False,муниципальный район
Хилокский муниципальный район,Дальневосточный,Забайкальский край,25060,24713,-0.01384676775738225,False,муниципальный район
Хиславичский муниципальный район,Центральный,Смоленская обл.,6535,6419,-0.017750573833205774,False,муниципальный район
Хлевенский муниципальный район,Центральный,Липецкая обл.,18518,18262,-0.013824387082838285,False,муниципальный район
Холм-Жирковский муниципальный район,Центральный,Смоленская обл.,7916,7716,-0.02526528549772611,False,муниципальный район
Холмогорский муниципальный округ,Северо-Западный,Архангельская обл.,18445,17957,-0.02645703442667391,False,муниципальный округ
Холмский муниципальный район,Северо-Западный,Новгородская обл.,4724,4643,-0.01714648602878921,False,муниципальный район
Хорольский муниципальный округ,Дальневосточный,Приморский край,24807,24478,-0.013262385616962913,False,муниципальный округ
Хотынецкий муниципальный район,Центральный,Орловская обл.,7911,7819,-0.011629376817090087,False,муниципальный район
Целинный муниципальный округ,Уральский,Курганская обл.,12006,11754,-0.020989505247376306,False,муниципальный округ
Цивильский муниципальный округ,Приволжский,Чувашская респ.,31328,31134,-0.006192543411644547,False,муниципальный округ
Чагодощенский муниципальный округ,Северо-Западный,Вологодская обл.,11110,10919,-0.017191719171917197,False,муниципальный округ
Чаинский муниципальный район,Сибирский,Томская обл.,11674,11633,-0.0035120781223231257,False,муниципальный район
Чамзинский муниципальный район,Приволжский,респ. Мордовия,28600,28433,-0.005839160839160806,False,муниципальный район
Чановский муниципальный район,Сибирский,Новосибирская обл.,20576,20323,-0.012295878693623585,False,муниципальный район
Чаплыгинский муниципальный район,Центральный,Липецкая обл.,30120,29850,-0.008964143426294813,False,муниципальный район
Частоозерский муниципальный округ,Уральский,Курганская обл.,4662,4540,-0.026169026169026166,False,муниципальный округ
Чебаркульский муниципальный район,Уральский,Челябинская обл.,28704,28564,-0.004877369007803778,False,муниципальный район
Чебоксарский муниципальный округ,Приволжский,Чувашская респ.,61599,61487,-0.0018182113345995843,False,муниципальный округ
Чебулинский муниципальный округ,Сибирский,Кемеровская обл.,13270,12997,-0.02057272042200453,False,муниципальный округ
Чеди-Хольский муниципальный район,Сибирский,респ. Тыва,7670,7592,-0.01016949152542368,False,муниципальный район
Чекмагушевский муниципальный район,Приволжский,респ. Башкортостан,27968,27671,-0.010619279176201424,False,муниципальный район
Челно-Вершинский муниципальный район,Приволжский,Самарская обл.,14672,14451,-0.015062704471101362,False,муниципальный район
Чемальский муниципальный район,Сибирский,респ. Алтай,10394,10557,0.01568212430248228,False,муниципальный район
Чердаклинский муниципальный район,Приволжский,Ульяновская обл.,39311,38945,-0.00931037114293709,False,муниципальный район
Черемховский муниципальный район,Сибирский,Иркутская обл.,28339,28180,-0.0056106425773668755,False,муниципальный район
Черемшанский муниципальный район,Приволжский,респ. Татарстан,17962,17877,-0.004732212448502415,False,муниципальный район
Черепановский муниципальный район,Сибирский,Новосибирская обл.,49264,49025,-0.004851412796362475,False,муниципальный район
Череповецкий муниципальный район,Северо-Западный,Вологодская обл.,39222,39202,-0.0005099179032175272,False,муниципальный район
Черлакский муниципальный район,Сибирский,Омская обл.,25357,24866,-0.019363489371771125,False,муниципальный район
Черноярский муниципальный район,Южный,Астраханская обл.,19408,19298,-0.00566776586974449,False,муниципальный район
Чернский муниципальный район,Центральный,Тульская обл.,18375,18218,-0.008544217687074807,False,муниципальный район
Чернышевский муниципальный район,Дальневосточный,Забайкальский край,29424,29154,-0.009176182707993474,False,муниципальный район
Чернышковский муниципальный район,Южный,Волгоградская обл.,13146,12986,-0.012171002586338076,False,муниципальный район
Чесменский муниципальный район,Уральский,Челябинская обл.,15412,15114,-0.019335582662860062,False,муниципальный район
Чистоозерный муниципальный район,Сибирский,Новосибирская обл.,13966,13809,-0.01124158671058284,False,муниципальный район
Чистопольский муниципальный район,Приволжский,респ. Татарстан,73850,73234,-0.008341232227488171,False,муниципальный район
Читинский муниципальный район,Дальневосточный,Забайкальский край,71269,71661,0.005500287642593582,False,муниципальный район
Чишминский муниципальный район,Приволжский,респ. Башкортостан,50859,50536,-0.006350891680921733,False,муниципальный район
Чойский муниципальный район,Сибирский,респ. Алтай,7471,7439,-0.0042832284834694034,False,муниципальный район
Чугуевский муниципальный округ,Дальневосточный,Приморский край,21421,21090,-0.015452126418000978,False,муниципальный округ
Чудовский муниципальный район,Северо-Западный,Новгородская обл.,18546,18345,-0.01083791653186672,False,муниципальный район
Чулымский муниципальный район,Сибирский,Новосибирская обл.,19204,18959,-0.012757758800249985,False,муниципальный район
Чунский муниципальный район,Сибирский,Иркутская обл.,27029,26448,-0.0214954308335491,False,муниципальный район
Чурапчинский муниципальный район,Дальневосточный,респ. Саха (Якутия),21955,21807,-0.0067410612616716215,False,муниципальный район
Чухломский муниципальный район,Центральный,Костромская обл.,7779,7653,-0.016197454685692225,False,муниципальный район
Чучковский муниципальный район,Центральный,Рязанская обл.,6742,6634,-0.016018985464253954,False,муниципальный район
Шабалинский муниципальный район,Приволжский,Кировская обл.,7388,7140,-0.03356794802382246,False,муниципальный район
Шаблыкинский муниципальный район,Центральный,Орловская обл.,5916,5835,-0.01369168356997974,False,муниципальный район
Шарангский муниципальный округ,Приволжский,Нижегородская обл.,11401,11304,-0.008508025611788428,False,муниципальный округ
Шаранский муниципальный район,Приволжский,респ. Башкортостан,19000,18637,-0.019105263157894736,False,муниципальный район
Шарлыкский муниципальный район,Приволжский,Оренбургская обл.,14948,14855,-0.006221568102756203,False,муниципальный район
Шарьинский муниципальный район,Центральный,Костромская обл.,7264,7134,-0.017896475770925124,False,муниципальный район
Шатковский муниципальный округ,Приволжский,Нижегородская обл.,22759,22629,-0.005712026011687632,False,муниципальный округ
Шатровский муниципальный округ,Уральский,Курганская обл.,13903,13663,-0.017262461339279334,False,муниципальный округ
Шацкий муниципальный район,Центральный,Рязанская обл.,20503,20266,-0.011559284007218507,False,муниципальный район
Шебалинский муниципальный район,Сибирский,респ. Алтай,11975,12114,0.011607515657620082,False,муниципальный район
Шегарский муниципальный район,Сибирский,Томская обл.,19895,19646,-0.012515707464186954,False,муниципальный район
Шекснинский муниципальный район,Северо-Западный,Вологодская обл.,29037,28758,-0.00960843062299821,False,муниципальный район
Шелаболихинский муниципальный район,Сибирский,Алтайский край,10349,10246,-0.009952652430186504,False,муниципальный район
Шелеховский муниципальный район,Сибирский,Иркутская обл.,64199,63683,-0.008037508372404578,False,муниципальный район
Шелопугинский муниципальный район,Дальневосточный,Забайкальский край,5711,5546,-0.028891612677289458,False,муниципальный район
Шемуршинский муниципальный округ,Приволжский,Чувашская респ.,11611,11365,-0.02118680561536479,False,муниципальный округ
Шенкурский муниципальный округ,Северо-Западный,Архангельская обл.,10681,10436,-0.022937927160378235,False,муниципальный округ
Шенталинский муниципальный район,Приволжский,Самарская обл.,12745,12565,-0.014123185562965879,False,муниципальный район
Шербакульский муниципальный район,Сибирский,Омская обл.,18975,18767,-0.010961791831357037,False,муниципальный район
Шигонский муниципальный район,Приволжский,Самарская обл.,19443,19272,-0.008794939052615303,False,муниципальный район
Шилкинский муниципальный район,Дальневосточный,Забайкальский край,35585,35034,-0.015484052269214565,False,муниципальный район
Шиловский муниципальный район,Центральный,Рязанская обл.,34695,34446,-0.007176826632079525,False,муниципальный район
Шимановский муниципальный округ,Дальневосточный,Амурская обл.,5092,5003,-0.017478397486252906,False,муниципальный округ
Шимский муниципальный район,Северо-Западный,Новгородская обл.,9125,9113,-0.0013150684931506618,False,муниципальный район
Шипуновский муниципальный район,Сибирский,Алтайский край,24524,24128,-0.016147447398466852,False,муниципальный район
Ширинский муниципальный район,Сибирский,респ. Хакасия,24494,24253,-0.009839144280231915,False,муниципальный район
Шовгеновский муниципальный район,Южный,Республика Адыгея,16262,16287,0.0015373262821301026,False,муниципальный район
Шпаковский муниципальный округ,Северо-Кавказский,Ставропольский край,166092,165229,-0.005195915516701621,False,муниципальный округ
Шуйский муниципальный район,Центральный,Ивановская обл.,19596,19184,-0.02102469891814651,False,муниципальный район
Шумячский муниципальный район,Центральный,Смоленская обл.,8196,7974,-0.02708638360175697,False,муниципальный район
Шушенский муниципальный район,Сибирский,Красноярский край,30328,30274,-0.001780532840939042,False,муниципальный район
Щекинский муниципальный район,Центральный,Тульская обл.,103032,101699,-0.012937728084478572,False,муниципальный район
Щучанский муниципальный округ,Уральский,Курганская обл.,16168,15866,-0.018678871845621003,False,муниципальный округ
Эвенкийский муниципальный район,Сибирский,Красноярский край,13311,13258,-0.003981669296070911,False,муниципальный район
Энгельсский муниципальный район,Приволжский,Саратовская обл.,306051,304713,-0.004371820382877312,False,муниципальный район
Эхирит-Булагатский муниципальный район,Сибирский,Иркутская обл.,29498,29626,0.004339277239134853,False,муниципальный район
Южский муниципальный район,Центральный,Ивановская обл.,19284,19100,-0.00954158888197465,False,муниципальный район
Юргамышский муниципальный округ,Уральский,Курганская обл.,15832,15694,-0.008716523496715478,False,муниципальный округ
Юргинский муниципальный район,Уральский,Тюменская обл.,11138,11096,-0.0037708744837493535,False,муниципальный район
Юринский муниципальный район,Приволжский,респ. Марий Эл,6141,5947,-0.0315909460999837,False,муниципальный район
Юрьев-Польский муниципальный район,Центральный,Владимирская обл.,31345,30784,-0.017897591322380002,False,муниципальный район
Юрьевецкий муниципальный район,Центральный,Ивановская обл.,11727,11464,-0.02242687814445299,False,муниципальный район
Юрьянский муниципальный район,Приволжский,Кировская обл.,16154,15836,-0.019685526804506637,False,муниципальный район
Юстинский муниципальный район,Южный,Республика Калмыкия,8828,8903,0.00849569551427276,False,муниципальный район
Ютазинский муниципальный район,Приволжский,респ. Татарстан,19712,19452,-0.013189935064935043,False,муниципальный район
Юхновский муниципальный район,Центральный,Калужская обл.,12709,12596,-0.008891336847903109,False,муниципальный район
Ядринский муниципальный округ,Приволжский,Чувашская респ.,22684,22282,-0.017721742197143397,False,муниципальный округ
Яйский муниципальный округ,Сибирский,Кемеровская обл.,15662,15502,-0.010215808964372353,False,муниципальный округ
Яльчикский муниципальный округ,Приволжский,Чувашская респ.,15257,14957,-0.019663105459789,False,муниципальный округ
Янаульский муниципальный район,Приволжский,респ. Башкортостан,42880,42391,-0.011403917910447814,False,муниципальный район
Янтиковский муниципальный округ,Приволжский,Чувашская респ.,12239,12065,-0.01421684778168153,False,муниципальный округ
Яранский муниципальный район,Приволжский,Кировская обл.,19684,19268,-0.02113391587075797,False,муниципальный район
Ярковский муниципальный район,Уральский,Тюменская обл.,23229,23139,-0.0038744672607516906,False,муниципальный район
Ярославский муниципальный район,Центральный,Ярославская обл.,70406,72442,0.028917989944038824,False,муниципальный район
Ярцевский муниципальный район,Центральный,Смоленская обл.,47353,46827,-0.011108060735328329,False,муниципальный район
Ясногорский муниципальный район,Центральный,Тульская обл.,30491,30348,-0.0046899084975894345,False,муниципальный район
Яшалтинский муниципальный район,Южный,Республика Калмыкия,14353,14402,0.0034139204347523044,False,муниципальный район
Яшкинский муниципальный округ,Сибирский,Кемеровская обл.,26287,26089,-0.007532240270856305,False,муниципальный округ
Яшкульский муниципальный район,Южный,Республика Калмыкия,14859,15057,0.013325257419745551,False,муниципальный район
городской округ Абдулинский,Приволжский,Оренбургская обл.,23702,23381,-0.013543160914690766,False,городской округ
городской округ Богданович,Уральский,Свердловская обл.,43705,43489,-0.004942226289898155,False,городской округ
городской округ Верхний Тагил,Уральский,Свердловская обл.,11037,10991,-0.0041677992208027925,False,городской округ
городской округ Верхняя Пышма,Уральский,Свердловская обл.,88206,90810,0.02952180123801096,False,городской округ
городской округ Верхняя Тура,Уральский,Свердловская обл.,8465,8418,-0.005552274069698715,False,городской округ
городской округ Верхотурский,Уральский,Свердловская обл.,13569,13374,-0.014370992703957586,False,городской округ
городской округ Воротынский,Приволжский,Нижегородская обл.,13643,13399,-0.017884629480319547,False,городской округ
городской округ Гайский,Приволжский,Оренбургская обл.,39585,39040,-0.013767841354048294,False,городской округ
городской округ Дегтярск,Уральский,Свердловская обл.,15134,14941,-0.012752742169948483,False,городской округ
городской округ Жигулевск,Приволжский,Самарская обл.,52957,52171,-0.01484223048888722,False,городской округ
городской округ Заречный,Уральский,Свердловская обл.,31833,31897,0.0020104922564634364,False,городской округ
городской округ Карпинск,Уральский,Свердловская обл.,27146,26968,-0.006557135489574928,False,городской округ
городской округ Краснотурьинск,Уральский,Свердловская обл.,59269,58850,-0.007069462957026484,False,городской округ
городской округ Красноуральск,Уральский,Свердловская обл.,22027,21994,-0.001498161347437188,False,городской округ
городской округ Красноуфимск,Уральский,Свердловская обл.,37806,37866,0.001587049674654839,False,городской округ
городской округ Кувандыкский,Приволжский,Оренбургская обл.,40777,40357,-0.010299923976751613,False,городской округ
городской округ Навашинский,Приволжский,Нижегородская обл.,20982,20671,-0.01482222857687543,False,городской округ
городской округ Нижняя Салда,Уральский,Свердловская обл.,16403,16275,-0.007803450588307004,False,городской округ
городской округ Новокуйбышевск,Приволжский,Самарская обл.,99247,98550,-0.007022882303747258,False,городской округ
городской округ Октябрьск,Приволжский,Самарская обл.,20190,19887,-0.015007429420505147,False,городской округ
городской округ Отрадный,Приволжский,Самарская обл.,46755,46480,-0.005881723879798906,False,городской округ
городской округ Пелым,Уральский,Свердловская обл.,3450,3418,-0.00927536231884063,False,городской округ
городской округ Первоуральск,Уральский,Свердловская обл.,131408,130039,-0.01041793498112753,False,городской округ
городской округ Перевозский,Приволжский,Нижегородская обл.,16141,16026,-0.007124713462610788,False,городской округ
городской округ Ревда,Уральский,Свердловская обл.,60758,60262,-0.008163534020211305,False,городской округ
городской округ Рефтинский,Уральский,Свердловская обл.,15084,15137,0.003513656854945646,False,городской округ
городской округ Семеновский,Приволжский,Нижегородская обл.,45539,45405,-0.0029425327741057217,False,городской округ
городской округ Сокольский,Приволжский,Нижегородская обл.,10897,10807,-0.008259153895567639,False,городской округ
городской округ Соль-Илецкий,Приволжский,Оренбургская обл.,45870,45181,-0.015020710704163887,False,городской округ
городской округ Сорочинский,Приволжский,Оренбургская обл.,40343,39845,-0.01234414892298541,False,городской округ
городской округ Среднеуральск,Уральский,Свердловская обл.,24894,25139,0.009841728930666038,False,городской округ
городской округ Сухой Лог,Уральский,Свердловская обл.,46570,46498,-0.0015460596950827021,False,городской округ
городской округ Ясненский,Приволжский,Оренбургская обл.,17951,17793,-0.008801738064731723,False,городской округ
городской округ город Агидель,Приволжский,респ. Башкортостан,14002,13728,-0.01956863305242107,False,городской округ
городской округ город Алатырь,Приволжский,Чувашская респ.,31550,31304,-0.007797147385103065,False,городской округ
городской округ город Арзамас,Приволжский,Нижегородская обл.,145443,144670,-0.00531479686200087,False,городской округ
городской округ город Бор,Приволжский,Нижегородская обл.,117831,117552,-0.0023677979479084232,False,городской округ
городской округ город Бугуруслан,Приволжский,Оренбургская обл.,43072,42519,-0.012838967310549787,False,городской округ
городской округ город Бузулук,Приволжский,Оренбургская обл.,88419,88339,-0.0009047829086508141,False,городской округ
городской округ город Волжск,Приволжский,респ. Марий Эл,52164,51634,-0.01016026378345214,False,городской округ
городской округ город Воткинск,Приволжский,Удмуртская респ.,96646,96037,-0.006301347184570538,False,городской округ
городской округ город Выкса,Приволжский,Нижегородская обл.,72979,72393,-0.008029707176036904,False,городской округ
городской округ город Вятские Поляны,Приволжский,Кировская обл.,29227,28922,-0.01043555616382108,False,городской округ
городской округ город Глазов,Приволжский,Удмуртская респ.,86996,85870,-0.012943123821784863,False,городской округ
городской округ город Дзержинск,Приволжский,Нижегородская обл.,226691,225251,-0.00635225924275773,False,городской округ
городской округ город Ижевск,Приволжский,Удмуртская респ.,620591,618776,-0.0029246315205989637,False,городской округ
городской округ город Йошкар-Ола,Приволжский,респ. Марий Эл,294128,295711,0.005382010553228511,False,городской округ
городской округ город Казань,Приволжский,респ. Татарстан,1314685,1318604,0.0029809422028850285,False,городской округ
городской округ город Канаш,Приволжский,Чувашская респ.,44257,43508,-0.016923876448923347,False,городской округ
городской округ город Киров,Приволжский,Кировская обл.,496941,500457,0.007075286603439812,False,городской округ
городской округ город Кирово-Чепецк,Приволжский,Кировская обл.,65262,64571,-0.010588091079035244,False,городской округ
городской округ город Котельнич,Приволжский,Кировская обл.,19631,19454,-0.009016351688655666,False,городской округ
городской округ город Кулебаки,Приволжский,Нижегородская обл.,45413,45056,-0.007861185123202552,False,городской округ
городской округ город Кумертау,Приволжский,респ. Башкортостан,61699,61143,-0.009011491272143846,False,городской округ
городской округ город Медногорск,Приволжский,Оренбургская обл.,24531,24149,-0.015572133219192041,False,городской округ
городской округ город Можга,Приволжский,Удмуртская респ.,44038,43557,-0.01092238521277078,False,городской округ
городской округ город Набережные Челны,Приволжский,респ. Татарстан,545750,544383,-0.002504809894640414,False,городской округ
городской округ город Нефтекамск,Приволжский,респ. Башкортостан,144006,144598,0.004110939821951876,False,городской округ
городской округ город Нижний Новгород,Приволжский,Нижегородская обл.,1237128,1228702,-0.0068109362976183085,False,городской округ
городской округ город Новотроицк,Приволжский,Оренбургская обл.,79946,79410,-0.00670452555474943,False,городской округ
городской округ город Новочебоксарск,Приволжский,Чувашская респ.,120425,120767,0.002839941872534668,False,городской округ
городской округ город Октябрьский,Приволжский,респ. Башкортостан,116282,116427,0.0012469685763918381,False,городской округ
городской округ город Первомайск,Приволжский,Нижегородская обл.,17309,17117,-0.011092495233693489,False,городской округ
городской округ город Салават,Приволжский,респ. Башкортостан,147296,146633,-0.004501140560503991,False,городской округ
городской округ город Сарапул,Приволжский,Удмуртская респ.,90260,89442,-0.009062707733215158,False,городской округ
городской округ город Саратов,Приволжский,Саратовская обл.,942315,937364,-0.00525408170303987,False,городской округ
городской округ город Сибай,Приволжский,респ. Башкортостан,56930,56470,-0.008080098366414878,False,городской округ
городской округ город Слободской,Приволжский,Кировская обл.,28908,28479,-0.014840182648401812,False,городской округ
городской округ город Стерлитамак,Приволжский,респ. Башкортостан,279174,280497,0.004738979990973391,False,городской округ
городской округ город Уфа,Приволжский,респ. Башкортостан,1180979,1186715,0.004856987296133042,False,городской округ
городской округ город Чебоксары,Приволжский,Чувашская респ.,506351,506480,0.000254763987826534,False,городской округ
городской округ город Чкаловск,Приволжский,Нижегородская обл.,19249,19063,-0.009662839628032605,False,городской округ
городской округ город Шахунья,Приволжский,Нижегородская обл.,29014,28511,-0.017336458261528964,False,городской округ
городской округ город Шиханы,Приволжский,Саратовская обл.,4958,4872,-0.01734570391286805,False,городской округ
городской округ город Шумерля,Приволжский,Чувашская респ.,26321,26008,-0.011891645454200073,False,городской округ
